clean_line1,clean_line2,line3,city,zip_code,label,phone,year,major_city,state,chain,address_standardized_ON_parenthesis,address_standardized_OFF_parenthesis,Address_Type,Exit_Number,Flagged,Flag_Reason,Is_Unclear_OCR,Main_Road,Secondary_Road,Exit_Number_2,Exit_Number_3,Tertiary_Road
"Cheyenne , 82001 Big D Truck Stop ( Conoco )",307-635-1093 I-25 Exit 9 / I-80 Exit 358 EB / 359 C WB,24 HRS,Cheyenne,82001,Big D Truck Stop ( Conoco ),307-635-1093,2006,Cheyenne,WY,Conoco,,I-25 Exit 9 / I-80 Exit 358 EB / 359 C WB,Exit,9,False,,False,I-25,,358,359,
"Cheyenne , 82001 Big D Truck Stop ( Exxon )",307-635-1093 I-25 Exit 9 / I-80 Exit 358 EB / 359 C WB,HRS 484 000,Cheyenne,82001,Big D Truck Stop ( Exxon ),307-635-1093,2007,Cheyenne,WY,Exxon,,I-25 Exit 9 / I-80 Exit 358 EB / 359 C WB,Exit,9,False,,False,I-25,,358,359,
"Cheyenne , 82001 Big D Truck Stop ( Exxon ) / 359 C WB",307-635-1093 I-25 Exit 9 / I-80 Exit 358 EB / 359 C WB,HRS 24 HRS,Cheyenne,82001,Big D Truck Stop ( Exxon ) / 359 C WB,307-635-1093,2008,Cheyenne,WY,Exxon,,I-25 Exit 9 / I-80 Exit 358 EB / 359 C WB,Exit,9,False,,False,I-25,,358,359,
Cheyenne ( 82001 ) Big D Truck Stop ( Exxon ),307-635-1093 I-25 Exit 9 / I-80 Exit 359 C,,Cheyenne,82001,Big D Truck Stop ( Exxon ),307-635-1093,2014,Cheyenne,WY,Exxon,,I-25 Exit 9 / I-80 Exit 359 C,Exit,9,False,,False,I-25,,359,,
Cheyenne ( 82001 ) Big D Truck Stop ( Exxon ),307-635-1093 I-25 Exit 9 / I-80 Exit 359 C,24,Cheyenne,82001,Big D Truck Stop ( Exxon ),307-635-1093,2015,Cheyenne,WY,Exxon,,I-25 Exit 9 / I-80 Exit 359 C,Exit,9,False,,False,I-25,,359,,
Cheyenne ( 82001 ) Big D Truck Stop ( Exxon ),307-635-1093 I-25 Exit 9 / I-80 Exit 359 C,24,Cheyenne,82001,Big D Truck Stop ( Exxon ),307-635-1093,2016,Cheyenne,WY,Exxon,,I-25 Exit 9 / I-80 Exit 359 C,Exit,9,False,,False,I-25,,359,,
"Cheyenne , 82007 Love's Travel Stop # 220",9 307-632-7902 I-25 Exit 7 ( College Dr ),24 HRS,Cheyenne,82007,Love's Travel Stop # 220,307-632-7902,2006,Cheyenne,WY,Love's,( College Dr ),I-25 Exit 7 ,Exit,7,False,,False,I-25,,None,,
"Cheyenne , 82007 Love's Travel Stop # 220",307-632-7902 I-25 Exit 7 ( College Dr ),HRS 24 48 M <U+2610><U+2610>,Cheyenne,82007,Love's Travel Stop # 220,307-632-7902,2007,Cheyenne,WY,Love's,( College Dr ),I-25 Exit 7 ,Exit,7,False,,False,I-25,,None,,
"Cheyenne , 82007 Love's Travel Stop # 220",307-632-7902 I-25 Exit 7 ( College Dr ),24 HRS IN,Cheyenne,82007,Love's Travel Stop # 220,307-632-7902,2008,Cheyenne,WY,Love's,( College Dr ),I-25 Exit 7 ,Exit,7,False,,False,I-25,,None,,
Cheyenne ( 82007 ) Love's Travel Stop # 220,307-632-7902 I-25 Exit 7 ( College Dr ),MO DO,Cheyenne,82007,Love's Travel Stop # 220,307-632-7902,2014,Cheyenne,WY,Love's,( College Dr ),I-25 Exit 7 ,Exit,7,False,,False,I-25,,None,,
Cheyenne ( 82007 ) Love's Travel Stop # 220,307-632-7902 I-25 Exit 7 ( College Dr ),24 M,Cheyenne,82007,Love's Travel Stop # 220,307-632-7902,2015,Cheyenne,WY,Love's,( College Dr ),I-25 Exit 7 ,Exit,7,False,,False,I-25,,None,,
Cheyenne ( 82007 ) Love's Travel Stop # 220,9 307-632-7902 I-25 Exit 7 ( College Dr ),24 m MO <U+2610> <U+2610> <U+2610>,Cheyenne,82007,Love's Travel Stop # 220,307-632-7902,2016,Cheyenne,WY,Love's,( College Dr ),I-25 Exit 7 ,Exit,7,False,,False,I-25,,None,,
"Cheyenne , 82007 Flying J Travel Plaza # 0500018",307-635-2918 I-25 Exit 7 ( College Dr ),# 24,Cheyenne,82007,Flying J Travel Plaza # 0500018,307-635-2918,2006,Cheyenne,WY,Flying J,( College Dr ),I-25 Exit 7 ,Exit,7,False,,False,I-25,,None,,
"Cheyenne , 82007 Flying J Travel Plaza # 0500018",307-635-2918 I-25 Exit 7 ( College Dr ),24 HRS SOO,Cheyenne,82007,Flying J Travel Plaza # 0500018,307-635-2918,2007,Cheyenne,WY,Flying J,( College Dr ),I-25 Exit 7 ,Exit,7,False,,False,I-25,,None,,
"Cheyenne , 82007 Flying J Travel Plaza # 0500018",9 307-635-2918 I-25 Exit 7 ( College Dr ),24 The X 24,Cheyenne,82007,Flying J Travel Plaza # 0500018,307-635-2918,2008,Cheyenne,WY,Flying J,( College Dr ),I-25 Exit 7 ,Exit,7,False,,False,I-25,,None,,
Cheyenne ( 82007 ) Flying J Travel Plaza # 759,9 307-635-2918 I-25 Exit 7 ( College Dr ),24 XL 24,Cheyenne,82007,Flying J Travel Plaza # 759,307-635-2918,2014,Cheyenne,WY,Flying J,( College Dr ),I-25 Exit 7 ,Exit,7,False,,False,I-25,,None,,
Cheyenne ( 82007 ) Flying J Travel Plaza # 759,9 307-635-2918 I-25 Exit 7 ( College Dr ),FLYING J 24 XL 24 1005,Cheyenne,82007,Flying J Travel Plaza # 759,307-635-2918,2015,Cheyenne,WY,Flying J,( College Dr ),I-25 Exit 7 ,Exit,7,False,,False,I-25,,None,,
Cheyenne ( 82007 ) Flying J Travel Plaza # 759,307-635-2918 I-25 Exit 7 ( College Dr ),FLYING 24 XLOO HS 24 HAS 24,Cheyenne,82007,Flying J Travel Plaza # 759,307-635-2918,2016,Cheyenne,WY,Flying J,( College Dr ),I-25 Exit 7 ,Exit,7,False,,False,I-25,,None,,
"Cheyenne , 82007 Cheyenne Travel Plaza ( Sinclair )",307-635-5744 I-80 Exit 367,24 M <U+2610>,Cheyenne,82007,Cheyenne Travel Plaza ( Sinclair ),307-635-5744,2006,Cheyenne,WY,Sinclair,,I-80 Exit 367,Exit,367,False,,False,I-80,,None,,
"Cheyenne , 82007 Cheyenne Travel Plaza ( Sinclair )",307-635-5744 I-80 Exit 367,24 HRS L,Cheyenne,82007,Cheyenne Travel Plaza ( Sinclair ),307-635-5744,2007,Cheyenne,WY,Sinclair,,I-80 Exit 367,Exit,367,False,,False,I-80,,None,,
"Cheyenne , 82007 Pilot Travel Center # 402",307-635-5744 I-80 Exit 367,HRS 24 <U+2610> <U+2610> <U+2610> <U+2610>,Cheyenne,82007,Pilot Travel Center # 402,307-635-5744,2008,Cheyenne,WY,Pilot,,I-80 Exit 367,Exit,367,False,,False,I-80,,None,,
Cheyenne ( 82007 ) Pilot Travel Center # 402,307-635-5744 I-80 Exit 367,Plot 24 L,Cheyenne,82007,Pilot Travel Center # 402,307-635-5744,2014,Cheyenne,WY,Pilot,,I-80 Exit 367,Exit,367,False,,False,I-80,,None,,
Cheyenne ( 82007 ) Pilot Travel Center # 402,307-635-5744 I-80 Exit 367,Pilot 24 L,Cheyenne,82007,Pilot Travel Center # 402,307-635-5744,2015,Cheyenne,WY,Pilot,,I-80 Exit 367,Exit,367,False,,False,I-80,,None,,
Cheyenne ( 82007 ) Pilot Travel Center # 402,307-635-5744 I-80 Exit 367,Pilot 24 24,Cheyenne,82007,Pilot Travel Center # 402,307-635-5744,2016,Cheyenne,WY,Pilot,,I-80 Exit 367,Exit,367,False,,False,I-80,,None,,
"Cheyenne , 82007 Diamond Shamrock # 4550",307-638-0022 I-80 Exit 362 ( US 85 ),24,Cheyenne,82007,Diamond Shamrock # 4550,307-638-0022,2006,Cheyenne,WY,Shamrock,( US 85 ),I-80 Exit 362 ,Exit,362,False,,False,I-80,,None,,
"6 GCheyenne , 82007 Diamond Shamrock # 4550",307-638-0022 I-80 Exit 362 ( US 85 ),,Cheyenne,82007,Diamond Shamrock # 4550,307-638-0022,2007,Cheyenne,WY,Shamrock,( US 85 ),I-80 Exit 362 ,Exit,362,False,,False,I-80,,None,,
"Cheyenne , 82007 Diamond Shamrock # 4550",307-638-0022 I-80 Exit 362 ( US 85 ),24 S,Cheyenne,82007,Diamond Shamrock # 4550,307-638-0022,2008,Cheyenne,WY,Shamrock,( US 85 ),I-80 Exit 362 ,Exit,362,False,,False,I-80,,None,,
Cheyenne ( 82007 ) Corner Store # 4550 ( Valero ),307-638-0022 I-80 Exit 362 ( US 85 ),22 S,Cheyenne,82007,Corner Store # 4550 ( Valero ),307-638-0022,2014,Cheyenne,WY,Valero,( US 85 ),I-80 Exit 362 ,Exit,362,False,,False,I-80,,None,,
Cheyenne ( 82007 ) Corner Store # 4550 ( Valero ),307-638-0022 I-80 Exit 362 ( US 85 ),24 SO,Cheyenne,82007,Corner Store # 4550 ( Valero ),307-638-0022,2015,Cheyenne,WY,Valero,( US 85 ),I-80 Exit 362 ,Exit,362,False,,False,I-80,,None,,
Cheyenne ( 82007 ) Corner Store # 4550 ( Valero ),307-638-0022 I-80 Exit 362 ( US 85 ),24 03 SO,Cheyenne,82007,Corner Store # 4550 ( Valero ),307-638-0022,2016,Cheyenne,WY,Valero,( US 85 ),I-80 Exit 362 ,Exit,362,False,,False,I-80,,None,,
"Cheyenne , 82009 Sapp Bros. - Cheyenne ( Texaco )",307-632-6600 I-80 Exit 370,24 XL 49 =,Cheyenne,82009,Sapp Bros. - Cheyenne ( Texaco ),307-632-6600,2006,Cheyenne,WY,Texaco,,I-80 Exit 370,Exit,370,False,,False,I-80,,None,,
"Cheyenne , 82009 Sapp Bros. Cheyenne ( Spirit )",307-632-6600 I-80 Exit 370,24 HRS L 2400,Cheyenne,82009,Sapp Bros. Cheyenne ( Spirit ),307-632-6600,2007,Cheyenne,WY,,,I-80 Exit 370,Exit,370,False,,False,I-80,,None,,
"Cheyenne , 82009 Sapp Bros. - Cheyenne",307-632-6600 I-80 Exit 370 ( Spirit ),24 XL 24,Cheyenne,82009,Sapp Bros. - Cheyenne,307-632-6600,2008,Cheyenne,WY,,( Spirit ),I-80 Exit 370 ,Exit,370,False,,False,I-80,,None,,
Cheyenne ( 82009 ) Sapp Bros.- Cheyenne,307-632-6600 I-80 Exit 370,24 <U+2610> XL,Cheyenne,82009,Sapp Bros.- Cheyenne,307-632-6600,2014,Cheyenne,WY,,,I-80 Exit 370,Exit,370,False,,False,I-80,,None,,
Cheyenne ( 82009 ) Sapp Bros. - Cheyenne,9 307-632-6600 I-80 Exit 370,24 R XL,Cheyenne,82009,Sapp Bros. - Cheyenne,307-632-6600,2015,Cheyenne,WY,,,I-80 Exit 370,Exit,370,False,,False,I-80,,None,,
Cheyenne ( 82009 ) Sapp Bros. - Cheyenne ( Sinclair ),307-632-6600 I-80 Exit 370,24 XL <U+2610>,Cheyenne,82009,Sapp Bros. - Cheyenne ( Sinclair ),307-632-6600,2016,Cheyenne,WY,Sinclair,,I-80 Exit 370,Exit,370,False,,False,I-80,,None,,
"Burns , 82053 Antelope Truck Stop",9 307-547-3355 I-80 Exit 386 ( US 30 ),M,Burns,82053,Antelope Truck Stop,307-547-3355,2006,Burns,WY,,( US 30 ),I-80 Exit 386 ,Exit,386,False,,False,I-80,,None,,
"Burns , 82053 End of the Trail",307-547-3355 I-80 Exit 386 ( US 30 ),24 LOO,Burns,82053,End of the Trail,307-547-3355,2007,Burns,WY,,( US 30 ),I-80 Exit 386 ,Exit,386,False,,False,I-80,,None,,
"Burns , 82053 Antelope Truck Stop",9 307-547-3355 I-80 Exit 386 ( US 30 ),M DO,Burns,82053,Antelope Truck Stop,307-547-3355,2008,Burns,WY,,( US 30 ),I-80 Exit 386 ,Exit,386,False,,False,I-80,,None,,
G Burns ( 82053 ) Antelope Truck Stop,307-547-3355 I-80 Exit 386 ( US 30 ),M,Burns,82053,Antelope Truck Stop,307-547-3355,2014,Burns,WY,,( US 30 ),I-80 Exit 386 ,Exit,386,False,,False,I-80,,None,,
Burns ( 82053 ) Antelope Truck Stop,307-547-3355 I-80 Exit 386 ( US 30 ),<U+2610> MOO,Burns,82053,Antelope Truck Stop,307-547-3355,2015,Burns,WY,,( US 30 ),I-80 Exit 386 ,Exit,386,False,,False,I-80,,None,,
Burns ( 82053 ) Antelope Truck Stop,307-547-3355 I-80 Exit 386 ( US 30 ),<U+2610> M <U+25A1>,Burns,82053,Antelope Truck Stop,307-547-3355,2016,Burns,WY,,( US 30 ),I-80 Exit 386 ,Exit,386,False,,False,I-80,,None,,
"Hillsdale , 82060",307-547-3557 TravelCenters I-80 Exit 377 ( Hillsdale of America Rd / Cheyenne ),A HRS XL,Hillsdale,82060,,307-547-3557,2006,Hillsdale,WY,,( Hillsdale of America Rd / Cheyenne ),TravelCenters I-80 Exit 377 ,Exit,377,False,,False,I-80,,None,,
"Hillsdale , 82060 TravelCenters of America / Cheyenne",307-547-3557 I-80 Exit 377 ( Hillsdale Rd ) A,465 <U+2610> MODO,Hillsdale,82060,TravelCenters of America / Cheyenne,307-547-3557,2007,Hillsdale,WY,TravelCenters,( Hillsdale Rd ) A,I-80 Exit 377 ,Exit,377,False,,False,I-80,,None,,
"Hillsdale , 82060 TA- Cheyenne ( BP )",307-547-3557 I-80 Exit 377 ( Hillsdale Rd ) TA,HS 24 24,Hillsdale,82060,TA- Cheyenne ( BP ),307-547-3557,2008,Hillsdale,WY,BP,( Hillsdale Rd ) TA,I-80 Exit 377 ,Exit,377,False,,False,I-80,,None,,
Hillsdale ( 82060 ) TA Cheyenne # 187 ( Exxon ),307-547-3557 I-80 Exit 377 ( Hillsdale Rd ),ZA 24 LO 24,Hillsdale,82060,TA Cheyenne # 187 ( Exxon ),307-547-3557,2014,Hillsdale,WY,Exxon,( Hillsdale Rd ),I-80 Exit 377 ,Exit,377,False,,False,I-80,,None,,
Hillsdale ( 82060 ) TA Exit 377 ( Hillsdale Rd ),9 / 307-547-3557 I-80,4 D L 24,Hillsdale,82060,TA Exit 377 ( Hillsdale Rd ),307-547-3557,2015,Hillsdale,WY,,,I-80,empty,377,False,,False,I-80,,None,,
Hillsdale ( 82060 ) TA Cheyenne #,307-547-3557 I-80 Exit 377 ( Hillsdale Rd ),TA24 <U+25A1> L <U+2610><U+2610> <U+2610> <U+2610>,Hillsdale,82060,TA Cheyenne #,307-547-3557,2016,Hillsdale,WY,,( Hillsdale Rd ),I-80 Exit 377 ,Exit,377,False,,False,I-80,,None,,
"Laramie , 82070 High Country Sportsman ( Sinclair )",307-721-7406 I-80 Exit 311 ( Snowy Range ),XL 24,Laramie,82070,High Country Sportsman ( Sinclair ),307-721-7406,2006,Laramie,WY,Sinclair,( Snowy Range ),I-80 Exit 311 ,Exit,311,False,,False,I-80,,None,,
"F Laramie , 82070 High Country Sportsman (",307-721-74061-80 Exit 311 ( Snowy Range Sinclair ) ),N,Laramie,82070,High Country Sportsman (,307-721-7406,2007,Laramie,WY,,( Snowy Range Sinclair ) ),I-80 Exit 311 ,Exit,311,False,,False,I-80,,None,,
"Laramie , 82070",307-721-7406 High I-80 Country Exit 311 Sportsman ( Snowy Range ( Sinclair ) ),,Laramie,82070,,307-721-7406,2008,Laramie,WY,,( Snowy Range ( Sinclair ) ),High I-80 Country Exit 311 Sportsman ,Exit,311,False,,False,I-80,,None,,
F Laramie ( 82070 ) Big D # 44 ( Exxon ),8 307-721-7406 I-80 Exit 311 ( Snowy Range ),<U+25A1> D,Laramie,82070,Big D # 44 ( Exxon ),307-721-7406,2014,Laramie,WY,Exxon,( Snowy Range ),I-80 Exit 311 ,Exit,311,False,,False,I-80,,None,,
Laramie ( 82070 ) Big D # 44 ( Exxon ),8 307-721-7406 I-80 Exit 311 ( Snowy,<U+2610> <U+2610>,Laramie,82070,Big D # 44 ( Exxon ),307-721-7406,2015,Laramie,WY,Exxon,( Snowy,I-80 Exit 311 ,Exit,311,False,,False,I-80,,None,,
Laramie ( 82070 ) Big D # 44 ( Exxon ),307-721-7406 I-80 Exit 311 ( Snowy Range ),<U+2610>,Laramie,82070,Big D # 44 ( Exxon ),307-721-7406,2016,Laramie,WY,Exxon,( Snowy Range ),I-80 Exit 311 ,Exit,311,False,,False,I-80,,None,,
"F Laramie , 82070 Pilot Travel Center # 308",307-742-6443 I-80 Exit 310 ( Curtis St ),24 HRS L,Laramie,82070,Pilot Travel Center # 308,307-742-6443,2006,Laramie,WY,Pilot,( Curtis St ),I-80 Exit 310 ,Exit,310,False,,False,I-80,,None,,
"Laramie , 82070 Pilot Travel Center # 308",307-742-6443 I-80 Exit 310 ( Curtis St ),,Laramie,82070,Pilot Travel Center # 308,307-742-6443,2007,Laramie,WY,Pilot,( Curtis St ),I-80 Exit 310 ,Exit,310,False,,False,I-80,,None,,
"Laramie , 82070 Pilot Travel Center # 308",307-742-6443 I-80 Exit 310 ( Curtis St ),HOES 24 L <U+2610><U+2610>,Laramie,82070,Pilot Travel Center # 308,307-742-6443,2008,Laramie,WY,Pilot,( Curtis St ),I-80 Exit 310 ,Exit,310,False,,False,I-80,,None,,
F Laramie ( 82070 ) Pilot Travel Center # 308,8 307-742-6443 I-80 Exit 310 ( Bus I-80 E ),Plaz LO,Laramie,82070,Pilot Travel Center # 308,307-742-6443,2014,Laramie,WY,Pilot,( Bus I-80 E ),I-80 Exit 310 ,Exit,310,False,,False,I-80,,None,,
F Laramie ( 82070 ) Pilot Travel Center # 308,8 307-742-6443 I-80 Exit 310 ( Bus Pilat,L,Laramie,82070,Pilot Travel Center # 308,307-742-6443,2015,Laramie,WY,Pilot,( Bus Pilat,I-80 Exit 310 ,Exit,310,False,,False,I-80,,None,,
Laramie ( 82070 ) Pilot Travel Center # 308,8 307-742-6443 I-80 Exit 310 ( Bus I-80 E ) pilat,24 <U+25A1> Lo 0 24,Laramie,82070,Pilot Travel Center # 308,307-742-6443,2016,Laramie,WY,Pilot,( Bus I-80 E ) pilat,I-80 Exit 310 ,Exit,310,False,,False,I-80,,None,,
"Laramie , 82070 Petro Stopping Center # 3",307-745-6480 I-80 Exit 310 ( Curtis St ) PETRO,24 XL D,Laramie,82070,Petro Stopping Center # 3,307-745-6480,2006,Laramie,WY,,( Curtis St ) PETRO,I-80 Exit 310 ,Exit,310,False,,False,I-80,,None,,
F Center # 3,"307-745-6480 Laramie , 82070 I-80 Petro Exit Stopping 310 ( Curtis St ) PETRO",,,82070,,307-745-6480,2007,Laramie,WY,,( Curtis St ) PETRO,"Laramie, I-80 Petro Exit Stopping 310",Exit,,False,,False,I-80,,None,,
"Laramie , 82070 Petro Stopping Center # 3",8 307-745-6480 I-80 Exit 310 ( Curtis St ) PETRO,24 XL 240,Laramie,82070,Petro Stopping Center # 3,307-745-6480,2008,Laramie,WY,,( Curtis St ) PETRO,I-80 Exit 310 ,Exit,310,False,,False,I-80,,None,,
Laramie ( 82070 ) Petro Laramie # 303 ( Shell ),8 307-745-6480 I-80 Exit 310 ( Curtis St W ),PETRO <U+25A1> XL 29,Laramie,82070,Petro Laramie # 303 ( Shell ),307-745-6480,2014,Laramie,WY,Shell,( Curtis St W ),I-80 Exit 310 ,Exit,310,False,,False,I-80,,None,,
Laramie ( 82070 ) Petro Laramie # 303 ( Shell ),8 307-745-6480 I-80 Exit 310 ( Curtis St ),24 <U+2610> XL 24 22,Laramie,82070,Petro Laramie # 303 ( Shell ),307-745-6480,2015,Laramie,WY,Shell,( Curtis St ),I-80 Exit 310 ,Exit,310,False,,False,I-80,,None,,
F Laramie ( 82070 ) Petro Laramie # 303 ( Shell ),8 307-745-6480 I-80 Exit 310 ( Curtis St W ),24 <U+2610> XL 24,Laramie,82070,Petro Laramie # 303 ( Shell ),307-745-6480,2016,Laramie,WY,Shell,( Curtis St W ),I-80 Exit 310 ,Exit,310,False,,False,I-80,,None,,
"F Laramie , 82070 Diamond Shamrock # 4552",8 307-745-7394 I-80 Exit 310 ( 1 mi E on Curtis St ),HRS 24 M O,Laramie,82070,Diamond Shamrock # 4552,307-745-7394,2006,Laramie,WY,Shamrock,( 1 mi E on Curtis St ),I-80 Exit 310 ,Exit,310,False,,False,I-80,,None,,
"Laramie , 82070 Diamond Shamrock # 4552",307-745-7394 I-80 Exit 310 ( 1 mi E on Curtis St ),,Laramie,82070,Diamond Shamrock # 4552,307-745-7394,2007,Laramie,WY,Shamrock,( 1 mi E on Curtis St ),I-80 Exit 310 ,Exit,310,False,,False,I-80,,None,,
"Laramie , 82070 Diamond Shamrock # 4552",8 307-745-7394 I-80 Exit 310 ( 1 mi E on Curtis St ),24 M <U+2610> <U+2610> <U+2610>,Laramie,82070,Diamond Shamrock # 4552,307-745-7394,2008,Laramie,WY,Shamrock,( 1 mi E on Curtis St ),I-80 Exit 310 ,Exit,310,False,,False,I-80,,None,,
Laramie ( 82070 ) Corner Store # 4552 ( Valero ),8 307-745-7394 I-80 Exit 310 ( Bus I-80 E ),24 MO <U+25A1>,Laramie,82070,Corner Store # 4552 ( Valero ),307-745-7394,2014,Laramie,WY,Valero,( Bus I-80 E ),I-80 Exit 310 ,Exit,310,False,,False,I-80,,None,,
Laramie ( 82070 ) Corner Store # 4552 ( Valero ),8 307-745-7394 I-80 Exit 310 ( Bus I-80 E ),R M,Laramie,82070,Corner Store # 4552 ( Valero ),307-745-7394,2015,Laramie,WY,Valero,( Bus I-80 E ),I-80 Exit 310 ,Exit,310,False,,False,I-80,,None,,
Laramie ( 82070 ) Corner Store # 4552 ( Valero ),307-745-7394 I-80 Exit 310 ( Bus I-80 E ),24 03 M <U+2610>,Laramie,82070,Corner Store # 4552 ( Valero ),307-745-7394,2016,Laramie,WY,Valero,( Bus I-80 E ),I-80 Exit 310 ,Exit,310,False,,False,I-80,,None,,
"Pine Bluffs , 82082 Ampride ( Cenex )",307-245-3593 I-80 Exit 401 ( 1/2 blk N ),HRS 24 MOO M,Pine Bluffs,82082,Ampride ( Cenex ),307-245-3593,2006,Pine Bluffs,WY,Cenex,( 1/2 blk N ),I-80 Exit 401 ,Exit,401,False,,False,I-80,,None,,
"Pine Bluffs , 82082 Ampride ( Cenex )",307-245-3593 I-80 Exit 401 ( 1/2 blk N ),HRS MO,Pine Bluffs,82082,Ampride ( Cenex ),307-245-3593,2007,Pine Bluffs,WY,Cenex,( 1/2 blk N ),I-80 Exit 401 ,Exit,401,False,,False,I-80,,None,,
"Pine Bluffs , 82082 Ampride ( Cenex ) 24",9 307-245-3593 I-80 Exit 401 ( 1/2 blk N ),HORS 24 M,Pine Bluffs,82082,Ampride ( Cenex ) 24,307-245-3593,2008,Pine Bluffs,WY,Cenex,( 1/2 blk N ),I-80 Exit 401 ,Exit,401,False,,False,I-80,,None,,
Pine Bluffs ( 82082 ) Pine Bluffs Sinclair,9 307-245-3593 I-80 Exit 401 ( 1/2 blk N ),24 M,Pine Bluffs,82082,Pine Bluffs Sinclair,307-245-3593,2014,Pine Bluffs,WY,Sinclair,( 1/2 blk N ),I-80 Exit 401 ,Exit,401,False,,False,I-80,,None,,
Pine Bluffs ( 82082 ) Pine Bluffs Sinclair ),307-245-3593 I-80 Exit 401 ( 1/2 blk N ),24 M O,Pine Bluffs,82082,Pine Bluffs Sinclair ),307-245-3593,2015,Pine Bluffs,WY,Sinclair,( 1/2 blk N ),I-80 Exit 401 ,Exit,401,False,,False,I-80,,None,,
G Pine Bluffs ( 82082 ) Pine Bluffs Sinclair,307-245-3593 I-80 Exit 401 ( 1/2 blk N ),24 M,Pine Bluffs,82082,Pine Bluffs Sinclair,307-245-3593,2016,Pine Bluffs,WY,Sinclair,( 1/2 blk N ),I-80 Exit 401 ,Exit,401,False,,False,I-80,,None,,
"Wheatland , 82201 Wheatland Travel Plaza ( Sinclair )",307-322-1884 I-25 Exit 80,MOO,Wheatland,82201,Wheatland Travel Plaza ( Sinclair ),307-322-1884,2006,Wheatland,WY,Sinclair,,I-25 Exit 80,Exit,80,False,,False,I-25,,None,,
"E Wheatland , 82201 Wheatland Travel Plaza ( Sinclair )",307-322-1884 I-25 Exit 80,48 MOO,Wheatland,82201,Wheatland Travel Plaza ( Sinclair ),307-322-1884,2007,Wheatland,WY,Sinclair,,I-25 Exit 80,Exit,80,False,,False,I-25,,None,,
"Wheatland , 82201 Wheatland Travel Plaza",8 307-322-1884 I-25 Exit 80 ( Sinclair ),HRS 24 M,Wheatland,82201,Wheatland Travel Plaza,307-322-1884,2008,Wheatland,WY,,( Sinclair ),I-25 Exit 80 ,Exit,80,False,,False,I-25,,None,,
Wheatland ( 82201 ) Wheatland Travel Plaza ( Sinclair ),8 307-322-1884 I-25 Exit 80,M O,Wheatland,82201,Wheatland Travel Plaza ( Sinclair ),307-322-1884,2014,Wheatland,WY,Sinclair,,I-25 Exit 80,Exit,80,False,,False,I-25,,None,,
Wheatland ( 82201 ) Wheatland Travel Plaza ( Sinclair ),8 307-322-1884 I-25 Exit 80,24 L MOO S <U+25A1>,Wheatland,82201,Wheatland Travel Plaza ( Sinclair ),307-322-1884,2015,Wheatland,WY,Sinclair,,I-25 Exit 80,Exit,80,False,,False,I-25,,None,,
Wheatland ( 82201 ) Wheatland Travel Plaza ( Sinclair ),307-322-1884 I-25 Exit 80,24 MO <U+2610><U+2610><U+2610> <U+2610>,Wheatland,82201,Wheatland Travel Plaza ( Sinclair ),307-322-1884,2016,Wheatland,WY,Sinclair,,I-25 Exit 80,Exit,80,False,,False,I-25,,None,,
"= 8307-322-2802 Wheatland , 82201 Common Cents ( Exxon ) St S )",I-25 Exit 78,M S DOO D,Wheatland,82201,Common Cents ( Exxon ) St S ),307-322-2802,2006,Wheatland,WY,Exxon,,I-25 Exit 78,Exit,78,False,,False,I-25,,None,,
"Wheatland , 82201 Common Cents ( Exxon )",307-322-2802 I-25 Exit 78,489 M O,Wheatland,82201,Common Cents ( Exxon ),307-322-2802,2007,Wheatland,WY,Exxon,,I-25 Exit 78,Exit,78,False,,False,I-25,,None,,
"Wheatland , 82201 Common Cents ( Exxon St S )",8 307-322-2802 I-25 Exit 78 ),HRS 24 M D 00,Wheatland,82201,Common Cents ( Exxon St S ),307-322-2802,2008,Wheatland,WY,Exxon,,I-25 Exit 78 ,Exit,78,False,,False,I-25,,None,,
Wheatland ( 82201 ) Common Cents ( Exxon ),307-322-2802 I-25 Exit 78,24 M <U+25A1>,Wheatland,82201,Common Cents ( Exxon ),307-322-2802,2014,Wheatland,WY,Exxon,,I-25 Exit 78,Exit,78,False,,False,I-25,,None,,
Wheatland ( 82201 ) Common Cents ( Exxon ),307-322-2802 I-25 Exit 78,24 M S <U+25A1> D D,Wheatland,82201,Common Cents ( Exxon ),307-322-2802,2015,Wheatland,WY,Exxon,,I-25 Exit 78,Exit,78,False,,False,I-25,,None,,
Wheatland ( 82201 ) Common Cents ( Exxon ),8 307-322-2802 I-25 Exit 78,M <U+2610> <U+25A1>,Wheatland,82201,Common Cents ( Exxon ),307-322-2802,2016,Wheatland,WY,Exxon,,I-25 Exit 78,Exit,78,False,,False,I-25,,None,,
"8307-322-5921 Wheatland , 82201 I-25 Conoco",I-25 Exit 78,S,Wheatland,82201,I-25 Conoco,307-322-5921,2006,Wheatland,WY,Conoco,,I-25 Exit 78,Exit,78,False,,False,I-25,,None,,
"E Wheatland , 82201 I-25 Conoco",307-322-5921 I-25 Exit 78,S,Wheatland,82201,I-25 Conoco,307-322-5921,2007,Wheatland,WY,Conoco,,I-25 Exit 78,Exit,78,False,,False,I-25,,None,,
"Wheatland , 82201 I-25 Pit Stop",8 307-322-5921 I-25 Exit 78,<U+2610> S <U+2610>,Wheatland,82201,I-25 Pit Stop,307-322-5921,2008,Wheatland,WY,,,I-25 Exit 78,Exit,78,False,,False,I-25,,None,,
Wheatland ( 82201 ) I-25 Pit Stop,8 307-322-5921 I-25 Exit 78,<U+2610> S <U+25A1> <U+2610>,Wheatland,82201,I-25 Pit Stop,307-322-5921,2014,Wheatland,WY,,,I-25 Exit 78,Exit,78,False,,False,I-25,,None,,
Wheatland ( 82201 ) I-25 Pit Stop,307-322-5921 I-25 Exit 78,24 S MOO D,Wheatland,82201,I-25 Pit Stop,307-322-5921,2015,Wheatland,WY,,,I-25 Exit 78,Exit,78,False,,False,I-25,,None,,
8 Wheatland ( 82201 ) I-25 Pit Stop,8 307-322-5921 I-25 Exit 78,S <U+25A1>,Wheatland,82201,I-25 Pit Stop,307-322-5921,2016,Wheatland,WY,,,I-25 Exit 78,Exit,78,False,,False,I-25,,None,,
"E Glendo , 82213 Howard's General Store ( Sinclair )",8 307-735-4252 I-25 Exit 111 ( A St ),M,Glendo,82213,Howard's General Store ( Sinclair ),307-735-4252,2006,Glendo,WY,Sinclair,( A St ),I-25 Exit 111 ,Exit,111,False,,False,I-25,,None,,
"Glendo , 82213 Howard's General Store ( Sinclair )",307-735-4252 I-25 Exit 111 ( A St ),S,Glendo,82213,Howard's General Store ( Sinclair ),307-735-4252,2007,Glendo,WY,Sinclair,( A St ),I-25 Exit 111 ,Exit,111,False,,False,I-25,,None,,
"E Glendo , 82213 Howard's General Store ( Sinclair )",8 307-735-4252 I-25 Exit 111 ( A St ),<U+25A1> <U+25A1> M <U+2610> <U+2610> <U+25A1>,Glendo,82213,Howard's General Store ( Sinclair ),307-735-4252,2008,Glendo,WY,Sinclair,( A St ),I-25 Exit 111 ,Exit,111,False,,False,I-25,,None,,
Glendo ( 82213 ) Howard's General Store ( Sinclair ),8 307-735-4252 I-25 Exit 111 ( A St ),S <U+25A1>,Glendo,82213,Howard's General Store ( Sinclair ),307-735-4252,2014,Glendo,WY,Sinclair,( A St ),I-25 Exit 111 ,Exit,111,False,,False,I-25,,None,,
Glendo ( 82213 ) Howard's General ),307-735-4252 I-25 Exit 111 ( A St ),<U+2610> S <U+2610>,Glendo,82213,Howard's General ),307-735-4252,2015,Glendo,WY,,( A St ),I-25 Exit 111 ,Exit,111,False,,False,I-25,,None,,
Glendo ( 82213 ) Howard's St ),307-735-4252 I-25 Exit 111 ( A ),[ ] <U+2610> S <U+2610>,Glendo,82213,Howard's St ),307-735-4252,2016,Glendo,WY,,( A ),I-25 Exit 111 ,Exit,111,False,,False,I-25,,None,,
"Guernsey , 82214 Johnston's Corner ( Sinclair )",307-836-3155 US 26,,Guernsey,82214,Johnston's Corner ( Sinclair ),307-836-3155,2006,Guernsey,WY,Sinclair,,US 26,empty,,False,,False,US 26,,None,,
", 82214 Johnston's Corner ( Sinclair )",NEGuernsey 9307-836-3155 US 26,,,82214,Johnston's Corner ( Sinclair ),307-836-3155,2007,Guernsey,WY,Sinclair,,US 26,empty,,False,,False,US 26,,None,,
"Guernsey , 82214 Johnston's Corner ( Sinclair )",307-836-3155 US 26,<U+2610>,Guernsey,82214,Johnston's Corner ( Sinclair ),307-836-3155,2008,Guernsey,WY,Sinclair,,US 26,empty,,False,,False,US 26,,None,,
Guernsey ( 82214 ) Johnston's Corner ( Sinclair ),9 307-836-3155 US 26,24 S O,Guernsey,82214,Johnston's Corner ( Sinclair ),307-836-3155,2014,Guernsey,WY,Sinclair,,US 26,empty,,False,,False,US 26,,None,,
Guernsey ( 82214 ) Johnston's Corner (,307-836-3155 US 26 ),24 38 S,Guernsey,82214,Johnston's Corner (,307-836-3155,2015,Guernsey,WY,,,US 26 ,empty,,False,,False,US 26,,None,,
Guernsey ( 82214 ) Johnston's Corner ( ),9 / 307-836-3155 US 26,24 S 24 00,Guernsey,82214,Johnston's Corner ( ),307-836-3155,2016,Guernsey,WY,,,US 26,empty,,False,,False,US 26,,None,,
"Lusk , 82225 Outpost Truck Stop",307-334-2048 US 85 ( 3 blks S of US 18-20 ),24 M L,Lusk,82225,Outpost Truck Stop,307-334-2048,2006,Lusk,WY,,( 3 blks S of US 18-20 ),US 85,empty,,False,,False,US 85,,None,,
"Lusk , 82225 Outpost Truck Stop",307-334-2048 US 85 ( 3 blks S of US 18-20 ),24 HRS 484 M,Lusk,82225,Outpost Truck Stop,307-334-2048,2007,Lusk,WY,,( 3 blks S of US 18-20 ),US 85,empty,,False,,False,US 85,,None,,
"Lusk , 82225 Outpost Truck Stop",9 307-334-2048 US 85 ( 3 blks S of US 18-20 ),24 M,Lusk,82225,Outpost Truck Stop,307-334-2048,2008,Lusk,WY,,( 3 blks S of US 18-20 ),US 85,empty,,False,,False,US 85,,None,,
D Lusk ( 82225 ) Outpost Truck Stop,9 307-334-2048 . US 85 ( 3 blks S of US 18-20 ),24 M <U+25A1>,Lusk,82225,Outpost Truck Stop,307-334-2048,2014,Lusk,WY,,( 3 blks S of US 18-20 ),. US 85,empty,,False,,False,US 85,,None,,
D Lusk ( 82225 ) Outpost Truck Stop,307-334-2048 US 85 ( 3 blks S of US 18-20 ),NATSN 24 M <U+25A1>,Lusk,82225,Outpost Truck Stop,307-334-2048,2015,Lusk,WY,,( 3 blks S of US 18-20 ),US 85,empty,,False,,False,US 85,,None,,
D Lusk ( 82225 ) Outpost Truck Stop,9 / 307-334-2048 US 85 ( 3 blks S of US 18-20 ),m M <U+2610>,Lusk,82225,Outpost Truck Stop,307-334-2048,2016,Lusk,WY,,( 3 blks S of US 18-20 ),US 85,empty,,False,,False,US 85,,None,,
"Manville , 82227 3 Sisters Truck Stop",307-334-3005 US 20 & Hwy 270,"S "" <U+25A1>",Manville,82227,3 Sisters Truck Stop,307-334-3005,2006,Manville,WY,,,US 20 & Hwy 270,empty,,False,,False,US 20,Hwy 270,None,,
"Manville , 82227 3 Sisters Truck Stop",307-334-3005 US 20 & Hwy 270,M,Manville,82227,3 Sisters Truck Stop,307-334-3005,2007,Manville,WY,,,US 20 & Hwy 270,empty,,False,,False,US 20,Hwy 270,None,,
"Manville , 82227 Smokin ' Joe's",307-334-3005 US 20 & Hwy 270,M <U+2610> <U+2610>,Manville,82227,Smokin ' Joe's,307-334-3005,2008,Manville,WY,,,US 20 & Hwy 270,empty,,False,,False,US 20,Hwy 270,None,,
D Manville ( 82227 ) Three Sisters,307-334-3005 US 20 & Hwy 270,<U+2610> M <U+2610>,Manville,82227,Three Sisters,307-334-3005,2014,Manville,WY,,,US 20 & Hwy 270,empty,,False,,False,US 20,Hwy 270,None,,
D Manville ( 82227 ) Three Sisters,307-334-3005 US 20 & Hwy 270,<U+25A1> M <U+2610>,Manville,82227,Three Sisters,307-334-3005,2015,Manville,WY,,,US 20 & Hwy 270,empty,,False,,False,US 20,Hwy 270,None,,
D Manville ( 82227 ) Three Sisters,307-334-3005 US 20 & Hwy 270,<U+25A1> M <U+25A1> 1,Manville,82227,Three Sisters,307-334-3005,2016,Manville,WY,,,US 20 & Hwy 270,empty,,False,,False,US 20,Hwy 270,None,,
"Torrington , 82240 Torrington Travel Terminal ( Citgo )",307-532-8164 1500 US 26,MO S,Torrington,82240,Torrington Travel Terminal ( Citgo ),307-532-8164,2006,Torrington,WY,Citgo,,1500 US 26,Proper,,False,,False,US 26,,None,,
"E Torrington , 82240 Torrington Travel Terminal",307-532-8164 1500 US 26,M,Torrington,82240,Torrington Travel Terminal,307-532-8164,2007,Torrington,WY,,,1500 US 26,Proper,,False,,False,US 26,,None,,
"Torrington , 82240 Torrington Travel Terminal",307-532-8164 1500 US 26,24 25,Torrington,82240,Torrington Travel Terminal,307-532-8164,2008,Torrington,WY,,,1500 US 26,Proper,,False,,False,US 26,,None,,
E Torrington ( 82240 ) Torrington Travel Terminal,9 307-532-8164 1500 US 26,M <U+2610> <U+2610>,Torrington,82240,Torrington Travel Terminal,307-532-8164,2014,Torrington,WY,,,1500 US 26,Proper,,False,,False,US 26,,None,,
Torrington ( 82240 ) Torrington Travel Terminal,307-532-8164 1500 US 26,24 M <U+2610> <U+2610>,Torrington,82240,Torrington Travel Terminal,307-532-8164,2015,Torrington,WY,,,1500 US 26,Proper,,False,,False,US 26,,None,,
Torrington ( 82240 ) Torrington Travel Terminal,307-532-8164 1500 US 26,24 M <U+2610> <U+2610> O,Torrington,82240,Torrington Travel Terminal,307-532-8164,2016,Torrington,WY,,,1500 US 26,Proper,,False,,False,US 26,,None,,
"Rawlins , 82301 West End Sinclair",307-324-4089 I-80 Exit 211 ( W Spruce ),24 24 XL M,Rawlins,82301,West End Sinclair,307-324-4089,2006,Rawlins,WY,Sinclair,( W Spruce ),I-80 Exit 211 ,Exit,211,False,,False,I-80,,None,,
"Rawlins , 82301 West End Sinclair",6 307-324-4089 I-80 Exit 211 ( W Spruce ),M,Rawlins,82301,West End Sinclair,307-324-4089,2007,Rawlins,WY,Sinclair,( W Spruce ),I-80 Exit 211 ,Exit,211,False,,False,I-80,,None,,
"E Rawlins , 82301 West End Sinclair",307-324-4089 I-80 Exit 211 ( W Spruce ),24 M,Rawlins,82301,West End Sinclair,307-324-4089,2008,Rawlins,WY,Sinclair,( W Spruce ),I-80 Exit 211 ,Exit,211,False,,False,I-80,,None,,
Rawlins ( 82301 ) West End Sinclair,6 307-324-4089 I-80 Exit 211 ( W Spruce ),"24 M """,Rawlins,82301,West End Sinclair,307-324-4089,2014,Rawlins,WY,Sinclair,( W Spruce ),I-80 Exit 211 ,Exit,211,False,,False,I-80,,None,,
Rawlins ( 82301 ) West End Sinclair,6 307-324-4089 I-80 Exit 211 ( W Spruce ),24 M,Rawlins,82301,West End Sinclair,307-324-4089,2015,Rawlins,WY,Sinclair,( W Spruce ),I-80 Exit 211 ,Exit,211,False,,False,I-80,,None,,
Rawlins ( 82301 ) West End Sinclair,307-324-4089 I-80 Exit 211 ( W Spruce ),24 M,Rawlins,82301,West End Sinclair,307-324-4089,2016,Rawlins,WY,Sinclair,( W Spruce ),I-80 Exit 211 ,Exit,211,False,,False,I-80,,None,,
"Rawlins , 82301 Flying J Travel Plaza # 0500040",307-328-0158 I-80 Exit 209 ( Johnson Rd ) #,24 M,Rawlins,82301,Flying J Travel Plaza # 0500040,307-328-0158,2006,Rawlins,WY,Flying J,( Johnson Rd ) #,I-80 Exit 209 ,Exit,209,False,,False,I-80,,None,,
"Rawlins , 82301 Flying J Travel Plaza # 0500040",6 307-328-0158 I-80 Exit 209 ( Johnson Rd ),XL,Rawlins,82301,Flying J Travel Plaza # 0500040,307-328-0158,2007,Rawlins,WY,Flying J,( Johnson Rd ),I-80 Exit 209 ,Exit,209,False,,False,I-80,,None,,
"Rawlins , 82301 Flying J Travel Plaza # 0500040",307-328-0158 I-80 Exit 209 ( Johnson Rd ),24 X <U+2610> <U+2610>,Rawlins,82301,Flying J Travel Plaza # 0500040,307-328-0158,2008,Rawlins,WY,Flying J,( Johnson Rd ),I-80 Exit 209 ,Exit,209,False,,False,I-80,,None,,
F Rawlins ( 82301 ) Flying J Travel Plaza # 763,6 307-328-0158 I-80 Exit 209 ( Johnson Rd ),24 XL <U+25A1> <U+25A1>,Rawlins,82301,Flying J Travel Plaza # 763,307-328-0158,2014,Rawlins,WY,Flying J,( Johnson Rd ),I-80 Exit 209 ,Exit,209,False,,False,I-80,,None,,
Rawlins ( 82301 ) Flying J Travel Plaza # 763,307-328-0158 I-80 Exit 209 ( Johnson Rd ),FLYING J 24 XL,Rawlins,82301,Flying J Travel Plaza # 763,307-328-0158,2015,Rawlins,WY,Flying J,( Johnson Rd ),I-80 Exit 209 ,Exit,209,False,,False,I-80,,None,,
Rawlins ( 82301 ) Flying J Travel Plaza # 763,307-328-0158 I-80 Exit 209 ( Johnson Rd ) FLYING J,FLYING J 24 XL <U+2610>,Rawlins,82301,Flying J Travel Plaza # 763,307-328-0158,2016,Rawlins,WY,Flying J,( Johnson Rd ) FLYING J,I-80 Exit 209 ,Exit,209,False,,False,I-80,,None,,
"Sinclair , 82334 I-80 Travel Plaza ( 66 )",307-324-4407 I-80 Exit 221 ( East Sinclair ),FIRS 24 24 HRS S,Sinclair,82334,I-80 Travel Plaza ( 66 ),307-324-4407,2006,Sinclair,WY,,( East Sinclair ),I-80 Exit 221 ,Exit,221,False,,False,I-80,,None,,
"F Sinclair , 82334 I-80 Travel Plaza ( 66 )",307-324-4407 I-80 Exit 221 ( East Sinclair ),,Sinclair,82334,I-80 Travel Plaza ( 66 ),307-324-4407,2007,Sinclair,WY,,( East Sinclair ),I-80 Exit 221 ,Exit,221,False,,False,I-80,,None,,
"F Sinclair , 82334 I-80 Travel Plaza ( 66 )",307-324-4407 I-80 Exit 221 ( East Sinclair ),HRS 24 L 24,Sinclair,82334,I-80 Travel Plaza ( 66 ),307-324-4407,2008,Sinclair,WY,,( East Sinclair ),I-80 Exit 221 ,Exit,221,False,,False,I-80,,None,,
Sinclair ( 82334 ) I-80 Travel Plaza ( 66 ),307-324-4407 I-80 Exit 221 ( East Sinclair ),24 24 22,Sinclair,82334,I-80 Travel Plaza ( 66 ),307-324-4407,2014,Sinclair,WY,,( East Sinclair ),I-80 Exit 221 ,Exit,221,False,,False,I-80,,None,,
Sinclair ( 82334 ) I-80 Travel Plaza ( Sinclair ),307-324-4407 I-80 Exit 221 ( East Sinclair ),PREDEST <U+2610> 24 HRS,Sinclair,82334,I-80 Travel Plaza ( Sinclair ),307-324-4407,2015,Sinclair,WY,Sinclair,( East Sinclair ),I-80 Exit 221 ,Exit,221,False,,False,I-80,,None,,
Sinclair ( 82334 ) I-80 Travel Plaza ( Sinclair ),307-324-4407 I-80 Exit 221 ( East Sinclair ),24 <U+2610> HRS 24 24 HRS,Sinclair,82334,I-80 Travel Plaza ( Sinclair ),307-324-4407,2016,Sinclair,WY,Sinclair,( East Sinclair ),I-80 Exit 221 ,Exit,221,False,,False,I-80,,None,,
"5307-324-0087 Wamsutter , 82336 Love's Travel Stop # 310",I-80 Exit 173 ( CR 23 ),M,Wamsutter,82336,Love's Travel Stop # 310,307-324-0087,2006,Wamsutter,WY,Love's,( CR 23 ),I-80 Exit 173 ,Exit,173,False,,False,I-80,,None,,
"F Wamsutter , 82336 Love's Travel Stop # 310",307-324-0087 I-80 Exit 173 ( CR 23 ),24 HRS 48 <U+2610> MOO,Wamsutter,82336,Love's Travel Stop # 310,307-324-0087,2007,Wamsutter,WY,Love's,( CR 23 ),I-80 Exit 173 ,Exit,173,False,,False,I-80,,None,,
"Wamsutter , 82336 Love's Travel Stop # 310",5 307-324-0087 I-80 Exit 173 ( CR 23 ),24 M,Wamsutter,82336,Love's Travel Stop # 310,307-324-0087,2008,Wamsutter,WY,Love's,( CR 23 ),I-80 Exit 173 ,Exit,173,False,,False,I-80,,None,,
Wamsutter ( 82336 ) Love's Travel Stop # 310,5 307-324-0087 I-80 Exit 173 ( CR 23 ),24 HR3 <U+2610> M,Wamsutter,82336,Love's Travel Stop # 310,307-324-0087,2014,Wamsutter,WY,Love's,( CR 23 ),I-80 Exit 173 ,Exit,173,False,,False,I-80,,None,,
Wamsutter ( 82336 ) Love's Travel Stop # 310,$ 307-324-0087 I-80 Exit 173 ( CR 23 ),24 24 MOO <U+25A1> D,Wamsutter,82336,Love's Travel Stop # 310,307-324-0087,2015,Wamsutter,WY,Love's,( CR 23 ),I-80 Exit 173 ,Exit,173,False,,False,I-80,,None,,
Wamsutter ( 82336 ) Love's Travel Stop # 310,5 307-324-0087 I-80 Exit 173 ( CR 23 ),24 <U+25A1> DOW 24,Wamsutter,82336,Love's Travel Stop # 310,307-324-0087,2016,Wamsutter,WY,Love's,( CR 23 ),I-80 Exit 173 ,Exit,173,False,,False,I-80,,None,,
"Wamsutter , 82336 Wamsutter Conoco Service",307-324-7807 I-80 Exit 173,S,Wamsutter,82336,Wamsutter Conoco Service,307-324-7807,2006,Wamsutter,WY,Conoco,,I-80 Exit 173,Exit,173,False,,False,I-80,,None,,
"F Wamsutter , 82336 Wamsutter Conoco Service",307-324-7807 I-80 Exit 173,,Wamsutter,82336,Wamsutter Conoco Service,307-324-7807,2007,Wamsutter,WY,Conoco,,I-80 Exit 173,Exit,173,False,,False,I-80,,None,,
"Wamsutter , 82336 Wamsutter Conoco Service",307-324-7807 I-80 Exit 173,S,Wamsutter,82336,Wamsutter Conoco Service,307-324-7807,2008,Wamsutter,WY,Conoco,,I-80 Exit 173,Exit,173,False,,False,I-80,,None,,
Wamsutter ( 82336 ) Wamsutter Conoco Service,5 307-324-7807 I-80 Exit 173,S <U+2610><U+2610>,Wamsutter,82336,Wamsutter Conoco Service,307-324-7807,2014,Wamsutter,WY,Conoco,,I-80 Exit 173,Exit,173,False,,False,I-80,,None,,
Wamsutter ( 82336 ) Wamsutter Conoco Service,307-324-7807 I-80 Exit 173,24 m S MOO <U+25A1>,Wamsutter,82336,Wamsutter Conoco Service,307-324-7807,2015,Wamsutter,WY,Conoco,,I-80 Exit 173,Exit,173,False,,False,I-80,,None,,
Wamsutter ( 82336 ) Wamsutter Conoco Service,307-324-7807 I-80 Exit 173,S 0,Wamsutter,82336,Wamsutter Conoco Service,307-324-7807,2016,Wamsutter,WY,Conoco,,I-80 Exit 173,Exit,173,False,,False,I-80,,None,,
"Worland , 82401 One Stop ( Cenex )",307-347-4281 US 16-20 ( W side of town ),S <U+2610>,Worland,82401,One Stop ( Cenex ),307-347-4281,2006,Worland,WY,Cenex,( W side of town ),US 16-20,empty,,False,,False,US 16-20,,None,,
"B Worland , 82401 One Stop ( Cenex )",307-347-4281 US 16-20 ( W side of town ),S,Worland,82401,One Stop ( Cenex ),307-347-4281,2007,Worland,WY,Cenex,( W side of town ),US 16-20,empty,,False,,False,US 16-20,,None,,
"B Worland , 82401 One Stop ( Cenex )",6 307-347-4281 US 16-20 ( W side of,<U+2610> S <U+25A1> <U+2610>,Worland,82401,One Stop ( Cenex ),307-347-4281,2008,Worland,WY,Cenex,( W side of,US 16-20,empty,,False,,False,US 16-20,,None,,
B Worland ( 82401 ) One Stop ( Cenex ),6 307-347-4281 US 20 W & WY 433,S <U+2610>,Worland,82401,One Stop ( Cenex ),307-347-4281,2014,Worland,WY,Cenex,,US 20 W & WY 433,empty,,False,,False,US 20,WY 433,None,,
B Worland ( 82401 ) One Stop ( Cenex ),307-347-4281 US 20 W & WY 433,L D S S <U+25A1>,Worland,82401,One Stop ( Cenex ),307-347-4281,2015,Worland,WY,Cenex,,US 20 W & WY 433,empty,,False,,False,US 20,WY 433,None,,
B Worland ( 82401 ) One Stop ( Cenex ),6 307-347-4281 US 20 W & WY 433,<U+25A1> S <U+2610>,Worland,82401,One Stop ( Cenex ),307-347-4281,2016,Worland,WY,Cenex,,US 20 W & WY 433,empty,,False,,False,US 20,WY 433,None,,
"B Cody , 82414 Red Eagle Food Mart # 2 ( Shell )",307-587-9331 221 US 14-16-20 W,<U+25A1>,Cody,82414,Red Eagle Food Mart # 2 ( Shell ),307-587-9331,2006,Cody,WY,Shell,,221 US 14-16-20 W,Proper,,False,,False,US 14-16,,None,,
", 82414 Red Eagle Food Mart # 2 ( Shell )",LO 4307-587-9331 B Cody 221 US 14-16-20 W,24 HRS 45 MOO,,82414,Red Eagle Food Mart # 2 ( Shell ),307-587-9331,2007,Cody,WY,Shell,,B Cody 221 US 14-16-20 W,empty,,False,,False,US 14-16,,None,,
"Cody , 82414 Red Eagle Food Mart St # ) 2 (",307-587-9331 221 US 14-16-20 W Shell ),S <U+2610> <U+2610>,Cody,82414,Red Eagle Food Mart St # ) 2 (,307-587-9331,2008,Cody,WY,,,221 US 14-16-20 W Shell ,Proper,,False,,False,US 14-16,,None,,
Cody ( 82414 ) Good 2 Go # 2 ( Mobil ),307-587-9331 221 US 14-16-20 W,<U+2610>,Cody,82414,Good 2 Go # 2 ( Mobil ),307-587-9331,2014,Cody,WY,Mobil,,221 US 14-16-20 W,Proper,,False,,False,US 14-16,,None,,
B Cody ( 82414 ) Good 2 Go # 2 ( Mobil ),307-587-9331 221 US 14-16-20 W,24,Cody,82414,Good 2 Go # 2 ( Mobil ),307-587-9331,2015,Cody,WY,Mobil,,221 US 14-16-20 W,Proper,,False,,False,US 14-16,,None,,
Cody ( 82414 ) Good 2 Go # 2 ( Mobil ),307-587-9331 221 US 14-16-20 W,<U+25A1> <U+25A1>,Cody,82414,Good 2 Go # 2 ( Mobil ),307-587-9331,2016,Cody,WY,Mobil,,221 US 14-16-20 W,Proper,,False,,False,US 14-16,,None,,
"Lovell , 82431 Country Store ( Conoco )",307-548-7110 575 US 310,24 M <U+2610> <U+2610>,Lovell,82431,Country Store ( Conoco ),307-548-7110,2006,Lovell,WY,Conoco,,575 US 310,Proper,,False,,False,US 310,,None,,
"A Lovell , 82431 Country Store ( Conoco )",5 307-548-7110 575 US 310,L,Lovell,82431,Country Store ( Conoco ),307-548-7110,2007,Lovell,WY,Conoco,,575 US 310,Proper,,False,,False,US 310,,None,,
"A Lovell , 82431 Country Store ( Conoco )",307-548-7110 575 US 310,S <U+2610> <U+2610> <U+2610>,Lovell,82431,Country Store ( Conoco ),307-548-7110,2008,Lovell,WY,Conoco,,575 US 310,Proper,,False,,False,US 310,,None,,
A Lovell ( 82431 ) Country Store ( Conoco ),5 307-548-7110 575 US 310,<U+2610> S <U+25A1>,Lovell,82431,Country Store ( Conoco ),307-548-7110,2014,Lovell,WY,Conoco,,575 US 310,Proper,,False,,False,US 310,,None,,
Lovell ( 82431 ) Country Store ( Conoco ),307-548-7110 575 US 310,<U+2610> S <U+25A1>,Lovell,82431,Country Store ( Conoco ),307-548-7110,2015,Lovell,WY,Conoco,,575 US 310,Proper,,False,,False,US 310,,None,,
A Lovell ( 82431 ) Country Store ( Conoco ),307-548-7110 575 US 310,<U+2610> <U+2610>,Lovell,82431,Country Store ( Conoco ),307-548-7110,2016,Lovell,WY,Conoco,,575 US 310,Proper,,False,,False,US 310,,None,,
"Lovell , 82431 Red Eagle # 12 ( Exxon )",307-548-7246 1801 US 310,ASS <U+2610> <U+2610>,Lovell,82431,Red Eagle # 12 ( Exxon ),307-548-7246,2006,Lovell,WY,Exxon,,1801 US 310,Proper,,False,,False,US 310,,None,,
"A Lovell , 82431 Red Eagle # 12 ( Exxon )",5 307-548-7246 1801 US 310,24 HRS S,Lovell,82431,Red Eagle # 12 ( Exxon ),307-548-7246,2007,Lovell,WY,Exxon,,1801 US 310,Proper,,False,,False,US 310,,None,,
"A Lovell , 82431 Red Eagle Food Store # 12 ( Exxon )",5 307-548-7246 1801 US 310,24 S,Lovell,82431,Red Eagle Food Store # 12 ( Exxon ),307-548-7246,2008,Lovell,WY,Exxon,,1801 US 310,Proper,,False,,False,US 310,,None,,
A Lovell ( 82431 ) Good 2 Go ( Exxon ),5 307-548-7246 1801 US 310,<U+2610><U+2610> S <U+25A1>,Lovell,82431,Good 2 Go ( Exxon ),307-548-7246,2014,Lovell,WY,Exxon,,1801 US 310,Proper,,False,,False,US 310,,None,,
Lovell ( 82431 ) Good 2 Go ( Exxon ) AMBEST,307-548-7246 1801 US 310,S,Lovell,82431,Good 2 Go ( Exxon ) AMBEST,307-548-7246,2015,Lovell,WY,Exxon,,1801 US 310,Proper,,False,,False,US 310,,None,,
A Lovell ( 82431 ) Good 2 Go ( Exxon ),307-548-7246 1801 US 310,<U+2610><U+2610> S <U+2610>,Lovell,82431,Good 2 Go ( Exxon ),307-548-7246,2016,Lovell,WY,Exxon,,1801 US 310,Proper,,False,,False,US 310,,None,,
"Thermopolis , 82443 Shell Southside ( US Travel 14 ) Center",307-864-3108 167 US 20 S,MO,Thermopolis,82443,Shell Southside ( US Travel 14 ) Center,307-864-3108,2006,Thermopolis,WY,Shell,,167 US 20 S,Proper,,False,,False,US 20,,None,,
"C Thermopolis , 82443 Shell Southside Travel Center",307-864-3108 167 US 20 S,,Thermopolis,82443,Shell Southside Travel Center,307-864-3108,2007,Thermopolis,WY,Shell,,167 US 20 S,Proper,,False,,False,US 20,,None,,
"Thermopolis , 82443 Shell Southside Travel 14 ) Center",307-864-3108 167 US 20 S,<U+2610> S <U+2610>,Thermopolis,82443,Shell Southside Travel 14 ) Center,307-864-3108,2008,Thermopolis,WY,Shell,,167 US 20 S,Proper,,False,,False,US 20,,None,,
Thermopolis ( 82443 ) Southside Travel Center ( Exxon ),307-864-3108 167 US 20 S,<U+2610> S <U+2610>,Thermopolis,82443,Southside Travel Center ( Exxon ),307-864-3108,2014,Thermopolis,WY,Exxon,,167 US 20 S,Proper,,False,,False,US 20,,None,,
Thermopolis ( 82443 ) Southside Travel Center ( Exxon ),307-864-3108 167 US 20 S,S <U+25A1>,Thermopolis,82443,Southside Travel Center ( Exxon ),307-864-3108,2015,Thermopolis,WY,Exxon,,167 US 20 S,Proper,,False,,False,US 20,,None,,
Thermopolis ( 82443 ) Southside Travel Center ( Exxon ),307-864-3108 167 US 20 S,<U+2610> S D,Thermopolis,82443,Southside Travel Center ( Exxon ),307-864-3108,2016,Thermopolis,WY,Exxon,,167 US 20 S,Proper,,False,,False,US 20,,None,,
"D Casper ( West ) , 82604 Ghost Town Fuel Stop ( Conoco )",307-472-0200 US 20-26 ( 5 mi SW of I-25 Exit 189 ),24 HRS,Casper,82604,Ghost Town Fuel Stop ( Conoco ),307-472-0200,2006,Casper,WY,Conoco,( 5 mi SW of I-25 Exit 189 ),US 20-26,empty,,False,,False,US 20-26,,None,,
"Casper ( West ) , 82604 Ghost Town Fuel Stop ( Conoco )",307-472-0200 US 20-26 ( 5 mi SW of I-25 Exit 189 ),24 HRS M,Casper,82604,Ghost Town Fuel Stop ( Conoco ),307-472-0200,2007,Casper,WY,Conoco,( 5 mi SW of I-25 Exit 189 ),US 20-26,empty,,False,,False,US 20-26,,None,,
"D Casper ( West ) , 82604 Ghost Town Fuel Stop ( Conoco )",7 307-472-0200 US 20-26 ( 5 mi SW of I-25 Exit ),24 24,Casper,82604,Ghost Town Fuel Stop ( Conoco ),307-472-0200,2008,Casper,WY,Conoco,( 5 mi SW of I-25 Exit ),US 20-26,empty,,False,,False,US 20-26,,None,,
D Casper ( West ) ( 82604 ) Ghost Town Fuel Stop ( Conoco ),307-472-0200 US 20-26 ( 5 mi SW of I-25 Exit 189 ),) 24 L <U+2610>,Casper,82604,Ghost Town Fuel Stop ( Conoco ),307-472-0200,2014,Casper,WY,Conoco,( 5 mi SW of I-25 Exit 189 ),US 20-26,empty,,False,,False,US 20-26,,None,,
D Casper ( West ) ( 82604 ) Ghost Town Fuel Stop ( Conoco ),307-472-0200 US 20-26 ( 5 mi SW of I-25 Exit 189 ),NATSN L <U+2610>,Casper,82604,Ghost Town Fuel Stop ( Conoco ),307-472-0200,2015,Casper,WY,Conoco,( 5 mi SW of I-25 Exit 189 ),US 20-26,empty,,False,,False,US 20-26,,None,,
D Casper ( West ) ( 82604 ) Ghost Town Fuel Stop ( Conoco ),307-472-0200 US 20-26 ( 5 mi SW of I-25 Exit 189 ),24 R L <U+2610>,Casper,82604,Ghost Town Fuel Stop ( Conoco ),307-472-0200,2016,Casper,WY,Conoco,( 5 mi SW of I-25 Exit 189 ),US 20-26,empty,,False,,False,US 20-26,,None,,
"Evansville , 82609 Flying J Travel Plaza # 0500029",307-473-1750 I-25 Exit 185,# M,Evansville,82609,Flying J Travel Plaza # 0500029,307-473-1750,2006,Casper,WY,Flying J,,I-25 Exit 185,Exit,185,False,,False,I-25,,None,,
"Evansville , 82609 Flying J Travel Plaza # 0500029",307-473-1750 I-25 Exit 185,24 481 000,Evansville,82609,Flying J Travel Plaza # 0500029,307-473-1750,2007,Casper,WY,Flying J,,I-25 Exit 185,Exit,185,False,,False,I-25,,None,,
"Evansville , 82609 Flying J Travel Plaza #",307-473-1750 I-25 Exit 185 0500029,HRS 24 DOMO 24 HRS O,Evansville,82609,Flying J Travel Plaza #,307-473-1750,2008,Casper,WY,Flying J,,I-25 Exit 185 0500029,Exit,185,False,,False,I-25,,None,,
Evansville ( 82609 ) Flying J Travel Plaza # 758 ( Conoco ),307-473-1750 I-25 Exit 185,) 24 22 DOMO,Evansville,82609,Flying J Travel Plaza # 758 ( Conoco ),307-473-1750,2014,Casper,WY,Flying J,,I-25 Exit 185,Exit,185,False,,False,I-25,,None,,
D Evansville ( 82609 ) Flying J Travel Plaza # 758 ( Conoco ),307-473-1750 I-25 Exit 185,FLYING J 24 M,Evansville,82609,Flying J Travel Plaza # 758 ( Conoco ),307-473-1750,2015,Casper,WY,Flying J,,I-25 Exit 185,Exit,185,False,,False,I-25,,None,,
Evansville ( 82609 ) Flying J Travel Plaza # 758 ( FLYING J,307-473-1750 I-25 Exit 185,J 24 M,Evansville,82609,Flying J Travel Plaza # 758 ( FLYING J,307-473-1750,2016,Casper,WY,Flying J,,I-25 Exit 185,Exit,185,False,,False,I-25,,None,,
"Orin , 82633 Orin Junction Truck Stop ( Sinclair )",307-358-2870 I-25 Exit 126 ( US 18-20 ),HRS 24 MOO M,Orin,82633,Orin Junction Truck Stop ( Sinclair ),307-358-2870,2006,Douglas,WY,Sinclair,( US 18-20 ),I-25 Exit 126 ,Exit,126,False,,False,I-25,,None,,
"Orin , 82633 Orin Junction Truck Stop ( Sinclair )",307-358-2870 I-25 Exit 126 ( US 18-20 ),M <U+2610>,Orin,82633,Orin Junction Truck Stop ( Sinclair ),307-358-2870,2007,Douglas,WY,Sinclair,( US 18-20 ),I-25 Exit 126 ,Exit,126,False,,False,I-25,,None,,
"Orin , 82633 Orin Junction Truck Stop ( Sinclair )",8 307-358-2870 I-25 Exit 126 ( US 18-20 ),M,Orin,82633,Orin Junction Truck Stop ( Sinclair ),307-358-2870,2008,Douglas,WY,Sinclair,( US 18-20 ),I-25 Exit 126 ,Exit,126,False,,False,I-25,,None,,
Orin ( 82633 ) Orin Junction Truck Stop ( Sinclair ),8 307-358-2870 I-25 Exit 126 ( US 18-20 ),MO <U+2610><U+2610> <U+2610>,Orin,82633,Orin Junction Truck Stop ( Sinclair ),307-358-2870,2014,Douglas,WY,Sinclair,( US 18-20 ),I-25 Exit 126 ,Exit,126,False,,False,I-25,,None,,
Orin ( 82633 ) Orin Junction Truck Stop ) ( Sinclair ),307-358-2870 I-25 Exit 126 ( US 18-20 ),MO <U+2610><U+2610> <U+25A1>,Orin,82633,Orin Junction Truck Stop ) ( Sinclair ),307-358-2870,2015,Douglas,WY,Sinclair,( US 18-20 ),I-25 Exit 126 ,Exit,126,False,,False,I-25,,None,,
Orin ( 82633 ) Orin Junction Truck Stop ( Sinclair ),8 307-358-2870 I-25 Exit 126 ( US 18-20 ),<U+2610> MO <U+25A1>,Orin,82633,Orin Junction Truck Stop ( Sinclair ),307-358-2870,2016,Douglas,WY,Sinclair,( US 18-20 ),I-25 Exit 126 ,Exit,126,False,,False,I-25,,None,,
"Douglas , 82633 Broken Wheel Truck Stop ( Sinclair )",8 307-358-4444 I-25 Exit 135,24 L,Douglas,82633,Broken Wheel Truck Stop ( Sinclair ),307-358-4444,2006,Douglas,WY,Sinclair,,I-25 Exit 135,Exit,135,False,,False,I-25,,None,,
"Douglas , 82633 Broken Wheel Truck Stop ( Sinclair )",307-358-4444 I-25 Exit 135,24 274 24,Douglas,82633,Broken Wheel Truck Stop ( Sinclair ),307-358-4444,2007,Douglas,WY,Sinclair,,I-25 Exit 135,Exit,135,False,,False,I-25,,None,,
"Douglas , 82633 Broken Wheel Truck Stop ( Sinclair",8 307-358-4444 I-25 Exit 135 ),24 L <U+2610> HRS <U+2610><U+2610><U+2610>,Douglas,82633,Broken Wheel Truck Stop ( Sinclair,307-358-4444,2008,Douglas,WY,Sinclair,,I-25 Exit 135 ,Exit,135,False,,False,I-25,,None,,
D Douglas ( 82633 ) Broken Wheel Truck Stop ( Sinclair ),8 307-358-4444 I-25 Exit 135,<U+2610>,Douglas,82633,Broken Wheel Truck Stop ( Sinclair ),307-358-4444,2014,Douglas,WY,Sinclair,,I-25 Exit 135,Exit,135,False,,False,I-25,,None,,
D Douglas ( 82633 ) Broken Wheel Truck Stop ( ),8 307-358-4444 I-25 Exit 135 # 761,NATSN 24 L <U+2610>,Douglas,82633,Broken Wheel Truck Stop ( ),307-358-4444,2015,Douglas,WY,,,I-25 Exit 135 # 761,Exit,135,False,,False,I-25,,None,,
D Douglas ( 82633 ) Broken Wheel Truck Stop ( Sinclair ),8 307-358-4444 I-25 Exit 135,24 L <U+25A1> <U+25A1>,Douglas,82633,Broken Wheel Truck Stop ( Sinclair ),307-358-4444,2016,Douglas,WY,Sinclair,,I-25 Exit 135,Exit,135,False,,False,I-25,,None,,
"Evansville , 82636 Eastgate Travel Plaza ( Sinclair )",307-234-0504 I-25 Exit 182 ( WY 253 E ),24 D,Evansville,82636,Eastgate Travel Plaza ( Sinclair ),307-234-0504,2006,Evansville,WY,Sinclair,( WY 253 E ),I-25 Exit 182 ,Exit,182,False,,False,I-25,,None,,
"Evansville , 82636 Eastgate Travel Plaza ( Sinclair )",307-234-0504 I-25 Exit 182 ( WY 253 E ),S ) 24 48 M,Evansville,82636,Eastgate Travel Plaza ( Sinclair ),307-234-0504,2007,Evansville,WY,Sinclair,( WY 253 E ),I-25 Exit 182 ,Exit,182,False,,False,I-25,,None,,
"Evansville , 82636 Eastgate Travel Plaza ( Sinclair )",307-234-0504 I-25 Exit 182 ( WY 253 E ),24 23 XL 24,Evansville,82636,Eastgate Travel Plaza ( Sinclair ),307-234-0504,2008,Evansville,WY,Sinclair,( WY 253 E ),I-25 Exit 182 ,Exit,182,False,,False,I-25,,None,,
Evansville ( 82636 ) Eastgate Travel Plaza ( Sinclair ),7 307-234-0504 I-25 Exit 182 ( WY 253 E ),24 XL 24,Evansville,82636,Eastgate Travel Plaza ( Sinclair ),307-234-0504,2014,Evansville,WY,Sinclair,( WY 253 E ),I-25 Exit 182 ,Exit,182,False,,False,I-25,,None,,
Evansville ( 82636 ) Eastgate Travel Plaza ( Sinclair ),307-234-0504 I-25 Exit 182 ( WY 253 E ),REST 24 X <U+2610>,Evansville,82636,Eastgate Travel Plaza ( Sinclair ),307-234-0504,2015,Evansville,WY,Sinclair,( WY 253 E ),I-25 Exit 182 ,Exit,182,False,,False,I-25,,None,,
Evansville ( 82636 ) Hat Six Travel Plaza ( Sinclair ),307-234-0504 I-25 Exit 182 ( WY 253 E ),24 XL,Evansville,82636,Hat Six Travel Plaza ( Sinclair ),307-234-0504,2016,Evansville,WY,Sinclair,( WY 253 E ),I-25 Exit 182 ,Exit,182,False,,False,I-25,,None,,
"Kaycee , 82639 Kaycee Sinclair",307-738-2213 I-25 Exit 254,S,Kaycee,82639,Kaycee Sinclair,307-738-2213,2006,Kaycee,WY,Sinclair,,I-25 Exit 254,Exit,254,False,,False,I-25,,None,,
"Kaycee , 82639 Kaycee Sinclair",307-738-2213 I-25 Exit 254,XL 48 <U+2610> <U+2610>,Kaycee,82639,Kaycee Sinclair,307-738-2213,2007,Kaycee,WY,Sinclair,,I-25 Exit 254,Exit,254,False,,False,I-25,,None,,
"Kaycee , 82639 Kaycee Sinclair",307-738-2213 I-25 Exit 254,<U+2610> S <U+25A1> <U+25A1>,Kaycee,82639,Kaycee Sinclair,307-738-2213,2008,Kaycee,WY,Sinclair,,I-25 Exit 254,Exit,254,False,,False,I-25,,None,,
Kaycee ( 82639 ) Kaycee Sinclair,307-738-2213 I-25 Exit 254,<U+2610> S,Kaycee,82639,Kaycee Sinclair,307-738-2213,2014,Kaycee,WY,Sinclair,,I-25 Exit 254,Exit,254,False,,False,I-25,,None,,
Kaycee ( 82639 ) Kaycee Sinclair,307-738-2213 I-25 Exit 254,<U+2610> S,Kaycee,82639,Kaycee Sinclair,307-738-2213,2015,Kaycee,WY,Sinclair,,I-25 Exit 254,Exit,254,False,,False,I-25,,None,,
Kaycee ( 82639 ) Kaycee Sinclair,307-738-2213 I-25 Exit 254,<U+2610> S,Kaycee,82639,Kaycee Sinclair,307-738-2213,2016,Kaycee,WY,Sinclair,,I-25 Exit 254,Exit,254,False,,False,I-25,,None,,
"Mills , 82644 Homax Convenience Store ( Conoco )",307-234-0840 400 WY 254 ( 1 mi S of US 20-26 ),"S "" <U+25A1> <U+25A1>",Mills,82644,Homax Convenience Store ( Conoco ),307-234-0840,2006,Mills,WY,Conoco,( 1 mi S of US 20-26 ),400 WY 254,Proper,,False,,False,400 WY,,None,,
"Mills , 82644 Homax Convenience Store ( Conoco )",307-234-0840 400 WY 254 ( 1 mi S of US 20-26 ),),Mills,82644,Homax Convenience Store ( Conoco ),307-234-0840,2007,Mills,WY,Conoco,( 1 mi S of US 20-26 ),400 WY 254,Proper,,False,,False,400 WY,,None,,
"Mills , 82644 Homax Convenience Store ( Conoco )",7 307-234-0840 400 WY 254 ( 1 mi S of US 20-26 ) <U+2610>,<U+2610> S <U+2610> <U+2610> <U+25A1> <U+25A1>,Mills,82644,Homax Convenience Store ( Conoco ),307-234-0840,2008,Mills,WY,Conoco,( 1 mi S of US 20-26 ) <U+2610>,400 WY 254,Proper,,False,,False,400 WY,,None,,
D Mills ( 82644 ) Homax Convenience Store ( Conoco ),307-234-0840 400 WY 254 ( 1 mi S of US 20-26 Bypass ),) <U+2610> S <U+25A1> <U+2610>,Mills,82644,Homax Convenience Store ( Conoco ),307-234-0840,2014,Mills,WY,Conoco,( 1 mi S of US 20-26 Bypass ),400 WY 254,Proper,,False,,False,400 WY,,None,,
Mills ( 82644 ) Homax Convenience Store E ( Conoco of I-25 X ) 227 ),307-234-0840 400 WY 254 ( 1 mi S of US,) <U+25A1> S D D,Mills,82644,Homax Convenience Store E ( Conoco of I-25 X ) 227 ),307-234-0840,2015,Mills,WY,Conoco,( 1 mi S of US,400 WY 254,Proper,,False,,False,400 WY,,None,,
D Mills ( 82644 ) Homax Convenience Store ( Conoco ),307-234-0840 400 WY 254 ( 1 mi S of US 20-26 Bypass ),) S <U+2610> <U+2610>,Mills,82644,Homax Convenience Store ( Conoco ),307-234-0840,2016,Mills,WY,Conoco,( 1 mi S of US 20-26 Bypass ),400 WY 254,Proper,,False,,False,400 WY,,None,,
"Newcastle , 82701 4 Way Gas N Go",307-746-9919 1226 Washington Street,M D,Newcastle,82701,4 Way Gas N Go,307-746-9919,2006,Newcastle,WY,,,1226 Washington Street,Proper,,False,,False,Washington Street,,None,,
"B Newcastle , 82701 4 Way Gas N Go",307-746-9919 1226 Washington Blvd,<U+2610>,Newcastle,82701,4 Way Gas N Go,307-746-9919,2007,Newcastle,WY,,,1226 Washington Blvd,Proper,,False,,False,Washington Blvd,,None,,
"B Newcastle , 82701 4 Way Gas N Go",307-746-9919 1226 Washington Blvd,<U+2610> <U+2610> <U+2610><U+2610>,Newcastle,82701,4 Way Gas N Go,307-746-9919,2008,Newcastle,WY,,,1226 Washington Blvd,Proper,,False,,False,Washington Blvd,,None,,
B Newcastle ( 82701 ) 4 Way Gas N Go ( Frontier ),307-746-9919 US 16 ( 1 blk W of US 85 ),24 <U+2610> <U+25A1> <U+2610> <U+2610>,Newcastle,82701,4 Way Gas N Go ( Frontier ),307-746-9919,2014,Newcastle,WY,,( 1 blk W of US 85 ),US 16,empty,,False,,False,US 16,,None,,
Newcastle ( 82701 ) 4 Way Gas N Go,9 307-746-9919 US 16 ( 1 blk W of US 85 ),<U+2610> <U+25A1> <U+25A1> <U+25A1> <U+25A1>,Newcastle,82701,4 Way Gas N Go,307-746-9919,2015,Newcastle,WY,,( 1 blk W of US 85 ),US 16,empty,,False,,False,US 16,,None,,
B Newcastle ( 82701 ) 4 Way Gas N Go,307-746-9919 US 16 ( 1 blk W of US 85 ),<U+2610> <U+25A1>,Newcastle,82701,4 Way Gas N Go,307-746-9919,2016,Newcastle,WY,,( 1 blk W of US 85 ),US 16,empty,,False,,False,US 16,,None,,
"B Gillette , 82716 Flying J Travel Plaza # 0500140",8 307-682-3562 I-90 Exit 126 ( WY 59 ) #,S 49,Gillette,82716,Flying J Travel Plaza # 0500140,307-682-3562,2006,Gillette,WY,Flying J,( WY 59 ) #,I-90 Exit 126 ,Exit,126,False,,False,I-90,,None,,
"B Gillette , 82716 J Travel Plaza # 0500140",307-682-3562 Flying I-90 Exit 126 ( WY 59 ) #,<U+25A1> <U+25A1>,Gillette,82716,J Travel Plaza # 0500140,307-682-3562,2007,Gillette,WY,,( WY 59 ) #,Flying I-90 Exit 126 ,Exit,126,True,unclear address_standardized_OFF_parenthesis,True,I-90,,None,,
"8 307-686-1623 Gillette , 82716 I-90 Flying Exit J Travel 124 ( US Plaza 14-16 # 0500140 N )",8 / 307-682-3562 I-90 Exit 126 ( WY 59 ),HRS ME,Gillette,82716,I-90 Flying Exit J Travel 124 ( US Plaza 14-16 # 0500140 N ),307-682-3562,2008,Gillette,WY,,( WY 59 ),I-90 Exit 126 ,Exit,126,False,,False,I-90,,None,,
Gillette ( 82716 ) Flying J Travel Plaza # 762,307-682-3562 I-90 Exit 126 ( WY 59 ),24 DOMO,Gillette,82716,Flying J Travel Plaza # 762,307-682-3562,2014,Gillette,WY,Flying J,( WY 59 ),I-90 Exit 126 ,Exit,126,False,,False,I-90,,None,,
Gillette ( 82716 ) Flying J Travel Plaza # 762,307-682-3562 I-90 Exit 126 ( WY 59 ),FLYING J 124 M,Gillette,82716,Flying J Travel Plaza # 762,307-682-3562,2015,Gillette,WY,Flying J,( WY 59 ),I-90 Exit 126 ,Exit,126,False,,False,I-90,,None,,
B Gillette ( 82716 ) Flying J Travel FLYING,307-682-3562 I-90 Exit 126 ( WY 59 ),FLYING J,Gillette,82716,Flying J Travel FLYING,307-682-3562,2016,Gillette,WY,Flying J,( WY 59 ),I-90 Exit 126 ,Exit,126,False,,False,I-90,,None,,
"B Gillette , 82717 Shell Food Mart",307-686-1623 I-90 Exit 124 ( US 14-16 N ),<U+2610>,Gillette,82717,Shell Food Mart,307-686-1623,2006,Gillette,WY,Shell,( US 14-16 N ),I-90 Exit 124 ,Exit,124,False,,False,I-90,,None,,
"B Gillette , 82717 Shell Food Mart",307-686-1623 I-90 Exit 124 ( US 14-16 N ),24 XL 24,Gillette,82717,Shell Food Mart,307-686-1623,2007,Gillette,WY,Shell,( US 14-16 N ),I-90 Exit 124 ,Exit,124,False,,False,I-90,,None,,
"Gillette , 82717 Shell Food Mart 129-6 mi S )",8 307-686-1623 I-90 Exit 124 ( US 14-16 N ),HRS HRS,Gillette,82717,Shell Food Mart 129-6 mi S ),307-686-1623,2008,Gillette,WY,Shell,( US 14-16 N ),I-90 Exit 124 ,Exit,124,False,,False,I-90,,None,,
B Gillette ( 82717 ) Shell Food Mart # 101,8 307-686-1623 I-90 Exit 124 ( US 14-16 N ),24 <U+25A1>,Gillette,82717,Shell Food Mart # 101,307-686-1623,2014,Gillette,WY,Shell,( US 14-16 N ),I-90 Exit 124 ,Exit,124,False,,False,I-90,,None,,
B Gillette ( 82717 ) Shell Food Mart # 101,8 307-686-1623 I-90 Exit 124 ( US 14-16 N ),24 <U+2610>,Gillette,82717,Shell Food Mart # 101,307-686-1623,2015,Gillette,WY,Shell,( US 14-16 N ),I-90 Exit 124 ,Exit,124,False,,False,I-90,,None,,
B Gillette ( 82717 ) Shell Food Mart # 101,307-686-1623 I-90 Exit 124 ( US 14-16 N ),1013 24 <U+2610>,Gillette,82717,Shell Food Mart # 101,307-686-1623,2016,Gillette,WY,Shell,( US 14-16 N ),I-90 Exit 124 ,Exit,124,False,,False,I-90,,None,,
"B Gillette , 82718 Shell Food Mart",307-686-4144 10800 WY 59 S ( I-90 Exit 129-6 mi S ),S ) M <U+2610>,Gillette,82718,Shell Food Mart,307-686-4144,2006,Gillette,WY,Shell,( I-90 Exit 129-6 mi S ),10800 WY 59 S,Proper,,False,,False,10800 WY,,None,,
"B Gillette , 82718 Shell Food Mart",307-686-4144 10800 WY 59 S ( I-90 Exit 129 - 6 mi S ),,Gillette,82718,Shell Food Mart,307-686-4144,2007,Gillette,WY,Shell,( I-90 Exit 129 - 6 mi S ),10800 WY 59 S,Proper,,False,,False,10800 WY,,None,,
"Gillette , 82718 Shell Food Mart",307-686-4144 10800 WY 59 S ( I-90 Exit 129-6 mi S ),S ) 24 HRS M <U+2610> <U+2610>,Gillette,82718,Shell Food Mart,307-686-4144,2008,Gillette,WY,Shell,( I-90 Exit 129-6 mi S ),10800 WY 59 S,Proper,,False,,False,10800 WY,,None,,
B Gillette / Antelope Valley ( 82718 ) Shell Food Mart # 102,8 307-686-4144 WY 59 ( I-90 Exit 129 - 3 mi S ),D <U+2610>,Gillette / Antelope Valley,82718,Shell Food Mart # 102,307-686-4144,2014,Gillette,WY,Shell,( I-90 Exit 129 - 3 mi S ),WY 59,empty,,False,,False,WY 59,,None,,
B Gillette ( S ) ( 82718 ) Shell Food Mart # 126 - 3 mi S ),307-686-4144 WY 59 ( I-90 Exit ( ),,Gillette,82718,Shell Food Mart # 126 - 3 mi S ),307-686-4144,2015,Gillette,WY,Shell,( I-90 Exit ( ),WY 59,empty,,False,,False,WY 59,,None,,
Gillette ( S ) ( 82718 ) Shell Food Mart # 102 S ),307-686-4144 WY 59 ( I-90 Exit 126 - 3 mi ),24 <U+2610> 24,Gillette,82718,Shell Food Mart # 102 S ),307-686-4144,2016,Gillette,WY,Shell,( I-90 Exit 126 - 3 mi ),WY 59,empty,,False,,False,WY 59,,None,,
"Moorcroft , 82721 Coffee Cup Fuel Stop # 5 ( Conoco )",307-756-3493 I-90 Exit 154 ( WY 16 ),<U+25A1> D,Moorcroft,82721,Coffee Cup Fuel Stop # 5 ( Conoco ),307-756-3493,2006,Moorcroft,WY,Conoco,( WY 16 ),I-90 Exit 154 ,Exit,154,False,,False,I-90,,None,,
"B Moorcroft , 82721 Coffee Cup Fuel Stop # 5 ( Conoco )",307-756-3493 I-90 Exit 154 ( WY 16 ),24 HRS 489 MO <U+2610>,Moorcroft,82721,Coffee Cup Fuel Stop # 5 ( Conoco ),307-756-3493,2007,Moorcroft,WY,Conoco,( WY 16 ),I-90 Exit 154 ,Exit,154,False,,False,I-90,,None,,
"Moorcroft , 82721 Coffee Cup Fuel",8 307-756-3493 I-90 Exit 154 ( WY Stop 16 ) # 5 ( Cenex ),24 M,Moorcroft,82721,Coffee Cup Fuel,307-756-3493,2008,Moorcroft,WY,,( WY Stop 16 ) # 5 ( Cenex ),I-90 Exit 154 ,Exit,154,False,,False,I-90,,None,,
B Moorcroft ( 82721 ) Coffee Cup Fuel Stop # 5 ( Cenex ),307-756-3493 I-90 Exit 154 ( WY 16 ),24 M,Moorcroft,82721,Coffee Cup Fuel Stop # 5 ( Cenex ),307-756-3493,2014,Moorcroft,WY,Cenex,( WY 16 ),I-90 Exit 154 ,Exit,154,False,,False,I-90,,None,,
B Moorcroft ( 82721 ) Coffee Cup Fuel Stop # 5 ( Cenex ) Bypass ),307-756-3493 I-90 Exit 154 ( WY 16 ),24 MO,Moorcroft,82721,Coffee Cup Fuel Stop # 5 ( Cenex ) Bypass ),307-756-3493,2015,Moorcroft,WY,Cenex,( WY 16 ),I-90 Exit 154 ,Exit,154,False,,False,I-90,,None,,
B Moorcroft ( 82721 ) Coffee Cup Fuel Stop # 5 ( Cenex ),8 307-756-3493 I-90 Exit 154 ( WY 16 ),24 M,Moorcroft,82721,Coffee Cup Fuel Stop # 5 ( Cenex ),307-756-3493,2016,Moorcroft,WY,Cenex,( WY 16 ),I-90 Exit 154 ,Exit,154,False,,False,I-90,,None,,
"Sundance , 82729 Sundance BP Travel Center",307-283-1200 I-90 Exit 189 ( US 14 ),24 HRS S,Sundance,82729,Sundance BP Travel Center,307-283-1200,2006,Sundance,WY,BP,( US 14 ),I-90 Exit 189 ,Exit,189,False,,False,I-90,,None,,
"B Sundance , 82729 Sundance BP Travel Center",307-283-1200 I-90 Exit 189 ( US 14 ),S,Sundance,82729,Sundance BP Travel Center,307-283-1200,2007,Sundance,WY,BP,( US 14 ),I-90 Exit 189 ,Exit,189,False,,False,I-90,,None,,
"B Sundance , 82729 Sundance Travel Center ( BP ) )",307-283-1200 I-90 Exit 189 ( US 14 ),124 HRS S <U+25A1> D <U+2610> <U+2610>,Sundance,82729,Sundance Travel Center ( BP ) ),307-283-1200,2008,Sundance,WY,BP,( US 14 ),I-90 Exit 189 ,Exit,189,False,,False,I-90,,None,,
Sundance ( 82729 ) Sundance Travel Center ( Conoco ),307-283-1200 I-90 Exit 189 ( US 14 ),24 S D,Sundance,82729,Sundance Travel Center ( Conoco ),307-283-1200,2014,Sundance,WY,Conoco,( US 14 ),I-90 Exit 189 ,Exit,189,False,,False,I-90,,None,,
B Sundance ( 82729 ) Sundance Travel Center ( Conoco ),307-283-1200 I-90 Exit 189 ( US 14 ),S <U+2610> <U+2610>,Sundance,82729,Sundance Travel Center ( Conoco ),307-283-1200,2015,Sundance,WY,Conoco,( US 14 ),I-90 Exit 189 ,Exit,189,False,,False,I-90,,None,,
Sundance ( 82729 ) Sundance Travel Center ( Conoco ),307-283-1200 I-90 Exit 189 ( US 14 ),24 S,Sundance,82729,Sundance Travel Center ( Conoco ),307-283-1200,2016,Sundance,WY,Conoco,( US 14 ),I-90 Exit 189 ,Exit,189,False,,False,I-90,,None,,
"Sheridan , 82801 Common Cents Travel Plaza ( Exxon )",307-674-8853 I-90 Exit 20 ( at Port of,M,Sheridan,82801,Common Cents Travel Plaza ( Exxon ),307-674-8853,2006,Sheridan,WY,Exxon,( at Port of,I-90 Exit 20 ,Exit,20,False,,False,I-90,,None,,
"A Sheridan , 82801 Common Cents Travel Plaza ( Exxon )",6 307-674-8853 I-90 Exit 20 ( at Port of Entry ),) MO,Sheridan,82801,Common Cents Travel Plaza ( Exxon ),307-674-8853,2007,Sheridan,WY,Exxon,( at Port of Entry ),I-90 Exit 20 ,Exit,20,False,,False,I-90,,None,,
"A Sheridan , 82801 Common Cents Travel Plaza ( Exxon )",6 307-674-8853 I-90 Exit 20 ( at Port of Entry ),NRS 24 Ma 24,Sheridan,82801,Common Cents Travel Plaza ( Exxon ),307-674-8853,2008,Sheridan,WY,Exxon,( at Port of Entry ),I-90 Exit 20 ,Exit,20,False,,False,I-90,,None,,
A Sheridan ( 82801 ) Common Cents Travel Plaza ( Exxon ),307-674-8853 I-90 Exit 20 ( US 14 S ),24 M 24,Sheridan,82801,Common Cents Travel Plaza ( Exxon ),307-674-8853,2014,Sheridan,WY,Exxon,( US 14 S ),I-90 Exit 20 ,Exit,20,False,,False,I-90,,None,,
A Sheridan ( 82801 ) Common Cents Travel Plaza ( Exxon ),6 307-674-8853 I-90 Exit 20 ( US 14 S ),MO HIS 24 24,Sheridan,82801,Common Cents Travel Plaza ( Exxon ),307-674-8853,2015,Sheridan,WY,Exxon,( US 14 S ),I-90 Exit 20 ,Exit,20,False,,False,I-90,,None,,
A Sheridan ( 82801 ) Common Cents Travel Plaza ( Exxon ),6 307-674-8853 I-90 Exit 20 ( US 14 S ),24 MOO NE,Sheridan,82801,Common Cents Travel Plaza ( Exxon ),307-674-8853,2016,Sheridan,WY,Exxon,( US 14 S ),I-90 Exit 20 ,Exit,20,False,,False,I-90,,None,,
"B Buffalo , 82834 Kum & Go # 943 ( Cenex )",307-684-9513 I-25 Exit 299 ( US 16 ),24 HRS,Buffalo,82834,Kum & Go # 943 ( Cenex ),307-684-9513,2006,Buffalo,WY,Cenex,( US 16 ),I-25 Exit 299 ,Exit,299,False,,False,I-25,,None,,
"B Buffalo , 82834 Kum & Go # 943 ( Cenex )",007307-684-9513 I-25 Exit 299 ( US 16 ),24 L 409,Buffalo,82834,Kum & Go # 943 ( Cenex ),307-684-9513,2007,Buffalo,WY,Cenex,( US 16 ),I-25 Exit 299 ,Exit,299,False,,False,I-25,,None,,
"Buffalo , 82834 1 Kum & Go # 943 ( Cenex )",307-684-9513 I-25 Exit 299 ( US 16 ),NRS 24 MU 100 00,Buffalo,82834,1 Kum & Go # 943 ( Cenex ),307-684-9513,2008,Buffalo,WY,Cenex,( US 16 ),I-25 Exit 299 ,Exit,299,False,,False,I-25,,None,,
B Buffalo ( 82834 ) Zip Trip # 60 ( Cenex ),307-684-9513 I-25 Exit 299 ( US 16 ),M <U+25A1>,Buffalo,82834,Zip Trip # 60 ( Cenex ),307-684-9513,2014,Buffalo,WY,Cenex,( US 16 ),I-25 Exit 299 ,Exit,299,False,,False,I-25,,None,,
B Buffalo ( 82834 ) Zip Trip # 60 ( Cenex ),307-684-9513 I-25 Exit 299 ( US 16 ),24 MO <U+25A1>,Buffalo,82834,Zip Trip # 60 ( Cenex ),307-684-9513,2015,Buffalo,WY,Cenex,( US 16 ),I-25 Exit 299 ,Exit,299,False,,False,I-25,,None,,
B Buffalo ( 82834 ) Zip Trip # 60 ( Cenex ),307-684-9513 I-25 Exit 299 ( US 16 ),24 22 <U+2610> M <U+25A1>,Buffalo,82834,Zip Trip # 60 ( Cenex ),307-684-9513,2016,Buffalo,WY,Cenex,( US 16 ),I-25 Exit 299 ,Exit,299,False,,False,I-25,,None,,
"Rock Springs , 82901 Cruel Jack's Travel Plaza ( Conoco )",307-362-2171 I-80 Exit 99 ( US 191 - Flaming Gorge ),FRS MO,Rock Springs,82901,Cruel Jack's Travel Plaza ( Conoco ),307-362-2171,2006,Rock Springs,WY,Conoco,( US 191 - Flaming Gorge ),I-80 Exit 99 ,Exit,99,False,,False,I-80,,None,,
,"F 4307-362-2171 Rock Springs , 82901 Cruel I-80 Exit Jack's 99 ( US Travel 191 Plaza - Flaming ( Conoco Gorge ) )",) ) MOO,,82901,,307-362-2171,2007,Rock Springs,WY,,( US Travel 191 Plaza - Flaming ( Conoco Gorge ) ),"Rock Springs, Cruel I-80 Exit Jack's 99",Exit,,False,,False,I-80,,None,,
"Rock Springs , 82901 Cruel Jack's Travel Plaza ( Sinclair )",41307-362-2171 E I-80 Exit 99 ( US 191 - Flaming Gorge ),) HIS 24 M NO,Rock Springs,82901,Cruel Jack's Travel Plaza ( Sinclair ),307-362-2171,2008,Rock Springs,WY,Sinclair,( US 191 - Flaming Gorge ),E I-80 Exit 99 ,Exit,99,False,,False,I-80,,None,,
F Rock Springs ( 82901 ) Cruel Jack's Travel Plaza ( Sinclair ),307-362-2171 I-80 Exit 99 ( US 191 - Flaming Gorge ),) 24 2 M,Rock Springs,82901,Cruel Jack's Travel Plaza ( Sinclair ),307-362-2171,2014,Rock Springs,WY,Sinclair,( US 191 - Flaming Gorge ),I-80 Exit 99 ,Exit,99,False,,False,I-80,,None,,
Rock Springs ( 82901 ) I-80 Cruel Exit Jack's 104 Travel ( US 191 Plaza N ) ( Sinclair ),307-362-2171 I-80 Exit 99 ( US 191 - Flaming Gorge ),24 M,Rock Springs,82901,I-80 Cruel Exit Jack's 104 Travel ( US 191 Plaza N ) ( Sinclair ),307-362-2171,2015,Rock Springs,WY,Sinclair,( US 191 - Flaming Gorge ),I-80 Exit 99 ,Exit,99,False,,False,I-80,,None,,
4307-362-1598 FRock Springs ( 82901 ) I-80 Cruel Exit Jack's 104 Travel ( US 191 Plaza N ) ( Sinclair ),307-362-2171 I-80 Exit 99 ( US 191 - Flaming Gorge ),24 MO,Rock Springs,82901,I-80 Cruel Exit Jack's 104 Travel ( US 191 Plaza N ) ( Sinclair ),307-362-2171,2016,Rock Springs,WY,Sinclair,( US 191 - Flaming Gorge ),I-80 Exit 99 ,Exit,99,False,,False,I-80,,None,,
"Rock Springs , 82901 Flying J Travel Plaza #",14307-362-4231 I-80 Exit 104 0500017,24,Rock Springs,82901,Flying J Travel Plaza #,307-362-4231,2006,Rock Springs,WY,Flying J,,I-80 Exit 104 0500017,Exit,104,False,,False,I-80,,None,,
"Rock Springs , 82901 Flying J Travel Plaza # 0500017",F 4307-362-4231 I-80 Exit 104,M O,Rock Springs,82901,Flying J Travel Plaza # 0500017,307-362-4231,2007,Rock Springs,WY,Flying J,,I-80 Exit 104,Exit,104,False,,False,I-80,,None,,
"Rock Springs , 82901 Flying J Travel Plaza # 0500017",307-362-4231 I-80 Exit 104,24 M 24,Rock Springs,82901,Flying J Travel Plaza # 0500017,307-362-4231,2008,Rock Springs,WY,Flying J,,I-80 Exit 104,Exit,104,False,,False,I-80,,None,,
Rock Springs ( 82901 ) Flying J Travel Plaza # 764 ( Conoco ),307-362-4231 I-80 Exit 104,24 Mo 24,Rock Springs,82901,Flying J Travel Plaza # 764 ( Conoco ),307-362-4231,2014,Rock Springs,WY,Flying J,,I-80 Exit 104,Exit,104,False,,False,I-80,,None,,
F Rock Springs ( 82901 ) Flying J Travel Plaza # 764 ( Conoco ),307-362-4231 I-80 Exit 104,FLYING J 24 M 24 D,Rock Springs,82901,Flying J Travel Plaza # 764 ( Conoco ),307-362-4231,2015,Rock Springs,WY,Flying J,,I-80 Exit 104,Exit,104,False,,False,I-80,,None,,
Rock Springs ( 82901 ) Flying J Travel Plaza # 764 ( Conoco ),307-362-4231 I-80 Exit 104,FLYING 24 24,Rock Springs,82901,Flying J Travel Plaza # 764 ( Conoco ),307-362-4231,2016,Rock Springs,WY,Flying J,,I-80 Exit 104,Exit,104,False,,False,I-80,,None,,
"Little America , 82929 Little America Travel Center ( Sinclair )",307-872-2686 I-80 . Exit 68,XL 24,Little America,82929,Little America Travel Center ( Sinclair ),307-872-2686,2006,Little America,WY,Sinclair,,I-80 . Exit 68,Exit,68,False,,False,I-80,,None,,
"F Little America , 82929 Little America Travel Center ( Sinclair )",307-872-2686 I-80 Exit 68,) 24 XL <U+2610>,Little America,82929,Little America Travel Center ( Sinclair ),307-872-2686,2007,Little America,WY,Sinclair,,I-80 Exit 68,Exit,68,False,,False,I-80,,None,,
"Little America , 82929 Little America Travel Center ( Sinclair )",307-872-2686 I-80 Exit 68,24 HRS XL 24,Little America,82929,Little America Travel Center ( Sinclair ),307-872-2686,2008,Little America,WY,Sinclair,,I-80 Exit 68,Exit,68,False,,False,I-80,,None,,
8 F Little America ( 82929 ) Little America Travel Center ( Sinclair ),4 307-872-2686 I-80 Exit 68,24 XL <U+2610> <U+2610> <U+2610> <U+2610>,Little America,82929,Little America Travel Center ( Sinclair ),307-872-2686,2014,Little America,WY,Sinclair,,I-80 Exit 68,Exit,68,False,,False,I-80,,None,,
Little America ( 82929 ) Little America Travel Center Range ( ) Sinclair ),307-872-2686 I-80 Exit 68 AMBEST,24 223 XL,Little America,82929,Little America Travel Center Range ( ) Sinclair ),307-872-2686,2015,Little America,WY,Sinclair,,I-80 Exit 68 AMBEST,Exit,68,False,,False,I-80,,None,,
Little America ( 82929 ) Little America Travel Center ( Sinclair ),4 307-872-2686 I-80 Exit 68,24 24 HAS,Little America,82929,Little America Travel Center ( Sinclair ),307-872-2686,2016,Little America,WY,Sinclair,,I-80 Exit 68,Exit,68,False,,False,I-80,,None,,
"Evanston , 82930 Pilot Travel Center # 141",307-783-5930 I-80 Exit 6,24 MO,Evanston,82930,Pilot Travel Center # 141,307-783-5930,2006,Evanston,WY,Pilot,,I-80 Exit 6,Exit,6,False,,False,I-80,,None,,
"Evanston , 82930 Pilot Travel Center # 141",307-783-5930 I-80 Exit 6,24 000,Evanston,82930,Pilot Travel Center # 141,307-783-5930,2007,Evanston,WY,Pilot,,I-80 Exit 6,Exit,6,False,,False,I-80,,None,,
"Evanston , 82930 Pilot Travel Center # 141",3 307-783-5930 I-80 Exit 6,HRS 24 M,Evanston,82930,Pilot Travel Center # 141,307-783-5930,2008,Evanston,WY,Pilot,,I-80 Exit 6,Exit,6,False,,False,I-80,,None,,
Evanston ( 82930 ) Pilot Travel Center # 141,307-783-5930 I-80 Exit 6,Pilot 25 MO,Evanston,82930,Pilot Travel Center # 141,307-783-5930,2014,Evanston,WY,Pilot,,I-80 Exit 6,Exit,6,False,,False,I-80,,None,,
G Evanston ( 82930 ) Pilot Travel Center # 141,3 307-783-5930 I-80 Exit 6,Pilot 24 M,Evanston,82930,Pilot Travel Center # 141,307-783-5930,2015,Evanston,WY,Pilot,,I-80 Exit 6,Exit,6,False,,False,I-80,,None,,
Evanston ( 82930 ) Pilot Travel Center # 141,307-783-5930 I-80 Exit 6,Plat 24 M 24 0,Evanston,82930,Pilot Travel Center # 141,307-783-5930,2016,Evanston,WY,Pilot,,I-80 Exit 6,Exit,6,False,,False,I-80,,None,,
"Evanston , 82930 Bonus StarMart - Sinclair Truck Stop",3 307-789-7388 I-80 Exit 6 ( Bear River Dr ),24 MO 000,Evanston,82930,Bonus StarMart - Sinclair Truck Stop,307-789-7388,2006,Evanston,WY,Sinclair,( Bear River Dr ),I-80 Exit 6 ,Exit,6,False,,False,I-80,,None,,
"Evanston , 82930 Bonus StarMart - Sinclair Truck Stop",307-789-7388 I-80 Exit 6 ( Bear River Dr ),TA 24 469 XL 24,Evanston,82930,Bonus StarMart - Sinclair Truck Stop,307-789-7388,2007,Evanston,WY,Sinclair,( Bear River Dr ),I-80 Exit 6 ,Exit,6,False,,False,I-80,,None,,
"Evanston , 82930 Bonus StarMart ( Sinclair )",3 307-789-7388 I-80 Exit 6 ( Bear River Dr ),HBS 24 M <U+2610> <U+2610>,Evanston,82930,Bonus StarMart ( Sinclair ),307-789-7388,2008,Evanston,WY,Sinclair,( Bear River Dr ),I-80 Exit 6 ,Exit,6,False,,False,I-80,,None,,
Evanston ( 82930 ) Sinclair Truck Stop,3 307-789-7388 I-80 Exit 6 ( Bear River Dr ),<U+2610> MO,Evanston,82930,Sinclair Truck Stop,307-789-7388,2014,Evanston,WY,Sinclair,( Bear River Dr ),I-80 Exit 6 ,Exit,6,False,,False,I-80,,None,,
Evanston ( 82930 ) Sinclair Truck Stop,307-789-7388 I-80 Exit 6 ( Bear River Dr ),M D,Evanston,82930,Sinclair Truck Stop,307-789-7388,2015,Evanston,WY,Sinclair,( Bear River Dr ),I-80 Exit 6 ,Exit,6,False,,False,I-80,,None,,
Evanston ( 82930 ) Sinclair Truck Stop,307-789-7388 I-80 Exit 6 ( Bear River Dr ),<U+2610> M <U+25A1> <U+2610><U+2610>,Evanston,82930,Sinclair Truck Stop,307-789-7388,2016,Evanston,WY,Sinclair,( Bear River Dr ),I-80 Exit 6 ,Exit,6,False,,False,I-80,,None,,
"Evanston , 82930 Flying J Travel Plaza # 0500180",307-789-9129 I-80 Exit 3 ( US 30 W ),<U+2610>,Evanston,82930,Flying J Travel Plaza # 0500180,307-789-9129,2006,Evanston,WY,Flying J,( US 30 W ),I-80 Exit 3 ,Exit,3,False,,False,I-80,,None,,
"Evanston , 82930 Flying J Travel Plaza # 0500180",307-789-9129 I-80 Exit 3 ( US 30 W ),24 RS M 24,Evanston,82930,Flying J Travel Plaza # 0500180,307-789-9129,2007,Evanston,WY,Flying J,( US 30 W ),I-80 Exit 3 ,Exit,3,False,,False,I-80,,None,,
"Evanston , 82930 Flying J Travel Plaza # 0500180",3 307-789-9129 I-80 Exit 3 ( US 30 W ),24 M 24,Evanston,82930,Flying J Travel Plaza # 0500180,307-789-9129,2008,Evanston,WY,Flying J,( US 30 W ),I-80 Exit 3 ,Exit,3,False,,False,I-80,,None,,
G Evanston ( 82930 ) Flying J Travel Plaza # 761,3 307-789-9129 I-80 Exit 3 ( US 30 W ),M,Evanston,82930,Flying J Travel Plaza # 761,307-789-9129,2014,Evanston,WY,Flying J,( US 30 W ),I-80 Exit 3 ,Exit,3,False,,False,I-80,,None,,
Evanston ( 82930 ) Flying J Travel ( US Plaza 30 W ) # 761,307-789-9129 I-80 Exit 3 # 141,FLYING M,Evanston,82930,Flying J Travel ( US Plaza 30 W ) # 761,307-789-9129,2015,Evanston,WY,Flying J,,I-80 Exit 3 # 141,Exit,3,False,,False,I-80,,None,,
Evanston ( 82930 ) Flying J Travel Plaza # 761,307-789-9129 I-80 Exit 3 ( US 30 W ),MO,Evanston,82930,Flying J Travel Plaza # 761,307-789-9129,2016,Evanston,WY,Flying J,( US 30 W ),I-80 Exit 3 ,Exit,3,False,,False,I-80,,None,,
"Fort Bridger , 82933 TravelCenters of America ( Tesoro )",307-782-3814 I-80 Exit 30 ( Bigelow Rd ),XL HRS,Fort Bridger,82933,TravelCenters of America ( Tesoro ),307-782-3814,2006,Fort Bridger,WY,TravelCenters,( Bigelow Rd ),I-80 Exit 30 ,Exit,30,False,,False,I-80,,None,,
"Fort Bridger , 82933 TravelCenters of America ( Tesoro",M3307-782-3814 I-80 Exit 30 ( Bigelow Rd ),M,Fort Bridger,82933,TravelCenters of America ( Tesoro,307-782-3814,2007,Fort Bridger,WY,TravelCenters,( Bigelow Rd ),I-80 Exit 30 ,Exit,30,False,,False,I-80,,None,,
"Fort Bridger , 82933 TravelCenters of America ( Tesoro )",3 307-782-3814 I-80 Exit 30 ( Bigelow Rd ) TA,HRS 24 XL 24 mm,Fort Bridger,82933,TravelCenters of America ( Tesoro ),307-782-3814,2008,Fort Bridger,WY,TravelCenters,( Bigelow Rd ) TA,I-80 Exit 30 ,Exit,30,False,,False,I-80,,None,,
G Fort Bridger ( 82933 ) TA Ft . Bridger # 188 ( Shell ),307-782-3814 I-80 Exit 30 ( Bigelow Rd ),A 24 <U+2610> XL,Fort Bridger,82933,TA Ft . Bridger # 188 ( Shell ),307-782-3814,2014,Fort Bridger,WY,Shell,( Bigelow Rd ),I-80 Exit 30 ,Exit,30,False,,False,I-80,,None,,
G Fort Bridger ( 82933 ) TA Ft . Bridger # 188 ( Shell ),307-782-3814 I-80 Exit 30 ( Bigelow Rd ),ZA 24 <U+25A1> XL,Fort Bridger,82933,TA Ft . Bridger # 188 ( Shell ),307-782-3814,2015,Fort Bridger,WY,Shell,( Bigelow Rd ),I-80 Exit 30 ,Exit,30,False,,False,I-80,,None,,
Fort Bridger ( 82933 ) TA Ft . Bridger # 188 ( Shell ),307-782-3814 I-80 Exit 30 ( Bigelow Rd ),24 2000 XL,Fort Bridger,82933,TA Ft . Bridger # 188 ( Shell ),307-782-3814,2016,Fort Bridger,WY,Shell,( Bigelow Rd ),I-80 Exit 30 ,Exit,30,False,,False,I-80,,None,,
"Lyman , 82937 Gas - N - Go # 15",307-786-2264 I-80 Exit 41,M L,Lyman,82937,Gas - N - Go # 15,307-786-2264,2006,Lyman,WY,,,I-80 Exit 41,Exit,41,False,,False,I-80,,None,,
"Lyman , 82937 Gas - N - Go # 15",307-786-2264 I-80 Exit 41,24 HRS,Lyman,82937,Gas - N - Go # 15,307-786-2264,2007,Lyman,WY,,,I-80 Exit 41,Exit,41,False,,False,I-80,,None,,
"Lyman , 82937 Gas - N - Go # 15",3 307-786-2264 I-80 Exit 41,FRS 24 <U+25A1> L <U+2610>,Lyman,82937,Gas - N - Go # 15,307-786-2264,2008,Lyman,WY,,,I-80 Exit 41,Exit,41,False,,False,I-80,,None,,
Lyman ( 82937 ) Gas - N - Go # 15,3 307-786-2264 I-80 Exit 41,24 HIS BL <U+2610>,Lyman,82937,Gas - N - Go # 15,307-786-2264,2014,Lyman,WY,,,I-80 Exit 41,Exit,41,False,,False,I-80,,None,,
Lyman ( 82937 ) Gas - N - Go # 15 ),307-786-2264 I-80 Exit 41,NATSN 24 L <U+2610>,Lyman,82937,Gas - N - Go # 15 ),307-786-2264,2015,Lyman,WY,,,I-80 Exit 41,Exit,41,False,,False,I-80,,None,,
Lyman ( 82937 ) Gas - N - Go # 15,3 307-786-2264 I-80 Exit 41,24 L <U+2610> <U+2610>,Lyman,82937,Gas - N - Go # 15,307-786-2264,2016,Lyman,WY,,,I-80 Exit 41,Exit,41,False,,False,I-80,,None,,
"Jackson , 83001 Shervin's Independent Oil ( Sinclair )",307-733-3793 400 US 89 S,,Jackson,83001,Shervin's Independent Oil ( Sinclair ),307-733-3793,2006,Jackson,WY,Sinclair,,400 US 89 S,Proper,,False,,False,US 89,,None,,
"Jackson , 83001 Shervin's Independent Oil ( Sinclair )",307-733-3793 400 US 89 S,,Jackson,83001,Shervin's Independent Oil ( Sinclair ),307-733-3793,2007,Jackson,WY,Sinclair,,400 US 89 S,Proper,,False,,False,US 89,,None,,
"Jackson , 83001 Shervin's Independent Oil (",3 307-733-3793 400 US 89 S Sinclair ),<U+25A1> <U+25A1>,Jackson,83001,Shervin's Independent Oil (,307-733-3793,2008,Jackson,WY,,,400 US 89 S Sinclair ,Proper,,False,,False,US 89,,None,,
Jackson ( 83001 ) Shervin's Sinclair,3 307-733-3793 400 US 89 S,D D,Jackson,83001,Shervin's Sinclair,307-733-3793,2014,Jackson,WY,Sinclair,,400 US 89 S,Proper,,False,,False,US 89,,None,,
Jackson ( 83001 ) Shervin's Sinclair,307-733-3793 400 US 89 S,D,Jackson,83001,Shervin's Sinclair,307-733-3793,2015,Jackson,WY,Sinclair,,400 US 89 S,Proper,,False,,False,US 89,,None,,
Jackson ( 83001 ) Shervin's Sinclair,13 307-733-3793 400 US 89 S,<U+25A1>,Jackson,83001,Shervin's Sinclair,307-733-3793,2016,Jackson,WY,Sinclair,,400 US 89 S,Proper,,False,,False,US 89,,None,,
"E Cokeville , 83114 Flying J Travel Plaza # 0500022",307-279-3050 10501 US 30 & WY 232,24,Cokeville,83114,Flying J Travel Plaza # 0500022,307-279-3050,2006,Cokeville,WY,Flying J,,10501 US 30 & WY 232,Proper,,False,,False,US 30,WY 232,None,,
"E Cokeville , 83114 Flying J Travel Plaza # 0500022",307-279-3050 10501 US 30 & WY 232,24 481 M,Cokeville,83114,Flying J Travel Plaza # 0500022,307-279-3050,2007,Cokeville,WY,Flying J,,10501 US 30 & WY 232,Proper,,False,,False,US 30,WY 232,None,,
"E Cokeville , 83114 Flying J Travel Plaza # 0500022",3 307-279-3050 10501 US 30 & WY 232,24 38 <U+2610> 24 HRS,Cokeville,83114,Flying J Travel Plaza # 0500022,307-279-3050,2008,Cokeville,WY,Flying J,,10501 US 30 & WY 232,Proper,,False,,False,US 30,WY 232,None,,
Cokeville ( 83114 ) Flying J Travel Plaza # 760,3 307-279-3050 10501 US 30 & WY 232,24 LO <U+2610>,Cokeville,83114,Flying J Travel Plaza # 760,307-279-3050,2014,Cokeville,WY,Flying J,,10501 US 30 & WY 232,Proper,,False,,False,US 30,WY 232,None,,
Cokeville ( 83114 ) Flying J Travel Plaza # 760,307-279-3050 10501 US 30 & WY 232,FLYING J 24 L,Cokeville,83114,Flying J Travel Plaza # 760,307-279-3050,2015,Cokeville,WY,Flying J,,10501 US 30 & WY 232,Proper,,False,,False,US 30,WY 232,None,,
E Cokeville ( 83114 ) Flying J Travel Plaza # 760,307-279-3050 10501 US 30 & WY 232,FLYING J 24 LOO,Cokeville,83114,Flying J Travel Plaza # 760,307-279-3050,2016,Cokeville,WY,Flying J,,10501 US 30 & WY 232,Proper,,False,,False,US 30,WY 232,None,,
"E La Barge , 83123 Dry Creek Station ( Sinclair )",307-386-2202 US 189 ( 2/3 mi N of WY 235 ),,La Barge,83123,Dry Creek Station ( Sinclair ),307-386-2202,2006,La Barge,WY,Sinclair,( 2/3 mi N of WY 235 ),US 189,empty,,False,,False,US 189,,None,,
"Barge , 83123 Dry Creek Station ( Sinclair )",La 307-386-2202 US 189 ( 2/3 mi N of WY 235 ),,Barge,83123,Dry Creek Station ( Sinclair ),307-386-2202,2007,La Barge,WY,Sinclair,( 2/3 mi N of WY 235 ),US 189,empty,,False,,False,US 189,,None,,
"La Barge , 83123 Dry Creek Station ( Sinclair )",3 307-386-2202 US 189 ( 2/3 mi N of WY 235 ),,La Barge,83123,Dry Creek Station ( Sinclair ),307-386-2202,2008,La Barge,WY,Sinclair,( 2/3 mi N of WY 235 ),US 189,empty,,False,,False,US 189,,None,,
La Barge ( 83123 ) Dry Creek Station ( Sinclair ),307-386-2202 US 189 ( 2/3 mi N of WY 235 ),<U+25A1>,La Barge,83123,Dry Creek Station ( Sinclair ),307-386-2202,2014,La Barge,WY,Sinclair,( 2/3 mi N of WY 235 ),US 189,empty,,False,,False,US 189,,None,,
E La Barge ( 83123 ) Dry Creek Station ( Sinclair ),307-386-2202 US 189 ( 2/3 mi N of WY 235 ),<U+2610><U+2610><U+2610>,La Barge,83123,Dry Creek Station ( Sinclair ),307-386-2202,2015,La Barge,WY,Sinclair,( 2/3 mi N of WY 235 ),US 189,empty,,False,,False,US 189,,None,,
La Barge ( 83123 ) Dry Creek Station ( Sinclair ),307-386-2202 US 189 ( 2/3 mi N of WY 235 ),<U+25A1>,La Barge,83123,Dry Creek Station ( Sinclair ),307-386-2202,2016,La Barge,WY,Sinclair,( 2/3 mi N of WY 235 ),US 189,empty,,False,,False,US 189,,None,,
"Alpine , 83128 Nordic Market ( Chevron )",307-654-9982 US 89 & US 26,S,Alpine,83128,Nordic Market ( Chevron ),307-654-9982,2006,Alpine,WY,Chevron,,US 89 & US 26,empty,,False,,False,US 89,US 26,None,,
"Alpine , 83128 Nordic Market ( Chevron )",307-654-9982 US 89 & US 26,M,Alpine,83128,Nordic Market ( Chevron ),307-654-9982,2007,Alpine,WY,Chevron,,US 89 & US 26,empty,,False,,False,US 89,US 26,None,,
"Alpine , 83128 Nordic Market ( Chevron .",3 307-654-9982 US 89 & US 26 ),S <U+2610> D P <U+2610> <U+2610>,Alpine,83128,Nordic Market ( Chevron .,307-654-9982,2008,Alpine,WY,Chevron,,US 89 & US 26 ,empty,,False,,False,US 89,US 26,None,,
Alpine ( 83128 ) Nordic Market ( Chevron ),307-654-9982 US 89 & US 26,<U+2610> S D,Alpine,83128,Nordic Market ( Chevron ),307-654-9982,2014,Alpine,WY,Chevron,,US 89 & US 26,empty,,False,,False,US 89,US 26,None,,
Alpine ( 83128 ) Boardwalk Market ( Chevron ),307-654-9982 US 89 & US 26,S D,Alpine,83128,Boardwalk Market ( Chevron ),307-654-9982,2015,Alpine,WY,Chevron,,US 89 & US 26,empty,,False,,False,US 89,US 26,None,,
Alpine ( 83128 ) Boardwalk Market ( Chevron ),307-654-9982 US 89 & US 26,S D,Alpine,83128,Boardwalk Market ( Chevron ),307-654-9982,2016,Alpine,WY,Chevron,,US 89 & US 26,empty,,False,,False,US 89,US 26,None,,
"Pocatello , 83201 Jet Stop ( Sinclair )",208-234-1641 I-86 Exit 56,24 <U+2610> S 2400,Pocatello,83201,Jet Stop ( Sinclair ),208-234-1641,2006,Pocatello,ID,Sinclair,,I-86 Exit 56,Exit,56,False,,False,I-86,,None,,
"Pocatello , 83201 Jet Stop ( Sinclair )",208-234-1641 I-86 Exit 56,S,Pocatello,83201,Jet Stop ( Sinclair ),208-234-1641,2007,Pocatello,ID,Sinclair,,I-86 Exit 56,Exit,56,False,,False,I-86,,None,,
"Pocatello , 83201 Jet Stop ( Sinclair 1 mi N on US 30 )",6 208-234-1641 I-86 Exit 56 ),S <U+2610>,Pocatello,83201,Jet Stop ( Sinclair 1 mi N on US 30 ),208-234-1641,2008,Pocatello,ID,Sinclair,,I-86 Exit 56 ,Exit,56,False,,False,I-86,,None,,
H Pocatello ( 83201 ) Jet Stop ( Sinclair ),6 208-234-1641 I-86 Exit 56,S,Pocatello,83201,Jet Stop ( Sinclair ),208-234-1641,2014,Pocatello,ID,Sinclair,,I-86 Exit 56,Exit,56,False,,False,I-86,,None,,
H Pocatello ( 83201 ) Jet Stop ( Sinclair ),6 208-234-1641 I-86 Exit 56,SO <U+2610>,Pocatello,83201,Jet Stop ( Sinclair ),208-234-1641,2015,Pocatello,ID,Sinclair,,I-86 Exit 56,Exit,56,False,,False,I-86,,None,,
Pocatello ( 83201 ) Jet Stop ( Sinclair ),208-234-1641 I-86 Exit 56,S D,Pocatello,83201,Jet Stop ( Sinclair ),208-234-1641,2016,Pocatello,ID,Sinclair,,I-86 Exit 56,Exit,56,False,,False,I-86,,None,,
"Pocatello , 83202 Jackson's Food Store # 30 ( Shell )",208-637-0881 I-86 Exit 61,- <U+2610> L <U+2610>,Pocatello,83202,Jackson's Food Store # 30 ( Shell ),208-637-0881,2006,Pocatello,ID,Shell,,I-86 Exit 61,Exit,61,False,,False,I-86,,None,,
"Pocatello , 83202 Jackson's Food Store # 30 ( Shell )",208-637-0881 I-86 Exit 61,S 000,Pocatello,83202,Jackson's Food Store # 30 ( Shell ),208-637-0881,2007,Pocatello,ID,Shell,,I-86 Exit 61,Exit,61,False,,False,I-86,,None,,
"Pocatello , 83202 Jackson's Food Store E on # US 30 )",6 208-637-0881 I-86 Exit 61 30 ( Shell ),HRS 24 22 S <U+2610><U+2610><U+2610><U+2610>,Pocatello,83202,Jackson's Food Store E on # US 30 ),208-637-0881,2008,Pocatello,ID,,( Shell ),I-86 Exit 61 30 ,Exit,61,False,,False,I-86,,None,,
Pocatello ( 83202 ) Jacksons # 030 ( Shell ),6 208-637-0881 I-86 Exit 61 ( US 91 N ),24 S <U+2610>,Pocatello,83202,Jacksons # 030 ( Shell ),208-637-0881,2014,Pocatello,ID,Shell,( US 91 N ),I-86 Exit 61 ,Exit,61,False,,False,I-86,,None,,
H Pocatello ( 83202 ) Jacksons # 030 ( Shell ),6 208-637-0881 I-86 Exit 61 ( US 91 N ),24 SO D,Pocatello,83202,Jacksons # 030 ( Shell ),208-637-0881,2015,Pocatello,ID,Shell,( US 91 N ),I-86 Exit 61 ,Exit,61,False,,False,I-86,,None,,
Pocatello ( 83202 ) Jacksons # 030 ( Shell ),208-637-0881 I-86 Exit 61 ( US 91 N ),24 SO 0,Pocatello,83202,Jacksons # 030 ( Shell ),208-637-0881,2016,Pocatello,ID,Shell,( US 91 N ),I-86 Exit 61 ,Exit,61,False,,False,I-86,,None,,
"Arbon Valley , 83203 Bannock Peak Truck Stop ( Sinclair",5 208-232-9413 I-86 Exit 52 ),S <U+2610> <U+2610>,Arbon Valley,83203,Bannock Peak Truck Stop ( Sinclair,208-232-9413,2006,Fort Hall,ID,Sinclair,,I-86 Exit 52 ,Exit,52,False,,False,I-86,,None,,
"Arbon Valley , 83203 Bannock Peak Truck Stop ( Sinclair )",5 208-232-9413 I-86 Exit 52,S,Arbon Valley,83203,Bannock Peak Truck Stop ( Sinclair ),208-232-9413,2007,Fort Hall,ID,Sinclair,,I-86 Exit 52,Exit,52,False,,False,I-86,,None,,
"Arbon Valley , 83203 Bannock Peak Truck Stop ( Sinclair )",5 208-232-9413 I-86 Exit 52,HIRLS 24 MO,Arbon Valley,83203,Bannock Peak Truck Stop ( Sinclair ),208-232-9413,2008,Fort Hall,ID,Sinclair,,I-86 Exit 52,Exit,52,False,,False,I-86,,None,,
Arbon Valley ( 83203 ) Bannock Peak Truck Stop ( 66 ),5 208-232-9413 I-86 Exit 52,S D,Arbon Valley,83203,Bannock Peak Truck Stop ( 66 ),208-232-9413,2014,Fort Hall,ID,,,I-86 Exit 52,Exit,52,False,,False,I-86,,None,,
Arbon Valley ( 83203 ) Bannock Peak Truck Stop .,5 208-232-9413 I-86 Exit 52 ( 66 ),S TEL D,Arbon Valley,83203,Bannock Peak Truck Stop .,208-232-9413,2015,Fort Hall,ID,,( 66 ),I-86 Exit 52 ,Exit,52,False,,False,I-86,,None,,
Arbon Valley ( 83203 ) Bannock Peak Truck Stop ( 66 ),5 208-232-9413 I-86 Exit 52 L,L S,Arbon Valley,83203,Bannock Peak Truck Stop ( 66 ),208-232-9413,2016,Fort Hall,ID,,,I-86 Exit 52 L,Exit,52,False,,False,I-86,,None,,
"Fort Hall , 83203 TP Truck Stop ( Sinclair",208-237-9064 I-15 Exit 80 ),HRS MO <U+2610>,Fort Hall,83203,TP Truck Stop ( Sinclair,208-237-9064,2006,Fort Hall,ID,Sinclair,,I-15 Exit 80 ,Exit,80,False,,False,I-15,,None,,
"Fort Hall , 83203 TP Truck Stop ( Sinclair )",6 208-237-9064 I-15 Exit 80,24 HRS MO <U+2610>,Fort Hall,83203,TP Truck Stop ( Sinclair ),208-237-9064,2007,Fort Hall,ID,Sinclair,,I-15 Exit 80,Exit,80,False,,False,I-15,,None,,
"Fort Hall , 83203 TP Truck Stop ( Sinclair )",6 208-237-9064 I-15 Exit 80,24 24,Fort Hall,83203,TP Truck Stop ( Sinclair ),208-237-9064,2008,Fort Hall,ID,Sinclair,,I-15 Exit 80,Exit,80,False,,False,I-15,,None,,
Fort Hall ( 83203 ) TP Truck Stop ( 66 ),208-237-9064 I-15 Exit 80,24 M,Fort Hall,83203,TP Truck Stop ( 66 ),208-237-9064,2014,Fort Hall,ID,,,I-15 Exit 80,Exit,80,False,,False,I-15,,None,,
Fort Hall ( 83203 ) TP Truck Stop ( 66 ),6 208-237-9064 I-15 Exit 80,24 MO,Fort Hall,83203,TP Truck Stop ( 66 ),208-237-9064,2015,Fort Hall,ID,,,I-15 Exit 80,Exit,80,False,,False,I-15,,None,,
Fort Hall ( 83203 ) TP Truck Stop ( 66 ),208-237-9064 I-15 Exit 80,24 MO,Fort Hall,83203,TP Truck Stop ( 66 ),208-237-9064,2016,Fort Hall,ID,,,I-15 Exit 80,Exit,80,False,,False,I-15,,None,,
"Blackfoot , 83221 Flying J Fuel Stop # 0011182",208-785-6607 I-15 Exit 93,# HRS -,Blackfoot,83221,Flying J Fuel Stop # 0011182,208-785-6607,2006,Blackfoot,ID,Flying J,,I-15 Exit 93,Exit,93,False,,False,I-15,,None,,
"Blackfoot , 83221 Flying J Fuel Stop # 0101182",6 208-785-6607 I-15 Exit 93,FRS 24 S,Blackfoot,83221,Flying J Fuel Stop # 0101182,208-785-6607,2007,Blackfoot,ID,Flying J,,I-15 Exit 93,Exit,93,False,,False,I-15,,None,,
"Blackfoot , 83221 Flying J Fuel Stop # 0101182",6 208-785-6607 I-15 Exit 93,MOR 24 XL HRS 24,Blackfoot,83221,Flying J Fuel Stop # 0101182,208-785-6607,2008,Blackfoot,ID,Flying J,,I-15 Exit 93,Exit,93,False,,False,I-15,,None,,
Blackfoot ( 83221 ) Stinker Station # 85,6 208-785-6607 I-15 Exit 93,S,Blackfoot,83221,Stinker Station # 85,208-785-6607,2014,Blackfoot,ID,,,I-15 Exit 93,Exit,93,False,,False,I-15,,None,,
Blackfoot ( 83221 ) Stinker Station # 85,6 208-785-6607 I-15 Exit 93,423 24 S D <U+2610>,Blackfoot,83221,Stinker Station # 85,208-785-6607,2015,Blackfoot,ID,,,I-15 Exit 93,Exit,93,False,,False,I-15,,None,,
Blackfoot ( 83221 ) Stinker Station # 85,208-785-6607 I-15 Exit 93,2025 24 S,Blackfoot,83221,Stinker Station # 85,208-785-6607,2016,Blackfoot,ID,,,I-15 Exit 93,Exit,93,False,,False,I-15,,None,,
"Downey , 83234 Flags West Truck Stop (",6 208-897-5238 I-15 Exit 31 Shell ),FRS 24 M 24,Downey,83234,Flags West Truck Stop (,208-897-5238,2006,Downey,ID,,,I-15 Exit 31 Shell ,Exit,31,False,,False,I-15,,None,,
"Downey , 83234 Flags West Truck Stop ( Shell )",208-897-5238 I-15 Exit 31,FRS 24 M,Downey,83234,Flags West Truck Stop ( Shell ),208-897-5238,2007,Downey,ID,Shell,,I-15 Exit 31,Exit,31,False,,False,I-15,,None,,
"Downey , 83234 Flags West Truck Stop ( Shell )",208-897-5238 I-15 Exit 31,<U+2610> <U+25A1> <U+2610>,Downey,83234,Flags West Truck Stop ( Shell ),208-897-5238,2008,Downey,ID,Shell,,I-15 Exit 31,Exit,31,False,,False,I-15,,None,,
Downey ( 83234 ) Flags West Truck Stop ) ( Shell ),208-897-5238 I-15 Exit 31,24 DOMO 24,Downey,83234,Flags West Truck Stop ) ( Shell ),208-897-5238,2014,Downey,ID,Shell,,I-15 Exit 31,Exit,31,False,,False,I-15,,None,,
Downey ( 83234 ) Flags West Truck Stop ( Shell ),6 208-897-5238 I-15 Exit 31,24 MOO 24,Downey,83234,Flags West Truck Stop ( Shell ),208-897-5238,2015,Downey,ID,Shell,,I-15 Exit 31,Exit,31,False,,False,I-15,,None,,
Downey ( 83234 ) Flags West Truck Stop ( Shell ),6 208-897-5238 I-15 Exit 31,24 MO,Downey,83234,Flags West Truck Stop ( Shell ),208-897-5238,2016,Downey,ID,Shell,,I-15 Exit 31,Exit,31,False,,False,I-15,,None,,
"McCammon , 83250 McCammon Chevron",208-254-3630 I-15 Exit 47 (,S <U+2610>,McCammon,83250,McCammon Chevron,208-254-3630,2006,Mccammon,ID,Chevron,(,I-15 Exit 47 ,Exit,47,False,,False,I-15,,None,,
"McCammon , 83250 McCammon Chevron",6 208-254-3630 I-15 Exit 47 ( US 30 E ),M O <U+2610>,McCammon,83250,McCammon Chevron,208-254-3630,2007,Mccammon,ID,Chevron,( US 30 E ),I-15 Exit 47 ,Exit,47,False,,False,I-15,,None,,
"McCammon , 83250 McCammon & ID 55 Chevron",61208-254-3630 I-15 Exit 47 ( US,<U+2610> S,McCammon,83250,McCammon & ID 55 Chevron,208-254-3630,2008,Mccammon,ID,Chevron,( US,I-15 Exit 47 ,Exit,47,False,,False,I-15,,None,,
McCammon ( 83250 ) McCammon Chevron,208-254-3630 I-15 Exit 47 ( US 30 E ),<U+2610> M <U+2610>,McCammon,83250,McCammon Chevron,208-254-3630,2014,Mccammon,ID,Chevron,( US 30 E ),I-15 Exit 47 ,Exit,47,False,,False,I-15,,None,,
McCammon ( 83250 ) McCammon Chevron,6 208-254-3630 I-15 Exit 47 ( US 30 E ),M D,McCammon,83250,McCammon Chevron,208-254-3630,2015,Mccammon,ID,Chevron,( US 30 E ),I-15 Exit 47 ,Exit,47,False,,False,I-15,,None,,
McCammon ( 83250 ) McCammon Chevron,6 208-254-3630 I-15 Exit 47 ( US 30 E ),D M <U+2610> <U+25A1>,McCammon,83250,McCammon Chevron,208-254-3630,2016,Mccammon,ID,Chevron,( US 30 E ),I-15 Exit 47 ,Exit,47,False,,False,I-15,,None,,
"Bliss , 83314 Stinker Station # 74 ( Sinclair )",208-352-4627 I-84 Exit 137/141 ( 401 E beoff,24 MO,Bliss,83314,Stinker Station # 74 ( Sinclair ),208-352-4627,2006,Bliss,ID,Sinclair,( 401 E beoff,I-84 Exit 137/141 ,Exit,137,False,,False,I-84,,141,,
"Bliss , 83314 Stinker Station # 74 ( Sinclair )",208-352-4627 I-84 Exit 137/141 ( 401 E US 30 ),24 489 M,Bliss,83314,Stinker Station # 74 ( Sinclair ),208-352-4627,2007,Bliss,ID,Sinclair,( 401 E US 30 ),I-84 Exit 137/141 ,Exit,137,False,,False,I-84,,141,,
"Bliss , 83314 Stinker Station # 74 ( Sinclair )",208-352-4627 I-84 Exit 137/141 ( 401 E US 30 ),<U+2610>,Bliss,83314,Stinker Station # 74 ( Sinclair ),208-352-4627,2008,Bliss,ID,Sinclair,( 401 E US 30 ),I-84 Exit 137/141 ,Exit,137,False,,False,I-84,,141,,
Bliss ( 83314 ) Stinker Station # 74 ( W Sinclair ) ),3 208-352-4627 I-84 Exit 141 ( 1/2 mi W ),24 M m,Bliss,83314,Stinker Station # 74 ( W Sinclair ) ),208-352-4627,2014,Bliss,ID,Sinclair,( 1/2 mi W ),I-84 Exit 141 ,Exit,141,False,,False,I-84,,None,,
Bliss ( 83314 ) Stinker Station # 74 ( Sinclair ),208-352-4627 I-84 Exit 141 ( 1/2 mi W ),"24 M """,Bliss,83314,Stinker Station # 74 ( Sinclair ),208-352-4627,2015,Bliss,ID,Sinclair,( 1/2 mi W ),I-84 Exit 141 ,Exit,141,False,,False,I-84,,None,,
Bliss ( 83314 ) Stinker Station # 74 ( Sinclair ) ),208-352-4627 I-84 Exit 141 ( 1/2 mi W ),24 m M 3 <U+2610>,Bliss,83314,Stinker Station # 74 ( Sinclair ) ),208-352-4627,2016,Bliss,ID,Sinclair,( 1/2 mi W ),I-84 Exit 141 ,Exit,141,False,,False,I-84,,None,,
"Eden , 83325 Travelers Oasis Truck St ) Plaza",4 208-825-4147 I-84 Exit 182 ( Shell ),HRS 24 XL 44,Eden,83325,Travelers Oasis Truck St ) Plaza,208-825-4147,2006,Eden,ID,,( Shell ),I-84 Exit 182 ,Exit,182,False,,False,I-84,,None,,
"Eden , 83325 Travelers Oasis Truck Plaza ( Shell )",4 208-825-4147 I-84 Exit 182,HRS 24 XL,Eden,83325,Travelers Oasis Truck Plaza ( Shell ),208-825-4147,2007,Eden,ID,Shell,,I-84 Exit 182,Exit,182,False,,False,I-84,,None,,
"Eden , 83325 Travelers Oasis Truck Plaza ( Shell )",4 208-825-4147 I-84 Exit 182,24 HAS M <U+2610><U+2610> <U+2610><U+2610><U+2610>,Eden,83325,Travelers Oasis Truck Plaza ( Shell ),208-825-4147,2008,Eden,ID,Shell,,I-84 Exit 182,Exit,182,False,,False,I-84,,None,,
Eden ( 83325 ) Travelers Oasis Truck Plaza ( Shell ),4 208-825-4147 I-84 Exit 182,24 XL 24,Eden,83325,Travelers Oasis Truck Plaza ( Shell ),208-825-4147,2014,Eden,ID,Shell,,I-84 Exit 182,Exit,182,False,,False,I-84,,None,,
Eden ( 83325 ) Travelers Oasis Truck St Plaza ),208-825-4147 I-84 Exit 182 ( Shell ),<U+25A1> XL 24,Eden,83325,Travelers Oasis Truck St Plaza ),208-825-4147,2015,Eden,ID,,( Shell ),I-84 Exit 182 ,Exit,182,False,,False,I-84,,None,,
Eden ( 83325 ) Travelers Oasis Truck Plaza ( Shell ),4 208-825-4147 I-84 Exit 182,24 <U+25A1> XL 24,Eden,83325,Travelers Oasis Truck Plaza ( Shell ),208-825-4147,2016,Eden,ID,Shell,,I-84 Exit 182,Exit,182,False,,False,I-84,,None,,
"Burley , 83336 Hub Plaza ( 66 )",4 208-679-2122 I-84 Exit 208 ( ID 27 ),485,Burley,83336,Hub Plaza ( 66 ),208-679-2122,2006,Heyburn,ID,,( ID 27 ),I-84 Exit 208 ,Exit,208,False,,False,I-84,,None,,
"Burley , 83336 Hub Plaza ( 66 )",4 208-679-2122 I-84 Exit 208 ( ID 27 ) WOT,24 2,Burley,83336,Hub Plaza ( 66 ),208-679-2122,2007,Heyburn,ID,,( ID 27 ) WOT,I-84 Exit 208 ,Exit,208,False,,False,I-84,,None,,
"Burley , 83336 Hub Plaza ( 66 )",4 208-679-2122 I-84 Exit 208 ( ID 27 ),HGS 24 SO O <U+25A1> <U+25A1>,Burley,83336,Hub Plaza ( 66 ),208-679-2122,2008,Heyburn,ID,,( ID 27 ),I-84 Exit 208 ,Exit,208,False,,False,I-84,,None,,
Heyburn ( 83336 ) Hub Plaza ( 66 ),208-679-2122 I-84 Exit 208 ( ID 27 ),24 M D,Heyburn,83336,Hub Plaza ( 66 ),208-679-2122,2014,Heyburn,ID,,( ID 27 ),I-84 Exit 208 ,Exit,208,False,,False,I-84,,None,,
Heyburn ( 83336 ) Hub Plaza ( 66 ),208-679-2122 I-84 Exit 208 ( ID,24 M <U+2610>,Heyburn,83336,Hub Plaza ( 66 ),208-679-2122,2015,Heyburn,ID,,( ID,I-84 Exit 208 ,Exit,208,False,,False,I-84,,None,,
Heyburn ( 83336 ) Hub Plaza ( 66 ),4 208-679-2122 I-84 Exit 208 ( ID 27 ),24 M <U+2610> 2400,Heyburn,83336,Hub Plaza ( 66 ),208-679-2122,2016,Heyburn,ID,,( ID 27 ),I-84 Exit 208 ,Exit,208,False,,False,I-84,,None,,
"Twin Falls , 83338 Flying J Travel Plaza # 0500116",208-324-3442 I-84 Exit 173 ( US 93 ),<U+2610>,Twin Falls,83338,Flying J Travel Plaza # 0500116,208-324-3442,2006,Jerome,ID,Flying J,( US 93 ),I-84 Exit 173 ,Exit,173,False,,False,I-84,,None,,
"Twin Falls , 83338 Flying J Travel Plaza # 0500116",208-324-3442 I-84 Exit 173 ( US 93 ),XL 47,Twin Falls,83338,Flying J Travel Plaza # 0500116,208-324-3442,2007,Jerome,ID,Flying J,( US 93 ),I-84 Exit 173 ,Exit,173,False,,False,I-84,,None,,
"Twin Falls , 83338 Flying J Travel Plaza # 0500116",4 208-324-3442 I-84 Exit 173 ( US 93 ),HRS 24 XLO 24 HORS,Twin Falls,83338,Flying J Travel Plaza # 0500116,208-324-3442,2008,Jerome,ID,Flying J,( US 93 ),I-84 Exit 173 ,Exit,173,False,,False,I-84,,None,,
Twin Falls ( 83338 ) Flying J Travel Plaza # 640,4 208-324-3442 I-84 Exit 173 ( US 93 ),24 L,Twin Falls,83338,Flying J Travel Plaza # 640,208-324-3442,2014,Jerome,ID,Flying J,( US 93 ),I-84 Exit 173 ,Exit,173,False,,False,I-84,,None,,
Twin Falls ( 83338 ) Flying J Travel Plaza # 640,4 208-324-3442 I-84 Exit 173 ( US 93 ) FLYING,24,Twin Falls,83338,Flying J Travel Plaza # 640,208-324-3442,2015,Jerome,ID,Flying J,( US 93 ) FLYING,I-84 Exit 173 ,Exit,173,False,,False,I-84,,None,,
Twin Falls ( 83338 ) Flying J Travel Plaza # FLYING J,4 208-324-3442 I-84 Exit 173 ( US 93 ),J 24,Twin Falls,83338,Flying J Travel Plaza # FLYING J,208-324-3442,2016,Jerome,ID,Flying J,( US 93 ),I-84 Exit 173 ,Exit,173,False,,False,I-84,,None,,
"Jerome , 83338 Honker's Mini Mart ( Sinclair )",208-324-5877 I-84 Exit 168 ( ),M,Jerome,83338,Honker's Mini Mart ( Sinclair ),208-324-5877,2006,Jerome,ID,Sinclair,( ),I-84 Exit 168 ,Exit,168,False,,False,I-84,,None,,
"Jerome , 83338 Honker's Mini Mart ( Sinclair )",208-324-5877 I-84 Exit 168 ( Hwy 79 ),M,Jerome,83338,Honker's Mini Mart ( Sinclair ),208-324-5877,2007,Jerome,ID,Sinclair,( Hwy 79 ),I-84 Exit 168 ,Exit,168,False,,False,I-84,,None,,
"Jerome , 83338 Honker's Mini Mart ( Sinclair reserved ) .",208-324-5877 I-84 Exit 168 ( Hwy 79 ),<U+2610> <U+2610>,Jerome,83338,Honker's Mini Mart ( Sinclair reserved ) .,208-324-5877,2008,Jerome,ID,Sinclair,( Hwy 79 ),I-84 Exit 168 ,Exit,168,False,,False,I-84,,None,,
Jerome ( 83338 ) Honker's Mini Mart ( Tesoro ),4 208-324-5877 I-84 Exit 168 ( ID 79 N ),<U+2610> MO,Jerome,83338,Honker's Mini Mart ( Tesoro ),208-324-5877,2014,Jerome,ID,Tesoro,( ID 79 N ),I-84 Exit 168 ,Exit,168,False,,False,I-84,,None,,
Jerome ( 83338 ) Honker's Mini Mart ( Tesoro ),208-324-5877 I-84 Exit 168 ( ID 79 N ),<U+2610> MOO,Jerome,83338,Honker's Mini Mart ( Tesoro ),208-324-5877,2015,Jerome,ID,Tesoro,( ID 79 N ),I-84 Exit 168 ,Exit,168,False,,False,I-84,,None,,
Jerome ( 83338 ) Honker's Mini Mart ( Tesoro ),4 208-324-5877 I-84 Exit 168 ( ID 79 N ),<U+2610> MO,Jerome,83338,Honker's Mini Mart ( Tesoro ),208-324-5877,2016,Jerome,ID,Tesoro,( ID 79 N ),I-84 Exit 168 ,Exit,168,False,,False,I-84,,None,,
"Wendell , 83355 Wendell Gas & Oil ( Sinclair )",208-536-2452 I-84 Exit 157,"S "" <U+2610>",Wendell,83355,Wendell Gas & Oil ( Sinclair ),208-536-2452,2006,Wendell,ID,Sinclair,,I-84 Exit 157,Exit,157,False,,False,I-84,,None,,
"Wendell , 83355 Wendell Gas & Oil ( Sinclair )",208-536-2452 I-84 Exit 157,<U+25A1>,Wendell,83355,Wendell Gas & Oil ( Sinclair ),208-536-2452,2007,Wendell,ID,Sinclair,,I-84 Exit 157,Exit,157,False,,False,I-84,,None,,
"Wendell , 83355 Wendell Gas & Oil ( Sinclair )",3 208-536-2452 I-84 Exit 157 ),<U+2610> S 00,Wendell,83355,Wendell Gas & Oil ( Sinclair ),208-536-2452,2008,Wendell,ID,Sinclair,,I-84 Exit 157 ,Exit,157,False,,False,I-84,,None,,
Wendell ( 83355 ) Valley Country Store ( 66 ),208-536-2452 I-84 Exit 157 ( E on S Frontage ),Su <U+25A1>,Wendell,83355,Valley Country Store ( 66 ),208-536-2452,2014,Wendell,ID,,( E on S Frontage ),I-84 Exit 157 ,Exit,157,False,,False,I-84,,None,,
Wendell ( 83355 ) Valley Country Store ( 66 ),3 / 208-536-2452 I-84 Exit 157 ( E on S Frontage ),<U+2610><U+2610> S D,Wendell,83355,Valley Country Store ( 66 ),208-536-2452,2015,Wendell,ID,,( E on S Frontage ),I-84 Exit 157 ,Exit,157,False,,False,I-84,,None,,
Wendell ( 83355 ) Valley Country Store (,208-536-2452 I-84 Exit 157 ( E on S Frontage ),<U+2610><U+2610> S <U+2610> 0 <U+2610>,Wendell,83355,Valley Country Store (,208-536-2452,2016,Wendell,ID,,( E on S Frontage ),I-84 Exit 157 ,Exit,157,False,,False,I-84,,None,,
"Idaho Falls , 83401 KJ's Travel Center",208-524-3012 US 20 ( Exxon ),465,Idaho Falls,83401,KJ's Travel Center,208-524-3012,2006,Idaho Falls,ID,,( Exxon ),US 20,empty,,False,,False,US 20,,None,,
"Idaho Falls , 83401 KJ's Travel Center ( Exxon )",208-524-3012 US 20 Exit 310 ( US 20 Bus S ),HRS 24 L,Idaho Falls,83401,KJ's Travel Center ( Exxon ),208-524-3012,2007,Idaho Falls,ID,Exxon,( US 20 Bus S ),US 20 Exit 310 ,Exit,310,False,,False,US 20,,None,,
"Idaho Falls , 83401 KJ's Travel Center ( Exxon )",6 / 208-524-3012 US 20 Exit 310 ( US 20 Bus S ),,Idaho Falls,83401,KJ's Travel Center ( Exxon ),208-524-3012,2008,Idaho Falls,ID,Exxon,( US 20 Bus S ),US 20 Exit 310 ,Exit,310,False,,False,US 20,,None,,
Idaho Falls ( 83401 ) KJ's Travel Center ( Exxon ),6 208-524-3012 US 20 Exit 310 ( US 20 Bus S ),LOO,Idaho Falls,83401,KJ's Travel Center ( Exxon ),208-524-3012,2014,Idaho Falls,ID,Exxon,( US 20 Bus S ),US 20 Exit 310 ,Exit,310,False,,False,US 20,,None,,
Idaho Falls ( 83401 ) KJ's Travel Center ( Exxon ),6 208-524-3012 US 20 Exit 310 ( US 20 Bus S ),24 LO /,Idaho Falls,83401,KJ's Travel Center ( Exxon ),208-524-3012,2015,Idaho Falls,ID,Exxon,( US 20 Bus S ),US 20 Exit 310 ,Exit,310,False,,False,US 20,,None,,
Idaho Falls ( 83401 ) KJ's Travel Center ( Exxon ),6 208-524-3012 US 20 Exit 310 ( US 20 Bus S ),24 <U+2610> <U+2610> <U+2610> <U+2610>,Idaho Falls,83401,KJ's Travel Center ( Exxon ),208-524-3012,2016,Idaho Falls,ID,Exxon,( US 20 Bus S ),US 20 Exit 310 ,Exit,310,False,,False,US 20,,None,,
"Idaho Falls , 83402 KJ's ( 66 )",208-523-1092 I-15 Exit 118 (,48 MOD,Idaho Falls,83402,KJ's ( 66 ),208-523-1092,2006,Idaho Falls,ID,,(,I-15 Exit 118 ,Exit,118,False,,False,I-15,,None,,
"Idaho Falls , 83402 KJ's ( 66 )",6 208-523-1092 I-15 Exit 118 ( Broadway ),HRS 24 000,Idaho Falls,83402,KJ's ( 66 ),208-523-1092,2007,Idaho Falls,ID,,( Broadway ),I-15 Exit 118 ,Exit,118,False,,False,I-15,,None,,
"Idaho Falls , 83402 KJ's ( 66 )",6 208-523-1092 I-15 Exit 118 ( Broadway ),,Idaho Falls,83402,KJ's ( 66 ),208-523-1092,2008,Idaho Falls,ID,,( Broadway ),I-15 Exit 118 ,Exit,118,False,,False,I-15,,None,,
Idaho Falls ( 83402 ) KJ's ( 66 ),6 208-523-1092 I-15 Exit 118 ( Broadway ),24 D M = D <U+25A1>,Idaho Falls,83402,KJ's ( 66 ),208-523-1092,2014,Idaho Falls,ID,,( Broadway ),I-15 Exit 118 ,Exit,118,False,,False,I-15,,None,,
Idaho Falls ( 83402 ) KJ's ( 66 ) ( US 26 E ),6 208-523-1092 I-15 Exit 118 (,24 M <U+2610> <U+25A1> D,Idaho Falls,83402,KJ's ( 66 ) ( US 26 E ),208-523-1092,2015,Idaho Falls,ID,,(,I-15 Exit 118 ,Exit,118,False,,False,I-15,,None,,
Idaho Falls ( 83402 ) KJ's ( 66 ),208-523-1092 I-15 Exit 118 ( Broadway ),24 M <U+25A1>,Idaho Falls,83402,KJ's ( 66 ),208-523-1092,2016,Idaho Falls,ID,,( Broadway ),I-15 Exit 118 ,Exit,118,False,,False,I-15,,None,,
"Idaho Falls , 83402 Gas ' N Grub ( Sinclair )",208-529-3686 I-15 Exit 119 ),SOOD D,Idaho Falls,83402,Gas ' N Grub ( Sinclair ),208-529-3686,2006,Idaho Falls,ID,Sinclair,,I-15 Exit 119 ,Exit,119,False,,False,I-15,,None,,
"Hildaho Falls , 83402 Gas ' N Grub ( Sinclair )",208-529-3686 I-15 Exit 119,S 000,Hildaho Falls,83402,Gas ' N Grub ( Sinclair ),208-529-3686,2007,Idaho Falls,ID,Sinclair,,I-15 Exit 119,Exit,119,False,,False,I-15,,None,,
"Idaho Falls , 83402 Gas ' N Grub ( Sinclair )",6 208-529-3686 I-15 Exit 119,,Idaho Falls,83402,Gas ' N Grub ( Sinclair ),208-529-3686,2008,Idaho Falls,ID,Sinclair,,I-15 Exit 119,Exit,119,False,,False,I-15,,None,,
Idaho Falls ( 83402 ) Gas ' N Grub ( Sinclair ),208-529-3686 I-15 Exit 119,<U+25A1> SO <U+25A1> <U+25A1>,Idaho Falls,83402,Gas ' N Grub ( Sinclair ),208-529-3686,2014,Idaho Falls,ID,Sinclair,,I-15 Exit 119,Exit,119,False,,False,I-15,,None,,
Idaho Falls ( 83402 ) Gas Exit ' N Grub 118 ( ( Broadway Sinclair ) ),208-529-3686 I-15 Exit 119,SO <U+2610> <U+25A1> <U+25A1> D,Idaho Falls,83402,Gas Exit ' N Grub 118 ( ( Broadway Sinclair ) ),208-529-3686,2015,Idaho Falls,ID,Sinclair,,I-15 Exit 119,Exit,119,False,,False,I-15,,None,,
Idaho Falls ( 83402 ) Gas ' N Grub ( Sinclair ),6 208-529-3686 I-15 Exit 119,<U+2610> S <U+25A1> <U+25A1> <U+25A1>,Idaho Falls,83402,Gas ' N Grub ( Sinclair ),208-529-3686,2016,Idaho Falls,ID,Sinclair,,I-15 Exit 119,Exit,119,False,,False,I-15,,None,,
"Dubois , 83423 Clark County True Value 22 )",208-374-5381 I-15 Exit 167 ( ( 66 ),M,Dubois,83423,Clark County True Value 22 ),208-374-5381,2006,Dubois,ID,,( ( 66 ),I-15 Exit 167 ,Exit,167,False,,False,I-15,,None,,
"Dubois , 83423 Clark County True Value ( 66 )",6 208-374-5381 I-15 Exit 167 ( Main St ),M,Dubois,83423,Clark County True Value ( 66 ),208-374-5381,2007,Dubois,ID,,( Main St ),I-15 Exit 167 ,Exit,167,False,,False,I-15,,None,,
"Dubois , 83423 Ike's 66",61208-374-5381 I-15 Exit 167 ( Main St ),24 S DO,Dubois,83423,Ike's 66,208-374-5381,2008,Dubois,ID,,( Main St ),I-15 Exit 167 ,Exit,167,False,,False,I-15,,None,,
G Dubois ( 83423 ) Ike's 66,208-374-5381 I-15 Exit 167 ( Main St ),<U+2610> M <U+2610>,Dubois,83423,Ike's 66,208-374-5381,2014,Dubois,ID,,( Main St ),I-15 Exit 167 ,Exit,167,False,,False,I-15,,None,,
Dubois ( 83423 ) Ike's 66,208-374-5381 I-15 Exit 167 ( Main ),<U+25A1> M 11 <U+2610>,Dubois,83423,Ike's 66,208-374-5381,2015,Dubois,ID,,( Main ),I-15 Exit 167 ,Exit,167,False,,False,I-15,,None,,
Dubois ( 83423 ) Ike's 66,208-374-5381 I-15 Exit 167 ( Main St ),<U+2610> M <U+25A1>,Dubois,83423,Ike's 66,208-374-5381,2016,Dubois,ID,,( Main St ),I-15 Exit 167 ,Exit,167,False,,False,I-15,,None,,
"Roberts , 83444 Teton Truck Stop ( Tesoro )",208-228-6011 I-15 Exit 135,,Roberts,83444,Teton Truck Stop ( Tesoro ),208-228-6011,2006,Roberts,ID,Tesoro,,I-15 Exit 135,Exit,135,False,,False,I-15,,None,,
"Roberts , 83444 Teton Truck Stop ( Tesoro )",208-228-6011 I-15 Exit 135,S = O,Roberts,83444,Teton Truck Stop ( Tesoro ),208-228-6011,2007,Roberts,ID,Tesoro,,I-15 Exit 135,Exit,135,False,,False,I-15,,None,,
"Roberts , 83444 Teton Truck Stop View Rd N )",6 208-228-6011 I-15 Exit 135 ( Tesoro ),S <U+25A1> <U+2610>,Roberts,83444,Teton Truck Stop View Rd N ),208-228-6011,2008,Roberts,ID,,( Tesoro ),I-15 Exit 135 ,Exit,135,False,,False,I-15,,None,,
G Roberts ( 83444 ) Teton Truck Stop ( Exxon ),6 208-228-6011 I-15 Exit 135,<U+2610> <U+2610> S <U+2610> <U+2610>,Roberts,83444,Teton Truck Stop ( Exxon ),208-228-6011,2014,Roberts,ID,Exxon,,I-15 Exit 135,Exit,135,False,,False,I-15,,None,,
G Roberts ( 83444 ) Teton Truck Stop ( Exxon ),6 208-228-6011 I-15 Exit 135,S <U+25A1>,Roberts,83444,Teton Truck Stop ( Exxon ),208-228-6011,2015,Roberts,ID,Exxon,,I-15 Exit 135,Exit,135,False,,False,I-15,,None,,
Roberts ( 83444 ) Teton Truck Stop ( Exxon ),6 208-228-6011 I-15 Exit 135,<U+2610><U+2610> S <U+2610> <U+25A1>,Roberts,83444,Teton Truck Stop ( Exxon ),208-228-6011,2016,Roberts,ID,Exxon,,I-15 Exit 135,Exit,135,False,,False,I-15,,None,,
"Salmon , 83467 Salmon Oil - Semi Stop ( Sinclair )",208-756-2818 US 93 ( S of ID 28 Jct ),000,Salmon,83467,Salmon Oil - Semi Stop ( Sinclair ),208-756-2818,2006,Salmon,ID,Sinclair,( S of ID 28 Jct ),US 93,empty,,False,,False,US 93,,None,,
"F Salmon , 83467 Salmon Oil - Semi Stop ( Sinclair )",208-756-2818 US 93 ( S of ID 28 Jct ),S,Salmon,83467,Salmon Oil - Semi Stop ( Sinclair ),208-756-2818,2007,Salmon,ID,Sinclair,( S of ID 28 Jct ),US 93,empty,,False,,False,US 93,,None,,
"F Salmon , 83467 Salmon Oil - Semi Stop ID 3 ) ( Sinclair",4 208-756-2818 US 93 ( S of ID 28 Jct ) ),S <U+2610> 00 <U+25A1>,Salmon,83467,Salmon Oil - Semi Stop ID 3 ) ( Sinclair,208-756-2818,2008,Salmon,ID,Sinclair,( S of ID 28 Jct ) ),US 93,empty,,False,,False,US 93,,None,,
Salmon ( 83467 ) Semi Stop ( Sinclair ),4 208-756-2818 US 93 ( 1/4 mi S of ID 28 ),S [ ] F D,Salmon,83467,Semi Stop ( Sinclair ),208-756-2818,2014,Salmon,ID,Sinclair,( 1/4 mi S of ID 28 ),US 93,empty,,False,,False,US 93,,None,,
F Salmon ( 83467 ) Semi Stop ( Sinclair ),4 208-756-2818 US 93 ( 1/4 mi S of ID 28 ),S D D,Salmon,83467,Semi Stop ( Sinclair ),208-756-2818,2015,Salmon,ID,Sinclair,( 1/4 mi S of ID 28 ),US 93,empty,,False,,False,US 93,,None,,
F Salmon ( 83467 ) Valley Wide Fuel ( Sinclair ),4 208-756-2818 US 93 ( 1/4 mi S of ID 28 ),<U+2610> <U+2610> S <U+2610> <U+25A1>,Salmon,83467,Valley Wide Fuel ( Sinclair ),208-756-2818,2016,Salmon,ID,Sinclair,( 1/4 mi S of ID 28 ),US 93,empty,,False,,False,US 93,,None,,
"Lewiston ( N ) , 83501 North Lewiston 95 Dynamart",208-743-5931 US 12-95 & Hwy ( Shell ),N ) 24 MO,Lewiston,83501,North Lewiston 95 Dynamart,208-743-5931,2006,Lewiston,ID,,( Shell ),US 12-95 & Hwy,empty,,False,,False,US 12,Hwy,None,,
"Lewiston ( N ) , 83501 North Lewiston Dynamart ( Shell )",208-743-5931 US 12-95 & Hwy 128 ( 2 blks W to 6th N ),N ) 24 S MO 000,Lewiston,83501,North Lewiston Dynamart ( Shell ),208-743-5931,2007,Lewiston,ID,Shell,( 2 blks W to 6th N ),US 12-95 & Hwy 128,empty,,False,,False,US 12,Hwy 128,None,,
"Lewiston ( North ) , 83501 North Lewiston",208-743-5931 US 12-95 & Dynamart ( Shell ),N ) HORS 24 MO <U+2610><U+2610>,Lewiston,83501,North Lewiston,208-743-5931,2008,Lewiston,ID,,( Shell ),US 12-95 & Dynamart,empty,,False,,False,US 12,Dynamart,None,,
D Lewiston ( North ) ( 83501 ) North Lewiston Dynamart,208-743-5931 US 12-95 & Hwy 128 ( 2 blks W to 6th N ),N ) 24 <U+25A1> SO,Lewiston,83501,North Lewiston Dynamart,208-743-5931,2014,Lewiston,ID,,( 2 blks W to 6th N ),US 12-95 & Hwy 128,empty,,False,,False,US 12,Hwy 128,None,,
D Lewiston ( North ) ( 83501 ) North Lewiston Dynamart,208-743-5931 US 12-95 & Hwy 128 ( 2 blks W to 6th N ),N ) 24 24 <U+2610> S,Lewiston,83501,North Lewiston Dynamart,208-743-5931,2015,Lewiston,ID,,( 2 blks W to 6th N ),US 12-95 & Hwy 128,empty,,False,,False,US 12,Hwy 128,None,,
Lewiston ( North ) ( 83501 ) North Lewiston Dynamart,208-743-5931 US 12-95 & Hwy 128 ( 2 blks W to 6th N ),N ) 24 <U+2610> SO,Lewiston,83501,North Lewiston Dynamart,208-743-5931,2016,Lewiston,ID,,( 2 blks W to 6th N ),US 12-95 & Hwy 128,empty,,False,,False,US 12,Hwy 128,None,,
"D Lewiston , 83501 Flying J Fuel Stop # 79 0011385 )",208-746-3234 US 12 & US 95,<U+25A1>,Lewiston,83501,Flying J Fuel Stop # 79 0011385 ),208-746-3234,2006,Lewiston,ID,Flying J,,US 12 & US 95,empty,,False,,False,US 12,US 95,None,,
"D Lewiston , 83501 Flying J Fuel Stop # 0101385",208-746-3234 US 12 & US 95,FRS 24 M,Lewiston,83501,Flying J Fuel Stop # 0101385,208-746-3234,2007,Lewiston,ID,Flying J,,US 12 & US 95,empty,,False,,False,US 12,US 95,None,,
"Lewiston ( North ) , 83501 Flying J Fuel Stop # 79 0101385 )",208-746-3234 3110 US 12-95 N,W,Lewiston,83501,Flying J Fuel Stop # 79 0101385 ),208-746-3234,2008,Lewiston,ID,Flying J,,3110 US 12-95 N,Proper,,False,,False,US 12-95,,None,,
D Lewiston ( North ) ( 83501 ) Stinker Station # 42 ( Sinclair ),208-746-3234 3110 US 12-95 N,24 M,Lewiston,83501,Stinker Station # 42 ( Sinclair ),208-746-3234,2014,Lewiston,ID,Sinclair,,3110 US 12-95 N,Proper,,False,,False,US 12-95,,None,,
D Lewiston ( North ) ( 83501 ) Stinker Station # 42 ( Sinclair ),208-746-3234 3110 US 12-95 N,24 M <U+2610>,Lewiston,83501,Stinker Station # 42 ( Sinclair ),208-746-3234,2015,Lewiston,ID,Sinclair,,3110 US 12-95 N,Proper,,False,,False,US 12-95,,None,,
Lewiston ( North ) ( 83501 ) Stinker Station # 42 ( Sinclair ),208-746-3234 3110 US 12-95 N,24 M <U+2610> 24,Lewiston,83501,Stinker Station # 42 ( Sinclair ),208-746-3234,2016,Lewiston,ID,Sinclair,,3110 US 12-95 N,Proper,,False,,False,US 12-95,,None,,
"Orofino , 83544 Sunset # 11 ( Exxon )","208-476-3880 US 12 ( 3 mi W of bridge , South side )",S,Orofino,83544,Sunset # 11 ( Exxon ),208-476-3880,2006,Orofino,ID,Exxon,"( 3 mi W of bridge , South side )",US 12,empty,,False,,False,US 12,,None,,
"Orofino , 83544 Sunset # 11 ( Exxon )","208-476-3880 US 12 ( 3 mi W of bridge , South side )",<U+2610> <U+2610>,Orofino,83544,Sunset # 11 ( Exxon ),208-476-3880,2007,Orofino,ID,Exxon,"( 3 mi W of bridge , South side )",US 12,empty,,False,,False,US 12,,None,,
"Orofino , 83544 Sunset # 36 11 ( ( Franklin Blvd )",2 208-476-3880 US 12 ( 3 mi W Exxon ),,Orofino,83544,Sunset # 36 11 ( ( Franklin Blvd ),208-476-3880,2008,Orofino,ID,,( 3 mi W Exxon ),US 12,empty,,False,,False,US 12,,None,,
Orofino ( 83544 ) Dino's ( Exxon ),"2 208-476-3880 US 12 ( 3 mi W of bridge , South side )",<U+2610><U+2610> [,Orofino,83544,Dino's ( Exxon ),208-476-3880,2014,Orofino,ID,Exxon,"( 3 mi W of bridge , South side )",US 12,empty,,False,,False,US 12,,None,,
Orofino ( 83544 ) Dino's ( Exxon ),"2 208-476-3880 US 12 ( 3 mi W of bridge , South side )",<U+2610> <U+2610> <U+2610>,Orofino,83544,Dino's ( Exxon ),208-476-3880,2015,Orofino,ID,Exxon,"( 3 mi W of bridge , South side )",US 12,empty,,False,,False,US 12,,None,,
Orofino ( 83544 ) Dino's ( Exxon ),"2 208-476-3880 US 12 ( 3 mi W of bridge , South side )",<U+2610> <U+2610> <U+2610>,Orofino,83544,Dino's ( Exxon ),208-476-3880,2016,Orofino,ID,Exxon,"( 3 mi W of bridge , South side )",US 12,empty,,False,,False,US 12,,None,,
"Caldwell , 83605 Flying J Travel Plaza # 0500002",2 208-453-9225 I-84 Exit 29 ( US 20 ),24 HRS,Caldwell,83605,Flying J Travel Plaza # 0500002,208-453-9225,2006,Caldwell,ID,Flying J,( US 20 ),I-84 Exit 29 ,Exit,29,False,,False,I-84,,None,,
"Caldwell , 83605 Flying J Travel Plaza # 0500002",208-453-9225 I-84 Exit 29 ( US 20 ),FRS L HRS,Caldwell,83605,Flying J Travel Plaza # 0500002,208-453-9225,2007,Caldwell,ID,Flying J,( US 20 ),I-84 Exit 29 ,Exit,29,False,,False,I-84,,None,,
"Caldwell , 83605 Flying J Travel Plaza # 0500002",2 208-453-9225 I-84 Exit 29 ( US 20 ),S <U+2610> <U+2610>,Caldwell,83605,Flying J Travel Plaza # 0500002,208-453-9225,2008,Caldwell,ID,Flying J,( US 20 ),I-84 Exit 29 ,Exit,29,False,,False,I-84,,None,,
H Caldwell ( 83605 ) Flying J Travel Plaza # 638 ),208-453-9225 I-84 Exit 29 ( US 20 ),24 24,Caldwell,83605,Flying J Travel Plaza # 638 ),208-453-9225,2014,Caldwell,ID,Flying J,( US 20 ),I-84 Exit 29 ,Exit,29,False,,False,I-84,,None,,
H Caldwell ( 83605 ) Flying J Travel Plaza # 638 ),208-453-9225 I-84 Exit 29 ( US 20 ) FLYING J,FLYING J 24 L 24,Caldwell,83605,Flying J Travel Plaza # 638 ),208-453-9225,2015,Caldwell,ID,Flying J,( US 20 ) FLYING J,I-84 Exit 29 ,Exit,29,False,,False,I-84,,None,,
H Caldwell ( 83605 ) Flying J Travel Plaza # 638,208-453-9225 I-84 Exit 29 ( US 20 ),FLYINGJ4 LO 24,Caldwell,83605,Flying J Travel Plaza # 638,208-453-9225,2016,Caldwell,ID,Flying J,( US 20 ),I-84 Exit 29 ,Exit,29,False,,False,I-84,,None,,
"Caldwell , 83605 Sage Travel Plaza ( ) Sinclair )",2 208-454-2084 I-84 Exit 29 ( US ),FRS L,Caldwell,83605,Sage Travel Plaza ( ) Sinclair ),208-454-2084,2006,Caldwell,ID,Sinclair,( US ),I-84 Exit 29 ,Exit,29,False,,False,I-84,,None,,
"Caldwell , 83605 Sage Travel Plaza ( Sinclair )",208-454-2084 I-84 Exit 29 ( US 20-26 ),24 480 L 00,Caldwell,83605,Sage Travel Plaza ( Sinclair ),208-454-2084,2007,Caldwell,ID,Sinclair,( US 20-26 ),I-84 Exit 29 ,Exit,29,False,,False,I-84,,None,,
"Caldwell , 83605 Sage Travel Plaza ( Sinclair )",2 208-454-2084 I-84 Exit 29 ( US 20-26 ),24 24,Caldwell,83605,Sage Travel Plaza ( Sinclair ),208-454-2084,2008,Caldwell,ID,Sinclair,( US 20-26 ),I-84 Exit 29 ,Exit,29,False,,False,I-84,,None,,
H Caldwell ( 83605 ) Sage Travel Plaza ( Sinclair ),2 208-454-2084 I-84 Exit 29 ( US 20-26 ),24 L,Caldwell,83605,Sage Travel Plaza ( Sinclair ),208-454-2084,2014,Caldwell,ID,Sinclair,( US 20-26 ),I-84 Exit 29 ,Exit,29,False,,False,I-84,,None,,
H Caldwell ( 83605 ) Sage Travel Plaza ( Sinclair ),208-454-2084 I-84 Exit 29 ( US 20-26 ),24 L <U+2610>,Caldwell,83605,Sage Travel Plaza ( Sinclair ),208-454-2084,2015,Caldwell,ID,Sinclair,( US 20-26 ),I-84 Exit 29 ,Exit,29,False,,False,I-84,,None,,
H Caldwell ( 83605 ) Sage Travel Plaza 20 ( Sinclair ) ),2 208-454-2084 I-84 Exit 29 ( US 20-26 ),24 L <U+2610> <U+2610><U+2610>,Caldwell,83605,Sage Travel Plaza 20 ( Sinclair ) ),208-454-2084,2016,Caldwell,ID,Sinclair,( US 20-26 ),I-84 Exit 29 ,Exit,29,False,,False,I-84,,None,,
"Black Canyon , 83607 Stinker Station # 45 ( Sinclair",208-454-9179 I-84 Exit 13 ),S,Black Canyon,83607,Stinker Station # 45 ( Sinclair,208-454-9179,2006,Caldwell,ID,Sinclair,,I-84 Exit 13 ,Exit,13,False,,False,I-84,,None,,
"Black Canyon , 83607 Stinker Station # 45 ( Sinclair )",2 208-454-9179 I-84 Exit 13,HRS 24 M,Black Canyon,83607,Stinker Station # 45 ( Sinclair ),208-454-9179,2007,Caldwell,ID,Sinclair,,I-84 Exit 13,Exit,13,False,,False,I-84,,None,,
"Black Canyon , 83607 Stinker Station # 45 ( Sinclair )",2 208-454-9179 I-84 Exit 13,HS 24 LO 24,Black Canyon,83607,Stinker Station # 45 ( Sinclair ),208-454-9179,2008,Caldwell,ID,Sinclair,,I-84 Exit 13,Exit,13,False,,False,I-84,,None,,
H Black Canyon ( 83607 ) Stinker Station # 45 ( Sinclair ),208-454-9179 I-84 Exit 13,24 M <U+25A1>,Black Canyon,83607,Stinker Station # 45 ( Sinclair ),208-454-9179,2014,Caldwell,ID,Sinclair,,I-84 Exit 13,Exit,13,False,,False,I-84,,None,,
Black Canyon ( 83607 ) Stinker Station # 45 ( 1/2 ( Sinclair mi SE of US 93 ),208-454-9179 I-84 Exit 13 ),24 M M B,Black Canyon,83607,Stinker Station # 45 ( 1/2 ( Sinclair mi SE of US 93 ),208-454-9179,2015,Caldwell,ID,Sinclair,,I-84 Exit 13 ,Exit,13,False,,False,I-84,,None,,
Black Canyon ( 83607 ) Stinker Station # 45 ( Sinclair ) 93 ),208-454-9179 I-84 Exit 13,24 M <U+2610>,Black Canyon,83607,Stinker Station # 45 ( Sinclair ) 93 ),208-454-9179,2016,Caldwell,ID,Sinclair,,I-84 Exit 13,Exit,13,False,,False,I-84,,None,,
"F Council , 83612 Shell Fuel & Food",208-253-0093 US 95 S,S,Council,83612,Shell Fuel & Food,208-253-0093,2006,Council,ID,Shell,,US 95 S,empty,,False,,False,US 95,,None,,
"F Council , 83612 Shell Fuel & Food",208-253-0093 US 95 S,S 0,Council,83612,Shell Fuel & Food,208-253-0093,2007,Council,ID,Shell,,US 95 S,empty,,False,,False,US 95,,None,,
"Council , 83612 Shell Fuel & Food",208-253-0093 US 95 S,24 M <U+2610>,Council,83612,Shell Fuel & Food,208-253-0093,2008,Council,ID,Shell,,US 95 S,empty,,False,,False,US 95,,None,,
F Council ( 83612 ) Food & Fuel ( Shell ),2 208-253-0093 US 95 S,<U+2610> SO,Council,83612,Food & Fuel ( Shell ),208-253-0093,2014,Council,ID,Shell,,US 95 S,empty,,False,,False,US 95,,None,,
Council ( 83612 ) Food & Fuel ( Shell ),208-253-0093 US 95 S,<U+25A1> S,Council,83612,Food & Fuel ( Shell ),208-253-0093,2015,Council,ID,Shell,,US 95 S,empty,,False,,False,US 95,,None,,
Council ( 83612 ) Food & Fuel ( Shell ),2 208-253-0093 US 95 S,S,Council,83612,Food & Fuel ( Shell ),208-253-0093,2016,Council,ID,Shell,,US 95 S,empty,,False,,False,US 95,,None,,
"Marsing , 83639 ION Truck Plaza ( Chevron",208-896-4141 US 95 & ID 55 ),S,Marsing,83639,ION Truck Plaza ( Chevron,208-896-4141,2006,Marsing,ID,Chevron,,US 95 & ID 55 ,empty,,False,,False,US 95,ID 55,None,,
"Marsing , 83639 ION Truck Plaza ( Chevron )",208-896-4141 US 95 & ID 55,HRS 24 M,Marsing,83639,ION Truck Plaza ( Chevron ),208-896-4141,2007,Marsing,ID,Chevron,,US 95 & ID 55,empty,,False,,False,US 95,ID 55,None,,
"Marsing , 83639 ION Exit Truck 245 Plaza (",208-896-4141 US 95 & ID 55 Chevron ),HOS 24 MO <U+2610> <U+25A1>,Marsing,83639,ION Exit Truck 245 Plaza (,208-896-4141,2008,Marsing,ID,,,US 95 & ID 55 Chevron ,empty,,False,,False,US 95,ID 55,None,,
H Marsing ( 83639 ) ION Truck Plaza ( Chevron ),208-896-4141 US 95 & ID 55,24 R M <U+25A1><U+25A1> <U+25A1>,Marsing,83639,ION Truck Plaza ( Chevron ),208-896-4141,2014,Marsing,ID,Chevron,,US 95 & ID 55,empty,,False,,False,US 95,ID 55,None,,
H Marsing ( 83639 ) Gem Stop ( Chevron ),208-896-4141 US 95 & ID 55,24 M <U+2610>,Marsing,83639,Gem Stop ( Chevron ),208-896-4141,2015,Marsing,ID,Chevron,,US 95 & ID 55,empty,,False,,False,US 95,ID 55,None,,
H Marsing ( 83639 ) Gem Stop ( Chevron ),208-896-4141 US 95 & ID 55,24 MOO,Marsing,83639,Gem Stop ( Chevron ),208-896-4141,2016,Marsing,ID,Chevron,,US 95 & ID 55,empty,,False,,False,US 95,ID 55,None,,
"Mountain Home , 83647 Pilot Travel Center # 350",208-587-4465 I-84 Exit 95 ( US 20 ),124 24 XL - <U+25A1> - <U+2610>,Mountain Home,83647,Pilot Travel Center # 350,208-587-4465,2006,Mountain Home,ID,Pilot,( US 20 ),I-84 Exit 95 ,Exit,95,False,,False,I-84,,None,,
"Mountain Home , 83647 Pilot Travel Center # 350",208-587-4465 I-84 Exit 95 ( US 20 ),,Mountain Home,83647,Pilot Travel Center # 350,208-587-4465,2007,Mountain Home,ID,Pilot,( US 20 ),I-84 Exit 95 ,Exit,95,False,,False,I-84,,None,,
"Mountain Home , 83647 Pilot Travel Center ( US 30 # ) 350",3 208-587-4465 I-84 Exit 95 ( US ),24 L,Mountain Home,83647,Pilot Travel Center ( US 30 # ) 350,208-587-4465,2008,Mountain Home,ID,Pilot,( US ),I-84 Exit 95 ,Exit,95,False,,False,I-84,,None,,
H Mountain Home ( 83647 ) Pilot Travel Center # 350,3 208-587-4465 I-84 Exit 95 ( US 20 ),Pilot 24 <U+2610> LO,Mountain Home,83647,Pilot Travel Center # 350,208-587-4465,2014,Mountain Home,ID,Pilot,( US 20 ),I-84 Exit 95 ,Exit,95,False,,False,I-84,,None,,
H Mountain Home ( 83647 ) Pilot Travel Center # 350,208-587-4465 I-84 Exit 95 ( US 20 ),Pilat 24 <U+2610> BLO,Mountain Home,83647,Pilot Travel Center # 350,208-587-4465,2015,Mountain Home,ID,Pilot,( US 20 ),I-84 Exit 95 ,Exit,95,False,,False,I-84,,None,,
Mountain Home ( 83647 ) Pilot Travel Center # 350 Pilot,208-587-4465 I-84 Exit 95 ( US 20 ),24 LO 24,Mountain Home,83647,Pilot Travel Center # 350 Pilot,208-587-4465,2016,Mountain Home,ID,Pilot,( US 20 ),I-84 Exit 95 ,Exit,95,False,,False,I-84,,None,,
"Nampa , 83651 Jackson's Food Store # 85 ( Shell )",208-466-0802 I-84 Exit 35,124 481,Nampa,83651,Jackson's Food Store # 85 ( Shell ),208-466-0802,2006,Nampa,ID,Shell,,I-84 Exit 35,Exit,35,False,,False,I-84,,None,,
"Nampa , 83651 Jackson's Food Store # 85 ( Shell )",208-466-0802 I-84 Exit 35,XL O,Nampa,83651,Jackson's Food Store # 85 ( Shell ),208-466-0802,2007,Nampa,ID,Shell,,I-84 Exit 35,Exit,35,False,,False,I-84,,None,,
"Nampa , 83651 Jackson's 95 Food ( US 20 )",2 208-466-0802 I-84 Exit 35 Store # 85 ( Shell ),24 XL,Nampa,83651,Jackson's 95 Food ( US 20 ),208-466-0802,2008,Nampa,ID,,( Shell ),I-84 Exit 35 Store # 85 ,Exit,35,False,,False,I-84,,None,,
Nampa ( 83651 ) Jacksons # 085 ( Shell ),208-466-0802 I-84 Exit 35 ( ID 55 S ),24 324 <U+2610> <U+2610> <U+2610>,Nampa,83651,Jacksons # 085 ( Shell ),208-466-0802,2014,Nampa,ID,Shell,( ID 55 S ),I-84 Exit 35 ,Exit,35,False,,False,I-84,,None,,
Nampa ( 83651 ) Jacksons # 085 ( Shell ),2 208-466-0802 I-84 Exit 35 ( ID 55 S ),24 O,Nampa,83651,Jacksons # 085 ( Shell ),208-466-0802,2015,Nampa,ID,Shell,( ID 55 S ),I-84 Exit 35 ,Exit,35,False,,False,I-84,,None,,
Nampa ( 83651 ) Jacksons # 085 ( Shell ),2 208-466-0802 I-84 Exit 35 ( ID 55 S ),FRS 24 LOO,Nampa,83651,Jacksons # 085 ( Shell ),208-466-0802,2016,Nampa,ID,Shell,( ID 55 S ),I-84 Exit 35 ,Exit,35,False,,False,I-84,,None,,
"Nampa , 83651 Jackson's Food Store # 5 ( Shell )",208-467-1440 I-84 Exit 36 ( Franklin Blvd ),<U+2610> <U+2610>,Nampa,83651,Jackson's Food Store # 5 ( Shell ),208-467-1440,2006,Nampa,ID,Shell,( Franklin Blvd ),I-84 Exit 36 ,Exit,36,False,,False,I-84,,None,,
"Nampa , 83651 Jackson's Food Store # 5 ( Shell )",208-467-1440 I-84 Exit 36 ( Franklin Blvd ),P S,Nampa,83651,Jackson's Food Store # 5 ( Shell ),208-467-1440,2007,Nampa,ID,Shell,( Franklin Blvd ),I-84 Exit 36 ,Exit,36,False,,False,I-84,,None,,
"Nampa , 83651 Jackson's 35 Food Store #",2 208-467-1440 I-84 Exit 36 ( 5 ( Shell ),HILS 24 S,Nampa,83651,Jackson's 35 Food Store #,208-467-1440,2008,Nampa,ID,,( 5 ( Shell ),I-84 Exit 36 ,Exit,36,False,,False,I-84,,None,,
H Nampa ( 83651 ) Jacksons # 005 ( Shell ),2 208-467-1440 I-84 Exit 36 ( Franklin Blvd ),24 S,Nampa,83651,Jacksons # 005 ( Shell ),208-467-1440,2014,Nampa,ID,Shell,( Franklin Blvd ),I-84 Exit 36 ,Exit,36,False,,False,I-84,,None,,
Nampa ( 83651 ) Jacksons # 005 ( Shell ),2 208-467-1440 I-84 Exit 36 ( Franklin Blvd ),24 S,Nampa,83651,Jacksons # 005 ( Shell ),208-467-1440,2015,Nampa,ID,Shell,( Franklin Blvd ),I-84 Exit 36 ,Exit,36,False,,False,I-84,,None,,
Nampa ( 83651 ) Jacksons # 005 ( Shell ),208-467-1440 I-84 Exit 36 ( Franklin Blvd S ),24 SO,Nampa,83651,Jacksons # 005 ( Shell ),208-467-1440,2016,Nampa,ID,Shell,( Franklin Blvd S ),I-84 Exit 36 ,Exit,36,False,,False,I-84,,None,,
"Parma , 83660 Producers Supply Co - Op ( Chevron )",208-722-5508 28028 US 20-26,<U+2610> 00,Parma,83660,Producers Supply Co - Op ( Chevron ),208-722-5508,2006,Parma,ID,Chevron,,28028 US 20-26,Proper,,False,,False,US 20-26,,None,,
"Parma , 83660 Producers Supply Co -",208-722-5508 28028 US 20-26 Op,S <U+2610>,Parma,83660,Producers Supply Co -,208-722-5508,2007,Parma,ID,,,28028 US 20-26 Op,Proper,,False,,False,US 20-26,,None,,
"Parma , 83660 Producers Supply of bridge , South side )",208-722-5508 28028 US 20-26 Co - Op,Sm,Parma Producers Supply of bridge,83660,"Producers Supply of bridge , South side )",208-722-5508,2008,Parma,ID,,,28028 US 20-26 Co - Op,Proper,,False,,False,US 20-26,,None,,
Parma ( 83660 ) Valleywide Co - Op ( Cenex ),1 208-722-5508 28028 US 20-26,<U+2610> S,Parma,83660,Valleywide Co - Op ( Cenex ),208-722-5508,2014,Parma,ID,Cenex,,28028 US 20-26,Proper,,False,,False,US 20-26,,None,,
H Parma ( 83660 ) Valleywide Co - Op ( Cenex ),208-722-5508 28028 US 20-26,<U+2610> S,Parma,83660,Valleywide Co - Op ( Cenex ),208-722-5508,2015,Parma,ID,Cenex,,28028 US 20-26,Proper,,False,,False,US 20-26,,None,,
Parma ( 83660 ) Valleywide Co - Op ( Cenex ),208-722-5508 28028 US 20-26,<U+2610> S <U+2610> <U+2610> <U+2610>,Parma,83660,Valleywide Co - Op ( Cenex ),208-722-5508,2016,Parma,ID,Cenex,,28028 US 20-26,Proper,,False,,False,US 20-26,,None,,
"Wilder , 83676 Jackson's Food Store # 3 ( Shell )",208-482-6299 US 95 & ID 19,,Wilder,83676,Jackson's Food Store # 3 ( Shell ),208-482-6299,2006,Wilder,ID,Shell,,US 95 & ID 19,empty,,False,,False,US 95,ID 19,None,,
"Wilder , 83676 Jackson's Food Store # 3 ( Shell )",208-482-6299 US 95 & ID 19,- S <U+2610> O,Wilder,83676,Jackson's Food Store # 3 ( Shell ),208-482-6299,2007,Wilder,ID,Shell,,US 95 & ID 19,empty,,False,,False,US 95,ID 19,None,,
"Wilder , 83676 Jackson's Food Store Rd # 3 ( Shell )",208-482-6299 128 US 95 ( N of ID 19 ),24 SO <U+2610>,Wilder,83676,Jackson's Food Store Rd # 3 ( Shell ),208-482-6299,2008,Wilder,ID,Shell,( N of ID 19 ),128 US 95,Proper,,False,,False,US 95,,None,,
Wilder ( 83676 ) Jacksons # 003 ( Shell ),208-482-6299 128 US 95 ( 1 mi N of ID 19 ),24 A S,Wilder,83676,Jacksons # 003 ( Shell ),208-482-6299,2014,Wilder,ID,Shell,( 1 mi N of ID 19 ),128 US 95,Proper,,False,,False,US 95,,None,,
Wilder ( 83676 ) Jacksons # 003 ( Shell ),1 / 208-482-6299 128 US 95 ( 1 mi N of ID 19 ),24 S,Wilder,83676,Jacksons # 003 ( Shell ),208-482-6299,2015,Wilder,ID,Shell,( 1 mi N of ID 19 ),128 US 95,Proper,,False,,False,US 95,,None,,
Wilder ( 83676 ) Jacksons # 003 ( Shell ),208-482-6299 128 US 95 ( 1 mi N of ID 19 ),24 S,Wilder,83676,Jacksons # 003 ( Shell ),208-482-6299,2016,Wilder,ID,Shell,( 1 mi N of ID 19 ),128 US 95,Proper,,False,,False,US 95,,None,,
"Boise , 83705 TravelCenters of America ( Tesoro 30 )",208-344-1091 I-84 Exit 54 ( ),TA HRS L 24 NO,Boise,83705,TravelCenters of America ( Tesoro 30 ),208-344-1091,2006,Boise,ID,TravelCenters,( ),I-84 Exit 54 ,Exit,54,False,,False,I-84,,None,,
"Boise , 83705 TravelCenters of America",2 208-344-1091 I-84 Exit 54 ( Broadway Ave ) TA,24 45 L 24 HRS,Boise,83705,TravelCenters of America,208-344-1091,2007,Boise,ID,TravelCenters,( Broadway Ave ) TA,I-84 Exit 54 ,Exit,54,False,,False,I-84,,None,,
"Boise , 83705 TravelCenters of America ( Tesoro )",2 208-344-1091 I-84 Exit 54 ( Broadway Ave ),S <U+2610>,Boise,83705,TravelCenters of America ( Tesoro ),208-344-1091,2008,Boise,ID,TravelCenters,( Broadway Ave ),I-84 Exit 54 ,Exit,54,False,,False,I-84,,None,,
Boise ( 83705 ) TA Boise # 167 ( Shell ),208-344-1091 I-84 Exit 54 ( Broadway Ave ),LO,Boise,83705,TA Boise # 167 ( Shell ),208-344-1091,2014,Boise,ID,Shell,( Broadway Ave ),I-84 Exit 54 ,Exit,54,False,,False,I-84,,None,,
Boise ( 83705 ) TA Boise # 167 ( Shell ),208-344-1091 I-84 Exit 54 ( Broadway Ave ) ZA,24 LO,Boise,83705,TA Boise # 167 ( Shell ),208-344-1091,2015,Boise,ID,Shell,( Broadway Ave ) ZA,I-84 Exit 54 ,Exit,54,False,,False,I-84,,None,,
Boise ( 83705 ) TA Boise # 167 ( Shell ) W ),208-344-1091 I-84 Exit 54 ( Broadway Ave ),24 <U+2610>,Boise,83705,TA Boise # 167 ( Shell ) W ),208-344-1091,2016,Boise,ID,Shell,( Broadway Ave ),I-84 Exit 54 ,Exit,54,False,,False,I-84,,None,,
"Boise , 83705 Flying J Fuel Stop # 0011380 )",208-385-9745 I-84 Exit 54 ( US 20-26 ),HRS 24 47 MOO,Boise,83705,Flying J Fuel Stop # 0011380 ),208-385-9745,2006,Boise,ID,Flying J,( US 20-26 ),I-84 Exit 54 ,Exit,54,False,,False,I-84,,None,,
"Boise , 83705 Flying J Fuel Stop # 0101380",208-385-9745 I-84 Exit 54 ( US 20-26 ),24,Boise,83705,Flying J Fuel Stop # 0101380,208-385-9745,2007,Boise,ID,Flying J,( US 20-26 ),I-84 Exit 54 ,Exit,54,False,,False,I-84,,None,,
"Boise , 83705 Flying J Fuel Stop # 0101380",2 208-385-9745 I-84 Exit 54 ( US 20-26 ),195 24,Boise,83705,Flying J Fuel Stop # 0101380,208-385-9745,2008,Boise,ID,Flying J,( US 20-26 ),I-84 Exit 54 ,Exit,54,False,,False,I-84,,None,,
Boise ( 83705 ) Flying J Fuel Stop # 777 ),208-385-9745 I-84 Exit 54 ( US 20-26 to Federal Way S ),) D,Boise,83705,Flying J Fuel Stop # 777 ),208-385-9745,2014,Boise,ID,Flying J,( US 20-26 to Federal Way S ),I-84 Exit 54 ,Exit,54,False,,False,I-84,,None,,
Boise ( 83705 ) Flying J Fuel Stop # 777 FLYING J,208-385-9745 I-84 Exit 54 ( US 20-26 to Federal Way S ),FLYING S ) J 24 M,Boise,83705,Flying J Fuel Stop # 777 FLYING J,208-385-9745,2015,Boise,ID,Flying J,( US 20-26 to Federal Way S ),I-84 Exit 54 ,Exit,54,False,,False,I-84,,None,,
Boise ( 83705 ) Flying J Fuel Stop # 777 Ave ) FLYING,208-385-9745 I-84 Exit 54 ( US 20-26 to Federal Way S ) J,) J 24,Boise,83705,Flying J Fuel Stop # 777 Ave ) FLYING,208-385-9745,2016,Boise,ID,Flying J,( US 20-26 to Federal Way S ) J,I-84 Exit 54 ,Exit,54,False,,False,I-84,,None,,
"Boise ( South ) , 83716 Boise Stage Stop (",208-343-1367 I-84 Exit 71 Sinclair ),FRS 24 XL 24,Boise,83716,Boise Stage Stop (,208-343-1367,2006,Boise,ID,,,I-84 Exit 71 Sinclair ,Exit,71,False,,False,I-84,,None,,
"Boise ( South ) , 83716 Boise Stage Stop ( Sinclair )",208-343-1367 I-84 Exit 71,RS XL 24,Boise,83716,Boise Stage Stop ( Sinclair ),208-343-1367,2007,Boise,ID,Sinclair,,I-84 Exit 71,Exit,71,False,,False,I-84,,None,,
"Boise ( South ) , 83716 Boise Stage Stop (",2 208-343-1367 I-84 Exit 71 Sinclair ),24 24,Boise,83716,Boise Stage Stop (,208-343-1367,2008,Boise,ID,,,I-84 Exit 71 Sinclair ,Exit,71,False,,False,I-84,,None,,
Boise ( South ) ( 83716 ) Boise Stage Stop ( Sinclair ),208-343-1367 I-84 Exit 71,2 XL,Boise,83716,Boise Stage Stop ( Sinclair ),208-343-1367,2014,Boise,ID,Sinclair,,I-84 Exit 71,Exit,71,False,,False,I-84,,None,,
Boise ( South ) ( 83716 ) Boise Stage Stop ( Sinclair ) S ),208-343-1367 I-84 Exit 71,24 XL <U+2610><U+2610>,Boise,83716,Boise Stage Stop ( Sinclair ) S ),208-343-1367,2015,Boise,ID,Sinclair,,I-84 Exit 71,Exit,71,False,,False,I-84,,None,,
Boise ( South ) ( 83716 ) Boise Stage Stop ( Sinclair ) Way S ),208-343-1367 I-84 Exit 71,) 2224 XL,Boise,83716,Boise Stage Stop ( Sinclair ) Way S ),208-343-1367,2016,Boise,ID,Sinclair,,I-84 Exit 71,Exit,71,False,,False,I-84,,None,,
"B Bonners Ferry , 83805 3 Mile Corner Truck )",208-267-2541 US 2-95 MM 510 Stop ( Exxon ),S,Bonners Ferry,83805,3 Mile Corner Truck ),208-267-2541,2006,Bonners Ferry,ID,,( Exxon ),US 2-95 MM 510 Stop,empty,,False,,False,US 2-95,,None,,
"B Bonners Ferry , 83805 3 Mile Corner Truck Stop ( Exxon )",208-267-2541 US 2-95 MM 510,S,Bonners Ferry,83805,3 Mile Corner Truck Stop ( Exxon ),208-267-2541,2007,Bonners Ferry,ID,Exxon,,US 2-95 MM 510,empty,,False,,False,US 2-95,,None,,
"Bonners Ferry , 83805 3 Mile Corner Truck Stop ( Exxon )",2 208-267-2541 US 2-95 MM 510,<U+2610><U+2610> <U+2610>,Bonners Ferry,83805,3 Mile Corner Truck Stop ( Exxon ),208-267-2541,2008,Bonners Ferry,ID,Exxon,,US 2-95 MM 510,empty,,False,,False,US 2-95,,None,,
B Bonners Ferry ( 83805 ) 3 Mile Corner Truck Stop ( Exxon ),2 208-267-2541 US 95 & US 2 ( N junction ),SO <U+2610>,Bonners Ferry,83805,3 Mile Corner Truck Stop ( Exxon ),208-267-2541,2014,Bonners Ferry,ID,Exxon,( N junction ),US 95 & US 2,empty,,False,,False,US 95,US 2,None,,
B Bonners Ferry ( 83805 ) 3 Mile Corner Truck Stop ( Exxon ),208-267-2541 US 95 & US 2 ( N junction ),<U+2610> <U+2610> SO <U+25A1>,Bonners Ferry,83805,3 Mile Corner Truck Stop ( Exxon ),208-267-2541,2015,Bonners Ferry,ID,Exxon,( N junction ),US 95 & US 2,empty,,False,,False,US 95,US 2,None,,
B Bonners Ferry ( 83805 ) 3 Mile Corner ( 1 mi Truck S of town Stop ) ( Exxon ),208-267-2541 US 95 & US 2 ( N junction ),S,Bonners Ferry,83805,3 Mile Corner ( 1 mi Truck S of town Stop ) ( Exxon ),208-267-2541,2016,Bonners Ferry,ID,Exxon,( N junction ),US 95 & US 2,empty,,False,,False,US 95,US 2,None,,
"Cataldo , 83810 Junction Quick Stop ( Conoco",208-682-2405 I-90 Exit 34 ( Rose ),,Cataldo,83810,Junction Quick Stop ( Conoco,208-682-2405,2006,Cataldo,ID,Conoco,( Rose ),I-90 Exit 34 ,Exit,34,False,,False,I-90,,None,,
"Cataldo , 83810 Junction Quick Stop ( Conoco )",208-682-2405 I-90 Exit 34 ( Rose Lake Hwy 3 ),,Cataldo,83810,Junction Quick Stop ( Conoco ),208-682-2405,2007,Cataldo,ID,Conoco,( Rose Lake Hwy 3 ),I-90 Exit 34 ,Exit,34,False,,False,I-90,,None,,
"Cataldo , 83810 Junction Quick Stop ( Conoco )",208-682-2405 I-90 Exit 34 ( Rose Lake Hwy 3 ),M <U+2610><U+2610>,Cataldo,83810,Junction Quick Stop ( Conoco ),208-682-2405,2008,Cataldo,ID,Conoco,( Rose Lake Hwy 3 ),I-90 Exit 34 ,Exit,34,False,,False,I-90,,None,,
C Cataldo ( 83810 ) Junction Quick Stop ( Conoco ),2 208-682-2405 I-90 Exit 34 ( Rose Lake - Hwy 3 ),<U+25A1>,Cataldo,83810,Junction Quick Stop ( Conoco ),208-682-2405,2014,Cataldo,ID,Conoco,( Rose Lake - Hwy 3 ),I-90 Exit 34 ,Exit,34,False,,False,I-90,,None,,
Cataldo ( 83810 ) Junction Quick Stop ( Conoco ) ),208-682-2405 I-90 Exit 34 ( Rose Lake -,,Cataldo,83810,Junction Quick Stop ( Conoco ) ),208-682-2405,2015,Cataldo,ID,Conoco,( Rose Lake -,I-90 Exit 34 ,Exit,34,False,,False,I-90,,None,,
Cataldo ( 83810 ) Junction Quick Stop ( Conoco ),208-682-2405 I-90 Exit 34 ( Rose Lake - Hwy 3 ),<U+2610><U+2610> <U+2610> <U+2610>,Cataldo,83810,Junction Quick Stop ( Conoco ),208-682-2405,2016,Cataldo,ID,Conoco,( Rose Lake - Hwy 3 ),I-90 Exit 34 ,Exit,34,False,,False,I-90,,None,,
"Pinehurst , 83850 Carousel Gas & Tire",208-682-2376 I-90 Exit 45,),Pinehurst,83850,Carousel Gas & Tire,208-682-2376,2006,Pinehurst,ID,,,I-90 Exit 45,Exit,45,False,,False,I-90,,None,,
"Pinehurst , 83850 Carousel Gas & Tire",208-682-2376 I-90 Exit 45,<U+2610> <U+2610> <U+25A1> <U+25A1> <U+2610>,Pinehurst,83850,Carousel Gas & Tire,208-682-2376,2007,Pinehurst,ID,,,I-90 Exit 45,Exit,45,False,,False,I-90,,None,,
"Pinehurst , 83850 Carousel Gas & Tire",2 208-682-2376 I-90 Exit 45,<U+2610><U+2610> D,Pinehurst,83850,Carousel Gas & Tire,208-682-2376,2008,Pinehurst,ID,,,I-90 Exit 45,Exit,45,False,,False,I-90,,None,,
Pinehurst ( 83850 ) Carousel Gas & Tire,2 208-682-2376 I-90 Exit 45,<U+2610>,Pinehurst,83850,Carousel Gas & Tire,208-682-2376,2014,Pinehurst,ID,,,I-90 Exit 45,Exit,45,False,,False,I-90,,None,,
Pinehurst ( 83850 ) Carousel Gas & Tire,2 208-682-2376 I-90 Exit 45,<U+2610> <U+2610>,Pinehurst,83850,Carousel Gas & Tire,208-682-2376,2015,Pinehurst,ID,,,I-90 Exit 45,Exit,45,False,,False,I-90,,None,,
Pinehurst ( 83850 ) Carousel Gas & Tire,208-682-2376 I-90 Exit 45,<U+2610> <U+2610> <U+2610> <U+2610>,Pinehurst,83850,Carousel Gas & Tire,208-682-2376,2016,Pinehurst,ID,,,I-90 Exit 45,Exit,45,False,,False,I-90,,None,,
"Post Falls , 83854 J Travel Plaza # 0500005",208-773-0593 Flying I-90 Exit 2 ( Pleasant View Rd N ),S <U+2610>,Post Falls,83854,J Travel Plaza # 0500005,208-773-0593,2006,Post Falls,ID,,( Pleasant View Rd N ),Flying I-90 Exit 2 ,Exit,2,True,unclear address_standardized_OFF_parenthesis,True,I-90,,None,,
"Post Falls , 83854 Flying J Travel Plaza # 0500005",208-773-0593 I-90 Exit 2 ( Pleasant View Rd N ),,Post Falls,83854,Flying J Travel Plaza # 0500005,208-773-0593,2007,Post Falls,ID,Flying J,( Pleasant View Rd N ),I-90 Exit 2 ,Exit,2,False,,False,I-90,,None,,
"Post Falls , 83854 Flying J Travel 61 Plaza",1 208-773-0593 I-90 Exit 2 ( Pleasant # 0500005,HRS 24 24,Post Falls,83854,Flying J Travel 61 Plaza,208-773-0593,2008,Post Falls,ID,Flying J,( Pleasant # 0500005,I-90 Exit 2 ,Exit,2,False,,False,I-90,,None,,
Post Falls ( 83854 ) Flying J Travel Plaza # 639 ( Conoco ),208-773-0593 I-90 Exit 2 ( Pleasant View Rd N ),L,Post Falls,83854,Flying J Travel Plaza # 639 ( Conoco ),208-773-0593,2014,Post Falls,ID,Flying J,( Pleasant View Rd N ),I-90 Exit 2 ,Exit,2,False,,False,I-90,,None,,
Post Falls ( 83854 ) Flying J Travel Plaza # 639 ( Conoco ),208-773-0593 I-90 Exit 2 ( Pleasant View Rd N ),FLYING J,Post Falls,83854,Flying J Travel Plaza # 639 ( Conoco ),208-773-0593,2015,Post Falls,ID,Flying J,( Pleasant View Rd N ),I-90 Exit 2 ,Exit,2,False,,False,I-90,,None,,
Post Falls ( 83854 ) Flying J Travel Plaza # 639 ( Conoco ),208-773-0593 I-90 Exit 2 ( Pleasant View Rd N ),FLYING J 4,Post Falls,83854,Flying J Travel Plaza # 639 ( Conoco ),208-773-0593,2016,Post Falls,ID,Flying J,( Pleasant View Rd N ),I-90 Exit 2 ,Exit,2,False,,False,I-90,,None,,
"Westmond , 83860 Westmond Store & Deli ( Chevron )",208-263-3694 US 95 & Westmond Rd,S <U+2610>,Westmond,83860,Westmond Store & Deli ( Chevron ),208-263-3694,2006,Sagle,ID,Chevron,,US 95 & Westmond Rd,empty,,False,,False,US 95,Westmond Rd,None,,
"Westmond , 83860 Westmond Store & Deli ( Chevron )",208-263-3694 US 95 & Westmond Rd,,Westmond,83860,Westmond Store & Deli ( Chevron ),208-263-3694,2007,Sagle,ID,Chevron,,US 95 & Westmond Rd,empty,,False,,False,US 95,Westmond Rd,None,,
"Westmond , 83860 Westmond Store & Deli ( Chevron",2 208-263-3694 US 95 & Westmond Rd ),"24 S <U+2610> <U+2610> """,Westmond,83860,Westmond Store & Deli ( Chevron,208-263-3694,2008,Sagle,ID,Chevron,,US 95 & Westmond Rd ,empty,,False,,False,US 95,Westmond Rd,None,,
B Sagle ( 83860 ) Westmond Store & Deli ( Chevron ),2 208-263-3694 US 95 ( 4 mi S ),S <U+2610>,Sagle,83860,Westmond Store & Deli ( Chevron ),208-263-3694,2014,Sagle,ID,Chevron,( 4 mi S ),US 95,empty,,False,,False,US 95,,None,,
B Sagle ( 83860 ) Westmond Store & Deli ( Chevron ),208-263-3694 US 95 ( 4 mi S ),<U+2610> S <U+2610>,Sagle,83860,Westmond Store & Deli ( Chevron ),208-263-3694,2015,Sagle,ID,Chevron,( 4 mi S ),US 95,empty,,False,,False,US 95,,None,,
B Sagle ( 83860 ) Westmond Store & Deli ( Chevron ),208-263-3694 US 95 ( 4 mi S ),<U+2610> S C <U+2610>,Sagle,83860,Westmond Store & Deli ( Chevron ),208-263-3694,2016,Sagle,ID,Chevron,( 4 mi S ),US 95,empty,,False,,False,US 95,,None,,
"Sandpoint , 83864 Sand Creek Conoco",208-265-8522 477000 US 2-95 N,HRS <U+25A1>,Sandpoint,83864,Sand Creek Conoco,208-265-8522,2006,Sandpoint,ID,Conoco,,477000 US 2-95 N,Proper,,False,,False,US 2-95,,None,,
"B Sandpoint , 83864 Sand Creek Conoco",208-265-8522 477000 US 2-95 ( 6 mi N of town ),48 000,Sandpoint,83864,Sand Creek Conoco,208-265-8522,2007,Sandpoint,ID,Conoco,( 6 mi N of town ),477000 US 2-95,Proper,,False,,False,US 2-95,,None,,
"B Sandpoint , 83864 Sand Creek Conoco 28 Jct )",2 208-265-8522 477000 US 2-95 ( 2 mi N of,24,Sandpoint,83864,Sand Creek Conoco 28 Jct ),208-265-8522,2008,Sandpoint,ID,Conoco,( 2 mi N of,477000 US 2-95,Proper,,False,,False,US 2-95,,None,,
B Sandpoint ( 83864 ) Schweitzer's ( Conoco ),208-265-8522 477000 US 2-95 ( 2 mi N of town ),<U+2610> 0,Sandpoint,83864,Schweitzer's ( Conoco ),208-265-8522,2014,Sandpoint,ID,Conoco,( 2 mi N of town ),477000 US 2-95,Proper,,False,,False,US 2-95,,None,,
B Sandpoint ( 83864 ) Schweitzer's ( Conoco ),12 208-265-8522 477000 US 2-95 ( 2 mi N of town ),24 <U+2610> <U+2610> <U+2610> <U+25A1> <U+25A1> <U+25A1>,Sandpoint,83864,Schweitzer's ( Conoco ),208-265-8522,2015,Sandpoint,ID,Conoco,( 2 mi N of town ),477000 US 2-95,Proper,,False,,False,US 2-95,,None,,
B Sandpoint ( 83864 ) Schweitzer's ( Conoco ),208-265-8522 477000 US 2-95 ( 2 mi N of town ),24m,Sandpoint,83864,Schweitzer's ( Conoco ),208-265-8522,2016,Sandpoint,ID,Conoco,( 2 mi N of town ),477000 US 2-95,Proper,,False,,False,US 2-95,,None,,
"Coalville , 84017 Holiday Hills ( 66 )",435-336-4421 I-80 Exit 162 ( UT 280 ),MO,Coalville,84017,Holiday Hills ( 66 ),435-336-4421,2006,Coalville,UT,,( UT 280 ),I-80 Exit 162 ,Exit,162,False,,False,I-80,,None,,
"Coalville , 84017 Hills ( 66 )",435-336-4421 I-80 Holiday Exit 162 ( UT 280 ),M <U+25A1>,Coalville,84017,Hills ( 66 ),435-336-4421,2007,Coalville,UT,,( UT 280 ),I-80 Holiday Exit 162 ,Exit,162,False,,False,I-80,,None,,
"D Coalville , 84017 Holiday Hills ( 66 ) )",4 435-336-4421 I-80 Exit 162 ( UT 280 ),M <U+2610> <U+2610> <U+2610>,Coalville,84017,Holiday Hills ( 66 ) ),435-336-4421,2008,Coalville,UT,,( UT 280 ),I-80 Exit 162 ,Exit,162,False,,False,I-80,,None,,
D Coalville ( 84017 ) Holiday Hills ( 66 ),435-336-4421 I-80 Exit 162 ( UT 280 ),M <U+25A1> <U+2610>,Coalville,84017,Holiday Hills ( 66 ),435-336-4421,2014,Coalville,UT,,( UT 280 ),I-80 Exit 162 ,Exit,162,False,,False,I-80,,None,,
D Coalville ( 84017 ) Holiday Hills ( 66 ),4 435-336-4421 I-80 Exit 162 ( UT 280 ),D M <U+25A1> D D,Coalville,84017,Holiday Hills ( 66 ),435-336-4421,2015,Coalville,UT,,( UT 280 ),I-80 Exit 162 ,Exit,162,False,,False,I-80,,None,,
D Coalville ( 84017 ) Holiday Hills ( 66 ),4 435-336-4421 I-80 Exit 162 ( UT 280 ),<U+25A1> <U+2610> <U+2610> <U+2610> <U+2610>,Coalville,84017,Holiday Hills ( 66 ),435-336-4421,2016,Coalville,UT,,( UT 280 ),I-80 Exit 162 ,Exit,162,False,,False,I-80,,None,,
"E Heber City , 84032 Heber Mart ( Chevron )",435-654-4642 US 40 & US 189 ( 1/2 mi E ),<U+2610> 000,Heber City,84032,Heber Mart ( Chevron ),435-654-4642,2006,Heber City,UT,Chevron,( 1/2 mi E ),US 40 & US 189,empty,,False,,False,US 40,US 189,None,,
Heber Mart ( Chevron ),"FHeber 4435-654-4642 City , 84032 US 40 & US 189 ( 1/2 mi E )",0000 n,,84032,,435-654-4642,2007,Heber City,UT,,( 1/2 mi E ),US 40 & US 189,empty,,False,,False,US 40,US 189,None,,
"Heber City , 84032 K & T's Last Stop ( Chevron )",435-654-4642 1590 US 40 S ( 1/2 mi S of jct US 189 ),) <U+2610> 0 <U+2610> <U+2610>,Heber City,84032,K & T's Last Stop ( Chevron ),435-654-4642,2008,Heber City,UT,Chevron,( 1/2 mi S of jct US 189 ),1590 US 40 S,Proper,,False,,False,US 40,,None,,
Heber City ( 84032 ) Silver Eagle Country Store,435-654-4642 1590 US 40 S ( 1/2 mi S of jct US 189 ),189 ) <U+25A1> <U+2610><U+2610> <U+25A1>,Heber City,84032,Silver Eagle Country Store,435-654-4642,2014,Heber City,UT,,( 1/2 mi S of jct US 189 ),1590 US 40 S,Proper,,False,,False,US 40,,None,,
E Heber City ( 84032 ) Silver Eagle Country Store,435-654-4642 1590 US 40 S ( 1/2 mi S of jct US 189 ),<U+2610><U+2610>,Heber City,84032,Silver Eagle Country Store,435-654-4642,2015,Heber City,UT,,( 1/2 mi S of jct US 189 ),1590 US 40 S,Proper,,False,,False,US 40,,None,,
Heber City ( 84032 ) Silver Eagle Country Store,435-654-4642 1590 US 40 S ( 1/2 mi S of jct US 189 ),<U+2610> D,Heber City,84032,Silver Eagle Country Store,435-654-4642,2016,Heber City,UT,,( 1/2 mi S of jct US 189 ),1590 US 40 S,Proper,,False,,False,US 40,,None,,
"( N ) , 84054 Flying J Fuel Stop # 0500100",801-936-1408 Salt Lake City I-215 Exit 28 ( UT 68 ) #,MU 24 <U+2610> <U+2610>,,84054,Flying J Fuel Stop # 0500100,801-936-1408,2006,North Salt Lake,UT,Flying J,( UT 68 ) #,Salt Lake City I-215 Exit 28 ,Exit,28,False,,False,I-215,,None,,
ISalt Lake City ( N ) Flying J Fuel Stop # 0500100,801-936-1408 I-215 Exit 28 ( UT 68 ),M <U+2610>,,84054,00,801-936-1408,2007,North Salt Lake,UT,,( UT 68 ),I-215 Exit 28 ,Exit,28,False,,False,I-215,,None,,
"Salt Lake City ( N ) , 84054 Flying J Fuel Stop # 0500100 124",3 801-936-1408 I-215 Exit 28 ( UT 68 ),124 M,Salt Lake City,84054,Flying J Fuel Stop # 0500100 124,801-936-1408,2008,North Salt Lake,UT,Flying J,( UT 68 ),I-215 Exit 28 ,Exit,28,False,,False,I-215,,None,,
D Salt Lake City ( North ) ( 84054 ) Flying J Fuel Stop # 772,3 801-936-1408 I-215 Exit 27 ( UT 68 N ),24 M,Salt Lake City,84054,Flying J Fuel Stop # 772,801-936-1408,2014,North Salt Lake,UT,Flying J,( UT 68 N ),I-215 Exit 27 ,Exit,27,False,,False,I-215,,None,,
Salt Lake City ( N ) ( 84054 ) Flying J Fuel Stop # 772,801-936-1408 I-215 Exit 27 ( UT 68 N ) FLYING J,FLYING J 24 DOMO,Salt Lake City,84054,Flying J Fuel Stop # 772,801-936-1408,2015,North Salt Lake,UT,Flying J,( UT 68 N ) FLYING J,I-215 Exit 27 ,Exit,27,False,,False,I-215,,None,,
Salt Lake City ( N ) ( 84054 ) Flying J Fuel Stop # 772,801-936-1408 I-215 Exit 27 ( UT 68 N ) FLYING,FLYING J 24,Salt Lake City,84054,Flying J Fuel Stop # 772,801-936-1408,2016,North Salt Lake,UT,Flying J,( UT 68 N ) FLYING,I-215 Exit 27 ,Exit,27,False,,False,I-215,,None,,
"D Silver Creek , 84060 Bell's Silver Creek Junction ( Sinclair )",435-649-9243 I-80 Exit 146 ( US 40 ),MO,Silver Creek,84060,Bell's Silver Creek Junction ( Sinclair ),435-649-9243,2006,Park City,UT,Sinclair,( US 40 ),I-80 Exit 146 ,Exit,146,False,,False,I-80,,None,,
"D Silver Creek , 84060 Bell's Silver Creek Junction ( Sinclair )",435-649-9243 I-80 Exit 146 ( US 40 ),) 24 MO D,Silver Creek,84060,Bell's Silver Creek Junction ( Sinclair ),435-649-9243,2007,Park City,UT,Sinclair,( US 40 ),I-80 Exit 146 ,Exit,146,False,,False,I-80,,None,,
"D Silver Creek , 84060 Bell's Silver Creek Junction ( Sinclair )",435-649-9243 I-80 Exit 146 ( US 40 ),24 M <U+25A1> <U+25A1> <U+2610>,Silver Creek,84060,Bell's Silver Creek Junction ( Sinclair ),435-649-9243,2008,Park City,UT,Sinclair,( US 40 ),I-80 Exit 146 ,Exit,146,False,,False,I-80,,None,,
D Silver Creek ( 84060 ) Bell's Silver Creek Junction ( Sinclair ),435-649-9243 I-80 Exit 146 ( US 40 ),24 S,Silver Creek,84060,Bell's Silver Creek Junction ( Sinclair ),435-649-9243,2014,Park City,UT,Sinclair,( US 40 ),I-80 Exit 146 ,Exit,146,False,,False,I-80,,None,,
Silver Creek ( 84060 ) Bell's Silver Creek Junction ( Sinclair ),435-649-9243 I-80 Exit 146 ( US 40 ) AMREST,24 S D,Silver Creek,84060,Bell's Silver Creek Junction ( Sinclair ),435-649-9243,2015,Park City,UT,Sinclair,( US 40 ) AMREST,I-80 Exit 146 ,Exit,146,False,,False,I-80,,None,,
D Silver Creek ( 84060 ) Bell's Silver Creek Junction ( Sinclair ),435-649-9243 I-80 Exit 146 ( US 40 ),24 S <U+2610>,Silver Creek,84060,Bell's Silver Creek Junction ( Sinclair ),435-649-9243,2016,Park City,UT,Sinclair,( US 40 ),I-80 Exit 146 ,Exit,146,False,,False,I-80,,None,,
"Roosevelt , 84066 Top Stop Food Store # 66 ( Sinclair )",435-722-9940 US 40 W,S T,Roosevelt,84066,Top Stop Food Store # 66 ( Sinclair ),435-722-9940,2006,Roosevelt,UT,Sinclair,,US 40 W,empty,,False,,False,US 40,,None,,
"Roosevelt , 84066 Top Stop Food Store # 66 ( Sinclair )",435-722-9940 US 40 W,SO,Roosevelt,84066,Top Stop Food Store # 66 ( Sinclair ),435-722-9940,2007,Roosevelt,UT,Sinclair,,US 40 W,empty,,False,,False,US 40,,None,,
"E Roosevelt , 84066 Top Stop Food Store # 66 ( Sinclair )",435-722-9940 US 40 W,<U+2610> <U+2610> <U+25A1> <U+25A1> <U+2610>,Roosevelt,84066,Top Stop Food Store # 66 ( Sinclair ),435-722-9940,2008,Roosevelt,UT,Sinclair,,US 40 W,empty,,False,,False,US 40,,None,,
Roosevelt ( 84066 ) Top Stop # 66 ( Chevron ),435-722-9940 1128 US 40 ( 1 mi W of town ),<U+25A1> S <U+25A1>,Roosevelt,84066,Top Stop # 66 ( Chevron ),435-722-9940,2014,Roosevelt,UT,Chevron,( 1 mi W of town ),1128 US 40,Proper,,False,,False,US 40,,None,,
Roosevelt ( 84066 ) Top Stop # 66 ( Chevron ),$ 435-722-9940 1128 US 40 ( 1 mi W of town ),<U+2610> S <U+25A1> <U+25A1> <U+25A1>,Roosevelt,84066,Top Stop # 66 ( Chevron ),435-722-9940,2015,Roosevelt,UT,Chevron,( 1 mi W of town ),1128 US 40,Proper,,False,,False,US 40,,None,,
Roosevelt ( 84066 ) Top Stop # 66 ( Chevron ),6 435-722-9940 1128 US 40 ( 1 mi W of town ),<U+2610> SO <U+25A1>,Roosevelt,84066,Top Stop # 66 ( Chevron ),435-722-9940,2016,Roosevelt,UT,Chevron,( 1 mi W of town ),1128 US 40,Proper,,False,,False,US 40,,None,,
"D Lake Point , 84074 TravelCenters of America / Salt E )",801-250-8585 I-80 Exit 99 Lake City,TA 24 XL O <U+2610>,Lake Point,84074,TravelCenters of America / Salt E ),801-250-8585,2006,Tooele,UT,TravelCenters,,I-80 Exit 99 Lake City,Exit,99,False,,False,I-80,,None,,
"Lake Point , 84074 TravelCenters of America / SLC",801-250-8585 I-80 Exit 99 TA,24 O,Lake Point,84074,TravelCenters of America / SLC,801-250-8585,2007,Tooele,UT,TravelCenters,,I-80 Exit 99 TA,Exit,99,False,,False,I-80,,None,,
"ILake Point , 84074 TA- Salt Lake City ( Tesoro )",3 801-250-8585 I-80 Exit 99 TA,HRS 24 XL 24,Lake Point,84074,TA- Salt Lake City ( Tesoro ),801-250-8585,2008,Tooele,UT,Tesoro,,I-80 Exit 99 TA,Exit,99,False,,False,I-80,,None,,
D Lake Point ( 84074 ) TA Tooele # 060 ( Shell ),801-250-8585 I-80 Exit 99,A 24 <U+2610> XL,Lake Point,84074,TA Tooele # 060 ( Shell ),801-250-8585,2014,Tooele,UT,Shell,,I-80 Exit 99,Exit,99,False,,False,I-80,,None,,
D Lake Point ( 84074 ) TA Tooele # 060 ( Shell ),801-250-8585 I-80 Exit 99,ZA 24 <U+2610> XL,Lake Point,84074,TA Tooele # 060 ( Shell ),801-250-8585,2015,Tooele,UT,Shell,,I-80 Exit 99,Exit,99,False,,False,I-80,,None,,
D Lake Point ( 84074 ) TA Tooele # 060 ( Shell ) Z,801-250-8585 I-80 Exit 99,Z XL,Lake Point,84074,TA Tooele # 060 ( Shell ) Z,801-250-8585,2016,Tooele,UT,Shell,,I-80 Exit 99,Exit,99,False,,False,I-80,,None,,
"Lake Point , 84074 Flying J Travel Plaza # 0500015",801-508-7400 I-80 Exit 99,,Lake Point,84074,Flying J Travel Plaza # 0500015,801-508-7400,2006,Tooele,UT,Flying J,,I-80 Exit 99,Exit,99,False,,False,I-80,,None,,
Flying J Travel Plaza # 0500015,"GLake 3801-508-7400 Point , 84074 I-80 Exit 99 #",24,,84074,15,801-508-7400,2007,Tooele,UT,,,"Point, I-80 Exit 99 #",Exit,99,False,,False,I-80,,None,,
"D Lake Point , 84074 Flying J Travel",3 801-508-7400 I-80 Exit 99 Plaza # 0500015 B,24 HRS XL,Lake Point,84074,Flying J Travel,801-508-7400,2008,Tooele,UT,Flying J,,I-80 Exit 99 Plaza # 0500015 B,Exit,99,False,,False,I-80,,None,,
D Lake Point ( 84074 ) Flying J Travel Plaza # 742,801-508-7400 I-80 Exit 99,24,Lake Point,84074,Flying J Travel Plaza # 742,801-508-7400,2014,Tooele,UT,Flying J,,I-80 Exit 99,Exit,99,False,,False,I-80,,None,,
D Lake Point ( 84074 ) Flying J Travel Plaza # 742,801-508-7400 I-80 Exit 99 FLYING,FLYING 24 XL 24 5:04,Lake Point,84074,Flying J Travel Plaza # 742,801-508-7400,2015,Tooele,UT,Flying J,,I-80 Exit 99 FLYING,Exit,99,False,,False,I-80,,None,,
D Lake Point ( 84074 ) Flying J Travel Plaza # 742 FLYING J,3 801-508-7400 I-80 Exit 99,J 24 X 24,Lake Point,84074,Flying J Travel Plaza # 742 FLYING J,801-508-7400,2016,Tooele,UT,Flying J,,I-80 Exit 99,Exit,99,False,,False,I-80,,None,,
"Vernal , 84078 Top Stop # 40 ( Sinclair )",435-789-8292 1355 US 40 E,S,Vernal,84078,Top Stop # 40 ( Sinclair ),435-789-8292,2006,Vernal,UT,Sinclair,,1355 US 40 E,Proper,,False,,False,US 40,,None,,
"D Vernal , 84078 Top Stop # 40 ( Sinclair )",435-789-8292 1355 US 40 E,S <U+2610> -,Vernal,84078,Top Stop # 40 ( Sinclair ),435-789-8292,2007,Vernal,UT,Sinclair,,1355 US 40 E,Proper,,False,,False,US 40,,None,,
"D Vernal , 84078 Top Stop # 40 (",435-789-8292 1355 US 40 E Sinclair ),24 HAS S,Vernal,84078,Top Stop # 40 (,435-789-8292,2008,Vernal,UT,,,1355 US 40 E Sinclair ,Proper,,False,,False,US 40,,None,,
D Vernal ( 84078 ) Top Stop # 40 ( Chevron ),6 435-789-8292 1355 US 40 E,24 SO <U+2610> <U+2610><U+2610>,Vernal,84078,Top Stop # 40 ( Chevron ),435-789-8292,2014,Vernal,UT,Chevron,,1355 US 40 E,Proper,,False,,False,US 40,,None,,
D Vernal ( 84078 ) Top Stop # 40 ( Chevron ),435-789-8292 1355 US 40 E,24 S <U+25A1>,Vernal,84078,Top Stop # 40 ( Chevron ),435-789-8292,2015,Vernal,UT,Chevron,,1355 US 40 E,Proper,,False,,False,US 40,,None,,
Vernal ( 84078 ) Top Stop # 40 ( Chevron ),435-789-8292 1355 US 40 E,24 OSO D,Vernal,84078,Top Stop # 40 ( Chevron ),435-789-8292,2016,Vernal,UT,Chevron,,1355 US 40 E,Proper,,False,,False,US 40,,None,,
"Woods Cross , 84087 RB's One Stop ( 66 )",801-295-3241 I-15 Exit 316 ( 500 S ),HRS 24,Woods Cross,84087,RB's One Stop ( 66 ),801-295-3241,2006,Woods Cross,UT,,( 500 S ),I-15 Exit 316 ,Exit,316,False,,False,I-15,,None,,
"Cross , 84087 RB's One Stop ( 66 )",DWoods 3801-295-3241 I-15 Exit 316 ( 500 S ),24 SO,Cross,84087,RB's One Stop ( 66 ),801-295-3241,2007,Woods Cross,UT,,( 500 S ),I-15 Exit 316 ,Exit,316,False,,False,I-15,,None,,
"Woods Cross , 84087 RB's One Stop ( 66 )",3 801-295-3241 I-15 Exit 316 ( 500 S ),24 S <U+2610>,Woods Cross,84087,RB's One Stop ( 66 ),801-295-3241,2008,Woods Cross,UT,,( 500 S ),I-15 Exit 316 ,Exit,316,False,,False,I-15,,None,,
Woods Cross ( 84087 ) RB's One Stop ( 66 ) S ),801-295-3241 I-15 Exit 316 ( 500 S ),24 S,Woods Cross,84087,RB's One Stop ( 66 ) S ),801-295-3241,2014,Woods Cross,UT,,( 500 S ),I-15 Exit 316 ,Exit,316,False,,False,I-15,,None,,
D Woods Cross ( 84087 ) RB's One Stop ( 66 ),801-295-3241 I-15 Exit 316 ( 500 S ),24 S O,Woods Cross,84087,RB's One Stop ( 66 ),801-295-3241,2015,Woods Cross,UT,,( 500 S ),I-15 Exit 316 ,Exit,316,False,,False,I-15,,None,,
Woods Cross ( 84087 ) RB's One Stop ( 66 ),801-295-3241 I-15 Exit 316 ( 500 S ),24 S O,Woods Cross,84087,RB's One Stop ( 66 ),801-295-3241,2016,Woods Cross,UT,,( 500 S ),I-15 Exit 316 ,Exit,316,False,,False,I-15,,None,,
"ISalt Lake City ( W ) , 84104 Dunn Oil # 2 ( Chevron )",801-975-7188 I-215 Exit 21 ( California Ave E ),24 HRS MO 000,Salt Lake City,84104,Dunn Oil # 2 ( Chevron ),801-975-7188,2006,Salt Lake City,UT,Chevron,( California Ave E ),I-215 Exit 21 ,Exit,21,False,,False,I-215,,None,,
Salt Lake City ( W ) Dunn Oil # 2 ( Chevron ),801-975-7188 I-215 Exit 21 ( California Ave E ),24 MO,,84104,,801-975-7188,2007,Salt Lake City,UT,,( California Ave E ),I-215 Exit 21 ,Exit,21,False,,False,I-215,,None,,
),"31801-975-7188 Salt Lake City ( W ) , 84104 I-215 Dunn Exit Oil # 21 2 ( Chevron ( California Ave E )",24 Sm,,84104,,801-975-7188,2008,Salt Lake City,UT,,"( W ) , 84104 I-215 Dunn Exit Oil # 21 2 ( Chevron ( California Ave E )",Salt Lake City,empty,,False,,False,Salt Lake,,None,,
D Salt Lake City ( West ) ( 84104 ) Dunn Oil # 2 7-11 ( Tesoro ),3 801-975-7188 I-215 Exit 21 ( California Ave E ),24 D,Salt Lake City,84104,Dunn Oil # 2 7-11 ( Tesoro ),801-975-7188,2014,Salt Lake City,UT,Tesoro,( California Ave E ),I-215 Exit 21 ,Exit,21,False,,False,I-215,,None,,
Salt Lake City ( W ) ( 84104 ) Dunn Oil # 2 7-11 ( Tesoro ),801-975-7188 I-215 Exit 21 ( California Ave E ),24 <U+2610>,Salt Lake City,84104,Dunn Oil # 2 7-11 ( Tesoro ),801-975-7188,2015,Salt Lake City,UT,Tesoro,( California Ave E ),I-215 Exit 21 ,Exit,21,False,,False,I-215,,None,,
Salt Lake City ( W ) ( 84104 ) Dunn Oil # 2 7-11 ( Chevron ),801-975-7188 I-215 Exit 21 ( California Ave E ),24 <U+25A1>,Salt Lake City,84104,Dunn Oil # 2 7-11 ( Chevron ),801-975-7188,2016,Salt Lake City,UT,Chevron,( California Ave E ),I-215 Exit 21 ,Exit,21,False,,False,I-215,,None,,
"Lake City ( W ) , 84104 Sapp Bros. Truck Stop ( Sinclair )",DSalt 3801-977-3900 I-215 Exit 21 ( California Ave E ),24 HRS K 24,Lake City,84104,Sapp Bros. Truck Stop ( Sinclair ),801-977-3900,2006,Salt Lake City,UT,Sinclair,( California Ave E ),I-215 Exit 21 ,Exit,21,False,,False,I-215,,None,,
Salt Lake City ( W ) Sapp Bros. Truck Stop ( Sinclair ),801-977-3900 I-215 Exit 21 ( California Ave E ),XL 444,,84104,,801-977-3900,2007,Salt Lake City,UT,,( California Ave E ),I-215 Exit 21 ,Exit,21,False,,False,I-215,,None,,
"Salt Lake City ( W ) , 84104 Sapp Bros. Travel Center ( Sinclair ) 24",3 801-977-3900 I-215 Exit 21 ( California Ave E ),24 XL 24,Salt Lake City,84104,Sapp Bros. Travel Center ( Sinclair ) 24,801-977-3900,2008,Salt Lake City,UT,Sinclair,( California Ave E ),I-215 Exit 21 ,Exit,21,False,,False,I-215,,None,,
D Salt Lake City ( West ) ( 84104 ) Sapp Bros. - Salt Lake City ( Sinclair ),801-977-3900 I-215 Exit 21 ( California Ave E ),) 24 <U+2610> XL,Salt Lake City,84104,Sapp Bros. - Salt Lake City ( Sinclair ),801-977-3900,2014,Salt Lake City,UT,Sinclair,( California Ave E ),I-215 Exit 21 ,Exit,21,False,,False,I-215,,None,,
Salt Lake City ( W ) ( 84104 ) Sapp Bros. - Salt Lake City ( Sinclair ),801-977-3900 I-215 Exit 21 ( California Ave E ),24 <U+25A1> XL,Salt Lake City,84104,Sapp Bros. - Salt Lake City ( Sinclair ),801-977-3900,2015,Salt Lake City,UT,Sinclair,( California Ave E ),I-215 Exit 21 ,Exit,21,False,,False,I-215,,None,,
D Salt Lake City ( W ) ( 84104 ) Sapp Bros. - Salt Lake City ( Sinclair ),3 801-977-3900 I-215 Exit 21 ( California Ave E ),24 D XL 24,Salt Lake City,84104,Sapp Bros. - Salt Lake City ( Sinclair ),801-977-3900,2016,Salt Lake City,UT,Sinclair,( California Ave E ),I-215 Exit 21 ,Exit,21,False,,False,I-215,,None,,
"Salt Lake City , 84115 Premium Oil ( Chevron )",801-484-1662 I-15-80 Exit 305 B ( 2100 S ),<U+2610> <U+25A1> <U+25A1>,Salt Lake City,84115,Premium Oil ( Chevron ),801-484-1662,2006,Salt Lake City,UT,Chevron,( 2100 S ),I-15-80 Exit 305 B ,Exit,305,False,,False,I-15-80,,None,,
"City , 84115 Premium Oil ( Chevron )",D 31801-484-1662 Salt Lake I-15-80 Exit 305 B ( 2100 S ),n D,City,84115,Premium Oil ( Chevron ),801-484-1662,2007,Salt Lake City,UT,Chevron,( 2100 S ),Salt Lake I-15-80 Exit 305 B ,Exit,305,False,,False,I-15-80,,None,,
"Salt Lake City , 84115 Premium Oil ( Chevron )",801-484-1662 I-15-80 Exit 305 B ( 2100 S ),<U+2610><U+2610> <U+2610><U+2610> <U+2610>,Salt Lake City,84115,Premium Oil ( Chevron ),801-484-1662,2008,Salt Lake City,UT,Chevron,( 2100 S ),I-15-80 Exit 305 B ,Exit,305,False,,False,I-15-80,,None,,
D Salt Lake City ( 84115 ) Premium Oil # 1 ( Chevron ),801-484-1662 I-15-80 Exit 305 B ( 2100 S ),,Salt Lake City,84115,Premium Oil # 1 ( Chevron ),801-484-1662,2014,Salt Lake City,UT,Chevron,( 2100 S ),I-15-80 Exit 305 B ,Exit,305,False,,False,I-15-80,,None,,
D Salt Lake City ( 84115 ) Premium Oil # 1 ( Chevron ),3 801-484-1662 I-15-80 Exit 305 B ( 2100 S ),,Salt Lake City,84115,Premium Oil # 1 ( Chevron ),801-484-1662,2015,Salt Lake City,UT,Chevron,( 2100 S ),I-15-80 Exit 305 B ,Exit,305,False,,False,I-15-80,,None,,
Salt Lake City ( 84115 ) Premium Oil # 1 ( Chevron ),3 801-484-1662 I-15-80 Exit 305 B ( 2100 S ),D <U+2610> <U+2610>,Salt Lake City,84115,Premium Oil # 1 ( Chevron ),801-484-1662,2016,Salt Lake City,UT,Chevron,( 2100 S ),I-15-80 Exit 305 B ,Exit,305,False,,False,I-15-80,,None,,
,"<U+25A0><U+25A0> 3801-972-371181191-15-80 DSalt Lake City , 84119 Flying J Exit Travel 305 Plaza A ( UT # 201 0500007 W )",2400,,84119,,801-972-3711,2006,Salt Lake City,UT,,( UT # 201 0500007 W ),"81191-15-80 DSalt Lake City, Flying J Exit Travel 305 Plaza A",Exit,,True,unclear address_standardized_OFF_parenthesis,True,81191 15,,None,,
"Salt Lake City , 84119 Flying J Travel Plaza # 0500007",801-972-3711 I-15-80 Exit 305 A ( UT 201 W ),,Salt Lake City,84119,Flying J Travel Plaza # 0500007,801-972-3711,2007,Salt Lake City,UT,Flying J,( UT 201 W ),I-15-80 Exit 305 A ,Exit,305,False,,False,I-15-80,,None,,
"Salt Lake City , 84119 Flying J Travel Plaza # 0500007 24",3 801-972-3711 I-15-80 Exit 305 B ( UT 201 W ),24 24,Salt Lake City,84119,Flying J Travel Plaza # 0500007 24,801-972-3711,2008,Salt Lake City,UT,Flying J,( UT 201 W ),I-15-80 Exit 305 B ,Exit,305,False,,False,I-15-80,,None,,
D Salt Lake City ( 84119 ) Flying J Travel Plaza # 746,3 801-972-3711 I-15 X 305 B / I-80 WB X 122 / UT 201 EB X17,24 ==== 24 D,Salt Lake City,84119,Flying J Travel Plaza # 746,801-972-3711,2014,Salt Lake City,UT,Flying J,,I-15 X 305 B / I-80 WB X 122 / UT 201 EB X17,Exit,305,False,,False,I-15,,122,17,UT-201
D Salt Lake City ( 84119 ) Flying J Travel Plaza # 746 FLYING J,3 801-972-3711 I-15 X 305 B / I-80 WB X 122 / UT 201 EB X17,FLYING X17 J 24 LOO 24 <U+25A1><U+25A1><U+25A1>,Salt Lake City,84119,Flying J Travel Plaza # 746 FLYING J,801-972-3711,2015,Salt Lake City,UT,Flying J,,I-15 X 305 B / I-80 WB X 122 / UT 201 EB X17,Exit,305,False,,False,I-15,,122,17,UT-201
Salt Lake City ( 84119 ) Flying J Travel Plaza # 746 FLYING,801-972-3711 I-15 X 305 B / I-80 WB X 122 / UT 201 EB,FLYING X17 J 24,Salt Lake City,84119,Flying J Travel Plaza # 746 FLYING,801-972-3711,2016,Salt Lake City,UT,Flying J,,I-15 X 305 B / I-80 WB X 122 / UT 201 EB,Exit,305,False,,False,I-15,,122,201,UT-201
"Brigham City , 84302 Flying J Fuel Stop # 0001188","435-723-3924 I-15-84 Exit 362 ( US 91 , 1 mi E ) A",A - S,Brigham City,84302,Flying J Fuel Stop # 0001188,435-723-3924,2006,Brigham City,UT,Flying J,"( US 91 , 1 mi E ) A",I-15-84 Exit 362 ,Exit,362,False,,False,I-15-84,,None,,
"Brigham City , 84302 Flying J Fuel Stop # 0001188","435-723-3924 I-15-84 Exit 362 ( US 91 , 1 mi E )",24 HRS S L,Brigham City,84302,Flying J Fuel Stop # 0001188,435-723-3924,2007,Brigham City,UT,Flying J,"( US 91 , 1 mi E )",I-15-84 Exit 362 ,Exit,362,False,,False,I-15-84,,None,,
"Brigham City , 84302 Flying J Fuel Stop # 0001188","435-723-3924 I-15-84 Exit 362 ( US 91 , 1 mi E )",HRS 24 S,Brigham City,84302,Flying J Fuel Stop # 0001188,435-723-3924,2008,Brigham City,UT,Flying J,"( US 91 , 1 mi E )",I-15-84 Exit 362 ,Exit,362,False,,False,I-15-84,,None,,
Brigham City ( 84302 ) Fuel Stop ( 66 ),435-723-3924 I-15-84 Exit 362 ( 1 mi E - Medical Dr N ),Dr N ) 24 22 S,Brigham City,84302,Fuel Stop ( 66 ),435-723-3924,2014,Brigham City,UT,,( 1 mi E - Medical Dr N ),I-15-84 Exit 362 ,Exit,362,False,,False,I-15-84,,None,,
Brigham City ( 84302 ) Bell's Fuel Stop ( 66 ),435-723-3924 I-15-84 Exit 362 ( 1 mi E - Medical Dr N ),N ) 24 12 SO,Brigham City,84302,Bell's Fuel Stop ( 66 ),435-723-3924,2015,Brigham City,UT,,( 1 mi E - Medical Dr N ),I-15-84 Exit 362 ,Exit,362,False,,False,I-15-84,,None,,
Brigham City ( 84302 ) Bell's Fuel Stop ( 66 ),3 435-723-3924 I-15-84 Exit 362 ( 1 mi E - Medical Dr N ),S 24 <U+25A1>,Brigham City,84302,Bell's Fuel Stop ( 66 ),435-723-3924,2016,Brigham City,UT,,( 1 mi E - Medical Dr N ),I-15-84 Exit 362 ,Exit,362,False,,False,I-15-84,,None,,
"Logan , 84321 LW's Truck Stop ( Texaco )",435-753-7461 1000 UT 30 W,24 HRS M -,Logan,84321,LW's Truck Stop ( Texaco ),435-753-7461,2006,Logan,UT,Texaco,,1000 UT 30 W,Proper,,False,,False,UT 30,,None,,
"Logan , 84321 LW's Truck Stop ( Texaco )",435-753-7461 1000 UT 30 W,,Logan,84321,LW's Truck Stop ( Texaco ),435-753-7461,2007,Logan,UT,Texaco,,1000 UT 30 W,Proper,,False,,False,UT 30,,None,,
"Logan , 84321 LW's Truck Stop ( Texaco",3 435-753-7461 1000 UT 30 W ),HRS 24 S <U+2610> <U+2610> <U+2610> <U+2610> <U+2610>,Logan,84321,LW's Truck Stop ( Texaco,435-753-7461,2008,Logan,UT,Texaco,,1000 UT 30 W ,Proper,,False,,False,UT 30,,None,,
Logan ( 84321 ) LW's Truck Stop ( Texaco ),435-753-7461 1020 UT 30 W & UT 252,24 MOO,Logan,84321,LW's Truck Stop ( Texaco ),435-753-7461,2014,Logan,UT,Texaco,,1020 UT 30 W & UT 252,Proper,,False,,False,UT 30,UT 252,None,,
Logan ( 84321 ) LW's Truck Stop ( Chevron ),435-753-7461 1020 UT 30 W & UT 252,24 M,Logan,84321,LW's Truck Stop ( Chevron ),435-753-7461,2015,Logan,UT,Chevron,,1020 UT 30 W & UT 252,Proper,,False,,False,UT 30,UT 252,None,,
Logan ( 84321 ) LW's Truck Stop ( Chevron ),435-753-7461 1020 UT 30 W & UT 252,24 M 24,Logan,84321,LW's Truck Stop ( Chevron ),435-753-7461,2016,Logan,UT,Chevron,,1020 UT 30 W & UT 252,Proper,,False,,False,UT 30,UT 252,None,,
"Snowville , 84336 Flying J Fuel Stop # 0011139",435-872-8181 I-84 Exit 7,MO,Snowville,84336,Flying J Fuel Stop # 0011139,435-872-8181,2006,Snowville,UT,Flying J,,I-84 Exit 7,Exit,7,False,,False,I-84,,None,,
"B Snowville , 84336 Flying J Fuel Stop # 0011139",435-872-8181 I-84 Exit 7,M,Snowville,84336,Flying J Fuel Stop # 0011139,435-872-8181,2007,Snowville,UT,Flying J,,I-84 Exit 7,Exit,7,False,,False,I-84,,None,,
"B Snowville , 84336 Flying J Fuel Stop # 0011139",435-872-8181 I-84 Exit 7,24 M,Snowville,84336,Flying J Fuel Stop # 0011139,435-872-8181,2008,Snowville,UT,Flying J,,I-84 Exit 7,Exit,7,False,,False,I-84,,None,,
B Snowville ( 84336 ) Flying J Fuel Stop # 774,435-872-8181 I-84 Exit 7,24 MOD,Snowville,84336,Flying J Fuel Stop # 774,435-872-8181,2014,Snowville,UT,Flying J,,I-84 Exit 7,Exit,7,False,,False,I-84,,None,,
435-649-9243 Snowville ( 84336 ) I-80 Flying Exit J Fuel 146 ( Stop US 40 # 774 ),435-872-8181 I-84 Exit 7 FLYING,FLYING 24 M,Snowville,84336,I-80 Flying Exit J Fuel 146 ( Stop US 40 # 774 ),435-872-8181,2015,Snowville,UT,,,I-84 Exit 7 FLYING,Exit,7,False,,False,I-84,,None,,
B Snowville ( 84336 ) Flying J Fuel Stop # 774,435-872-8181 I-84 Exit 7,FLYING J 24 0240,Snowville,84336,Flying J Fuel Stop # 774,435-872-8181,2016,Snowville,UT,Flying J,,I-84 Exit 7,Exit,7,False,,False,I-84,,None,,
"Tremonton , 84337 RJ's Fuel Stop ( Sinclair )",435-257-3530 I-84 Exit 40 ( 2267 W UT 30 ),<U+2610> MOO,Tremonton,84337,RJ's Fuel Stop ( Sinclair ),435-257-3530,2006,Tremonton,UT,Sinclair,( 2267 W UT 30 ),I-84 Exit 40 ,Exit,40,False,,False,I-84,,None,,
"C Tremonton , 84337 RJ's Fuel Stop ( Sinclair )",435-257-3530 I-84 Exit 40 ( 2267 W UT 30 ),24 MOO L,Tremonton,84337,RJ's Fuel Stop ( Sinclair ),435-257-3530,2007,Tremonton,UT,Sinclair,( 2267 W UT 30 ),I-84 Exit 40 ,Exit,40,False,,False,I-84,,None,,
"C Tremonton , 84337 RJ's Fuel Stop ( Sinclair )",3 435-257-3530 I-84 Exit 40 ( UT 102 E ),124 M,Tremonton,84337,RJ's Fuel Stop ( Sinclair ),435-257-3530,2008,Tremonton,UT,Sinclair,( UT 102 E ),I-84 Exit 40 ,Exit,40,False,,False,I-84,,None,,
C Tremonton ( 84337 ) RJ's Fuel Stop ( Sinclair ),435-257-3530 I-84 Exit 40 ( UT 102 E ),24 <U+25A1>,Tremonton,84337,RJ's Fuel Stop ( Sinclair ),435-257-3530,2014,Tremonton,UT,Sinclair,( UT 102 E ),I-84 Exit 40 ,Exit,40,False,,False,I-84,,None,,
Tremonton ( 84337 ) RJ's Fuel Stop ( Sinclair ),435-257-3530 I-84 Exit 40 ( UT 102 E ),AMDEST 24 L,Tremonton,84337,RJ's Fuel Stop ( Sinclair ),435-257-3530,2015,Tremonton,UT,Sinclair,( UT 102 E ),I-84 Exit 40 ,Exit,40,False,,False,I-84,,None,,
Tremonton ( 84337 ) RJ's Fuel Stop ( Sinclair ),3 435-257-3530 I-84 Exit 40 ( UT 102 E ),<U+2610> 020,Tremonton,84337,RJ's Fuel Stop ( Sinclair ),435-257-3530,2016,Tremonton,UT,Sinclair,( UT 102 E ),I-84 Exit 40 ,Exit,40,False,,False,I-84,,None,,
"Elwood , 84337 Exxon Travel Center",435-257-4710 I-15 Exit 376 ( UT 13 N ),24 HRS 465 S <U+2610>,Elwood,84337,Exxon Travel Center,435-257-4710,2006,Tremonton,UT,Exxon,( UT 13 N ),I-15 Exit 376 ,Exit,376,False,,False,I-15,,None,,
"CElwood , 84337 Exxon Travel Center",435-257-4710 I-15 Exit 376 ( UT 13 N ),+ S S <U+2610>,Elwood,84337,Exxon Travel Center,435-257-4710,2007,Tremonton,UT,Exxon,( UT 13 N ),I-15 Exit 376 ,Exit,376,False,,False,I-15,,None,,
"Elwood , 84337 Exxon Travel Center",435-257-4710 I-15 Exit 376 ( UT 13 N ),24 S [ ],Elwood,84337,Exxon Travel Center,435-257-4710,2008,Tremonton,UT,Exxon,( UT 13 N ),I-15 Exit 376 ,Exit,376,False,,False,I-15,,None,,
Elwood ( 84337 ) Sunmart # 979 ( Texaco ),435-257-4710 I-15 Exit 376 ( UT 13 N ),24 S <U+25A1> <U+25A1>,Elwood,84337,Sunmart # 979 ( Texaco ),435-257-4710,2014,Tremonton,UT,Texaco,( UT 13 N ),I-15 Exit 376 ,Exit,376,False,,False,I-15,,None,,
Elwood ( 84337 ) Sunmart # 979 ( Texaco ),435-257-4710 I-15 Exit 376 ( UT 13 N ),24 S <U+25A1> <U+25A1>,Elwood,84337,Sunmart # 979 ( Texaco ),435-257-4710,2015,Tremonton,UT,Texaco,( UT 13 N ),I-15 Exit 376 ,Exit,376,False,,False,I-15,,None,,
Elwood ( 84337 ) Sunmart # 979 ( Texaco ),435-257-4710 I-15 Exit 376 ( UT 13 N ),24 <U+2610> S <U+25A1> <U+2610> <U+2610> <U+25A1>,Elwood,84337,Sunmart # 979 ( Texaco ),435-257-4710,2016,Tremonton,UT,Texaco,( UT 13 N ),I-15 Exit 376 ,Exit,376,False,,False,I-15,,None,,
"Tremonton , 84337 Golden Spike Travel Plaza ( Chevron )",435-257-7249 I-84 Exit 40 ( 24.10 W UT 30 ),MOO S <U+2610>,Tremonton,84337,Golden Spike Travel Plaza ( Chevron ),435-257-7249,2006,Tremonton,UT,Chevron,( 24.10 W UT 30 ),I-84 Exit 40 ,Exit,40,False,,False,I-84,,None,,
"Tremonton , 84337 Golden Spike Travel Plaza ( Chevron )",C 3435-257-7249 I-84 Exit 40 ( 2410 W UT 30 ),) 24 MOO,Tremonton,84337,Golden Spike Travel Plaza ( Chevron ),435-257-7249,2007,Tremonton,UT,Chevron,( 2410 W UT 30 ),I-84 Exit 40 ,Exit,40,False,,False,I-84,,None,,
"C Tremonton , 84337 Golden Spike Travel Plaza ( Chevron )",435-257-7249 I-84 Exit 40 ( UT 102 E ),) 00 24 : 3 M 00,Tremonton,84337,Golden Spike Travel Plaza ( Chevron ),435-257-7249,2008,Tremonton,UT,Chevron,( UT 102 E ),I-84 Exit 40 ,Exit,40,False,,False,I-84,,None,,
C Tremonton ( 84337 ) Golden Spike Travel Plaza ( Chevron ),435-257-7249 I-84 Exit 40 ( UT 102 E ),24 S,Tremonton,84337,Golden Spike Travel Plaza ( Chevron ),435-257-7249,2014,Tremonton,UT,Chevron,( UT 102 E ),I-84 Exit 40 ,Exit,40,False,,False,I-84,,None,,
Tremonton ( 84337 ) Golden Spike Travel Plaza ( Chevron ),3 435-257-7249 I-84 Exit 40 ( UT 102 E ),24 SO,Tremonton,84337,Golden Spike Travel Plaza ( Chevron ),435-257-7249,2015,Tremonton,UT,Chevron,( UT 102 E ),I-84 Exit 40 ,Exit,40,False,,False,I-84,,None,,
C Tremonton ( 84337 ) Golden Spike Travel Plaza ( Chevron ),435-257-7249 I-84 Exit 40 ( UT 102 E ),24 SO,Tremonton,84337,Golden Spike Travel Plaza ( Chevron ),435-257-7249,2016,Tremonton,UT,Chevron,( UT 102 E ),I-84 Exit 40 ,Exit,40,False,,False,I-84,,None,,
"Willard , 84340 Flying J Travel Plaza # 0001125",435-723-1010 I-15-84 Exit 357,M,Willard,84340,Flying J Travel Plaza # 0001125,435-723-1010,2006,Willard,UT,Flying J,,I-15-84 Exit 357,Exit,357,False,,False,I-15-84,,None,,
", 84340 Flying J Travel Plaza # 0001125",CWillard 3435-723-1010 I-15-84 Exit 357,M,,84340,Flying J Travel Plaza # 0001125,435-723-1010,2007,Willard,UT,Flying J,,I-15-84 Exit 357,Exit,357,False,,False,I-15-84,,None,,
"Willard , 84340 Flying J Travel Plaza # 0001125 )",3 435-723-1010 I-15-84 Exit 357 <U+00D8>,HRS 24 24,Willard,84340,Flying J Travel Plaza # 0001125 ),435-723-1010,2008,Willard,UT,Flying J,,I-15-84 Exit 357 <U+00D8>,Exit,357,False,,False,I-15-84,,None,,
Willard ( 84340 ) Flying J Travel Plaza # 748 1 ( WB - UT ),435-723-1010 I-15-84 Exit 357,DOM <U+2610>,Willard,84340,Flying J Travel Plaza # 748 1 ( WB - UT ),435-723-1010,2014,Willard,UT,Flying J,,I-15-84 Exit 357,Exit,357,False,,False,I-15-84,,None,,
Willard ( 84340 ) Flying J Travel Plaza # 748,3 435-723-1010 I-15-84 Exit 357 FLYING J,J 24 M,Willard,84340,Flying J Travel Plaza # 748,435-723-1010,2015,Willard,UT,Flying J,,I-15-84 Exit 357 FLYING J,Exit,357,False,,False,I-15-84,,None,,
Willard ( 84340 ) Flying J Travel Plaza # 748 FLYING,3 435-723-1010 I-15-84 Exit 357,24 DOMO <U+2610>,Willard,84340,Flying J Travel Plaza # 748 FLYING,435-723-1010,2016,Willard,UT,Flying J,,I-15-84 Exit 357,Exit,357,False,,False,I-15-84,,None,,
"Ogden , 84401 Flying J Travel Plaza # 0500001",801-399-5577 I-15-84 Exit 343 ( UT 104 E ),45,Ogden,84401,Flying J Travel Plaza # 0500001,801-399-5577,2006,Ogden,UT,Flying J,( UT 104 E ),I-15-84 Exit 343 ,Exit,343,False,,False,I-15-84,,None,,
"Ogden , 84401 J Travel Plaza # 0500001",801-399-5577 I-15-84 Flying Exit 343 ( UT 104 E ),24 T,Ogden,84401,J Travel Plaza # 0500001,801-399-5577,2007,Ogden,UT,,( UT 104 E ),I-15-84 Flying Exit 343 ,Exit,343,False,,False,I-15-84,,None,,
"Ogden , 84401 Flying J Travel Plaza # 0500001 .",801-399-5577 I-15-84 Exit 343 ( UT 104 E ),) <U+2610> <U+2610> <U+2610> <U+2610>,Ogden,84401,Flying J Travel Plaza # 0500001 .,801-399-5577,2008,Ogden,UT,Flying J,( UT 104 E ),I-15-84 Exit 343 ,Exit,343,False,,False,I-15-84,,None,,
Ogden ( 84401 ) Flying J Travel UT Plaza 28 SE # 744 ),3 801-399-5577 I-15-84 Exit 343 ( UT 104 E ),24 XL 24,Ogden,84401,Flying J Travel UT Plaza 28 SE # 744 ),801-399-5577,2014,Ogden,UT,Flying J,( UT 104 E ),I-15-84 Exit 343 ,Exit,343,False,,False,I-15-84,,None,,
Ogden ( 84401 ) Flying J Travel Plaza # 744,801-399-5577 I-15-84 Exit 343 ( UT 104 E ) FLYING,FLYING J 24 X 24,Ogden,84401,Flying J Travel Plaza # 744,801-399-5577,2015,Ogden,UT,Flying J,( UT 104 E ) FLYING,I-15-84 Exit 343 ,Exit,343,False,,False,I-15-84,,None,,
Ogden ( 84401 ) Flying J Travel Plaza # 744,3 801-399-5577 I-15-84 Exit 343 ( UT 104 E ) FLYING,XL 24,Ogden,84401,Flying J Travel Plaza # 744,801-399-5577,2016,Ogden,UT,Flying J,( UT 104 E ) FLYING,I-15-84 Exit 343 ,Exit,343,False,,False,I-15-84,,None,,
"Ogden , 84401 Pilot Travel Center # 294 104 E )",801-731-2900 I-15-84 Exit 344 ( UT ),124,Ogden,84401,Pilot Travel Center # 294 104 E ),801-731-2900,2006,Ogden,UT,Pilot,( UT ),I-15-84 Exit 344 ,Exit,344,False,,False,I-15-84,,None,,
"Ogden , 84401 Pilot Travel Center # 294",801-731-2900 I-15-84 Exit 344 ( UT 39 ),M,Ogden,84401,Pilot Travel Center # 294,801-731-2900,2007,Ogden,UT,Pilot,( UT 39 ),I-15-84 Exit 344 ,Exit,344,False,,False,I-15-84,,None,,
"Ogden , 84401 Pilot Travel Center # 294",3 801-731-2900 I-15-84 Exit 344 ( UT 39 ),24 M,Ogden,84401,Pilot Travel Center # 294,801-731-2900,2008,Ogden,UT,Pilot,( UT 39 ),I-15-84 Exit 344 ,Exit,344,False,,False,I-15-84,,None,,
Ogden ( 84401 ) Pilot Travel Center ( UT # 294 104 W ),3 801-731-2900 I-15-84 Exit 344 ( UT 39 W ),Plot 24 MO,Ogden,84401,Pilot Travel Center ( UT # 294 104 W ),801-731-2900,2014,Ogden,UT,Pilot,( UT 39 W ),I-15-84 Exit 344 ,Exit,344,False,,False,I-15-84,,None,,
Ogden ( 84401 ) Pilot Travel Center # 294,801-731-2900 I-15-84 Exit 344 ( UT 39 W ) Pilot,24 M,Ogden,84401,Pilot Travel Center # 294,801-731-2900,2015,Ogden,UT,Pilot,( UT 39 W ) Pilot,I-15-84 Exit 344 ,Exit,344,False,,False,I-15-84,,None,,
Ogden ( 84401 ) Pilot Travel Center # 294,801-731-2900 I-15-84 Exit 344 ( UT 39 W ),Pilot 24 <U+2610> MO,Ogden,84401,Pilot Travel Center # 294,801-731-2900,2016,Ogden,UT,Pilot,( UT 39 W ),I-15-84 Exit 344 ,Exit,344,False,,False,I-15-84,,None,,
"Ogden , 84401 Super Stop ( Texaco ) E )",801-731-3437 I-15-84 Exit 343 (,S <U+2610> <U+2610>,Ogden,84401,Super Stop ( Texaco ) E ),801-731-3437,2006,Ogden,UT,Texaco,(,I-15-84 Exit 343 ,Exit,343,False,,False,I-15-84,,None,,
"Ogden , 84401 Super Stop ( Texaco )",801-731-3437 I-15-84 Exit 343 ( UT 104 W ),24,Ogden,84401,Super Stop ( Texaco ),801-731-3437,2007,Ogden,UT,Texaco,( UT 104 W ),I-15-84 Exit 343 ,Exit,343,False,,False,I-15-84,,None,,
"Ogden , 84401 Super Stop ( Texaco )",3 801-731-3437 I-15-84 Exit 343 ( UT 104 W ),<U+2610> <U+2610> <U+2610> <U+2610> <U+2610>,Ogden,84401,Super Stop ( Texaco ),801-731-3437,2008,Ogden,UT,Texaco,( UT 104 W ),I-15-84 Exit 343 ,Exit,343,False,,False,I-15-84,,None,,
Ogden ( 84401 ) Super Stop ( Texaco ) 104 E ),3 801-731-3437 I-15-84 Exit 343 ( UT 104 W ),<U+25A1>,Ogden,84401,Super Stop ( Texaco ) 104 E ),801-731-3437,2014,Ogden,UT,Texaco,( UT 104 W ),I-15-84 Exit 343 ,Exit,343,False,,False,I-15-84,,None,,
Ogden ( 84401 ) Super Stop ( Shell ),3 801-731-3437 I-15-84 Exit 343 ( UT 104 W ),,Ogden,84401,Super Stop ( Shell ),801-731-3437,2015,Ogden,UT,Shell,( UT 104 W ),I-15-84 Exit 343 ,Exit,343,False,,False,I-15-84,,None,,
Ogden ( 84401 ) Super Stop ( Shell ),3 801-731-3437 I-15-84 Exit 343 ( UT 104 W ),<U+25A1>,Ogden,84401,Super Stop ( Shell ),801-731-3437,2016,Ogden,UT,Shell,( UT 104 W ),I-15-84 Exit 343 ,Exit,343,False,,False,I-15-84,,None,,
"Green River , 84525 West Winds Truck Stop ( Sinclair )",435-564-3495 I-70 Exit 160 EB / 164 WB,465,Green River,84525,West Winds Truck Stop ( Sinclair ),435-564-3495,2006,Green River,UT,Sinclair,,I-70 Exit 160 EB / 164 WB,Exit,160,False,,False,I-70,,164,,
"Green River , 84525 West Winds Truck Stop ( Sinclair )",435-564-3495 I-70 Exit 160 EB / 164 WB,24 HRS 484,Green River,84525,West Winds Truck Stop ( Sinclair ),435-564-3495,2007,Green River,UT,Sinclair,,I-70 Exit 160 EB / 164 WB,Exit,160,False,,False,I-70,,164,,
"Green River , 84525 West Winds Truck Stop ( Sinclair )",5 435-564-3495 I-70 Exit 160 EB / 164 WB,24 LO 24,Green River,84525,West Winds Truck Stop ( Sinclair ),435-564-3495,2008,Green River,UT,Sinclair,,I-70 Exit 160 EB / 164 WB,Exit,160,False,,False,I-70,,164,,
G Green River ( 84525 ) West Winds Truck Stop ( Pilot # 892 ),5 435-564-3495 I-70 Exit 160 EB / 164 WB,Pilot 24 22 24,Green River,84525,West Winds Truck Stop ( Pilot # 892 ),435-564-3495,2014,Green River,UT,Pilot,,I-70 Exit 160 EB / 164 WB,Exit,160,False,,False,I-70,,164,,
Green River ( 84525 ) West Winds Truck Stop ( Pilot # 892 ),435-564-3495 I-70 Exit 160 EB / 164 WB,plot 24 24,Green River,84525,West Winds Truck Stop ( Pilot # 892 ),435-564-3495,2015,Green River,UT,Pilot,,I-70 Exit 160 EB / 164 WB,Exit,160,False,,False,I-70,,164,,
G Green River ( 84525 ) West Winds Truck Stop ( Pilot # 892 ) Pilot,5 435-564-3495 I-70 Exit 160 EB / 164 WB,24 24,Green River,84525,West Winds Truck Stop ( Pilot # 892 ) Pilot,435-564-3495,2016,Green River,UT,Pilot,,I-70 Exit 160 EB / 164 WB,Exit,160,False,,False,I-70,,164,,
"Green River , 84525 Gas - N - Go # 13 ( Conoco )",435-564-8262 I-70 Exit 160,124 HRS,Green River,84525,Gas - N - Go # 13 ( Conoco ),435-564-8262,2006,Green River,UT,Conoco,,I-70 Exit 160,Exit,160,False,,False,I-70,,None,,
"Green River , 84525 Gas - N - Go # 13 ( Conoco )",435-564-8262 I-70 Exit 160,24 HRS,Green River,84525,Gas - N - Go # 13 ( Conoco ),435-564-8262,2007,Green River,UT,Conoco,,I-70 Exit 160,Exit,160,False,,False,I-70,,None,,
"G / Green River , 84525 Gas - N - Go # 13 ( Conoco )",5 435-564-8262 I-70 Exit 160,1013 24 L,/ Green River,84525,Gas - N - Go # 13 ( Conoco ),435-564-8262,2008,Green River,UT,Conoco,,I-70 Exit 160,Exit,160,False,,False,I-70,,None,,
Green River ( 84525 ) Gas - N - Go # 13 ( Conoco ),435-564-8262 I-70 Exit 160,22 24 XL,Green River,84525,Gas - N - Go # 13 ( Conoco ),435-564-8262,2014,Green River,UT,Conoco,,I-70 Exit 160,Exit,160,False,,False,I-70,,None,,
Green River ( 84525 ) Gas - N - Go # 13 ( Conoco ),435-564-8262 I-70 Exit 160,NATSN 24 XL O,Green River,84525,Gas - N - Go # 13 ( Conoco ),435-564-8262,2015,Green River,UT,Conoco,,I-70 Exit 160,Exit,160,False,,False,I-70,,None,,
G Green River ( 84525 ) Gas - N - Go # 13 ( Conoco ),435-564-8262 I-70 Exit 160,24 XL D O,Green River,84525,Gas - N - Go # 13 ( Conoco ),435-564-8262,2016,Green River,UT,Conoco,,I-70 Exit 160,Exit,160,False,,False,I-70,,None,,
"Monticello , 84535 Out West Food & Fuel ( Shell",435-587-2555 US 191 & US 491 ),,Monticello,84535,Out West Food & Fuel ( Shell,435-587-2555,2006,Monticello,UT,Shell,,US 191 & US 491 ,empty,,False,,False,US 191,US 491,None,,
"Monticello , 84535 Out West Food & Fuel ( Shell )",435-587-2555 US 191 & US 491,<U+25A1>,Monticello,84535,Out West Food & Fuel ( Shell ),435-587-2555,2007,Monticello,UT,Shell,,US 191 & US 491,empty,,False,,False,US 191,US 491,None,,
"Monticello , 84535 Out West Food & Fuel ( Shell )",435-587-2555 US 191 & US 491,<U+2610> S <U+2610> <U+2610> <U+2610> <U+2610>,Monticello,84535,Out West Food & Fuel ( Shell ),435-587-2555,2008,Monticello,UT,Shell,,US 191 & US 491,empty,,False,,False,US 191,US 491,None,,
Monticello ( 84535 ) Out West Food & Fuel # 12 ( Shell ),435-587-2555 US 191 & US 491,M,Monticello,84535,Out West Food & Fuel # 12 ( Shell ),435-587-2555,2014,Monticello,UT,Shell,,US 191 & US 491,empty,,False,,False,US 191,US 491,None,,
Monticello ( 84535 ) 7 - Eleven ( Shell ),435-587-2555 US 191 & US 491,<U+25A1><U+25A1> M,Monticello,84535,7 - Eleven ( Shell ),435-587-2555,2015,Monticello,UT,Eleven,,US 191 & US 491,empty,,False,,False,US 191,US 491,None,,
Monticello ( 84535 ) 7 - Eleven ( Shell ),7 435-587-2555 US 191 & US 491,"24 "" M O",Monticello,84535,7 - Eleven ( Shell ),435-587-2555,2016,Monticello,UT,Eleven,,US 191 & US 491,empty,,False,,False,US 191,US 491,None,,
"F Delta , 84624 Hart's Fuel Stop ( 66 )",435-864-4671 US 6 & US 50,,Delta,84624,Hart's Fuel Stop ( 66 ),435-864-4671,2006,Delta,UT,,,US 6 & US 50,empty,,False,,False,US 6,US 50,None,,
"F Delta , 84624 Hart's Fuel Stop ( 66 )",435-864-4671 US 6 & US 50,,Delta,84624,Hart's Fuel Stop ( 66 ),435-864-4671,2007,Delta,UT,,,US 6 & US 50,empty,,False,,False,US 6,US 50,None,,
"Delta , 84624 Hart's Fuel Stop ( 66 ) )",435-864-4671 US 6 & US 50,<U+2610> <U+2610> <U+2610> <U+2610>,Delta,84624,Hart's Fuel Stop ( 66 ) ),435-864-4671,2008,Delta,UT,,,US 6 & US 50,empty,,False,,False,US 6,US 50,None,,
Delta ( 84624 ) Hart's Fuel Stop ( 66 ),3 435-864-4671 US 6 & US 50,<U+25A1>,Delta,84624,Hart's Fuel Stop ( 66 ),435-864-4671,2014,Delta,UT,,,US 6 & US 50,empty,,False,,False,US 6,US 50,None,,
Delta ( 84624 ) Hart's Fuel Stop,435-864-4671 US 6 & US 50,<U+25A1> <U+2610> <U+2610> <U+25A1> <U+25A1>,Delta,84624,Hart's Fuel Stop,435-864-4671,2015,Delta,UT,,,US 6 & US 50,empty,,False,,False,US 6,US 50,None,,
F Delta ( 84624 ) Chevron Fuel Stop,435-864-4671 US 6 & US 50,""" S <U+2610> <U+2610> <U+2610>",Delta,84624,Chevron Fuel Stop,435-864-4671,2016,Delta,UT,Chevron,,US 6 & US 50,empty,,False,,False,US 6,US 50,None,,
"Fillmore , 84631 Sinclair Retail # 43041",435-743-4823 I-15 Exit 163,HRS 24 M,Fillmore,84631,Sinclair Retail # 43041,435-743-4823,2006,Fillmore,UT,Sinclair,,I-15 Exit 163,Exit,163,False,,False,I-15,,None,,
"Fillmore , 84631 Sunmart ( Texaco )",435-743-4823 I-15 Exit 163,HRS 24  D,Fillmore,84631,Sunmart ( Texaco ),435-743-4823,2007,Fillmore,UT,Texaco,,I-15 Exit 163,Exit,163,False,,False,I-15,,None,,
"Fillmore , 84631 Sunmart # 807 ( Texaco",3 435-743-4823 I-15 Exit 163 ),HRS 24 M,Fillmore,84631,Sunmart # 807 ( Texaco,435-743-4823,2008,Fillmore,UT,Texaco,,I-15 Exit 163 ,Exit,163,False,,False,I-15,,None,,
Fillmore ( 84631 ) Sunmart # 807 ( Texaco ),435-743-4823 I-15 Exit 163,24 M,Fillmore,84631,Sunmart # 807 ( Texaco ),435-743-4823,2014,Fillmore,UT,Texaco,,I-15 Exit 163,Exit,163,False,,False,I-15,,None,,
Fillmore ( 84631 ) Sunmart # 807 ( Texaco ),435-743-4823 I-15 Exit 163,24 5201 MOO,Fillmore,84631,Sunmart # 807 ( Texaco ),435-743-4823,2015,Fillmore,UT,Texaco,,I-15 Exit 163,Exit,163,False,,False,I-15,,None,,
G Fillmore ( 84631 ) Sunmart # 807 ( Texaco ),3 435-743-4823 I-15 Exit 163,24 MOO O,Fillmore,84631,Sunmart # 807 ( Texaco ),435-743-4823,2016,Fillmore,UT,Texaco,,I-15 Exit 163,Exit,163,False,,False,I-15,,None,,
"Fillmore , 84631 Miller 66",435-743-6508 I-15 Exit 167,HRS 24 S,Fillmore,84631,Miller 66,435-743-6508,2006,Fillmore,UT,,,I-15 Exit 167,Exit,167,False,,False,I-15,,None,,
"Fillmore , 84631 Miller Chevron",435-743-6508 I-15 Exit 167,HRS,Fillmore,84631,Miller Chevron,435-743-6508,2007,Fillmore,UT,Chevron,,I-15 Exit 167,Exit,167,False,,False,I-15,,None,,
"Fillmore , 84631 Miller Chevron",3 435-743-6508 I-15 Exit 167,NRS 24 <U+25A1> S<U+2610><U+2610> <U+2610> <U+2610>,Fillmore,84631,Miller Chevron,435-743-6508,2008,Fillmore,UT,Chevron,,I-15 Exit 167,Exit,167,False,,False,I-15,,None,,
Fillmore ( 84631 ) Miller Chevron,3 435-743-6508 I-15 Exit 167,25 S,Fillmore,84631,Miller Chevron,435-743-6508,2014,Fillmore,UT,Chevron,,I-15 Exit 167,Exit,167,False,,False,I-15,,None,,
Fillmore ( 84631 ) Miller Chevron,3 435-743-6508 I-15 Exit 167,24 S,Fillmore,84631,Miller Chevron,435-743-6508,2015,Fillmore,UT,Chevron,,I-15 Exit 167,Exit,167,False,,False,I-15,,None,,
G Fillmore ( 84631 ) Miller Chevron,435-743-6508 I-15 Exit 167,24 S D,Fillmore,84631,Miller Chevron,435-743-6508,2016,Fillmore,UT,Chevron,,I-15 Exit 167,Exit,167,False,,False,I-15,,None,,
"Fillmore , 84631 Steve's Tire & Oil ( Sinclair )",435-743-6860 I-15 Exit 167 ( 1/4 mi S ),000 0,Fillmore,84631,Steve's Tire & Oil ( Sinclair ),435-743-6860,2006,Fillmore,UT,Sinclair,( 1/4 mi S ),I-15 Exit 167 ,Exit,167,False,,False,I-15,,None,,
"Fillmore , 84631 Steve's Tire & Oil ( Sinclair )",435-743-6860 I-15 Exit 167 ( 1/4 mi S ),<U+2610> <U+2610>,Fillmore,84631,Steve's Tire & Oil ( Sinclair ),435-743-6860,2007,Fillmore,UT,Sinclair,( 1/4 mi S ),I-15 Exit 167 ,Exit,167,False,,False,I-15,,None,,
"Fillmore , 84631 Steve's Tire & Oil ( Sinclair )",435-743-6860 I-15 Exit 167 ( 1/4 mi S ),<U+2610> <U+2610><U+2610> <U+2610>,Fillmore,84631,Steve's Tire & Oil ( Sinclair ),435-743-6860,2008,Fillmore,UT,Sinclair,( 1/4 mi S ),I-15 Exit 167 ,Exit,167,False,,False,I-15,,None,,
G Fillmore ( 84631 ) Steve's Tire & Oil ( Sinclair ),435-743-6860 I-15 Exit 167 ( 1/4 mi S ),<U+2610><U+2610>,Fillmore,84631,Steve's Tire & Oil ( Sinclair ),435-743-6860,2014,Fillmore,UT,Sinclair,( 1/4 mi S ),I-15 Exit 167 ,Exit,167,False,,False,I-15,,None,,
Fillmore ( 84631 ) Steve's Tire & Oil ( Sinclair ),3 435-743-6860 I-15 Exit 167 ( 1/4 mi S ),<U+25A1> <U+25A1>,Fillmore,84631,Steve's Tire & Oil ( Sinclair ),435-743-6860,2015,Fillmore,UT,Sinclair,( 1/4 mi S ),I-15 Exit 167 ,Exit,167,False,,False,I-15,,None,,
Fillmore ( 84631 ) Steve's Tire & Oil ( Sinclair ),435-743-6860 I-15 Exit 167 ( 1/4 mi S ),<U+25A1> <U+25A1> <U+25A1>,Fillmore,84631,Steve's Tire & Oil ( Sinclair ),435-743-6860,2016,Fillmore,UT,Sinclair,( 1/4 mi S ),I-15 Exit 167 ,Exit,167,False,,False,I-15,,None,,
"Meadow , 84644 Meadow Chevron & Food Mart",435-842-7132 I-15 Exit 158,,Meadow,84644,Meadow Chevron & Food Mart,435-842-7132,2006,Meadow,UT,Chevron,,I-15 Exit 158,Exit,158,False,,False,I-15,,None,,
"Meadow , 84644 Meadow Chevron & Food Mart",435-842-7132 I-15 Exit 158,,Meadow,84644,Meadow Chevron & Food Mart,435-842-7132,2007,Meadow,UT,Chevron,,I-15 Exit 158,Exit,158,False,,False,I-15,,None,,
"Meadow , 84644 Meadow Food Mart",435-842-7132 I-15 Exit 158 ( Chevron ),<U+2610> SOO <U+2610>,Meadow,84644,Meadow Food Mart,435-842-7132,2008,Meadow,UT,,( Chevron ),I-15 Exit 158 ,Exit,158,False,,False,I-15,,None,,
Meadow ( 84644 ) Meadow Food Mart ( Conoco ),3 435-842-7132 I-15 Exit 158,SO <U+2610>,Meadow,84644,Meadow Food Mart ( Conoco ),435-842-7132,2014,Meadow,UT,Conoco,,I-15 Exit 158,Exit,158,False,,False,I-15,,None,,
G Meadow ( 84644 ) Meadow Food Mart ( Conoco ),3 435-842-7132 I-15 Exit 158,S <U+2610>,Meadow,84644,Meadow Food Mart ( Conoco ),435-842-7132,2015,Meadow,UT,Conoco,,I-15 Exit 158,Exit,158,False,,False,I-15,,None,,
Meadow ( 84644 ) Meadow Food Mart ( Conoco ),435-842-7132 I-15 Exit 158,<U+2610> S <U+2610> <U+2610>,Meadow,84644,Meadow Food Mart ( Conoco ),435-842-7132,2016,Meadow,UT,Conoco,,I-15 Exit 158,Exit,158,False,,False,I-15,,None,,
"E Nephi , 84648 Top Stop Truck Plaza ( Sinclair )",435-623-2085 I-15 Exit 222 ( 91st S ),24,Nephi,84648,Top Stop Truck Plaza ( Sinclair ),435-623-2085,2006,Nephi,UT,Sinclair,( 91st S ),I-15 Exit 222 ,Exit,222,False,,False,I-15,,None,,
"Nephi , 84648 Top Stop Truck Plaza ( Sinclair )",435-623-2085 I-15 Exit 222 ( 91st St S ),M,Nephi,84648,Top Stop Truck Plaza ( Sinclair ),435-623-2085,2007,Nephi,UT,Sinclair,( 91st St S ),I-15 Exit 222 ,Exit,222,False,,False,I-15,,None,,
"3435-623-2400 ENephi , 84648 I-15 Exit Stop 222 24",435-623-2085 5 Exit 222 Truck ( 91st Plaza St ( S Sinclair ) 2.4,2.4 mmm LO ME 24 D,Nephi,84648,I-15 Exit Stop 222 24,435-623-2085,2008,Nephi,UT,,( 91st Plaza St ( S Sinclair ) 2.4,5 Exit 222 Truck ,Exit,222,False,,False,5 222,,None,,
E Nephi ( 84648 ) Top Stop Truck Plaza 28 SE ( Sinclair ) ),3 435-623-2085 I-15 Exit 222 ( UT 28 SE ),24,Nephi,84648,Top Stop Truck Plaza 28 SE ( Sinclair ) ),435-623-2085,2014,Nephi,UT,Sinclair,( UT 28 SE ),I-15 Exit 222 ,Exit,222,False,,False,I-15,,None,,
E Nephi ( 84648 ) Top Stop Truck Plaza ( Sinclair ),435-623-2085 I-15 Exit 222 ( UT 28 SE ),ARBEST 24 MO,Nephi,84648,Top Stop Truck Plaza ( Sinclair ),435-623-2085,2015,Nephi,UT,Sinclair,( UT 28 SE ),I-15 Exit 222 ,Exit,222,False,,False,I-15,,None,,
Nephi ( 84648 ) Top Stop Truck Plaza ( Sinclair ),435-623-2085 I-15 Exit 222 ( UT 28 SE ),24,Nephi,84648,Top Stop Truck Plaza ( Sinclair ),435-623-2085,2016,Nephi,UT,Sinclair,( UT 28 SE ),I-15 Exit 222 ,Exit,222,False,,False,I-15,,None,,
"E Nephi , 84648 Flying J Travel Plaza # 0011196",435-623-2400 I-15 Exit 222,1,Nephi,84648,Flying J Travel Plaza # 0011196,435-623-2400,2006,Nephi,UT,Flying J,,I-15 Exit 222,Exit,222,False,,False,I-15,,None,,
"Nephi , 84648 J Travel Plaza # 0011196",435-623-2400 I-15 Flying Exit 222 #,,Nephi,84648,J Travel Plaza # 0011196,435-623-2400,2007,Nephi,UT,,,I-15 Flying Exit 222 #,Exit,222,False,,False,I-15,,None,,
"Nephi , 84648 Flying J 222 Travel Plaza # 0011196",435-623-2400 I-15 Exit 222,24 LO 24,Nephi,84648,Flying J 222 Travel Plaza # 0011196,435-623-2400,2008,Nephi,UT,Flying J,,I-15 Exit 222,Exit,222,False,,False,I-15,,None,,
E Nephi ( 84648 ) Flying J Travel Plaza # 743,435-623-2400 I-15 Exit 222 ( UT 28 NW ),24 L 24,Nephi,84648,Flying J Travel Plaza # 743,435-623-2400,2014,Nephi,UT,Flying J,( UT 28 NW ),I-15 Exit 222 ,Exit,222,False,,False,I-15,,None,,
E Nephi ( 84648 ) Flying J Travel Plaza # 743,435-623-2400 I-15 Exit 222 ( UT 28 NW ) FLYING,FLYING J L 24,Nephi,84648,Flying J Travel Plaza # 743,435-623-2400,2015,Nephi,UT,Flying J,( UT 28 NW ) FLYING,I-15 Exit 222 ,Exit,222,False,,False,I-15,,None,,
Nephi ( 84648 ) Flying J Travel Plaza # 743,435-623-2400 I-15 Exit 222 ( UT 28 NW ),FLYING J L 24 24,Nephi,84648,Flying J Travel Plaza # 743,435-623-2400,2016,Nephi,UT,Flying J,( UT 28 NW ),I-15 Exit 222 ,Exit,222,False,,False,I-15,,None,,
"E Nephi , 84648 Sunmart # 903 ( Texaco )",435-623-2644 I-15 Exit 222,S,Nephi,84648,Sunmart # 903 ( Texaco ),435-623-2644,2006,Nephi,UT,Texaco,,I-15 Exit 222,Exit,222,False,,False,I-15,,None,,
"Nephi , 84648 Sunmart # 903 ( Texaco )",435-623-2644 I-15 Exit 222,,Nephi,84648,Sunmart # 903 ( Texaco ),435-623-2644,2007,Nephi,UT,Texaco,,I-15 Exit 222,Exit,222,False,,False,I-15,,None,,
"Nephi , 84648 Sunmart # 903 ( Texaco )",3 435-623-2644 I-15 Exit 222,24 S <U+25A1> <U+25A1>,Nephi,84648,Sunmart # 903 ( Texaco ),435-623-2644,2008,Nephi,UT,Texaco,,I-15 Exit 222,Exit,222,False,,False,I-15,,None,,
E Nephi ( 84648 ) Sunmart # 903 ( Texaco 28 NW ) ),435-623-2644 I-15 Exit 222 ( UT 28 SE ),24 S <U+2610>,Nephi,84648,Sunmart # 903 ( Texaco 28 NW ) ),435-623-2644,2014,Nephi,UT,Texaco,( UT 28 SE ),I-15 Exit 222 ,Exit,222,False,,False,I-15,,None,,
E Nephi ( 84648 ) Sunmart # 903 ( Texaco ),3 435-623-2644 I-15 Exit 222 ( UT 28 SE ),24 S <U+2610>,Nephi,84648,Sunmart # 903 ( Texaco ),435-623-2644,2015,Nephi,UT,Texaco,( UT 28 SE ),I-15 Exit 222 ,Exit,222,False,,False,I-15,,None,,
Nephi ( 84648 ) Sunmart # 903 ( Texaco ),3 435-623-2644 I-15 Exit 222 ( UT 28 SE ),24 S 0,Nephi,84648,Sunmart # 903 ( Texaco ),435-623-2644,2016,Nephi,UT,Texaco,( UT 28 SE ),I-15 Exit 222 ,Exit,222,False,,False,I-15,,None,,
"Salina , 84654 Cash Saver # 4",435-529-3362 US 50 & UT 24,000 <U+2610>,Salina,84654,Cash Saver # 4,435-529-3362,2006,Salina,UT,,,US 50 & UT 24,empty,,False,,False,US 50,UT 24,None,,
"Salina , 84654 Cash Saver # 4 ( Sinclair )",435-529-3362 US 50 & UT 24,<U+2610>,Salina,84654,Cash Saver # 4 ( Sinclair ),435-529-3362,2007,Salina,UT,Sinclair,,US 50 & UT 24,empty,,False,,False,US 50,UT 24,None,,
"Salina , 84654 Cash Saver # 4 ( Chevron )",3 435-529-3362 US 50 & UT 24,00 <U+2610><U+2610>,Salina,84654,Cash Saver # 4 ( Chevron ),435-529-3362,2008,Salina,UT,Chevron,,US 50 & UT 24,empty,,False,,False,US 50,UT 24,None,,
G Salina ( 84654 ) Premium Oil # 4 ( Chevron ),3 435-529-3362 US 50 & UT 24,<U+25A1>,Salina,84654,Premium Oil # 4 ( Chevron ),435-529-3362,2014,Salina,UT,Chevron,,US 50 & UT 24,empty,,False,,False,US 50,UT 24,None,,
G Salina ( 84654 ) Premium Oil # 4 ( Chevron ),435-529-3362 US 50 & UT 24,<U+2610> <U+2610>,Salina,84654,Premium Oil # 4 ( Chevron ),435-529-3362,2015,Salina,UT,Chevron,,US 50 & UT 24,empty,,False,,False,US 50,UT 24,None,,
G Salina ( 84654 ) Premium Oil # 4 ( Chevron ),435-529-3362 US 50 & UT 24,<U+2610> <U+2610> D <U+25A1>,Salina,84654,Premium Oil # 4 ( Chevron ),435-529-3362,2016,Salina,UT,Chevron,,US 50 & UT 24,empty,,False,,False,US 50,UT 24,None,,
"Salina , 84654 Scenic Quik Stop ( Conoco / 66 )",435-529-3781 I-70 Exit 56 ( US 89 ),24 HRS 184 M <U+2610>,Salina,84654,Scenic Quik Stop ( Conoco / 66 ),435-529-3781,2006,Salina,UT,Conoco,( US 89 ),I-70 Exit 56 ,Exit,56,False,,False,I-70,,None,,
"Salina , 84654 Scenic Quik Stop ( 66 )",435-529-3781 I-70 Exit 56 ( US 89 ),24 M,Salina,84654,Scenic Quik Stop ( 66 ),435-529-3781,2007,Salina,UT,,( US 89 ),I-70 Exit 56 ,Exit,56,False,,False,I-70,,None,,
"Salina , 84654 Scenic Quik Stop ( 66 )",435-529-3781 I-70 Exit 56 ( US 89 ),HIS 24 M 24,Salina,84654,Scenic Quik Stop ( 66 ),435-529-3781,2008,Salina,UT,,( US 89 ),I-70 Exit 56 ,Exit,56,False,,False,I-70,,None,,
G Salina ( 84654 ) Scenic Quik Stop ( 66 ),3 435-529-3781 I-70 Exit 56 ( US 89 ),24 S O,Salina,84654,Scenic Quik Stop ( 66 ),435-529-3781,2014,Salina,UT,,( US 89 ),I-70 Exit 56 ,Exit,56,False,,False,I-70,,None,,
G Salina ( 84654 ) Scenic Quik Stop ( 66 ),3 435-529-3781 I-70 Exit 56 ( US 89 ),24 S <U+2610><U+2610><U+2610>,Salina,84654,Scenic Quik Stop ( 66 ),435-529-3781,2015,Salina,UT,,( US 89 ),I-70 Exit 56 ,Exit,56,False,,False,I-70,,None,,
G Salina ( 84654 ) Scenic Quik Stop ( 66 ),435-529-3781 I-70 Exit 56 ( US 89 ),24 <U+25A1> SO,Salina,84654,Scenic Quik Stop ( 66 ),435-529-3781,2016,Salina,UT,,( US 89 ),I-70 Exit 56 ,Exit,56,False,,False,I-70,,None,,
"Springville , 84663 Flying J Fuel Stop # 0011105",801-489-3622 I-15 Exit 261 ( UT 75 ),2400,Springville,84663,Flying J Fuel Stop # 0011105,801-489-3622,2006,Springville,UT,Flying J,( UT 75 ),I-15 Exit 261 ,Exit,261,False,,False,I-15,,None,,
Flying J Fuel Stop # 0011105,801-489-3622 ngville . 84663 I-15 Exit 261 ( UT 75 ),M2400 <U+25A0><U+25A0>,,84663,05,801-489-3622,2007,Springville,UT,,( UT 75 ),ngville . I-15 Exit 261,Exit,261,False,,False,I-15,,None,,
"E Springville , 84663 Flying J Fuel Stop # 0011105",801-489-3622 I-15 Exit 261 ( UT 75 ) <U+00D8>,HRS 24 M,Springville,84663,Flying J Fuel Stop # 0011105,801-489-3622,2008,Springville,UT,Flying J,( UT 75 ) <U+00D8>,I-15 Exit 261 ,Exit,261,False,,False,I-15,,None,,
E Springville ( 84663 ) Flying J Fuel Stop # 747,4 801-489-3622 I-15 Exit 261 ( UT 75 ),24 24,Springville,84663,Flying J Fuel Stop # 747,801-489-3622,2014,Springville,UT,Flying J,( UT 75 ),I-15 Exit 261 ,Exit,261,False,,False,I-15,,None,,
E Springville ( 84663 ) Flying J Fuel Stop # 747,4 801-489-3622 I-15 Exit 261 ( UT 75 ) FLYING,FLYING J DOMO 24 HORS O,Springville,84663,Flying J Fuel Stop # 747,801-489-3622,2015,Springville,UT,Flying J,( UT 75 ) FLYING,I-15 Exit 261 ,Exit,261,False,,False,I-15,,None,,
E Springville ( 84663 ) Flying J Fuel Stop # 747,4 801-489-3622 I-15 Exit 261 ( UT 75 ) FLYING,FLYING J MO 24,Springville,84663,Flying J Fuel Stop # 747,801-489-3622,2016,Springville,UT,Flying J,( UT 75 ) FLYING,I-15 Exit 261 ,Exit,261,False,,False,I-15,,None,,
"Richfield , 84701 Flying J Fuel Stop # 0011186",435-896-5050 I-70 Exit 40 ( UT 120 ) A,489 S M,Richfield,84701,Flying J Fuel Stop # 0011186,435-896-5050,2006,Richfield,UT,Flying J,( UT 120 ) A,I-70 Exit 40 ,Exit,40,False,,False,I-70,,None,,
"Richfield , 84701 Flying J Fuel Stop # 0011186",435-896-5050 I-70 Exit 40 ( UT 120 ) A,A MO,Richfield,84701,Flying J Fuel Stop # 0011186,435-896-5050,2007,Richfield,UT,Flying J,( UT 120 ) A,I-70 Exit 40 ,Exit,40,False,,False,I-70,,None,,
"Richfield , 84701 J Fuel Stop # 0011186 24",3 435-896-5050 Flying I-70 Exit 40 ( UT 120 ),24 M,Richfield,84701,J Fuel Stop # 0011186 24,435-896-5050,2008,Richfield,UT,,( UT 120 ),Flying I-70 Exit 40 ,Exit,40,True,unclear address_standardized_OFF_parenthesis,True,I-70,,None,,
Richfield ( 84701 ) Flying J Fuel Stop # 773,435-896-5050 I-70 Exit 40 ( UT 120 ),M,Richfield,84701,Flying J Fuel Stop # 773,435-896-5050,2014,Richfield,UT,Flying J,( UT 120 ),I-70 Exit 40 ,Exit,40,False,,False,I-70,,None,,
Richfield ( 84701 ) Flying J Fuel Stop # 773,3 435-896-5050 I-70 Exit 40 ( UT 120 ) FLYING J,FLYING J 24 M,Richfield,84701,Flying J Fuel Stop # 773,435-896-5050,2015,Richfield,UT,Flying J,( UT 120 ) FLYING J,I-70 Exit 40 ,Exit,40,False,,False,I-70,,None,,
Richfield ( 84701 ) Flying J Fuel Stop # 773,435-896-5050 I-70 Exit 40 ( UT 120 ),FLYING J 24 O 024,Richfield,84701,Flying J Fuel Stop # 773,435-896-5050,2016,Richfield,UT,Flying J,( UT 120 ),I-70 Exit 40 ,Exit,40,False,,False,I-70,,None,,
"Richfield , 84701 Top Stop ( Sinclair )","435-896-8338 I-70 Exit 40 ( S to 1st light , 7 blks E )",S,Richfield,84701,Top Stop ( Sinclair ),435-896-8338,2006,Richfield,UT,Sinclair,"( S to 1st light , 7 blks E )",I-70 Exit 40 ,Exit,40,False,,False,I-70,,None,,
"Richfield , 84701 Top Stop ( Sinclair )","435-896-8338 I-70 Exit 40 ( S to US 89 , 7 blks NE )",24 S <U+2610> <U+2610>,Richfield,84701,Top Stop ( Sinclair ),435-896-8338,2007,Richfield,UT,Sinclair,"( S to US 89 , 7 blks NE )",I-70 Exit 40 ,Exit,40,False,,False,I-70,,None,,
"Richfield , 84701 Top Stop ( Sinclair )","435-896-8338 I-70 Exit 40 ( S to US 89 , 7 blks NE )",24 23 S <U+2610> <U+2610> <U+2610>,Richfield,84701,Top Stop ( Sinclair ),435-896-8338,2008,Richfield,UT,Sinclair,"( S to US 89 , 7 blks NE )",I-70 Exit 40 ,Exit,40,False,,False,I-70,,None,,
G Richfield ( 84701 ) Top Stop # 83 ( Chevron ),"3 435-896-8338 I-70 Exit 40 ( S to US 89 , 7 blks NE )",24 <U+2610> <U+25A1> <U+25A1> <U+25A1>,Richfield,84701,Top Stop # 83 ( Chevron ),435-896-8338,2014,Richfield,UT,Chevron,"( S to US 89 , 7 blks NE )",I-70 Exit 40 ,Exit,40,False,,False,I-70,,None,,
Richfield ( 84701 ) Top Stop # 83 ( Chevron ),"3 435-896-8338 I-70 Exit 40 ( S to US 89 , 7 blks NE )",24 <U+25A1>,Richfield,84701,Top Stop # 83 ( Chevron ),435-896-8338,2015,Richfield,UT,Chevron,"( S to US 89 , 7 blks NE )",I-70 Exit 40 ,Exit,40,False,,False,I-70,,None,,
Richfield ( 84701 ) Top Stop # 83 ( Chevron ),"435-896-8338 I-70 Exit 40 ( S to US 89 , 7 blks NE )",24 <U+2610> <U+25A1> D,Richfield,84701,Top Stop # 83 ( Chevron ),435-896-8338,2016,Richfield,UT,Chevron,"( S to US 89 , 7 blks NE )",I-70 Exit 40 ,Exit,40,False,,False,I-70,,None,,
"Beaver , 84713 Eagle's Landing Truck Plaza ( Shell )",435-438-5191 I-15 Exit 112 ( W ),24,Beaver,84713,Eagle's Landing Truck Plaza ( Shell ),435-438-5191,2006,Beaver,UT,Shell,( W ),I-15 Exit 112 ,Exit,112,False,,False,I-15,,None,,
"Beaver , 84713 Eagle's Landing Truck Plaza ( Texaco )",435-438-5191 I-15 Exit 112 ( W ),) 24 FS L,Beaver,84713,Eagle's Landing Truck Plaza ( Texaco ),435-438-5191,2007,Beaver,UT,Texaco,( W ),I-15 Exit 112 ,Exit,112,False,,False,I-15,,None,,
"Beaver , 84713",435-438-5191 Eagle's I-15 Exit Landing 112 ( W ) Truck Plaza ( Texaco ),24 HR3 L <U+2610> <U+2610> <U+2610> <U+2610> <U+2610>,Beaver,84713,,435-438-5191,2008,Beaver,UT,,( W ) Truck Plaza ( Texaco ),Eagle's I-15 Exit Landing 112 ,Exit,,True,unclear address_standardized_OFF_parenthesis,True,I-15,,None,,
Beaver ( 84713 ) Eagle's Landing ( Flying J # 509 ),3 435-438-5191 I-15 Exit 112 ( W ),,Beaver,84713,Eagle's Landing ( Flying J # 509 ),435-438-5191,2014,Beaver,UT,Flying J,( W ),I-15 Exit 112 ,Exit,112,False,,False,I-15,,None,,
Beaver ( 84713 ) Eagle's Landing ( Flying J # 509 ),435-438-5191 I-15 Exit 112 ( W ),FLYING J 24 <U+2610> LO <U+2610> <U+2610> <U+2610>,Beaver,84713,Eagle's Landing ( Flying J # 509 ),435-438-5191,2015,Beaver,UT,Flying J,( W ),I-15 Exit 112 ,Exit,112,False,,False,I-15,,None,,
Beaver ( 84713 ) Eagle's Landing ( Flying J # 509 ) J,3 435-438-5191 I-15 Exit 112 ( W ) FLYING,J 24 <U+2610>,Beaver,84713,Eagle's Landing ( Flying J # 509 ) J,435-438-5191,2016,Beaver,UT,Flying J,( W ) FLYING,I-15 Exit 112 ,Exit,112,False,,False,I-15,,None,,
"Beaver , 84713 Ernie's Truck Plaza ( Sinclair )",435-438-5846 I-15 Exit 112 ( 3/4 mi E - 1035 UT 160 N ),N ) 24 48 MO,Beaver,84713,Ernie's Truck Plaza ( Sinclair ),435-438-5846,2006,Beaver,UT,Sinclair,( 3/4 mi E - 1035 UT 160 N ),I-15 Exit 112 ,Exit,112,False,,False,I-15,,None,,
"Beaver , 84713 Ernie's Truck Plaza ( Sinclair ) .",435-438-5846 I-15 Exit 112 ( 3/4 mi E 1035 UT 160 N ),N ) 24 <U+2610> M,Beaver,84713,Ernie's Truck Plaza ( Sinclair ) .,435-438-5846,2007,Beaver,UT,Sinclair,( 3/4 mi E 1035 UT 160 N ),I-15 Exit 112 ,Exit,112,False,,False,I-15,,None,,
"Beaver , 84713 Ernie's Truck Plaza ( Sinclair )",435-438-5846 I-15 Exit 112 ( 3/4 mi E - 1035 UT 160 N ),N ) 24 M <U+2610><U+2610><U+2610><U+2610>,Beaver,84713,Ernie's Truck Plaza ( Sinclair ),435-438-5846,2008,Beaver,UT,Sinclair,( 3/4 mi E - 1035 UT 160 N ),I-15 Exit 112 ,Exit,112,False,,False,I-15,,None,,
Beaver ( 84713 ) Ernie's Truck Plaza ( Sinclair ),435-438-5846 I-15 Exit 112 ( 3/4 mi SE on UT 160 ),24 M,Beaver,84713,Ernie's Truck Plaza ( Sinclair ),435-438-5846,2014,Beaver,UT,Sinclair,( 3/4 mi SE on UT 160 ),I-15 Exit 112 ,Exit,112,False,,False,I-15,,None,,
Beaver ( 84713 ) Ernie's Truck Plaza ( Sinclair ),435-438-5846 I-15 Exit 112 ( 3/4 mi SE on UT 160 ),24 38 M,Beaver,84713,Ernie's Truck Plaza ( Sinclair ),435-438-5846,2015,Beaver,UT,Sinclair,( 3/4 mi SE on UT 160 ),I-15 Exit 112 ,Exit,112,False,,False,I-15,,None,,
Beaver ( 84713 ) Ernie's Truck Plaza ( Sinclair ),435-438-5846 I-15 Exit 112 ( 3/4 mi SE on UT 160 ),24 <U+2610> MOO,Beaver,84713,Ernie's Truck Plaza ( Sinclair ),435-438-5846,2016,Beaver,UT,Sinclair,( 3/4 mi SE on UT 160 ),I-15 Exit 112 ,Exit,112,False,,False,I-15,,None,,
"Cedar City , 84720 JR's Truck Stop ( Texaco )",435-586-0498 I-15 Exit 62 ( N Interchange ),MO,Cedar City,84720,JR's Truck Stop ( Texaco ),435-586-0498,2006,Cedar City,UT,Texaco,( N Interchange ),I-15 Exit 62 ,Exit,62,False,,False,I-15,,None,,
"Cedar City , 84720 JR's Truck Stop ( Shell )",435-586-0498 I-15 Exit 62 ( N Interchange ),<U+2610> MO,Cedar City,84720,JR's Truck Stop ( Shell ),435-586-0498,2007,Cedar City,UT,Shell,( N Interchange ),I-15 Exit 62 ,Exit,62,False,,False,I-15,,None,,
"Cedar City , 84720 JR's Truck Stop ( Shell ) )",435-586-0498 I-15 Exit 62 ( N Interchange ),HRS 24 M,Cedar City,84720,JR's Truck Stop ( Shell ) ),435-586-0498,2008,Cedar City,UT,Shell,( N Interchange ),I-15 Exit 62 ,Exit,62,False,,False,I-15,,None,,
Cedar City ( 84720 ) JR's Truck Stop ( Shell ),435-586-0498 I-15 Exit 62 ( N Interchange ),24 MO <U+2610>,Cedar City,84720,JR's Truck Stop ( Shell ),435-586-0498,2014,Cedar City,UT,Shell,( N Interchange ),I-15 Exit 62 ,Exit,62,False,,False,I-15,,None,,
Cedar City ( 84720 ) JR's Truck Stop ( Shell ),435-586-0498 I-15 Exit 62 ( N Interchange ),24 MO,Cedar City,84720,JR's Truck Stop ( Shell ),435-586-0498,2015,Cedar City,UT,Shell,( N Interchange ),I-15 Exit 62 ,Exit,62,False,,False,I-15,,None,,
Cedar City ( 84720 ) JR's Truck Stop ( Shell ),2 435-586-0498 I-15 Exit 62 ( N Interchange ),24 <U+2610> M D,Cedar City,84720,JR's Truck Stop ( Shell ),435-586-0498,2016,Cedar City,UT,Shell,( N Interchange ),I-15 Exit 62 ,Exit,62,False,,False,I-15,,None,,
"Enterprise , 84725 Cottonwood Sinclair",435-878-2603 UT 18 & Main St,,Enterprise,84725,Cottonwood Sinclair,435-878-2603,2006,Enterprise,UT,Sinclair,,UT 18 & Main St,empty,,False,,False,UT 18,Main St,None,,
"Enterprise , 84725 Cottonwood Sinclair",| 1435-878-2603 UT 18 & Main St,S O,Enterprise,84725,Cottonwood Sinclair,435-878-2603,2007,Enterprise,UT,Sinclair,,UT 18 & Main St,empty,,False,,False,UT 18,Main St,None,,
"Enterprise , 84725 Cottonwood Sinclair N )",435-878-2603 UT 18 & Main St,<U+2610> S D <U+2610> <U+2610> <U+2610> <U+2610>,Enterprise,84725,Cottonwood Sinclair N ),435-878-2603,2008,Enterprise,UT,Sinclair,,UT 18 & Main St,empty,,False,,False,UT 18,Main St,None,,
Enterprise ( 84725 ) Cottonwood Sinclair,435-878-2603 UT 18 & Main St,<U+2610>,Enterprise,84725,Cottonwood Sinclair,435-878-2603,2014,Enterprise,UT,Sinclair,,UT 18 & Main St,empty,,False,,False,UT 18,Main St,None,,
Enterprise ( 84725 ) Cottonwood Sinclair,435-878-2603 UT 18 & Main St,<U+2610> <U+2610>,Enterprise,84725,Cottonwood Sinclair,435-878-2603,2015,Enterprise,UT,Sinclair,,UT 18 & Main St,empty,,False,,False,UT 18,Main St,None,,
Enterprise ( 84725 ) Cottonwood Sinclair,435-878-2603 UT 18 & Main St,<U+2610> <U+2610>,Enterprise,84725,Cottonwood Sinclair,435-878-2603,2016,Enterprise,UT,Sinclair,,UT 18 & Main St,empty,,False,,False,UT 18,Main St,None,,
"Hurricane , 84737 Little Creek Station ( Chevron )",435-877-1101 4105 UT 59 S,<U+2610>,Hurricane,84737,Little Creek Station ( Chevron ),435-877-1101,2006,Hurricane,UT,Chevron,,4105 UT 59 S,Proper,,False,,False,UT 59,,None,,
"Hurricane , 84737 Little Creek Station ( Chevron )",435-877-1101 4105 UT 59 S,,Hurricane,84737,Little Creek Station ( Chevron ),435-877-1101,2007,Hurricane,UT,Chevron,,4105 UT 59 S,Proper,,False,,False,UT 59,,None,,
"Hurricane , 84737 Little Creek Station ( Chevron jct US 189 )",2 435-877-1101 4105 UT 59 S ),<U+2610> SO <U+25A1> <U+2610>,Hurricane,84737,Little Creek Station ( Chevron jct US 189 ),435-877-1101,2008,Hurricane,UT,Chevron,,4105 UT 59 S ,Proper,,False,,False,UT 59,,None,,
Apple Valley ( 84737 ) Little Creek Station ( Chevron ),435-877-1101 4105 UT 59 S,<U+2610> S <U+25A1>,Apple Valley,84737,Little Creek Station ( Chevron ),435-877-1101,2014,Hurricane,UT,Chevron,,4105 UT 59 S,Proper,,False,,False,UT 59,,None,,
Apple Valley ( 84737 ) Little Creek Station ( Chevron ),435-877-1101 4105 UT 59 S,S,Apple Valley,84737,Little Creek Station ( Chevron ),435-877-1101,2015,Hurricane,UT,Chevron,,4105 UT 59 S,Proper,,False,,False,UT 59,,None,,
Apple Valley ( 84737 ) Little Creek Station ( Chevron ),435-877-1101 4105 UT 59 S,<U+2610> SO <U+2610>,Apple Valley,84737,Little Creek Station ( Chevron ),435-877-1101,2016,Hurricane,UT,Chevron,,4105 UT 59 S,Proper,,False,,False,UT 59,,None,,
"Mount Carmel , 84755 Ramsay Oil Co ( Texaco )",435-648-2326 US 89 & UT 9,S,Mount Carmel,84755,Ramsay Oil Co ( Texaco ),435-648-2326,2006,Mount Carmel,UT,Texaco,,US 89 & UT 9,empty,,False,,False,US 89,UT 9,None,,
"Mount Carmel , 84755 Ramsay Oil Co ( Shell )",H 2435-648-2326 US 89 & UT 9,,Mount Carmel,84755,Ramsay Oil Co ( Shell ),435-648-2326,2007,Mount Carmel,UT,Shell,,US 89 & UT 9,empty,,False,,False,US 89,UT 9,None,,
"Mount Carmel , 84755 Ramsay Oil Co ( Shell )",2 435-648-2326 US 89 & UT 9,<U+2610> <U+2610><U+2610> <U+25A1> <U+25A1> <U+25A1>,Mount Carmel,84755,Ramsay Oil Co ( Shell ),435-648-2326,2008,Mount Carmel,UT,Shell,,US 89 & UT 9,empty,,False,,False,US 89,UT 9,None,,
Mount Carmel ( 84755 ) Ramsay Oil Co ( Shell ),2 435-648-2326 US 89 & UT 9,D D <U+2610> <U+2610>,Mount Carmel,84755,Ramsay Oil Co ( Shell ),435-648-2326,2014,Mount Carmel,UT,Shell,,US 89 & UT 9,empty,,False,,False,US 89,UT 9,None,,
1 Mount Carmel ( 84755 ) Ramsay Oil Co ( Shell ),2 435-648-2326 US 89 & UT 9,S D,Mount Carmel,84755,Ramsay Oil Co ( Shell ),435-648-2326,2015,Mount Carmel,UT,Shell,,US 89 & UT 9,empty,,False,,False,US 89,UT 9,None,,
Mount Carmel ( 84755 ) Ramsay Oil Co ( Shell ),435-648-2326 US 89 & UT 9,<U+2610> S,Mount Carmel,84755,Ramsay Oil Co ( Shell ),435-648-2326,2016,Mount Carmel,UT,Shell,,US 89 & UT 9,empty,,False,,False,US 89,UT 9,None,,
"Panguitch , 84759 KB Express ( 66 ) 39 )",435-676-8730 195 US 89 N ( in town ),,Panguitch,84759,KB Express ( 66 ) 39 ),435-676-8730,2006,Panguitch,UT,,( in town ),195 US 89 N,Proper,,False,,False,US 89,,None,,
"Panguitch , KB Express ( 66 )",J3435-676-8730 84759 195 US 89 N ( in town ),24 M,Panguitch,84759,,435-676-8730,2007,Panguitch,UT,,( in town ),195 US 89 N,Proper,,False,,False,US 89,,None,,
"Panguitch , 84759 KB Express ( 66 )",435-676-8730 195 US 89 N ( in town ),<U+2610> <U+2610> DO,Panguitch,84759,KB Express ( 66 ),435-676-8730,2008,Panguitch,UT,,( in town ),195 US 89 N,Proper,,False,,False,US 89,,None,,
Panguitch ( 84759 ) KB Express ( 66 ) ( UT 39 W ),3 435-676-8730 195 US 89 N ( in town ),<U+25A1>,Panguitch,84759,KB Express ( 66 ) ( UT 39 W ),435-676-8730,2014,Panguitch,UT,,( in town ),195 US 89 N,Proper,,False,,False,US 89,,None,,
Panguitch ( 84759 ) KB Express ( 66 ),435-676-8730 195 US 89 N ( in town ),D,Panguitch,84759,KB Express ( 66 ),435-676-8730,2015,Panguitch,UT,,( in town ),195 US 89 N,Proper,,False,,False,US 89,,None,,
H Panguitch ( 84759 ) KB Express ( 66 ),435-676-8730 195 US 89 N ( in town ),<U+25A1> <U+25A1> <U+25A1>,Panguitch,84759,KB Express ( 66 ),435-676-8730,2016,Panguitch,UT,,( in town ),195 US 89 N,Proper,,False,,False,US 89,,None,,
"Panguitch , 84759 Big 4 Travel Center ( in town ( Conoco )",435-676-8986 445 US 89 S ),24 <U+2610> M,Panguitch,84759,Big 4 Travel Center ( in town ( Conoco ),435-676-8986,2006,Panguitch,UT,Conoco,,445 US 89 S ,Proper,,False,,False,US 89,,None,,
"Panguitch , 84759 Big 4 Travel Center ( Conoco )",435-676-8986 445 US 89 S,24 M,Panguitch,84759,Big 4 Travel Center ( Conoco ),435-676-8986,2007,Panguitch,UT,Conoco,,445 US 89 S,Proper,,False,,False,US 89,,None,,
"Panguitch , 84759 Big 4 Travel Center ( Conoco )",3 435-676-8986 445 US 89 S,24 HAS M <U+2610><U+2610><U+2610><U+2610><U+2610>,Panguitch,84759,Big 4 Travel Center ( Conoco ),435-676-8986,2008,Panguitch,UT,Conoco,,445 US 89 S,Proper,,False,,False,US 89,,None,,
Panguitch ( 84759 ) Owens ' Travel Center ),3 435-676-8986 445 US 89 S,24 M <U+25A1>,Panguitch,84759,Owens ' Travel Center ),435-676-8986,2014,Panguitch,UT,,,445 US 89 S,Proper,,False,,False,US 89,,None,,
Panguitch ( 84759 ) Junction Market # 17,435-676-8986 445 US 89 S,24 M 24,Panguitch,84759,Junction Market # 17,435-676-8986,2015,Panguitch,UT,,,445 US 89 S,Proper,,False,,False,US 89,,None,,
Panguitch ( 84759 ) Junction Market # 17,435-676-8986 445 US 89 S,<U+2610> M <U+25A1>,Panguitch,84759,Junction Market # 17,435-676-8986,2016,Panguitch,UT,,,445 US 89 S,Proper,,False,,False,US 89,,None,,
"Parowan , 84761 TravelCenters of America",435-477-3311 I-15 Exit 78,,Parowan,84761,TravelCenters of America,435-477-3311,2006,Parowan,UT,TravelCenters,,I-15 Exit 78,Exit,78,False,,False,I-15,,None,,
"Parowan , 84761 TravelCenters of America",435-477-3311 I-15 Exit 78 TA,24 24,Parowan,84761,TravelCenters of America,435-477-3311,2007,Parowan,UT,TravelCenters,,I-15 Exit 78 TA,Exit,78,False,,False,I-15,,None,,
"Parowan , 84761 TravelCenters of America",435-477-3311 I-15 Exit 78,<U+2610> <U+2610><U+2610><U+2610> <U+2610> <U+2610>,Parowan,84761,TravelCenters of America,435-477-3311,2008,Parowan,UT,TravelCenters,,I-15 Exit 78,Exit,78,False,,False,I-15,,None,,
H Parowan ( 84761 ) TA Parowan # 186 ( Shell ),2 435-477-3311 I-15 Exit 78,ZA 24,Parowan,84761,TA Parowan # 186 ( Shell ),435-477-3311,2014,Parowan,UT,Shell,,I-15 Exit 78,Exit,78,False,,False,I-15,,None,,
Parowan ( 84761 ) TA Parowan # 186 ( Shell ),435-477-3311 I-15 Exit 78 TA,TA 24,Parowan,84761,TA Parowan # 186 ( Shell ),435-477-3311,2015,Parowan,UT,Shell,,I-15 Exit 78 TA,Exit,78,False,,False,I-15,,None,,
Parowan ( 84761 ) TA Parowan # 186 ( Shell ),435-477-3311 I-15 Exit 78,24,Parowan,84761,TA Parowan # 186 ( Shell ),435-477-3311,2016,Parowan,UT,Shell,,I-15 Exit 78,Exit,78,False,,False,I-15,,None,,
"Washington , 84780 Freeway Chevron",435-673-3675 I-15 Exit 10,S <U+25A1>,Washington,84780,Freeway Chevron,435-673-3675,2006,Washington,UT,Chevron,,I-15 Exit 10,Exit,10,False,,False,I-15,,None,,
Freeway Chevron,"435-673-3675 Washington , 84780 I-15 Exit 10",S D,,84780,,435-673-3675,2007,Washington,UT,,,"Washington, I-15 Exit 10",Exit,10,False,,False,I-15,,None,,
"Washington , 84780 Freeway Chevron",435-673-3675 I-15 Exit 10,24 S <U+2610><U+2610>,Washington,84780,Freeway Chevron,435-673-3675,2008,Washington,UT,Chevron,,I-15 Exit 10,Exit,10,False,,False,I-15,,None,,
Washington ( 84780 ) Freeway Chevron,435-673-3675 I-15 Exit 10,24 S,Washington,84780,Freeway Chevron,435-673-3675,2014,Washington,UT,Chevron,,I-15 Exit 10,Exit,10,False,,False,I-15,,None,,
Washington ( 84780 ) Freeway Chevron,435-673-3675 I-15 Exit 10,24 S <U+25A1>,Washington,84780,Freeway Chevron,435-673-3675,2015,Washington,UT,Chevron,,I-15 Exit 10,Exit,10,False,,False,I-15,,None,,
Washington ( 84780 ) Freeway Chevron,435-673-3675 I-15 Exit 10,24 S <U+25A1>,Washington,84780,Freeway Chevron,435-673-3675,2016,Washington,UT,Chevron,,I-15 Exit 10,Exit,10,False,,False,I-15,,None,,
"Saint George , 84790 Flying J Fuel Stop # 0500101",435-674-7104 I-15 Exit 4 #,24 48 <U+2610> M L <U+2610> <U+25A1> - <U+2610> <U+2610>,Saint George,84790,Flying J Fuel Stop # 0500101,435-674-7104,2006,Saint George,UT,Flying J,,I-15 Exit 4 #,Exit,4,False,,False,I-15,,None,,
"Saint George , 84790 Flying J Fuel Stop # 0500101",435-674-7104 I-15 Exit 4,M D,Saint George,84790,Flying J Fuel Stop # 0500101,435-674-7104,2007,Saint George,UT,Flying J,,I-15 Exit 4,Exit,4,False,,False,I-15,,None,,
Flying J Fuel Stop # 0500101,"435-674-7104 Saint George , 84790 I-15 Exit 4",24 M,,84790,01,435-674-7104,2008,Saint George,UT,,,"Saint George, I-15 Exit 4",Exit,4,False,,False,I-15,,None,,
J Saint George ( 84790 ) Pilot Travel Center # 775,435-674-7104 I-15 Exit 4,Pilot 24,Saint George,84790,Pilot Travel Center # 775,435-674-7104,2014,Saint George,UT,Pilot,,I-15 Exit 4,Exit,4,False,,False,I-15,,None,,
J Saint George ( 84790 ) Pilot Travel Center # 775,435-674-7104 I-15 Exit 4,Plot 24 M,Saint George,84790,Pilot Travel Center # 775,435-674-7104,2015,Saint George,UT,Pilot,,I-15 Exit 4,Exit,4,False,,False,I-15,,None,,
Saint George ( 84790 ) Pilot Travel Center # 775,435-674-7104 I-15 Exit 4,Phot 24 MOD <U+2610> <U+2610>,Saint George,84790,Pilot Travel Center # 775,435-674-7104,2016,Saint George,UT,Pilot,,I-15 Exit 4,Exit,4,False,,False,I-15,,None,,
"F Phoenix , 85043 Liberty Fuel",602-233-1196 I-10 Exit 138 ( 59th Ave ),) HRS M,Phoenix,85043,Liberty Fuel,602-233-1196,2006,Phoenix,AZ,,( 59th Ave ),I-10 Exit 138 ,Exit,138,False,,False,I-10,,None,,
"F Phoenix , 85043 Liberty Fuel",602-233-1196 I-10 Exit 138 ( 59th Ave ),24,Phoenix,85043,Liberty Fuel,602-233-1196,2007,Phoenix,AZ,,( 59th Ave ),I-10 Exit 138 ,Exit,138,False,,False,I-10,,None,,
"Phoenix , 85043 Liberty Fuel",4 602-233-1196 I-10 Exit 138 ( 59th Ave ),24 HRS XL $ <U+25A0><U+25A0>,Phoenix,85043,Liberty Fuel,602-233-1196,2008,Phoenix,AZ,,( 59th Ave ),I-10 Exit 138 ,Exit,138,False,,False,I-10,,None,,
F Phoenix ( 85043 ) Liberty Fuel,4 602-233-1196 I-10 Exit 138 ( 59th Ave ),38 XL,Phoenix,85043,Liberty Fuel,602-233-1196,2014,Phoenix,AZ,,( 59th Ave ),I-10 Exit 138 ,Exit,138,False,,False,I-10,,None,,
F Phoenix ( 85043 ) Liberty Fuel,602-233-1196 I-10 Exit 138 ( 59th Ave ),24 X,Phoenix,85043,Liberty Fuel,602-233-1196,2015,Phoenix,AZ,,( 59th Ave ),I-10 Exit 138 ,Exit,138,False,,False,I-10,,None,,
Phoenix ( 85043 ) Liberty Fuel,602-233-1196 I-10 Exit 138 ( 59th Ave ),24 22 X <U+25A1>,Phoenix,85043,Liberty Fuel,602-233-1196,2016,Phoenix,AZ,,( 59th Ave ),I-10 Exit 138 ,Exit,138,False,,False,I-10,,None,,
"F Phoenix , 85043 Diamond Shamrock",602-278-5088 5049 W Buckeye Rd,<U+2610> S O,Phoenix,85043,Diamond Shamrock,602-278-5088,2006,Phoenix,AZ,Shamrock,,5049 W Buckeye Rd,Proper,,False,,False,W Buckeye Rd,,None,,
"F Phoenix , 85043 Diamond Shamrock # 1652",602-278-5088 5049 W Buckeye Rd,,Phoenix,85043,Diamond Shamrock # 1652,602-278-5088,2007,Phoenix,AZ,Shamrock,,5049 W Buckeye Rd,Proper,,False,,False,W Buckeye Rd,,None,,
"Phoenix , 85043 Diamond Shamrock # 1652",4 602-278-5088 5049 W Buckeye Rd,HRS 24 - <U+2610> <U+2610>,Phoenix,85043,Diamond Shamrock # 1652,602-278-5088,2008,Phoenix,AZ,Shamrock,,5049 W Buckeye Rd,Proper,,False,,False,W Buckeye Rd,,None,,
Phoenix ( 85043 ) Valero Corner Store # 1652,4 602-278-5088 5049 W Buckeye Rd,24 <U+25A1> D,Phoenix,85043,Valero Corner Store # 1652,602-278-5088,2014,Phoenix,AZ,Valero,,5049 W Buckeye Rd,Proper,,False,,False,W Buckeye Rd,,None,,
Phoenix ( 85043 ) Corner Store # 1652 ( Valero ),4 602-278-5088 5049 W Buckeye Rd,24 [,Phoenix,85043,Corner Store # 1652 ( Valero ),602-278-5088,2015,Phoenix,AZ,Valero,,5049 W Buckeye Rd,Proper,,False,,False,W Buckeye Rd,,None,,
Phoenix ( 85043 ) Corner Store # 1652 ( Valero ),602-278-5088 5049 W Buckeye Rd,24 <U+25A1>,Phoenix,85043,Corner Store # 1652 ( Valero ),602-278-5088,2016,Phoenix,AZ,Valero,,5049 W Buckeye Rd,Proper,,False,,False,W Buckeye Rd,,None,,
"F Phoenix , 85043 Flying J Travel Plaza # 0500006",623-936-1118 I-10 Exit 137 ( 67th Ave ),XL <U+2610>,Phoenix,85043,Flying J Travel Plaza # 0500006,623-936-1118,2006,Phoenix,AZ,Flying J,( 67th Ave ),I-10 Exit 137 ,Exit,137,False,,False,I-10,,None,,
"F Phoenix , 85043 Flying J Travel Plaza # 0500006",623-936-1118 I-10 Exit 137 ( 67th Ave ),24 XL 24,Phoenix,85043,Flying J Travel Plaza # 0500006,623-936-1118,2007,Phoenix,AZ,Flying J,( 67th Ave ),I-10 Exit 137 ,Exit,137,False,,False,I-10,,None,,
"Phoenix , 85043 Flying J Travel Plaza # 0500006",4 623-936-1118 I-10 Exit 137 ( 67th Ave ),24 <U+25A0><U+25A0> XL 24 49,Phoenix,85043,Flying J Travel Plaza # 0500006,623-936-1118,2008,Phoenix,AZ,Flying J,( 67th Ave ),I-10 Exit 137 ,Exit,137,False,,False,I-10,,None,,
Phoenix ( 85043 ) Flying J Travel Plaza # 611,623-936-1118 I-10 Exit 137 ( 67th Ave ),24XL 24 23,Phoenix,85043,Flying J Travel Plaza # 611,623-936-1118,2014,Phoenix,AZ,Flying J,( 67th Ave ),I-10 Exit 137 ,Exit,137,False,,False,I-10,,None,,
F Phoenix ( 85043 ) Flying J Travel Plaza # 611,4 623-936-1118 I-10 Exit 137 ( 67th Ave ) FLYING,24XL HRS 24 #R <U+2610>,Phoenix,85043,Flying J Travel Plaza # 611,623-936-1118,2015,Phoenix,AZ,Flying J,( 67th Ave ) FLYING,I-10 Exit 137 ,Exit,137,False,,False,I-10,,None,,
Phoenix ( 85043 ) Flying J Travel Plaza # 611,4 623-936-1118 I-10 Exit 137 ( 67th Ave ) . FLYING J,J 24 XL HO 24,Phoenix,85043,Flying J Travel Plaza # 611,623-936-1118,2016,Phoenix,AZ,Flying J,( 67th Ave ) . FLYING J,I-10 Exit 137 ,Exit,137,False,,False,I-10,,None,,
"Chandler , 85226 Love's Travel Stop # 328",520-796-1185 I-10 Exit 162,,Chandler,85226,Love's Travel Stop # 328,520-796-1185,2006,Chandler,AZ,Love's,,I-10 Exit 162,Exit,162,False,,False,I-10,,None,,
"Chandler , 85226 Love's Travel Stop # 328 )",520-796-1185 I-10 Exit 162,24 M,Chandler,85226,Love's Travel Stop # 328 ),520-796-1185,2007,Chandler,AZ,Love's,,I-10 Exit 162,Exit,162,False,,False,I-10,,None,,
"Chandler , 85226 Love's Travel Stop # 328",4 520-796-1185 I-10 Exit 162,M,Chandler,85226,Love's Travel Stop # 328,520-796-1185,2008,Chandler,AZ,Love's,,I-10 Exit 162,Exit,162,False,,False,I-10,,None,,
Chandler ( 85226 ) Love's Travel Stop # 328 ),4 520-796-1185 I-10 Exit 162,24 mm LO,Chandler,85226,Love's Travel Stop # 328 ),520-796-1185,2014,Chandler,AZ,Love's,,I-10 Exit 162,Exit,162,False,,False,I-10,,None,,
520-796-1185 Chandler ( 85226 ) Love's Travel Stop ( MM # 328 248 ),I-10 Exit 162 3,3 24 DO,Chandler,85226,Love's Travel Stop ( MM # 328 248 ),520-796-1185,2015,Chandler,AZ,Love's,,I-10 Exit 162 3,Exit,162,False,,False,I-10,,None,,
Chandler ( 85226 ) Love's Travel Stop # 328,4 / 520-796-1185 I-10 Exit 162,24 LO 24,Chandler,85226,Love's Travel Stop # 328,520-796-1185,2016,Chandler,AZ,Love's,,I-10 Exit 162,Exit,162,False,,False,I-10,,None,,
"Avondale , 85323 Pilot Travel Center # 459",623-936-0900 I-10 Exit 133 A,HRS HRS XL,Avondale,85323,Pilot Travel Center # 459,623-936-0900,2006,Avondale,AZ,Pilot,,I-10 Exit 133 A,Exit,133,False,,False,I-10,,None,,
"Avondale , 85323 Pilot Travel Center . All rights # 459 reserved .",623-936-0900 I-10 Exit 133 A,,Avondale,85323,Pilot Travel Center . All rights # 459 reserved .,623-936-0900,2007,Avondale,AZ,Pilot,,I-10 Exit 133 A,Exit,133,False,,False,I-10,,None,,
"Avondale , 85323 Pilot Travel Center # 459",4 623-936-0900 I-10 Exit 133 A,24 HRS XL,Avondale,85323,Pilot Travel Center # 459,623-936-0900,2008,Avondale,AZ,Pilot,,I-10 Exit 133 A,Exit,133,False,,False,I-10,,None,,
Avondale ( 85323 ) Pilot Travel Center # 459,623-936-0900 I-10 Exit 133 A Pilot,Pilot 24 m XL <U+25A1> D,Avondale,85323,Pilot Travel Center # 459,623-936-0900,2014,Avondale,AZ,Pilot,,I-10 Exit 133 A Pilot,Exit,133,False,,False,I-10,,None,,
Avondale ( 85323 ) Pilot Travel Center # 459,623-936-0900 I-10 Exit 133 A pilot,24 XL,Avondale,85323,Pilot Travel Center # 459,623-936-0900,2015,Avondale,AZ,Pilot,,I-10 Exit 133 A pilot,Exit,133,False,,False,I-10,,None,,
Avondale ( 85323 ) Pilot Travel Center # 459,4 623-936-0900 I-10 Exit 133 A plat 24,24 <U+2610> XL 24,Avondale,85323,Pilot Travel Center # 459,623-936-0900,2016,Avondale,AZ,Pilot,,I-10 Exit 133 A plat 24,Exit,133,False,,False,I-10,,None,,
"Buckeye , 85326 Love's Travel Stop # 280",623-386-6926 I-10 Exit 114,M SOO,Buckeye,85326,Love's Travel Stop # 280,623-386-6926,2006,Buckeye,AZ,Love's,,I-10 Exit 114,Exit,114,False,,False,I-10,,None,,
"Buckeye , 85326 Love's Travel Stop # ) 280",623-386-6926 I-10 Exit 114,HRS M,Buckeye,85326,Love's Travel Stop # ) 280,623-386-6926,2007,Buckeye,AZ,Love's,,I-10 Exit 114,Exit,114,False,,False,I-10,,None,,
"Buckeye , 85326 Love's Travel Stop # 280",3 623-386-6926 I-10 Exit 114,HRS 24 M,Buckeye,85326,Love's Travel Stop # 280,623-386-6926,2008,Buckeye,AZ,Love's,,I-10 Exit 114,Exit,114,False,,False,I-10,,None,,
G Buckeye ( 85326 ) Love's Travel Stop # 280,623-386-6926 I-10 Exit 114 ( Miller Rd S ),"24 "" M",Buckeye,85326,Love's Travel Stop # 280,623-386-6926,2014,Buckeye,AZ,Love's,( Miller Rd S ),I-10 Exit 114 ,Exit,114,False,,False,I-10,,None,,
Buckeye ( 85326 ) Love's I-10 Exit Travel 302 Stop ( AZ 90 # 280 ),623-386-6926 I-10 Exit 114 ( Miller Rd S ),24 M,Buckeye,85326,Love's I-10 Exit Travel 302 Stop ( AZ 90 # 280 ),623-386-6926,2015,Buckeye,AZ,Love's,( Miller Rd S ),I-10 Exit 114 ,Exit,114,False,,False,I-10,,None,,
G Buckeye ( 85326 ) Love's Travel Stop # 280,623-386-6926 I-10 Exit 114 ( Miller Rd S ),M 24,Buckeye,85326,Love's Travel Stop # 280,623-386-6926,2016,Buckeye,AZ,Love's,( Miller Rd S ),I-10 Exit 114 ,Exit,114,False,,False,I-10,,None,,
"Ehrenberg , 85334 J Travel Plaza # 0500250",928-923-9600 Flying I-10 Exit 1 ( S Frontage Rd ),,Ehrenberg,85334,J Travel Plaza # 0500250,928-923-9600,2006,Ehrenberg,AZ,,( S Frontage Rd ),Flying I-10 Exit 1 ,Exit,1,True,unclear address_standardized_OFF_parenthesis,True,I-10,,None,,
"Ehrenberg , 85334 Flying J Travel Plaza # 0500250",928-923-9600 I-10 Exit 1 ( S Frontage ) #,FRS XL 464,Ehrenberg,85334,Flying J Travel Plaza # 0500250,928-923-9600,2007,Ehrenberg,AZ,Flying J,( S Frontage ) #,I-10 Exit 1 ,Exit,1,False,,False,I-10,,None,,
", 85334 Flying J Travel Plaza # 0500250",FEhrenberg 1928-923-9600 I-10 Exit 1 ( S Frontage Rd ) #,24 HRS XL 24 HRS,,85334,Flying J Travel Plaza # 0500250,928-923-9600,2008,Ehrenberg,AZ,Flying J,( S Frontage Rd ) #,I-10 Exit 1 ,Exit,1,False,,False,I-10,,None,,
Ehrenberg ( 85334 ) Flying J Travel Plaza # 608,928-923-9600 I-10 Exit 1 ( S Frontage Rd ),XL,Ehrenberg,85334,Flying J Travel Plaza # 608,928-923-9600,2014,Ehrenberg,AZ,Flying J,( S Frontage Rd ),I-10 Exit 1 ,Exit,1,False,,False,I-10,,None,,
Ehrenberg ( 85334 ) Flying J Travel Plaza # 608,928-923-9600 I-10 Exit 1 ( S Frontage Rd ) FLYING,FLYING J 24 XLOO,Ehrenberg,85334,Flying J Travel Plaza # 608,928-923-9600,2015,Ehrenberg,AZ,Flying J,( S Frontage Rd ) FLYING,I-10 Exit 1 ,Exit,1,False,,False,I-10,,None,,
Ehrenberg ( 85334 ) Flying J Travel Plaza # 608,928-923-9600 I-10 Exit 1 ( S Frontage Rd ) . FLYING J,FLYING J 24 XL 24 O,Ehrenberg,85334,Flying J Travel Plaza # 608,928-923-9600,2016,Ehrenberg,AZ,Flying J,( S Frontage Rd ) . FLYING J,I-10 Exit 1 ,Exit,1,False,,False,I-10,,None,,
"Gila Bend , 85337 Love's Travel Stop # 296",928-683-2210 I-8 Exit 115 ( AZ 85 ),K,Gila Bend,85337,Love's Travel Stop # 296,928-683-2210,2006,Gila Bend,AZ,Love's,( AZ 85 ),I-8 Exit 115 ,Exit,115,False,,False,I-8,,None,,
"Gila Bend , 85337 Love's Travel Stop # 296",928-683-2210 I-8 Exit 115 ( AZ 85 ),MOO,Gila Bend,85337,Love's Travel Stop # 296,928-683-2210,2007,Gila Bend,AZ,Love's,( AZ 85 ),I-8 Exit 115 ,Exit,115,False,,False,I-8,,None,,
"Gila Bend , 85337 Love's Travel Stop # 296",928-683-2210 I-8 Exit 115 ( AZ 85 ),24 HRS M,Gila Bend,85337,Love's Travel Stop # 296,928-683-2210,2008,Gila Bend,AZ,Love's,( AZ 85 ),I-8 Exit 115 ,Exit,115,False,,False,I-8,,None,,
G Gila Bend ( 85337 ) Love's Travel Stop # 296,3 928-683-2210 I-8 Exit 115 ( AZ 85 N ),24 225 <U+2610> MOO,Gila Bend,85337,Love's Travel Stop # 296,928-683-2210,2014,Gila Bend,AZ,Love's,( AZ 85 N ),I-8 Exit 115 ,Exit,115,False,,False,I-8,,None,,
G Gila Bend ( 85337 ) Love's Travel Stop # 296,3 928-683-2210 I-8 Exit 115 ( AZ 85 N ),24 <U+2610> M,Gila Bend,85337,Love's Travel Stop # 296,928-683-2210,2015,Gila Bend,AZ,Love's,( AZ 85 N ),I-8 Exit 115 ,Exit,115,False,,False,I-8,,None,,
G Gila Bend ( 85337 ) Love's Travel Stop # 296,3 928-683-2210 I-8 Exit 115 ( AZ 85 N ),24 MOO,Gila Bend,85337,Love's Travel Stop # 296,928-683-2210,2016,Gila Bend,AZ,Love's,( AZ 85 N ),I-8 Exit 115 ,Exit,115,False,,False,I-8,,None,,
"Gila Bend , 85337 Holt Interstate Services ( Shell )",928-683-2449 I-8 Exit 119,XL,Gila Bend,85337,Holt Interstate Services ( Shell ),928-683-2449,2006,Gila Bend,AZ,Shell,,I-8 Exit 119,Exit,119,False,,False,I-8,,None,,
"Gila Bend , 85337 Holt Interstate Services ( Shell )",928-683-2449 I-8 Exit 119,,Gila Bend,85337,Holt Interstate Services ( Shell ),928-683-2449,2007,Gila Bend,AZ,Shell,,I-8 Exit 119,Exit,119,False,,False,I-8,,None,,
"Gila Bend , 85337 Holt Interstate Services ( Shell )",3 928-683-2449 I-8 Exit 119,24 HRS <U+2610>,Gila Bend,85337,Holt Interstate Services ( Shell ),928-683-2449,2008,Gila Bend,AZ,Shell,,I-8 Exit 119,Exit,119,False,,False,I-8,,None,,
G Gila Bend ( 85337 ) Holt Interstate Services N ) ( Shell ),3 928-683-2449 I-8 Exit 119,24 XL,Gila Bend,85337,Holt Interstate Services N ) ( Shell ),928-683-2449,2014,Gila Bend,AZ,Shell,,I-8 Exit 119,Exit,119,False,,False,I-8,,None,,
Gila Bend ( 85337 ) Holt Interstate Services ( Shell ),3 928-683-2449 I-8 Exit 119,24 XL,Gila Bend,85337,Holt Interstate Services ( Shell ),928-683-2449,2015,Gila Bend,AZ,Shell,,I-8 Exit 119,Exit,119,False,,False,I-8,,None,,
G Gila Bend ( 85337 ) Holt Interstate Services ( Shell ),928-683-2449 I-8 Exit 119,XL,Gila Bend,85337,Holt Interstate Services ( Shell ),928-683-2449,2016,Gila Bend,AZ,Shell,,I-8 Exit 119,Exit,119,False,,False,I-8,,None,,
"F Quartzsite , 85346 Love's Travel Stop # 286",928-927-8570 I-10 Exit 17,,Quartzsite,85346,Love's Travel Stop # 286,928-927-8570,2006,Quartzsite,AZ,Love's,,I-10 Exit 17,Exit,17,False,,False,I-10,,None,,
"F Quartzsite , 85346 Love's Travel Stop # 286",928-927-8570 I-10 Exit 17,24 HRS S,Quartzsite,85346,Love's Travel Stop # 286,928-927-8570,2007,Quartzsite,AZ,Love's,,I-10 Exit 17,Exit,17,False,,False,I-10,,None,,
"Quartzsite , 85346 Love's Travel Stop # 286",928-927-8570 I-10 Exit 17,24 HRS S,Quartzsite,85346,Love's Travel Stop # 286,928-927-8570,2008,Quartzsite,AZ,Love's,,I-10 Exit 17,Exit,17,False,,False,I-10,,None,,
Quartzsite ( 85346 ) Love's Travel Stop # 286,928-927-8570 I-10 Exit 17,24 <U+2610> S,Quartzsite,85346,Love's Travel Stop # 286,928-927-8570,2014,Quartzsite,AZ,Love's,,I-10 Exit 17,Exit,17,False,,False,I-10,,None,,
F Quartzsite ( 85346 ) Love's Travel Stop # 286,928-927-8570 I-10 Exit 17,24,Quartzsite,85346,Love's Travel Stop # 286,928-927-8570,2015,Quartzsite,AZ,Love's,,I-10 Exit 17,Exit,17,False,,False,I-10,,None,,
Quartzsite ( 85346 ) Love's Travel Stop # 286,928-927-8570 I-10 Exit 17,24 024,Quartzsite,85346,Love's Travel Stop # 286,928-927-8570,2016,Quartzsite,AZ,Love's,,I-10 Exit 17,Exit,17,False,,False,I-10,,None,,
"Vicksburg , 85348 Tomahawk Auto / Truck Plaza ( Shamrock )",928-859-3843 I-10 Exit 45 ( Vicksburg Rd ),MO <U+2610>,Vicksburg,85348,Tomahawk Auto / Truck Plaza ( Shamrock ),928-859-3843,2006,Salome,AZ,Shamrock,( Vicksburg Rd ),I-10 Exit 45 ,Exit,45,False,,False,I-10,,None,,
"Vicksburg , 85348 Tomahawk Auto / Truck Plaza ( Valero )",928-859-3843 I-10 Exit 45 ( Vicksburg Rd ),) 24 XL <U+2610>,Vicksburg,85348,Tomahawk Auto / Truck Plaza ( Valero ),928-859-3843,2007,Salome,AZ,Valero,( Vicksburg Rd ),I-10 Exit 45 ,Exit,45,False,,False,I-10,,None,,
", 85348 Tomahawk Auto / Truck Plaza ( Valero )",FVicksburg 2 928-859-3843 I-10 Exit 45 ( Vicksburg Rd ),HRS 24 XL,,85348,Tomahawk Auto / Truck Plaza ( Valero ),928-859-3843,2008,Salome,AZ,Valero,( Vicksburg Rd ),I-10 Exit 45 ,Exit,45,False,,False,I-10,,None,,
Vicksburg ( 85348 ) Tomahawk Auto / Truck Plaza ( Valero ),928-859-3843 I-10 Exit 45 ( Vicksburg Rd ),20 24 XL,Vicksburg,85348,Tomahawk Auto / Truck Plaza ( Valero ),928-859-3843,2014,Salome,AZ,Valero,( Vicksburg Rd ),I-10 Exit 45 ,Exit,45,False,,False,I-10,,None,,
Vicksburg ( 85348 ) Pride Travel Plaza,928-859-3843 I-10 Exit 45 (,24 <U+25A1> XL,Vicksburg,85348,Pride Travel Plaza,928-859-3843,2015,Salome,AZ,,(,I-10 Exit 45 ,Exit,45,False,,False,I-10,,None,,
Vicksburg ( 85348 ) Pride Travel Plaza,928-859-3843 I-10 Exit 45 ( Vicksburg Rd ),24 <U+2610> XL,Vicksburg,85348,Pride Travel Plaza,928-859-3843,2016,Salome,AZ,,( Vicksburg Rd ),I-10 Exit 45 ,Exit,45,False,,False,I-10,,None,,
"Tonopah , 85354 Minute Mart # 42 ( Shell )",623-386-5386 I-10 Exit 94,,Tonopah,85354,Minute Mart # 42 ( Shell ),623-386-5386,2006,Tonopah,AZ,Shell,,I-10 Exit 94,Exit,94,False,,False,I-10,,None,,
"Tonopah , 85354 Minute Mart # 42 ( Shell )",623-386-5386 I-10 Exit 94,24 XLO O,Tonopah,85354,Minute Mart # 42 ( Shell ),623-386-5386,2007,Tonopah,AZ,Shell,,I-10 Exit 94,Exit,94,False,,False,I-10,,None,,
"Tonopah , 85354 Minute Mart # 42 ( Shell )",3 623-386-5386 I-10 Exit 94,24 HRS XL <U+2610> <U+2610>,Tonopah,85354,Minute Mart # 42 ( Shell ),623-386-5386,2008,Tonopah,AZ,Shell,,I-10 Exit 94,Exit,94,False,,False,I-10,,None,,
G Tonopah ( 85354 ) Minute Mart # 42 ( Shell ),3 623-386-5386 I-10 Exit 94,24 XL,Tonopah,85354,Minute Mart # 42 ( Shell ),623-386-5386,2014,Tonopah,AZ,Shell,,I-10 Exit 94,Exit,94,False,,False,I-10,,None,,
Tonopah ( 85354 ) Minute Mart # 42 ( Shell Ave ) S ),623-386-5386 I-10 Exit 94,24 XL <U+2610><U+2610>,Tonopah,85354,Minute Mart # 42 ( Shell Ave ) S ),623-386-5386,2015,Tonopah,AZ,Shell,,I-10 Exit 94,Exit,94,False,,False,I-10,,None,,
Tonopah ( 85354 ) Minute Mart # 42 ( Shell ),3 623-386-5386 I-10 Exit 94,24 XL,Tonopah,85354,Minute Mart # 42 ( Shell ),623-386-5386,2016,Tonopah,AZ,Shell,,I-10 Exit 94,Exit,94,False,,False,I-10,,None,,
"Tonopah , 85354 TravelCenters",3 623-386-6443 I-10 Exit 103 ( 339th of America Ave ) ( Shell ),<U+25A1>,Tonopah,85354,TravelCenters,623-386-6443,2006,Tonopah,AZ,TravelCenters,( 339th of America Ave ) ( Shell ),I-10 Exit 103 ,Exit,103,False,,False,I-10,,None,,
"Tonopah , 85354 TravelCenters of America # 225",623-386-6443 I-10 Exit 103 ( 339th Ave ) TA,24,Tonopah,85354,TravelCenters of America # 225,623-386-6443,2007,Tonopah,AZ,TravelCenters,( 339th Ave ) TA,I-10 Exit 103 ,Exit,103,False,,False,I-10,,None,,
"G Tonopah , 85354 TravelCenters of America # 225",3 623-386-6443 I-10 Exit 103 ( 339th Ave S ) TA,24 HRS . XL 24,Tonopah,85354,TravelCenters of America # 225,623-386-6443,2008,Tonopah,AZ,TravelCenters,( 339th Ave S ) TA,I-10 Exit 103 ,Exit,103,False,,False,I-10,,None,,
Tonopah ( 85354 ) TA Tonopah # 225 ( Shell ),623-386-6443 I-10 Exit 103 ( 339th Ave S ),ZA 24 XL 24,Tonopah,85354,TA Tonopah # 225 ( Shell ),623-386-6443,2014,Tonopah,AZ,Shell,( 339th Ave S ),I-10 Exit 103 ,Exit,103,False,,False,I-10,,None,,
G Tonopah ( 85354 ) TA Tonopah # 225 84 ( Shell ) ),623-386-6443 I-10 Exit 103 ( 339th Ave S ),ZA 24 24,Tonopah,85354,TA Tonopah # 225 84 ( Shell ) ),623-386-6443,2015,Tonopah,AZ,Shell,( 339th Ave S ),I-10 Exit 103 ,Exit,103,False,,False,I-10,,None,,
Tonopah ( 85354 ) TA Tonopah # 225 ( Shell ),3 623-386-6443 I-10 Exit 103 ( 339th Ave S ),2.4 <U+2610> XL 24,Tonopah,85354,TA Tonopah # 225 ( Shell ),623-386-6443,2016,Tonopah,AZ,Shell,( 339th Ave S ),I-10 Exit 103 ,Exit,103,False,,False,I-10,,None,,
"F Quartzsite , 85359 Quik Chek Shell",A 1928-927-5642 I-10 Exit 17 EB / 19 WB ( to AZ 95 ),,Quartzsite,85359,Quik Chek Shell,928-927-5642,2006,Quartzsite,AZ,Shell,( to AZ 95 ),I-10 Exit 17 EB / 19 WB ,Exit,17,False,,False,I-10,,19,,
"F Quartzsite , 85359 Quik Chek Shell",928-927-5642 I-10 Exit 17 EB / 19 WB ( to AZ 95 ),O,Quartzsite,85359,Quik Chek Shell,928-927-5642,2007,Quartzsite,AZ,Shell,( to AZ 95 ),I-10 Exit 17 EB / 19 WB ,Exit,17,False,,False,I-10,,19,,
"Quartzsite , 85359 Quik Chek Shell",928-927-5642 I-10 Exit 17 EB / 19 WB ( to AZ 95 ),S <U+2610> <U+2610>,Quartzsite,85359,Quik Chek Shell,928-927-5642,2008,Quartzsite,AZ,Shell,( to AZ 95 ),I-10 Exit 17 EB / 19 WB ,Exit,17,False,,False,I-10,,19,,
Quartzsite ( 85359 ) Quik Chek Shell,928-927-5642 I-10 Exit 17 EB / 19 WB ( to AZ 95 ),24 S D,Quartzsite,85359,Quik Chek Shell,928-927-5642,2014,Quartzsite,AZ,Shell,( to AZ 95 ),I-10 Exit 17 EB / 19 WB ,Exit,17,False,,False,I-10,,19,,
F Quartzsite ( 85359 ) Quik Chek Shell,928-927-5642 I-10 Exit 17 EB / 19 WB ( to AZ 95 ),0,Quartzsite,85359,Quik Chek Shell,928-927-5642,2015,Quartzsite,AZ,Shell,( to AZ 95 ),I-10 Exit 17 EB / 19 WB ,Exit,17,False,,False,I-10,,19,,
Quartzsite ( 85359 ) Quik Chek 76,928-927-5642 I-10 Exit 17 EB / 19 WB ( to AZ 95 ),1 <U+25A1> D <U+25A1> <U+25A1>,Quartzsite,85359,Quik Chek 76,928-927-5642,2016,Quartzsite,AZ,,( to AZ 95 ),I-10 Exit 17 EB / 19 WB ,Exit,17,False,,False,I-10,,19,,
"F Quartzsite , 85359 Pilot Travel Center # 328",928-927-7777 I-10 Exit 17 ( Business Loop ),FRS 24 XL O O,Quartzsite,85359,Pilot Travel Center # 328,928-927-7777,2006,Quartzsite,AZ,Pilot,( Business Loop ),I-10 Exit 17 ,Exit,17,False,,False,I-10,,None,,
"F Quartzsite , 85359 Pilot Travel Center # 328",928-927-7777 I-10 Exit 17 ( Business Loop ),24 HRS L,Quartzsite,85359,Pilot Travel Center # 328,928-927-7777,2007,Quartzsite,AZ,Pilot,( Business Loop ),I-10 Exit 17 ,Exit,17,False,,False,I-10,,None,,
"Quartzsite , 85359 Pilot Travel Center # 328",928-927-7777 I-10 Exit 17 ( Business Loop ),HRS 24,Quartzsite,85359,Pilot Travel Center # 328,928-927-7777,2008,Quartzsite,AZ,Pilot,( Business Loop ),I-10 Exit 17 ,Exit,17,False,,False,I-10,,None,,
F Quartzsite ( 85359 ) Pilot Travel Center # 328,928-927-7777 I-10 Exit 17 ( Business Loop ),24,Quartzsite,85359,Pilot Travel Center # 328,928-927-7777,2014,Quartzsite,AZ,Pilot,( Business Loop ),I-10 Exit 17 ,Exit,17,False,,False,I-10,,None,,
Quartzsite ( 85359 ) Pilot Travel Center # 328,928-927-7777 I-10 Exit 17 ( Business Loop ),Pilot 24 <U+2610>,Quartzsite,85359,Pilot Travel Center # 328,928-927-7777,2015,Quartzsite,AZ,Pilot,( Business Loop ),I-10 Exit 17 ,Exit,17,False,,False,I-10,,None,,
Quartzsite ( 85359 ) Pilot Travel Center # 328 Pilot,928-927-7777 I-10 Exit 17 ( Business Loop ),24 <U+2610> <U+25A1> 24,Quartzsite,85359,Pilot Travel Center # 328 Pilot,928-927-7777,2016,Quartzsite,AZ,Pilot,( Business Loop ),I-10 Exit 17 ,Exit,17,False,,False,I-10,,None,,
"Yuma , 85364 Shell # 10",928-342-1074 I-8 Exit 12 ( Fortuna Rd ),,Yuma,85364,Shell # 10,928-342-1074,2006,Yuma,AZ,Shell,( Fortuna Rd ),I-8 Exit 12 ,Exit,12,False,,False,I-8,,None,,
"Yuma , 85364 Shell # 10",928-342-1074 I-8 Exit 12 ( Fortuna Rd ),<U+25A1>,Yuma,85364,Shell # 10,928-342-1074,2007,Yuma,AZ,Shell,( Fortuna Rd ),I-8 Exit 12 ,Exit,12,False,,False,I-8,,None,,
"Yuma , 85364 Shell # 10",928-342-1074 I-8 Exit 12 ( Fortuna Rd ),24 HRS,Yuma,85364,Shell # 10,928-342-1074,2008,Yuma,AZ,Shell,( Fortuna Rd ),I-8 Exit 12 ,Exit,12,False,,False,I-8,,None,,
Yuma ( 85364 ) Shell # 10 ),928-342-1074 I-8 Exit 12 ( Fortuna Rd ),<U+2610> <U+2610> O,Yuma,85364,Shell # 10 ),928-342-1074,2014,Yuma,AZ,Shell,( Fortuna Rd ),I-8 Exit 12 ,Exit,12,False,,False,I-8,,None,,
Yuma ( 85364 ) Shell # 10,928-342-1074 I-8 Exit 12 ( Fortuna Rd ),24 O,Yuma,85364,Shell # 10,928-342-1074,2015,Yuma,AZ,Shell,( Fortuna Rd ),I-8 Exit 12 ,Exit,12,False,,False,I-8,,None,,
Yuma ( 85364 ) Shell # 10,928-342-1074 I-8 Exit 12 ( Fortuna Rd ),24 <U+2610> <U+2610>,Yuma,85364,Shell # 10,928-342-1074,2016,Yuma,AZ,Shell,( Fortuna Rd ),I-8 Exit 12 ,Exit,12,False,,False,I-8,,None,,
"Yuma , 85365 Barney's Auto / Truck Plaza ( Shamrock )",928-342-2696 I-8 Exit 12 ( Fortuna Rd ),,Yuma,85365,Barney's Auto / Truck Plaza ( Shamrock ),928-342-2696,2006,Yuma,AZ,Shamrock,( Fortuna Rd ),I-8 Exit 12 ,Exit,12,False,,False,I-8,,None,,
"Yuma , 85365 Barney's Auto / Truck Plaza ( Valero )",928-342-2696 I-8 Exit 12 ( Fortuna Rd ),24 HRS HRS,Yuma,85365,Barney's Auto / Truck Plaza ( Valero ),928-342-2696,2007,Yuma,AZ,Valero,( Fortuna Rd ),I-8 Exit 12 ,Exit,12,False,,False,I-8,,None,,
"Yuma , 85365 Barney's Auto / Truck Plaza ( Valero )",928-342-2696 I-8 Exit 12 ( Fortuna Rd ),24 HRS L HRS 24 <U+2610>,Yuma,85365,Barney's Auto / Truck Plaza ( Valero ),928-342-2696,2008,Yuma,AZ,Valero,( Fortuna Rd ),I-8 Exit 12 ,Exit,12,False,,False,I-8,,None,,
H Yuma ( 85365 ) Barney's Auto / Truck Plaza I-8 # Exit 33 ( 3 Flying ) J #,928-342-2696 I-8 Exit 12 ( Fortuna Rd ),J # 505 ) 24 24,Yuma,85365,Barney's Auto / Truck Plaza I-8 # Exit 33 ( 3 Flying ) J #,928-342-2696,2014,Yuma,AZ,,( Fortuna Rd ),I-8 Exit 12 ,Exit,12,False,,False,I-8,,None,,
Yuma ( 85365 ) Barney's Auto / Truck Plaza # 33 ( Flying J #,928-342-2696 I-8 Exit 12 ( Fortuna Rd ),J FLYING # 50524 J 24 RS,Yuma,85365,Barney's Auto / Truck Plaza # 33 ( Flying J #,928-342-2696,2015,Yuma,AZ,Flying J,( Fortuna Rd ),I-8 Exit 12 ,Exit,12,False,,False,I-8,,None,,
Yuma ( 85365 ) Giant # 6641 ( Flying J # 505 ),928-342-2696 I-8 Exit 12 ( Fortuna Rd ),FLYING J 24 L 24,Yuma,85365,Giant # 6641 ( Flying J # 505 ),928-342-2696,2016,Yuma,AZ,Flying J,( Fortuna Rd ),I-8 Exit 12 ,Exit,12,False,,False,I-8,,None,,
"Yuma , 85365 Barney's # 30 ( Shamrock )",928-344-0160 3200 E US 80,,Yuma,85365,Barney's # 30 ( Shamrock ),928-344-0160,2006,Yuma,AZ,Shamrock,,3200 E US 80,Proper,,False,,False,US 80,,None,,
"Yuma , 85365 Barney's # 30 (",928-344-0160 3200 E US 80 Valero ),MOO,Yuma,85365,Barney's # 30 (,928-344-0160,2007,Yuma,AZ,,,3200 E US 80 Valero ,Proper,,False,,False,US 80,,None,,
"Yuma , 85365 Barney's # 30 ( Valero )",928-344-0160 3200 E US 80,S <U+2610><U+2610>,Yuma,85365,Barney's # 30 ( Valero ),928-344-0160,2008,Yuma,AZ,Valero,,3200 E US 80,Proper,,False,,False,US 80,,None,,
Yuma ( 85365 ) Barney's # 30 ( Shell ),928-344-0160 3200 E 32nd St ( SE of I-8 Exit 3 ),2 24 M D,Yuma,85365,Barney's # 30 ( Shell ),928-344-0160,2014,Yuma,AZ,Shell,( SE of I-8 Exit 3 ),3200 E 32nd St,Proper,,False,,False,32nd St,,None,,
Yuma ( 85365 ) Giant # 6636 ( 76 ),928-344-0160 3200 E 32nd St ( SE of I-8 Exit 3,S,Yuma,85365,Giant # 6636 ( 76 ),928-344-0160,2015,Yuma,AZ,,( SE of I-8 Exit 3,3200 E 32nd St,Proper,,False,,False,32nd St,,None,,
Yuma ( 85365 ) Giant # 6636 ( 76 ),928-344-0160 3200 E 32nd St ( SE of I-8 Exit 3 ),24 SO <U+25A1> O,Yuma,85365,Giant # 6636 ( 76 ),928-344-0160,2016,Yuma,AZ,,( SE of I-8 Exit 3 ),3200 E 32nd St,Proper,,False,,False,32nd St,,None,,
"Central Heights , 85539 Dave's Fast Stop # 4 ( Chevron )",928-425-3297 2060 US 60-70 ( MM 248 ),24,Central Heights,85539,Dave's Fast Stop # 4 ( Chevron ),928-425-3297,2006,Miami,AZ,Chevron,( MM 248 ),2060 US 60-70,Proper,,False,,False,US 60-70,,None,,
"Central Heights , 85539 Dave's Fast Stop # 4 ( Chevron ) )",928-425-3297 2060 US 60-70 ( MM 248 ),000,Central Heights,85539,Dave's Fast Stop # 4 ( Chevron ) ),928-425-3297,2007,Miami,AZ,Chevron,( MM 248 ),2060 US 60-70,Proper,,False,,False,US 60-70,,None,,
"Central Heights , 85539 Dave's Fast Stop # 4 ( Chevron )",6 928-425-3297 2060 US 60-70 ( MM 248 ),HRS 24 S <U+2610> <U+2610> <U+2610> <U+2610>,Central Heights,85539,Dave's Fast Stop # 4 ( Chevron ),928-425-3297,2008,Miami,AZ,Chevron,( MM 248 ),2060 US 60-70,Proper,,False,,False,US 60-70,,None,,
G Central Heights ( 85539 ) Dave's Fast Stop ( Chevron ),928-425-3297 2060 US 60-70 ( MM 248 ),24 S D,Central Heights,85539,Dave's Fast Stop ( Chevron ),928-425-3297,2014,Miami,AZ,Chevron,( MM 248 ),2060 US 60-70,Proper,,False,,False,US 60-70,,None,,
Central Heights ( 85539 ) Dave's Fast Stop ( Chevron ) ),928-425-3297 2060 US 60-70 ( MM 248 ),24 SO,Central Heights,85539,Dave's Fast Stop ( Chevron ) ),928-425-3297,2015,Miami,AZ,Chevron,( MM 248 ),2060 US 60-70,Proper,,False,,False,US 60-70,,None,,
Central Heights ( 85539 ) Dave's Fast Stop ( Chevron ),928-425-3297 2060 US 60-70 ( MM 248 ),24 S a,Central Heights,85539,Dave's Fast Stop ( Chevron ),928-425-3297,2016,Miami,AZ,Chevron,( MM 248 ),2060 US 60-70,Proper,,False,,False,US 60-70,,None,,
"San Simon , 85632 4 - K Truck Stop ( Chevron ) .",7 520-845-2251 I-10 Exit 378,TX,San Simon,85632,4 - K Truck Stop ( Chevron ) .,520-845-2251,2006,San Simon,AZ,Chevron,,I-10 Exit 378,Exit,378,False,,False,I-10,,None,,
"San Simon , 85632 Sunmart # 605 ( Chevron )",520-845-2251 I-10 Exit 378,HRS 24 XL,San Simon,85632,Sunmart # 605 ( Chevron ),520-845-2251,2007,San Simon,AZ,Chevron,,I-10 Exit 378,Exit,378,False,,False,I-10,,None,,
"San Simon , 85632 Sunmart # 605 ( Chevron )",7 520-845-2251 I-10 Exit 378,24 HRS XL,San Simon,85632,Sunmart # 605 ( Chevron ),520-845-2251,2008,San Simon,AZ,Chevron,,I-10 Exit 378,Exit,378,False,,False,I-10,,None,,
H San Simon ( 85632 ) Sunmart # 605 ( Chevron ),520-845-2251 I-10 Exit 378,124 XL,San Simon,85632,Sunmart # 605 ( Chevron ),520-845-2251,2014,San Simon,AZ,Chevron,,I-10 Exit 378,Exit,378,False,,False,I-10,,None,,
H San Simon ( 85632 ) Sunmart # 605 ( Chevron ),7 520-845-2251 I-10 Exit 378,24 XL E,San Simon,85632,Sunmart # 605 ( Chevron ),520-845-2251,2015,San Simon,AZ,Chevron,,I-10 Exit 378,Exit,378,False,,False,I-10,,None,,
San Simon ( 85632 ) Sunmart # 605 ( Chevron ),520-845-2251 I-10 Exit 378,24 XL 24 38,San Simon,85632,Sunmart # 605 ( Chevron ),520-845-2251,2016,San Simon,AZ,Chevron,,I-10 Exit 378,Exit,378,False,,False,I-10,,None,,
"Willcox , 85643 Willcox Truck Plaza ( Chevron )",520-384-3561 I-10 Exit 340 ( AZ 186 S ),HRS S -,Willcox,85643,Willcox Truck Plaza ( Chevron ),520-384-3561,2006,Willcox,AZ,Chevron,( AZ 186 S ),I-10 Exit 340 ,Exit,340,False,,False,I-10,,None,,
"Willcox , 85643 Willcox Truck Plaza ( Chevron )",6 520-384-3561 I-10 Exit 340 ( AZ 186 S ),D,Willcox,85643,Willcox Truck Plaza ( Chevron ),520-384-3561,2007,Willcox,AZ,Chevron,( AZ 186 S ),I-10 Exit 340 ,Exit,340,False,,False,I-10,,None,,
"Willcox , 85643 Willcox Truck Plaza ( Chevron )",6 520-384-3561 I-10 Exit 340 ( AZ 186 S ),24 HRS M 240 HRS,Willcox,85643,Willcox Truck Plaza ( Chevron ),520-384-3561,2008,Willcox,AZ,Chevron,( AZ 186 S ),I-10 Exit 340 ,Exit,340,False,,False,I-10,,None,,
Willcox ( 85643 ) Willcox Truck Plaza,520-384-3561 I-10 Exit 340 ( AZ 186 S ),24 S <U+2610> <U+2610>,Willcox,85643,Willcox Truck Plaza,520-384-3561,2014,Willcox,AZ,,( AZ 186 S ),I-10 Exit 340 ,Exit,340,False,,False,I-10,,None,,
Willcox ( 85643 ) Willcox Truck ( Plaza 186 N ),520-384-3561 I-10 Exit 340 ( AZ 186,2005 24 S <U+2610> O <U+25A1>,Willcox,85643,Willcox Truck ( Plaza 186 N ),520-384-3561,2015,Willcox,AZ,,( AZ 186,I-10 Exit 340 ,Exit,340,False,,False,I-10,,None,,
Willcox ( 85643 ) Willcox Truck Plaza,520-384-3561 I-10 Exit 340 ( AZ 186 S ) .,24 S <U+2610>,Willcox,85643,Willcox Truck Plaza,520-384-3561,2016,Willcox,AZ,,( AZ 186 S ) .,I-10 Exit 340 ,Exit,340,False,,False,I-10,,None,,
"Willcox , 85643 TravelCenters of America ( Shell )",6 520-384-5311 I-10 Exit 340 ( AZ 186 N ) TA,489 D 0,Willcox,85643,TravelCenters of America ( Shell ),520-384-5311,2006,Willcox,AZ,TravelCenters,( AZ 186 N ) TA,I-10 Exit 340 ,Exit,340,False,,False,I-10,,None,,
"Willcox , 85643 TravelCenters of America ( Shell )",520-384-5311 I-10 Exit 340 ( AZ 186 N ) TA,24 XL 24 O,Willcox,85643,TravelCenters of America ( Shell ),520-384-5311,2007,Willcox,AZ,TravelCenters,( AZ 186 N ) TA,I-10 Exit 340 ,Exit,340,False,,False,I-10,,None,,
"Willcox , 85643",6 520-384-5311 TravelCenters I-10 Exit 340 ( of AZ America 186 N ) ( Shell ),124 HRS XL HRS 124,Willcox,85643,,520-384-5311,2008,Willcox,AZ,,( of AZ America 186 N ) ( Shell ),TravelCenters I-10 Exit 340 ,Exit,340,False,,False,I-10,,None,,
H Willcox ( 85643 ) TA Willcox # 226 ( Shell ),6 520-384-5311 I-10 Exit 340 ( AZ 186 N ),ZA 24 XL 24,Willcox,85643,TA Willcox # 226 ( Shell ),520-384-5311,2014,Willcox,AZ,Shell,( AZ 186 N ),I-10 Exit 340 ,Exit,340,False,,False,I-10,,None,,
Willcox ( 85643 ) TA Willcox # 226 ( Shell ),520-384-5311 I-10 Exit 340 ( AZ 186 ),A24 24 XL,Willcox,85643,TA Willcox # 226 ( Shell ),520-384-5311,2015,Willcox,AZ,Shell,( AZ 186 ),I-10 Exit 340 ,Exit,340,False,,False,I-10,,None,,
Willcox ( 85643 ) TA Willcox # 226 ( Shell ),520-384-5311 I-10 Exit 340 ( AZ 186 N ),24 XL,Willcox,85643,TA Willcox # 226 ( Shell ),520-384-5311,2016,Willcox,AZ,Shell,( AZ 186 N ),I-10 Exit 340 ,Exit,340,False,,False,I-10,,None,,
"Nogales ( North ) , 85648 Pilot Travel Center # 279",5 520-377-0001 I-19 Exit 12 ( AZ 289 ),HR $ SO 0 <U+2610>,Nogales,85648,Pilot Travel Center # 279,520-377-0001,2006,Rio Rico,AZ,Pilot,( AZ 289 ),I-19 Exit 12 ,Exit,12,False,,False,I-19,,None,,
"Nogales ( N ) , 85648 . Pilot Travel Center # 279",520-377-0001 I-19 Exit 12 ( AZ 289 ),24 M,Nogales,85648,. Pilot Travel Center # 279,520-377-0001,2007,Rio Rico,AZ,Pilot,( AZ 289 ),I-19 Exit 12 ,Exit,12,False,,False,I-19,,None,,
"Nogales ( North ) , 85648 Pilot Travel Center # 279",5 520-377-0001 I-19 Exit 12 ( AZ 289 ),HRS 24 M,Nogales,85648,Pilot Travel Center # 279,520-377-0001,2008,Rio Rico,AZ,Pilot,( AZ 289 ),I-19 Exit 12 ,Exit,12,False,,False,I-19,,None,,
Nogales ( North ) ( 85648 ) Pilot Travel Center # 279,5 520-377-0001 I-19 Exit 12 ( AZ 289 ),Plot FOLS 24 <U+2610> LO <U+2610>,Nogales,85648,Pilot Travel Center # 279,520-377-0001,2014,Rio Rico,AZ,Pilot,( AZ 289 ),I-19 Exit 12 ,Exit,12,False,,False,I-19,,None,,
Nogales ( North ) ( 85648 ) Pilot Travel Center # 279,5 520-377-0001 I-19 Exit 12 ( AZ 289 ) pilot,24 <U+2610> LO <U+2610>,Nogales,85648,Pilot Travel Center # 279,520-377-0001,2015,Rio Rico,AZ,Pilot,( AZ 289 ) pilot,I-19 Exit 12 ,Exit,12,False,,False,I-19,,None,,
Nogales ( North ) ( 85648 ) Pilot Travel Center # 279,51520-377-0001 I-19 Exit 12 ( AZ 289 ),Pilat 24 <U+2610> OLO,Nogales,85648,Pilot Travel Center # 279,520-377-0001,2016,Rio Rico,AZ,Pilot,( AZ 289 ),I-19 Exit 12 ,Exit,12,False,,False,I-19,,None,,
"Tucson , 85706 Tucson Truck Terminal ( Triple T )",5 520-574-0050 I-10 Exit 268 ( Craycroft ),48 XL 24,Tucson,85706,Tucson Truck Terminal ( Triple T ),520-574-0050,2006,Tucson,AZ,,( Craycroft ),I-10 Exit 268 ,Exit,268,False,,False,I-10,,None,,
"Tucson , 85706 Tucson Truck Terminal ( Triple T ) ( Spirit",520-574-0050 I-10 Exit 268 ( Craycroft ),),Tucson,85706,Tucson Truck Terminal ( Triple T ) ( Spirit,520-574-0050,2007,Tucson,AZ,,( Craycroft ),I-10 Exit 268 ,Exit,268,False,,False,I-10,,None,,
"Tucson , 85706 Tucson Truck Terminal ( Triple T ) ( Spirit )",5 520-574-0050 I-10 Exit 268 ( Craycroft ),24 HRS XL 24,Tucson,85706,Tucson Truck Terminal ( Triple T ) ( Spirit ),520-574-0050,2008,Tucson,AZ,,( Craycroft ),I-10 Exit 268 ,Exit,268,False,,False,I-10,,None,,
H Tucson ( 85706 ) Tucson Truck Terminal ( Triple ) T ),520-574-0050 I-10 Exit 268 ( Craycroft ),XL 24 32,Tucson,85706,Tucson Truck Terminal ( Triple ) T ),520-574-0050,2014,Tucson,AZ,,( Craycroft ),I-10 Exit 268 ,Exit,268,False,,False,I-10,,None,,
Tucson ( 85706 ) Tucson Truck Terminal ( Triple ) T ),520-574-0050 I-10 Exit 268 ( ),24 XL 24,Tucson,85706,Tucson Truck Terminal ( Triple ) T ),520-574-0050,2015,Tucson,AZ,,( ),I-10 Exit 268 ,Exit,268,False,,False,I-10,,None,,
Tucson ( 85706 ) Tucson Truck Terminal ( Triple T ),520-574-0050 I-10 Exit 268 ( Craycroft ),XL 24,Tucson,85706,Tucson Truck Terminal ( Triple T ),520-574-0050,2016,Tucson,AZ,,( Craycroft ),I-10 Exit 268 ,Exit,268,False,,False,I-10,,None,,
"Tucson , 85706 Mr T's Self Serve ( Spirit )",520-574-1400 I-10 Exit 268 ( Craycroft ),,Tucson,85706,Mr T's Self Serve ( Spirit ),520-574-1400,2006,Tucson,AZ,,( Craycroft ),I-10 Exit 268 ,Exit,268,False,,False,I-10,,None,,
"Tucson , 85706 Mr T's Self Serve ( Spirit )",520-574-1400 I-10 Exit 268 ( Craycroft ),24,Tucson,85706,Mr T's Self Serve ( Spirit ),520-574-1400,2007,Tucson,AZ,,( Craycroft ),I-10 Exit 268 ,Exit,268,False,,False,I-10,,None,,
"Tucson , 85706 Mr T's Self Serve ( Spirit )",520-574-1400 I-10 Exit 268 ( Craycroft ),24 L ) <U+2610><U+2610><U+2610>,Tucson,85706,Mr T's Self Serve ( Spirit ),520-574-1400,2008,Tucson,AZ,,( Craycroft ),I-10 Exit 268 ,Exit,268,False,,False,I-10,,None,,
H Tucson ( 85706 ) Mr T's Self Serve,520-574-1400 I-10 Exit 268 ( Craycroft ),24 XL <U+2610> <U+2610>,Tucson,85706,Mr T's Self Serve,520-574-1400,2014,Tucson,AZ,,( Craycroft ),I-10 Exit 268 ,Exit,268,False,,False,I-10,,None,,
Tucson ( 85706 ) Mr T's Self Serve,520-574-1400 I-10 Exit 268 (,24,Tucson,85706,Mr T's Self Serve,520-574-1400,2015,Tucson,AZ,,(,I-10 Exit 268 ,Exit,268,False,,False,I-10,,None,,
Tucson ( 85706 ) Mr T's Self Serve,5 520-574-1400 I-10 Exit 268 ( Craycroft ),24 XL 24,Tucson,85706,Mr T's Self Serve,520-574-1400,2016,Tucson,AZ,,( Craycroft ),I-10 Exit 268 ,Exit,268,False,,False,I-10,,None,,
"Flagstaff , 86001 Holdings Little America ( Sinclair )",928-779-7942 I-40 Exit 198 ( Butler Ave S ),FRS M,Flagstaff,86001,Holdings Little America ( Sinclair ),928-779-7942,2006,Flagstaff,AZ,Sinclair,( Butler Ave S ),I-40 Exit 198 ,Exit,198,False,,False,I-40,,None,,
"Flagstaff , 86001 Holdings Little America ( Sinclair ) )",928-779-7942 I-40 Exit 198 ( Butler Ave S ),24 48 XL,Flagstaff,86001,Holdings Little America ( Sinclair ) ),928-779-7942,2007,Flagstaff,AZ,Sinclair,( Butler Ave S ),I-40 Exit 198 ,Exit,198,False,,False,I-40,,None,,
"Flagstaff , 86001 Little America ( Sinclair )",928-779-7942 I-40 Exit 198 ( Butler Ave S ),24 HRS XL <U+25A0><U+25A0>,Flagstaff,86001,Little America ( Sinclair ),928-779-7942,2008,Flagstaff,AZ,Sinclair,( Butler Ave S ),I-40 Exit 198 ,Exit,198,False,,False,I-40,,None,,
D Flagstaff ( 86001 ) Little America ( Sinclair ),928-779-7942 I-40 Exit 198 ( Butler Ave S ),LO,Flagstaff,86001,Little America ( Sinclair ),928-779-7942,2014,Flagstaff,AZ,Sinclair,( Butler Ave S ),I-40 Exit 198 ,Exit,198,False,,False,I-40,,None,,
Flagstaff ( 86001 ) Little America ( Sinclair ) ),928-779-7942 I-40 Exit 198 ( Butler Ave S ),ACEST 24,Flagstaff,86001,Little America ( Sinclair ) ),928-779-7942,2015,Flagstaff,AZ,Sinclair,( Butler Ave S ),I-40 Exit 198 ,Exit,198,False,,False,I-40,,None,,
D Flagstaff ( 86001 ) Little America ( Sinclair ),4 928-779-7942 I-40 Exit 198 ( Butler Ave S ),24 LO,Flagstaff,86001,Little America ( Sinclair ),928-779-7942,2016,Flagstaff,AZ,Sinclair,( Butler Ave S ),I-40 Exit 198 ,Exit,198,False,,False,I-40,,None,,
"Flagstaff , 86004 Carter Travel Center ( Conoco )",928-714-9115 7180 US 89 N ( 2 mi N of I-40 Exit 201 ),) HRS,Flagstaff,86004,Carter Travel Center ( Conoco ),928-714-9115,2006,Flagstaff,AZ,Conoco,( 2 mi N of I-40 Exit 201 ),7180 US 89 N,Proper,,False,,False,US 89,,None,,
"Flagstaff , 86004 Carter Travel Center ( Conoco )",928-714-9115 7180 US 89 N ( 2 mi N of I-40 Exit,) <U+25A1>,Flagstaff,86004,Carter Travel Center ( Conoco ),928-714-9115,2007,Flagstaff,AZ,Conoco,( 2 mi N of I-40 Exit,7180 US 89 N,Proper,,False,,False,US 89,,None,,
"Flagstaff , 86004 Carter Travel Center ( Conoco )",4 928-714-9115 7180 US 89 N ( 2 mi N of I-40 Exit 201 ),24 HRS S,Flagstaff,86004,Carter Travel Center ( Conoco ),928-714-9115,2008,Flagstaff,AZ,Conoco,( 2 mi N of I-40 Exit 201 ),7180 US 89 N,Proper,,False,,False,US 89,,None,,
D Flagstaff ( 86004 ) Carter Travel Center ( Conoco ),4 928-714-9115 7180 US 89 N ( 2 mi N of I-40 Exit 201 ),24 S,Flagstaff,86004,Carter Travel Center ( Conoco ),928-714-9115,2014,Flagstaff,AZ,Conoco,( 2 mi N of I-40 Exit 201 ),7180 US 89 N,Proper,,False,,False,US 89,,None,,
D Flagstaff ( 86004 ) Carter Travel Center ( Conoco ),4 928-714-9115 7180 US 89 N ( 2 mi N of I-40 Exit 201 ),24 S O,Flagstaff,86004,Carter Travel Center ( Conoco ),928-714-9115,2015,Flagstaff,AZ,Conoco,( 2 mi N of I-40 Exit 201 ),7180 US 89 N,Proper,,False,,False,US 89,,None,,
Flagstaff ( 86004 ) Carter Travel Center ( Conoco ),4 928-714-9115 7180 US 89 N ( 2 mi N of I-40 Exit 201 ),24 SO,Flagstaff,86004,Carter Travel Center ( Conoco ),928-714-9115,2016,Flagstaff,AZ,Conoco,( 2 mi N of I-40 Exit 201 ),7180 US 89 N,Proper,,False,,False,US 89,,None,,
"Cameron , 86020 Speedy's Convenience Store",928-679-2333 US 89 & AZ 64,24 DOO <U+2610>,Cameron,86020,Speedy's Convenience Store,928-679-2333,2006,Cameron,AZ,,,US 89 & AZ 64,empty,,False,,False,US 89,AZ 64,None,,
"Cameron , 86020 Speedy's Convenience",928-679-2333 US 89 & AZ 64 Store,24 +8 S <U+25A1>,Cameron,86020,Speedy's Convenience,928-679-2333,2007,Cameron,AZ,,,US 89 & AZ 64 Store,empty,,False,,False,US 89,AZ 64,None,,
"Cameron , 86020 Speedy's # 501",5 928-679-2333 US 89 & AZ 64,24 HRS <U+2610> S <U+2610> <U+2610> <U+2610><U+2610>,Cameron,86020,Speedy's # 501,928-679-2333,2008,Cameron,AZ,,,US 89 & AZ 64,empty,,False,,False,US 89,AZ 64,None,,
C Cameron ( 86020 ) Speedy's # 501,928-679-2333 US 89 & AZ 64,24 S <U+25A1> <U+25A1>,Cameron,86020,Speedy's # 501,928-679-2333,2014,Cameron,AZ,,,US 89 & AZ 64,empty,,False,,False,US 89,AZ 64,None,,
Cameron ( 86020 ) Speedy's I-10 Exit 114 # 501 ( Miller Rd S ),928-679-2333 US 89 & AZ 64,24 S D,Cameron,86020,Speedy's I-10 Exit 114 # 501 ( Miller Rd S ),928-679-2333,2015,Cameron,AZ,,,US 89 & AZ 64,empty,114,False,,False,US 89,AZ 64,None,,
Cameron ( 86020 ) Speedy's # 501,928-679-2333 US 89 & AZ 64,34 S <U+25A1>,Cameron,86020,Speedy's # 501,928-679-2333,2016,Cameron,AZ,,,US 89 & AZ 64,empty,,False,,False,US 89,AZ 64,None,,
"Holbrook , 86025 Fuel Express ( Shell )",928-524-3006 I-40 Exit 283 ( Perkins Valley ),XL,Holbrook,86025,Fuel Express ( Shell ),928-524-3006,2006,Holbrook,AZ,Shell,( Perkins Valley ),I-40 Exit 283 ,Exit,283,False,,False,I-40,,None,,
"Holbrook , 86025 Fuel Express ( Shell )",61928-524-3006 I-40 Exit 283 ( Perkins Valley ),24 HRS,Holbrook,86025,Fuel Express ( Shell ),928-524-3006,2007,Holbrook,AZ,Shell,( Perkins Valley ),I-40 Exit 283 ,Exit,283,False,,False,I-40,,None,,
"Holbrook , 86025 Fuel Express ( Texaco )",6 928-524-3006 I-40 Exit 283 ( Perkins Valley ),24 HRS XL <U+2610><U+2610>,Holbrook,86025,Fuel Express ( Texaco ),928-524-3006,2008,Holbrook,AZ,Texaco,( Perkins Valley ),I-40 Exit 283 ,Exit,283,False,,False,I-40,,None,,
D Holbrook ( 86025 ) TA Holbrook # 246 ( Shell ) ),6 928-524-3006 I-40 Exit 283 ( Perkins,A24 DOLO 24,Holbrook,86025,TA Holbrook # 246 ( Shell ) ),928-524-3006,2014,Holbrook,AZ,Shell,( Perkins,I-40 Exit 283 ,Exit,283,False,,False,I-40,,None,,
Holbrook ( 86025 ) TA Holbrook # 246 ( Shell US 180 ) ),6 928-524-3006 I-40 Exit 283 ( Perkins Valley ),24 DOL<U+2610><U+2610>,Holbrook,86025,TA Holbrook # 246 ( Shell US 180 ) ),928-524-3006,2015,Holbrook,AZ,Shell,( Perkins Valley ),I-40 Exit 283 ,Exit,283,False,,False,I-40,,None,,
Holbrook ( 86025 ) TA Holbrook # 246 ( Shell ),6 928-524-3006 I-40 Exit 283 ( Perkins Valley ),24,Holbrook,86025,TA Holbrook # 246 ( Shell ),928-524-3006,2016,Holbrook,AZ,Shell,( Perkins Valley ),I-40 Exit 283 ,Exit,283,False,,False,I-40,,None,,
"Holbrook , 86025 Hopi Travel Plaza ( Conoco )",928-524-6243 I-40 Exit 292 ( AZ 77 N ),HRS +8,Holbrook,86025,Hopi Travel Plaza ( Conoco ),928-524-6243,2006,Holbrook,AZ,Conoco,( AZ 77 N ),I-40 Exit 292 ,Exit,292,False,,False,I-40,,None,,
"Holbrook , 86025 Hopi Travel Plaza ( Conoco )",928-524-6243 I-40 Exit 292 ( AZ 77 N ),HRS 24 24 XL 24,Holbrook,86025,Hopi Travel Plaza ( Conoco ),928-524-6243,2007,Holbrook,AZ,Conoco,( AZ 77 N ),I-40 Exit 292 ,Exit,292,False,,False,I-40,,None,,
"Holbrook , 86025 Hopi Travel Plaza",6 928-524-6243 I-40 Exit 292 ( AZ 77 N ),24 HRS XL 24 HRS,Holbrook,86025,Hopi Travel Plaza,928-524-6243,2008,Holbrook,AZ,,( AZ 77 N ),I-40 Exit 292 ,Exit,292,False,,False,I-40,,None,,
Holbrook ( 86025 ) Hopi Travel Plaza ( Conoco ),6 928-524-6243 I-40 Exit 292 ( AZ 77 N ),24 XLO 24,Holbrook,86025,Hopi Travel Plaza ( Conoco ),928-524-6243,2014,Holbrook,AZ,Conoco,( AZ 77 N ),I-40 Exit 292 ,Exit,292,False,,False,I-40,,None,,
6 D 928-524-3006 Holbrook ( 86025 ) I-40 Hopi Exit Travel 283 Plaza ( Perkins ( Conoco Valley ) ),928-524-6243 I-40 Exit 292 ( AZ 77 N ),24 XL 24,Holbrook,86025,I-40 Hopi Exit Travel 283 Plaza ( Perkins ( Conoco Valley ) ),928-524-6243,2015,Holbrook,AZ,Conoco,( AZ 77 N ),I-40 Exit 292 ,Exit,292,False,,False,I-40,,None,,
Holbrook ( 86025 ) Hopi Travel 283 Plaza ( Perkins ( Conoco Valley ) ),6 928-524-6243 I-40 Exit 292 ( AZ 77 N ),24 XL 24,Holbrook,86025,Hopi Travel 283 Plaza ( Perkins ( Conoco Valley ) ),928-524-6243,2016,Holbrook,AZ,Conoco,( AZ 77 N ),I-40 Exit 292 ,Exit,292,False,,False,I-40,,None,,
"Joseph City , 86032 Love's Travel Stop # 278",928-288-3726 I-40 Exit 277,HRS S,Joseph City,86032,Love's Travel Stop # 278,928-288-3726,2006,Joseph City,AZ,Love's,,I-40 Exit 277,Exit,277,False,,False,I-40,,None,,
"Joseph City , 86032 Love's Travel Stop #",928-288-3726 I-40 Exit 277 278,24 48 S <U+2610>,Joseph City,86032,Love's Travel Stop #,928-288-3726,2007,Joseph City,AZ,Love's,,I-40 Exit 277 278,Exit,277,False,,False,I-40,,None,,
"City , 86032 Love's Travel Stop # 278",DJoseph 6 928-288-3726 I-40 Exit 277,24 HRS S,City,86032,Love's Travel Stop # 278,928-288-3726,2008,Joseph City,AZ,Love's,,I-40 Exit 277,Exit,277,False,,False,I-40,,None,,
Joseph City ( 86032 ) Love's Travel Stop ( AZ 77 # 278 N ),6 928-288-3726 I-40 Exit 277,24 M,Joseph City,86032,Love's Travel Stop ( AZ 77 # 278 N ),928-288-3726,2014,Joseph City,AZ,Love's,,I-40 Exit 277,Exit,277,False,,False,I-40,,None,,
Joseph City ( 86032 ) Love's Travel Stop # 278,6 928-288-3726 I-40 Exit 277,24 MO,Joseph City,86032,Love's Travel Stop # 278,928-288-3726,2015,Joseph City,AZ,Love's,,I-40 Exit 277,Exit,277,False,,False,I-40,,None,,
Joseph City ( 86032 ) Love's Travel Stop # 278,928-288-3726 I-40 Exit 277,24 MOO 24,Joseph City,86032,Love's Travel Stop # 278,928-288-3726,2016,Joseph City,AZ,Love's,,I-40 Exit 277,Exit,277,False,,False,I-40,,None,,
"B Page , 86040 Lake Powell Convenience Center ( Shell )",928-645-5998 901 US 89 S ( MM 547 ),<U+2610> <U+2610>,Page,86040,Lake Powell Convenience Center ( Shell ),928-645-5998,2006,Page,AZ,Shell,( MM 547 ),901 US 89 S,Proper,,False,,False,US 89,,None,,
"B Page , 86040 Lake Powell Convenience Center (",928-645-5998 901 US 89 S ( MM 547 ),Shell ),Page,86040,Lake Powell Convenience Center (,928-645-5998,2007,Page,AZ,,( MM 547 ),901 US 89 S,Proper,,False,,False,US 89,,None,,
"Page , 86040 Lake Powell Convenience Center ( Shell )",928-645-5998 901 US 89 S ( MM 547 ),) <U+2610> <U+2610>,Page,86040,Lake Powell Convenience Center ( Shell ),928-645-5998,2008,Page,AZ,Shell,( MM 547 ),901 US 89 S,Proper,,False,,False,US 89,,None,,
B Page ( 86040 ) Lake Powell Convenience Center ( Shell ),4 928-645-5998 901 US 89 S ( MM 547 ),) <U+2610> <U+2610> <U+2610>,Page,86040,Lake Powell Convenience Center ( Shell ),928-645-5998,2014,Page,AZ,Shell,( MM 547 ),901 US 89 S,Proper,,False,,False,US 89,,None,,
B Page ( 86040 ) Lake Powell Convenience Center ( Shell ),4 928-645-5998 901 US 89 S ( MM 547 ),<U+2610> <U+2610><U+2610><U+2610><U+2610>,Page,86040,Lake Powell Convenience Center ( Shell ),928-645-5998,2015,Page,AZ,Shell,( MM 547 ),901 US 89 S,Proper,,False,,False,US 89,,None,,
Page ( 86040 ) Lake Powell Convenience Center ( Shell ),4 928-645-5998 901 US 89 S ( MM 547 ),<U+2610>,Page,86040,Lake Powell Convenience Center ( Shell ),928-645-5998,2016,Page,AZ,Shell,( MM 547 ),901 US 89 S,Proper,,False,,False,US 89,,None,,
"Winslow , 86047 Flying J Travel Plaza # 0500041",5 928-289-2081 I-40 Exit 255,,Winslow,86047,Flying J Travel Plaza # 0500041,928-289-2081,2006,Winslow,AZ,Flying J,,I-40 Exit 255,Exit,255,False,,False,I-40,,None,,
"Winslow , 86047 Flying J Travel Plaza",928-289-2081 I-40 Exit 255 # 0500041,489 XL 24 HRS HRS,Winslow,86047,Flying J Travel Plaza,928-289-2081,2007,Winslow,AZ,Flying J,,I-40 Exit 255 # 0500041,Exit,255,False,,False,I-40,,None,,
"Winslow , 86047 Flying J Travel Plaza # 0500041",5 928-289-2081 I-40 Exit 255,24 HRS XL 24 HRS O,Winslow,86047,Flying J Travel Plaza # 0500041,928-289-2081,2008,Winslow,AZ,Flying J,,I-40 Exit 255,Exit,255,False,,False,I-40,,None,,
Winslow ( 86047 ) Flying J Travel Plaza # 612,928-289-2081 I-40 Exit 255,XL 24,Winslow,86047,Flying J Travel Plaza # 612,928-289-2081,2014,Winslow,AZ,Flying J,,I-40 Exit 255,Exit,255,False,,False,I-40,,None,,
Winslow ( 86047 ) Flying J Travel Plaza 186 # 612 S ),928-289-2081 I-40 Exit 255 FLYING,FLYING J 24 XL 24,Winslow,86047,Flying J Travel Plaza 186 # 612 S ),928-289-2081,2015,Winslow,AZ,Flying J,,I-40 Exit 255 FLYING,Exit,255,False,,False,I-40,,None,,
Winslow ( 86047 ) Flying J Travel Plaza # 612,928-289-2081 I-40 Exit 255 FLYING J,FLYING J 24 XL 24,Winslow,86047,Flying J Travel Plaza # 612,928-289-2081,2016,Winslow,AZ,Flying J,,I-40 Exit 255 FLYING J,Exit,255,False,,False,I-40,,None,,
"E Camp Verde , 86322 Camp Verde Shell # 48",928-567-3886 I-17 Exit 287 ( AZ 260 ),24 HRS 24 MOO,Camp Verde,86322,Camp Verde Shell # 48,928-567-3886,2006,Camp Verde,AZ,Shell,( AZ 260 ),I-17 Exit 287 ,Exit,287,False,,False,I-17,,None,,
"E Camp Verde , 86322 Camp Verde Shell # 48",928-567-3886 I-17 Exit 287 ( AZ 260 ),FRS 000,Camp Verde,86322,Camp Verde Shell # 48,928-567-3886,2007,Camp Verde,AZ,Shell,( AZ 260 ),I-17 Exit 287 ,Exit,287,False,,False,I-17,,None,,
"Camp Verde , 86322 Camp Verde Shell # 48",4 928-567-3886 I-17 Exit 287 ( AZ 260 ),24 HRS 469 <U+2610><U+2610>,Camp Verde,86322,Camp Verde Shell # 48,928-567-3886,2008,Camp Verde,AZ,Shell,( AZ 260 ),I-17 Exit 287 ,Exit,287,False,,False,I-17,,None,,
Camp Verde ( 86322 ) Camp Verde Shell # 48,928-567-3886 I-17 Exit 287 ( AZ 260 ),24 <U+2610> <U+2610>,Camp Verde,86322,Camp Verde Shell # 48,928-567-3886,2014,Camp Verde,AZ,Shell,( AZ 260 ),I-17 Exit 287 ,Exit,287,False,,False,I-17,,None,,
Camp Verde ( 86322 ) Camp US 89 Verde & AZ 64 Shell # 48,928-567-3886 I-17 Exit 287 ( AZ 260 ),DRS 24 D,Camp Verde,86322,Camp US 89 Verde & AZ 64 Shell # 48,928-567-3886,2015,Camp Verde,AZ,Shell,( AZ 260 ),I-17 Exit 287 ,Exit,287,False,,False,I-17,,None,,
Camp Verde ( 86322 ) Camp Verde Shell # 48,928-567-3886 I-17 Exit 287 ( AZ 260 ),24 <U+25A1>,Camp Verde,86322,Camp Verde Shell # 48,928-567-3886,2016,Camp Verde,AZ,Shell,( AZ 260 ),I-17 Exit 287 ,Exit,287,False,,False,I-17,,None,,
"Seligman , 86337 Johnson's Travel Center ( Chevron )",928-422-3540 I-40 Exit 123 ( Williamson Valley Rd S ),) 24 HRS,Seligman,86337,Johnson's Travel Center ( Chevron ),928-422-3540,2006,Seligman,AZ,Chevron,( Williamson Valley Rd S ),I-40 Exit 123 ,Exit,123,False,,False,I-40,,None,,
"Seligman , 86337 Johnson's Travel Center ( Chevron )",928-422-3540 I-40 Exit 123 ( Williamson Valley Rd S ),) S ) HRS 24 M,Seligman,86337,Johnson's Travel Center ( Chevron ),928-422-3540,2007,Seligman,AZ,Chevron,( Williamson Valley Rd S ),I-40 Exit 123 ,Exit,123,False,,False,I-40,,None,,
"D Seligman , 86337 Johnson's Travel Center ( Chevron )",3 928-422-3540 I-40 Exit 123 ( Williamson Valley Rd S ),24 HRS M <U+2610> <U+2610> <U+2610> <U+2610>,Seligman,86337,Johnson's Travel Center ( Chevron ),928-422-3540,2008,Seligman,AZ,Chevron,( Williamson Valley Rd S ),I-40 Exit 123 ,Exit,123,False,,False,I-40,,None,,
Seligman ( 86337 ) Johnson's Travel Center ( Chevron ),3 928-422-3540 I-40 Exit 123 ( Williamson Valley Rd S ),) 24 M <U+2610> O,Seligman,86337,Johnson's Travel Center ( Chevron ),928-422-3540,2014,Seligman,AZ,Chevron,( Williamson Valley Rd S ),I-40 Exit 123 ,Exit,123,False,,False,I-40,,None,,
D Seligman ( 86337 ) Johnson's Travel Center ( Chevron ),928-422-3540 I-40 Exit 123 ( Williamson Valley Rd S ),24 M O,Seligman,86337,Johnson's Travel Center ( Chevron ),928-422-3540,2015,Seligman,AZ,Chevron,( Williamson Valley Rd S ),I-40 Exit 123 ,Exit,123,False,,False,I-40,,None,,
D Seligman ( 86337 ) Johnson's Travel Center ( Chevron ),928-422-3540 I-40 Exit 123 ( Williamson Valley Rd S ) .,) . HIS 24 M D,Seligman,86337,Johnson's Travel Center ( Chevron ),928-422-3540,2016,Seligman,AZ,Chevron,( Williamson Valley Rd S ) .,I-40 Exit 123 ,Exit,123,False,,False,I-40,,None,,
"Kingman , 86401 Love's Travel Stop # 272",928-681-4405 I-40 Exit 59 ( DW Ranch Rd N ),+54,Kingman,86401,Love's Travel Stop # 272,928-681-4405,2006,Kingman,AZ,Love's,( DW Ranch Rd N ),I-40 Exit 59 ,Exit,59,False,,False,I-40,,None,,
"Kingman , 86401 Love's Travel Stop # 272",928-681-4405 I-40 Exit 59 ( DW Ranch Rd N ),24 M,Kingman,86401,Love's Travel Stop # 272,928-681-4405,2007,Kingman,AZ,Love's,( DW Ranch Rd N ),I-40 Exit 59 ,Exit,59,False,,False,I-40,,None,,
"Kingman , 86401 Love's Travel Stop # 272",2 928-681-4405 I-40 Exit 59 ( DW Ranch Rd N ),24 HRS M <U+2610> <U+2610>,Kingman,86401,Love's Travel Stop # 272,928-681-4405,2008,Kingman,AZ,Love's,( DW Ranch Rd N ),I-40 Exit 59 ,Exit,59,False,,False,I-40,,None,,
D Kingman ( 86401 ) Love's Travel Stop # 272,2 928-681-4405 I-40 Exit 59 ( DW Ranch Rd N ),<U+25A1> MOO,Kingman,86401,Love's Travel Stop # 272,928-681-4405,2014,Kingman,AZ,Love's,( DW Ranch Rd N ),I-40 Exit 59 ,Exit,59,False,,False,I-40,,None,,
D Kingman ( 86401 ) Love's Travel Stop # 272,2 928-681-4405 I-40 Exit 59 ( DW Ranch Rd N ),24 HRS <U+25A1> M D <U+2610>,Kingman,86401,Love's Travel Stop # 272,928-681-4405,2015,Kingman,AZ,Love's,( DW Ranch Rd N ),I-40 Exit 59 ,Exit,59,False,,False,I-40,,None,,
D Kingman ( 86401 ) Love's Travel Stop # 272,2 928-681-4405 I-40 Exit 59 ( DW Ranch Rd N ),24 <U+25A1> M 24 225,Kingman,86401,Love's Travel Stop # 272,928-681-4405,2016,Kingman,AZ,Love's,( DW Ranch Rd N ),I-40 Exit 59 ,Exit,59,False,,False,I-40,,None,,
"Kingman , 86401 Hallum Stores - Fuel Mart",928-753-6538 I-40 Exit 48 ( US 93 ),HRS <U+2610> 481 <U+2610>,Kingman,86401,Hallum Stores - Fuel Mart,928-753-6538,2006,Kingman,AZ,,( US 93 ),I-40 Exit 48 ,Exit,48,False,,False,I-40,,None,,
"Kingman , 86401 Hallum Stores - Fuel Mart",928-753-6538 I-40 Exit 48 ( US 93 ),-,Kingman,86401,Hallum Stores - Fuel Mart,928-753-6538,2007,Kingman,AZ,,( US 93 ),I-40 Exit 48 ,Exit,48,False,,False,I-40,,None,,
"Kingman , 86401 Hallum Stores - Fuel Smart",2 928-753-6538 I-40 Exit 48 ( US 93 ),HRS 24 <U+2610> <U+2610> <U+2610> <U+2610>,Kingman,86401,Hallum Stores - Fuel Smart,928-753-6538,2008,Kingman,AZ,,( US 93 ),I-40 Exit 48 ,Exit,48,False,,False,I-40,,None,,
D Kingman ( 86401 ) Hallum Stores ( Texaco ),2 928-753-6538 I-40 Exit 48 ( US 93 N ),24 <U+25A1>,Kingman,86401,Hallum Stores ( Texaco ),928-753-6538,2014,Kingman,AZ,Texaco,( US 93 N ),I-40 Exit 48 ,Exit,48,False,,False,I-40,,None,,
D Kingman ( 86401 ) Hallum Stores ( Texaco ),2 928-753-6538 I-40 Exit 48 ( US 93 N ),24 <U+25A1> <U+25A1> <U+25A1> <U+25A1>,Kingman,86401,Hallum Stores ( Texaco ),928-753-6538,2015,Kingman,AZ,Texaco,( US 93 N ),I-40 Exit 48 ,Exit,48,False,,False,I-40,,None,,
D Kingman ( 86401 ) Hallum Stores ( Texaco ),928-753-6538 I-40 Exit 48 ( US 93 N ),24 D,Kingman,86401,Hallum Stores ( Texaco ),928-753-6538,2016,Kingman,AZ,Texaco,( US 93 N ),I-40 Exit 48 ,Exit,48,False,,False,I-40,,None,,
"Kingman , 86401 TravelCenters of America",928-753-7600 I-40 Exit 48 ( US 93 N ),MO,Kingman,86401,TravelCenters of America,928-753-7600,2006,Kingman,AZ,TravelCenters,( US 93 N ),I-40 Exit 48 ,Exit,48,False,,False,I-40,,None,,
"Kingman , 86401 TravelCenters of America",928-753-7600 I-40 Exit 48 ( US 93 N ) TA,L,Kingman,86401,TravelCenters of America,928-753-7600,2007,Kingman,AZ,TravelCenters,( US 93 N ) TA,I-40 Exit 48 ,Exit,48,False,,False,I-40,,None,,
"Kingman , 86401 TravelCenters of America",928-753-7600 I-40 Exit 48 ( US 93 N ) TA,24 HRS L HRS 24,Kingman,86401,TravelCenters of America,928-753-7600,2008,Kingman,AZ,TravelCenters,( US 93 N ) TA,I-40 Exit 48 ,Exit,48,False,,False,I-40,,None,,
D Kingman ( 86401 ) TA Kingman # 094,2 928-753-7600 I-40 Exit 48 ( US 93 N ),ZA 24 <U+2610> 24 HRS,Kingman,86401,TA Kingman # 094,928-753-7600,2014,Kingman,AZ,,( US 93 N ),I-40 Exit 48 ,Exit,48,False,,False,I-40,,None,,
D Kingman ( 86401 ) TA Kingman # 094,2 928-753-7600 I-40 Exit 48 ( US 93 N ),T24 <U+25A1> 24,Kingman,86401,TA Kingman # 094,928-753-7600,2015,Kingman,AZ,,( US 93 N ),I-40 Exit 48 ,Exit,48,False,,False,I-40,,None,,
Kingman ( 86401 ) TA Kingman # 094 ( Sinclair ),928-753-7600 I-40 Exit 48 ( US 93 N ) A,A 24 <U+25A1> LO,Kingman,86401,TA Kingman # 094 ( Sinclair ),928-753-7600,2016,Kingman,AZ,Sinclair,( US 93 N ) A,I-40 Exit 48 ,Exit,48,False,,False,I-40,,None,,
"Kingman , 86401 Petro Stopping Center # 15",928-757-2799 I-40 Exit 66 ( Blake Ranch Rd N ),,Kingman,86401,Petro Stopping Center # 15,928-757-2799,2006,Kingman,AZ,,( Blake Ranch Rd N ),I-40 Exit 66 ,Exit,66,False,,False,I-40,,None,,
"Kingman , 86401 Petro Stopping Center # 15",928-757-2799 I-40 Exit 66 ( Blake Ranch Rd N ) PETRO,24 XL24 HRS <U+2610><U+2610>,Kingman,86401,Petro Stopping Center # 15,928-757-2799,2007,Kingman,AZ,,( Blake Ranch Rd N ) PETRO,I-40 Exit 66 ,Exit,66,False,,False,I-40,,None,,
"Kingman , 86401 Petro Stopping Center # 15",2 928-757-2799 I-40 Exit 66 ( Blake Ranch Rd N PETRO,24 HRS XL 24 <U+2610><U+2610>,Kingman,86401,Petro Stopping Center # 15,928-757-2799,2008,Kingman,AZ,,( Blake Ranch Rd N PETRO,I-40 Exit 66 ,Exit,66,False,,False,I-40,,None,,
D Kingman ( 86401 ) Petro Kingman # 315 ( Shell ),2 928-757-2799 I-40 Exit 66 ( Blake Ranch Rd N ),PETRO <U+25A1> XLO 24,Kingman,86401,Petro Kingman # 315 ( Shell ),928-757-2799,2014,Kingman,AZ,Shell,( Blake Ranch Rd N ),I-40 Exit 66 ,Exit,66,False,,False,I-40,,None,,
D Kingman ( 86401 ) Petro Kingman # 315 ( Shell ),2 928-757-2799 I-40 Exit 66 ( Blake Ranch Rd N ) PETRO,24 D XL 24 1010,Kingman,86401,Petro Kingman # 315 ( Shell ),928-757-2799,2015,Kingman,AZ,Shell,( Blake Ranch Rd N ) PETRO,I-40 Exit 66 ,Exit,66,False,,False,I-40,,None,,
Kingman ( 86401 ) Petro Kingman # 315 ( Shell ) PETRO,2 928-757-2799 I-40 Exit 66 ( Blake Ranch Rd N ),24 <U+2610> XL pes 24 <U+25A1>,Kingman,86401,Petro Kingman # 315 ( Shell ) PETRO,928-757-2799,2016,Kingman,AZ,Shell,( Blake Ranch Rd N ),I-40 Exit 66 ,Exit,66,False,,False,I-40,,None,,
"Kingman , 86401 Flying J Travel Plaza # 0500050",928-757-7300 I-40 Exit 53 ( Andy Devine Ave ),,Kingman,86401,Flying J Travel Plaza # 0500050,928-757-7300,2006,Kingman,AZ,Flying J,( Andy Devine Ave ),I-40 Exit 53 ,Exit,53,False,,False,I-40,,None,,
Kingman,"928-757-7300 , 86401 Flying I-40 Exit J Travel 53 ( Andy Plaza Devine # 0500050 Ave )",24 484 L,,86401,,928-757-7300,2007,Kingman,AZ,,( Andy Plaza Devine # 0500050 Ave ),Flying I-40 Exit J Travel 53,Exit,,True,unclear address_standardized_OFF_parenthesis,True,I-40,,None,,
"Kingman , 86401 Flying J Travel Plaza # 0500050",2 928-757-7300 I-40 Exit 53 ( Andy Devine Ave ),24 HRS L 24 HRS O,Kingman,86401,Flying J Travel Plaza # 0500050,928-757-7300,2008,Kingman,AZ,Flying J,( Andy Devine Ave ),I-40 Exit 53 ,Exit,53,False,,False,I-40,,None,,
Kingman ( 86401 ) Flying J Travel Plaza # 610,2 928-757-7300 I-40 Exit 53 ( Andy Devine Ave ),24,Kingman,86401,Flying J Travel Plaza # 610,928-757-7300,2014,Kingman,AZ,Flying J,( Andy Devine Ave ),I-40 Exit 53 ,Exit,53,False,,False,I-40,,None,,
D Kingman ( 86401 ) Flying J Travel Plaza # 610,2 928-757-7300 I-40 Exit 53 ( Andy Devine Ave ) FLYING J,FLYING J 24 LO,Kingman,86401,Flying J Travel Plaza # 610,928-757-7300,2015,Kingman,AZ,Flying J,( Andy Devine Ave ) FLYING J,I-40 Exit 53 ,Exit,53,False,,False,I-40,,None,,
D Kingman ( 86401 ) Flying J Travel Plaza # 610,928-757-7300 I-40 Exit 53 ( Andy Devine Ave ) FLYING J,J 24 <U+2610> <U+2610> <U+2610> <U+2610> <U+2610> 024 0,Kingman,86401,Flying J Travel Plaza # 610,928-757-7300,2016,Kingman,AZ,Flying J,( Andy Devine Ave ) FLYING J,I-40 Exit 53 ,Exit,53,False,,False,I-40,,None,,
"Kingman , 86402 Crazy Fred's Truck Stop",928-753-3834 I-40 Exit 44,,Kingman,86402,Crazy Fred's Truck Stop,928-753-3834,2006,Kingman,AZ,,,I-40 Exit 44,Exit,44,False,,False,I-40,,None,,
"Kingman , 86402 Crazy Fred's Truck Stop",928-753-3834 I-40 Exit 44,24 L L 24 HRS,Kingman,86402,Crazy Fred's Truck Stop,928-753-3834,2007,Kingman,AZ,,,I-40 Exit 44,Exit,44,False,,False,I-40,,None,,
"Kingman , 86402 Crazy Fred's Truck Stop",2 928-753-3834 I-40 Exit 44,24 HRS 24 HRS,Kingman,86402,Crazy Fred's Truck Stop,928-753-3834,2008,Kingman,AZ,,,I-40 Exit 44,Exit,44,False,,False,I-40,,None,,
D Kingman ( 86402 ) Crazy Fred's Truck Stop,928-753-3834 I-40 Exit 44,24 <U+2610>,Kingman,86402,Crazy Fred's Truck Stop,928-753-3834,2014,Kingman,AZ,,,I-40 Exit 44,Exit,44,False,,False,I-40,,None,,
Kingman ( 86402 ) Crazy Fred's Truck Stop,2 928-753-3834 I-40 Exit 44,24 <U+25A1>,Kingman,86402,Crazy Fred's Truck Stop,928-753-3834,2015,Kingman,AZ,,,I-40 Exit 44,Exit,44,False,,False,I-40,,None,,
D Kingman ( 86402 ) Crazy Fred's Truck Stop,928-753-3834 I-40 Exit 44,24 LO 1,Kingman,86402,Crazy Fred's Truck Stop,928-753-3834,2016,Kingman,AZ,,,I-40 Exit 44,Exit,44,False,,False,I-40,,None,,
"Lake Havasu City , 86404 Pilot Travel",928-764-2416 I-40 Exit 9 ( AZ Center 95 S # ) 211,RS XL <U+2610>,Lake Havasu City,86404,Pilot Travel,928-764-2416,2006,Lake Havasu City,AZ,Pilot,( AZ Center 95 S # ) 211,I-40 Exit 9 ,Exit,9,False,,False,I-40,,None,,
"Lake Havasu City , 86404 Pilot Travel Center # 211",928-764-2416 I-40 Exit 9 ( AZ 95 S ),L,Lake Havasu City,86404,Pilot Travel Center # 211,928-764-2416,2007,Lake Havasu City,AZ,Pilot,( AZ 95 S ),I-40 Exit 9 ,Exit,9,False,,False,I-40,,None,,
"Lake Havasu City , 86404 Pilot Travel Center # 211",928-764-2416 I-40 Exit 9 ( AZ 95 S ),24 HRS L,Lake Havasu City,86404,Pilot Travel Center # 211,928-764-2416,2008,Lake Havasu City,AZ,Pilot,( AZ 95 S ),I-40 Exit 9 ,Exit,9,False,,False,I-40,,None,,
E Lake Havasu City ( 86404 ) Pilot Travel Center # 211,928-764-2416 I-40 Exit 9 ( AZ 95 S ),Pilot 24 <U+2610> M,Lake Havasu City,86404,Pilot Travel Center # 211,928-764-2416,2014,Lake Havasu City,AZ,Pilot,( AZ 95 S ),I-40 Exit 9 ,Exit,9,False,,False,I-40,,None,,
E Lake Havasu City ( 86404 ) Pilot Travel Center # 211,928-764-2416 I-40 Exit 9 ( AZ 95 S ),Pilot 24 MO <U+2610>,Lake Havasu City,86404,Pilot Travel Center # 211,928-764-2416,2015,Lake Havasu City,AZ,Pilot,( AZ 95 S ),I-40 Exit 9 ,Exit,9,False,,False,I-40,,None,,
E Lake Havasu City ( 86404 ) Pilot Travel Center # 211,928-764-2416 I-40 Exit 9 ( AZ 95 S ),Pilot 24 <U+2610> MO 24,Lake Havasu City,86404,Pilot Travel Center # 211,928-764-2416,2016,Lake Havasu City,AZ,Pilot,( AZ 95 S ),I-40 Exit 9 ,Exit,9,False,,False,I-40,,None,,
"D Navajo , 86502 Navajo Travel Center ( BP )",928-688-2334 I-40 Exit 325,<U+2610>,Navajo,86502,Navajo Travel Center ( BP ),928-688-2334,2006,Chambers,AZ,BP,,I-40 Exit 325,Exit,325,False,,False,I-40,,None,,
"D Navajo , 86502 Navajo Travel Center ( Shell )",928-688-2334 I-40 <U+00C9>xit 325,- S <U+2610> <U+2610>,Navajo,86502,Navajo Travel Center ( Shell ),928-688-2334,2007,Chambers,AZ,Shell,,I-40 <U+00C9>xit 325,Exit,325,False,,False,I-40,,None,,
"Navajo , 86502 Navajo Travel Center ( Shell )",7 928-688-2334 I-40 Exit 325,"24 HRS S "" <U+2610>",Navajo,86502,Navajo Travel Center ( Shell ),928-688-2334,2008,Chambers,AZ,Shell,,I-40 Exit 325,Exit,325,False,,False,I-40,,None,,
D Navajo ( 86502 ) Navajo Travel Center ( Shell ),928-688-2334 I-40 Exit 325,24 M <U+2610>,Navajo,86502,Navajo Travel Center ( Shell ),928-688-2334,2014,Chambers,AZ,Shell,,I-40 Exit 325,Exit,325,False,,False,I-40,,None,,
D Navajo ( 86502 ) Navajo Travel Center ( Shell ),7 928-688-2334 I-40 Exit 325,24 M <U+2610> <U+25A1>,Navajo,86502,Navajo Travel Center ( Shell ),928-688-2334,2015,Chambers,AZ,Shell,,I-40 Exit 325,Exit,325,False,,False,I-40,,None,,
D Navajo ( 86502 ) Navajo Travel Center ( Shell ),928-688-2334 I-40 Exit 325,24 M <U+2610> <U+25A1>,Navajo,86502,Navajo Travel Center ( Shell ),928-688-2334,2016,Chambers,AZ,Shell,,I-40 Exit 325,Exit,325,False,,False,I-40,,None,,
"Lupton , 86508 Speedy's Landmark",928-688-2775 I-40 Exit 359 ( Grant Rd - NM / AZ line ),MO RS <U+2610> <U+2610>,Lupton,86508,Speedy's Landmark,928-688-2775,2006,Lupton,AZ,,( Grant Rd - NM / AZ line ),I-40 Exit 359 ,Exit,359,False,,False,I-40,,None,,
"Lupton , 86508 Speedy's Landmark",928-688-2775 I-40 Exit 359 ( Grants Rd - NM / AZ line ),) XL 24,Lupton,86508,Speedy's Landmark,928-688-2775,2007,Lupton,AZ,,( Grants Rd - NM / AZ line ),I-40 Exit 359 ,Exit,359,False,,False,I-40,,None,,
"ILupton , 86508 Speedy's Landmark",928-688-2775 I-40 Exit 359 ( Grants Rd - NM / AZ line ),) 24 HRS XL 24 HRS,Lupton,86508,Speedy's Landmark,928-688-2775,2008,Lupton,AZ,,( Grants Rd - NM / AZ line ),I-40 Exit 359 ,Exit,359,False,,False,I-40,,None,,
D Lupton ( 86508 ) Speedy's Truck Stop,7 928-688-2775 I-40 Exit 359 ( Grants Rd - NM / AZ line ),) 24 <U+25A1><U+25A1> M D <U+25A1>,Lupton,86508,Speedy's Truck Stop,928-688-2775,2014,Lupton,AZ,,( Grants Rd - NM / AZ line ),I-40 Exit 359 ,Exit,359,False,,False,I-40,,None,,
D Lupton ( 86508 ) Speedy's Truck Stop,928-688-2775 I-40 Exit 359 ( Grants Rd - NM / AZ line ),) 24 M <U+25A1>,Lupton,86508,Speedy's Truck Stop,928-688-2775,2015,Lupton,AZ,,( Grants Rd - NM / AZ line ),I-40 Exit 359 ,Exit,359,False,,False,I-40,,None,,
D Lupton ( 86508 ) Speedy's Truck Stop,7 928-688-2775 I-40 Exit 359 ( Grants Rd - NM / AZ line ),24 M <U+2610> 24,Lupton,86508,Speedy's Truck Stop,928-688-2775,2016,Lupton,AZ,,( Grants Rd - NM / AZ line ),I-40 Exit 359 ,Exit,359,False,,False,I-40,,None,,
"San Felipe Pueblo , 87001 San Felipe Travel Center",505-867-4706 I-25 Exit 252,HRS 48 XL <U+2610>,San Felipe Pueblo,87001,San Felipe Travel Center,505-867-4706,2006,Algodones,NM,,,I-25 Exit 252,Exit,252,False,,False,I-25,,None,,
"San Felipe Pueblo , 87001 San Felipe Travel Center ( 66 )",505-867-4706 I-25 Exit 252,24 L,San Felipe Pueblo,87001,San Felipe Travel Center ( 66 ),505-867-4706,2007,Algodones,NM,,,I-25 Exit 252,Exit,252,False,,False,I-25,,None,,
"San Felipe Pueblo , 87001 San Felipe Travel Center ( 66 )",505-867-4706 I-25 Exit 252,24 HAS <U+2610> <U+2610> <U+2610>,San Felipe Pueblo,87001,San Felipe Travel Center ( 66 ),505-867-4706,2008,Algodones,NM,,,I-25 Exit 252,Exit,252,False,,False,I-25,,None,,
D San Felipe Pueblo ( 87001 ) San Felipe Travel Center ( 66 ),505-867-4706 I-25 Exit 252,24 D,San Felipe Pueblo,87001,San Felipe Travel Center ( 66 ),505-867-4706,2014,Algodones,NM,,,I-25 Exit 252,Exit,252,False,,False,I-25,,None,,
San Felipe Pueblo ( 87001 ) San Felipe Travel Center ( 66 ),505-867-4706 I-25 Exit 252 ODEST,24 <U+2610>,San Felipe Pueblo,87001,San Felipe Travel Center ( 66 ),505-867-4706,2015,Algodones,NM,,,I-25 Exit 252 ODEST,Exit,252,False,,False,I-25,,None,,
D San Felipe Pueblo ( 87001 ) San Felipe Travel Center ( 66 ),505-867-4706 I-25 Exit 252,24,San Felipe Pueblo,87001,San Felipe Travel Center ( 66 ),505-867-4706,2016,Algodones,NM,,,I-25 Exit 252,Exit,252,False,,False,I-25,,None,,
"Casa Blanca , 87007 Dancing Eagle Travel Center ( Conoco )",3 505-552-7477 I-40 Exit 108 ( NM 23 ),HRS 24 XL N 24 489,Casa Blanca,87007,Dancing Eagle Travel Center ( Conoco ),505-552-7477,2006,Casa Blanca,NM,Conoco,( NM 23 ),I-40 Exit 108 ,Exit,108,False,,False,I-40,,None,,
"D Casa Blanca , 87007 Dancing Eagle Travel Center ( Conoco )",505-552-7477 I-40 Exit 108 ( NM 23 ),) HRS 24,Casa Blanca,87007,Dancing Eagle Travel Center ( Conoco ),505-552-7477,2007,Casa Blanca,NM,Conoco,( NM 23 ),I-40 Exit 108 ,Exit,108,False,,False,I-40,,None,,
"D Casa Blanca , 87007 Dancing Eagle Travel Center ( Conoco )",3 505-552-7477 I-40 Exit 108 ( NM 23 ),HRS 22 24 XL <U+2610><U+2610> <U+2610><U+2610>,Casa Blanca,87007,Dancing Eagle Travel Center ( Conoco ),505-552-7477,2008,Casa Blanca,NM,Conoco,( NM 23 ),I-40 Exit 108 ,Exit,108,False,,False,I-40,,None,,
D Casa Blanca ( 87007 ) Dancing Eagle Travel Center,505-552-7477 I-40 Exit 108 ( NM 23 ),XL,Casa Blanca,87007,Dancing Eagle Travel Center,505-552-7477,2014,Casa Blanca,NM,,( NM 23 ),I-40 Exit 108 ,Exit,108,False,,False,I-40,,None,,
Casa Blanca ( 87007 ) Dancing Eagle Travel Center,505-552-7477 I-40 Exit 108 ( NM 23 ),NP3 24 XL <U+2610>,Casa Blanca,87007,Dancing Eagle Travel Center,505-552-7477,2015,Casa Blanca,NM,,( NM 23 ),I-40 Exit 108 ,Exit,108,False,,False,I-40,,None,,
D Casa Blanca ( 87007 ) Dancing Eagle Travel Center,505-552-7477 I-40 Exit 108 ( NM 23 ),24 XL,Casa Blanca,87007,Dancing Eagle Travel Center,505-552-7477,2016,Casa Blanca,NM,,( NM 23 ),I-40 Exit 108 ,Exit,108,False,,False,I-40,,None,,
"Milan , 87021 Stopping Center # 13",505-285-6648 Petro I-40 Exit 79 ( Horizon Blvd ) PETRO,S,Milan,87021,Stopping Center # 13,505-285-6648,2006,Milan,NM,,( Horizon Blvd ) PETRO,Petro I-40 Exit 79 ,Exit,79,False,,False,I-40,,None,,
"Milan , 87021 Petro Stopping Center # 13",505-285-6648 I-40 Exit 79 ( Horizon Blvd ),. 4,Milan,87021,Petro Stopping Center # 13,505-285-6648,2007,Milan,NM,,( Horizon Blvd ),I-40 Exit 79 ,Exit,79,False,,False,I-40,,None,,
"Milan , 87021 Center # 13",2 505-285-6648 I-40 Petro Exit Stopping 79 ( Horizon Blvd ) PETRO,24 m XL 24,Milan,87021,Center # 13,505-285-6648,2008,Milan,NM,,( Horizon Blvd ) PETRO,I-40 Petro Exit Stopping 79 ,Exit,,False,,False,I-40,,None,,
Milan ( 87021 ) Petro Milan # 313,2 505-285-6648 I-40 Exit 79 ( Horizon Blvd ),PETRO 24 <U+2610> XL 1403 24,Milan,87021,Petro Milan # 313,505-285-6648,2014,Milan,NM,,( Horizon Blvd ),I-40 Exit 79 ,Exit,79,False,,False,I-40,,None,,
Milan ( 87021 ) Petro Milan # 313 PETRO,505-285-6648 I-40 Exit 79 ( Horizon Blvd ),24 111 XL 24,Milan,87021,Petro Milan # 313 PETRO,505-285-6648,2015,Milan,NM,,( Horizon Blvd ),I-40 Exit 79 ,Exit,79,False,,False,I-40,,None,,
Milan ( 87021 ) Petro Milan # 313 ( Mobil ),505-285-6648 I-40 Exit 79 ( Horizon Blvd ),PETRO 24 <U+2610> XL 24 NILS,Milan,87021,Petro Milan # 313 ( Mobil ),505-285-6648,2016,Milan,NM,Mobil,( Horizon Blvd ),I-40 Exit 79 ,Exit,79,False,,False,I-40,,None,,
"Milan , 87021 Love's Travel Stop # 257",505-287-2981 I-40 Exit 79 ( Horizon Blvd ),24 XL +91,Milan,87021,Love's Travel Stop # 257,505-287-2981,2006,Milan,NM,Love's,( Horizon Blvd ),I-40 Exit 79 ,Exit,79,False,,False,I-40,,None,,
"Milan , 87021 Love's Travel Stop # 257",505-287-2981 I-40 Exit 79 ( Horizon Blvd ),,Milan,87021,Love's Travel Stop # 257,505-287-2981,2007,Milan,NM,Love's,( Horizon Blvd ),I-40 Exit 79 ,Exit,79,False,,False,I-40,,None,,
"Milan , 87021 Love's Travel Stop # 257",505-287-2981 I-40 Exit 79 ( Horizon Blvd ),HRS 24 S,Milan,87021,Love's Travel Stop # 257,505-287-2981,2008,Milan,NM,Love's,( Horizon Blvd ),I-40 Exit 79 ,Exit,79,False,,False,I-40,,None,,
D Milan ( 87021 ) Love's Travel Stop # 257,2 505-287-2981 I-40 Exit 79 ( Horizon Blvd ),2 S,Milan,87021,Love's Travel Stop # 257,505-287-2981,2014,Milan,NM,Love's,( Horizon Blvd ),I-40 Exit 79 ,Exit,79,False,,False,I-40,,None,,
D Milan ( 87021 ) Love's Travel Stop # 257 3,2 505-287-2981 I-40 Exit 79 ( Horizon Blvd ),3 24 24 ze S 24,Milan,87021,Love's Travel Stop # 257 3,505-287-2981,2015,Milan,NM,Love's,( Horizon Blvd ),I-40 Exit 79 ,Exit,79,False,,False,I-40,,None,,
Milan ( 87021 ) Love's Travel Stop # 257,2 505-287-2981 I-40 Exit 79 ( Horizon Blvd ),24 <U+2610> S 024 0,Milan,87021,Love's Travel Stop # 257,505-287-2981,2016,Milan,NM,Love's,( Horizon Blvd ),I-40 Exit 79 ,Exit,79,False,,False,I-40,,None,,
"Moriarty , 87035 TravelCenters of America ( Shell )",505-832-4421 I-40 Exit 194 ( Central Ave ) TA,- <U+2610> -,Moriarty,87035,TravelCenters of America ( Shell ),505-832-4421,2006,Moriarty,NM,TravelCenters,( Central Ave ) TA,I-40 Exit 194 ,Exit,194,False,,False,I-40,,None,,
"Moriarty , 87035 TravelCenters of America ( Shell )",505-832-4421 I-40 Exit 194 ( Central Ave ) TA,24 HRS,Moriarty,87035,TravelCenters of America ( Shell ),505-832-4421,2007,Moriarty,NM,TravelCenters,( Central Ave ) TA,I-40 Exit 194 ,Exit,194,False,,False,I-40,,None,,
"E Moriarty , 87035",41505-832-4421 I-40 TravelCenters - Exit 194 ( of Central America Ave ( ) Shell ) A,HIRS 24 32 XL24,Moriarty,87035,,505-832-4421,2008,Moriarty,NM,,( of Central America Ave ( ) Shell ) A,I-40 TravelCenters - Exit 194 ,Exit,194,False,,False,I-40,,None,,
E Moriarty ( 87035 ) TA Moriarty # 229 ( Shell ),505-832-4421 I-40 Exit 194 ( Central Ave ),ZA 24 <U+2610> XL 24 24 O,Moriarty,87035,TA Moriarty # 229 ( Shell ),505-832-4421,2014,Moriarty,NM,Shell,( Central Ave ),I-40 Exit 194 ,Exit,194,False,,False,I-40,,None,,
Moriarty ( 87035 ) TA Moriarty # 229 ( Shell ) ZA,4 505-832-4421 I-40 Exit 194 ( Central Ave ),ZA 24 XL 24,Moriarty,87035,TA Moriarty # 229 ( Shell ) ZA,505-832-4421,2015,Moriarty,NM,Shell,( Central Ave ),I-40 Exit 194 ,Exit,194,False,,False,I-40,,None,,
Moriarty ( 87035 ) TA Moriarty # 229 ( Shell ),505-832-4421 I-40 Exit 194 ( Central Ave ),<U+2610> XL 24 D,Moriarty,87035,TA Moriarty # 229 ( Shell ),505-832-4421,2016,Moriarty,NM,Shell,( Central Ave ),I-40 Exit 194 ,Exit,194,False,,False,I-40,,None,,
"Moriarty , 87035 Lisa's Truck Center",505-832-4455 I-40 Exit 197 ( Loop P ),- <U+2610> M <U+2610> - <U+2610> O,Moriarty,87035,Lisa's Truck Center,505-832-4455,2006,Moriarty,NM,,( Loop P ),I-40 Exit 197 ,Exit,197,False,,False,I-40,,None,,
"Moriarty , 87035 Lisa's Truck Center",505-832-4455 I-40 Exit 197 ( 820 US 66 ),HRS 24 M MO,Moriarty,87035,Lisa's Truck Center,505-832-4455,2007,Moriarty,NM,,( 820 US 66 ),I-40 Exit 197 ,Exit,197,False,,False,I-40,,None,,
"Moriarty , 87035 Lisa's Truck Center",41505-832-4455 I-40 Exit 197 ( 820 US 66 ),24 MOO <U+2610><U+2610> <U+2610> <U+2610>,Moriarty,87035,Lisa's Truck Center,505-832-4455,2008,Moriarty,NM,,( 820 US 66 ),I-40 Exit 197 ,Exit,197,False,,False,I-40,,None,,
E Moriarty ( 87035 ) Lisa's Truck Center,4 505-832-4455 I-40 Exit 197 ( 820 US 66 ),24,Moriarty,87035,Lisa's Truck Center,505-832-4455,2014,Moriarty,NM,,( 820 US 66 ),I-40 Exit 197 ,Exit,197,False,,False,I-40,,None,,
E Moriarty ( 87035 ) Lisa's Truck Center,4 505-832-4455 I-40 Exit 197 ( 820 US 66 ),LOO <U+2610> <U+25A1> <U+25A1>,Moriarty,87035,Lisa's Truck Center,505-832-4455,2015,Moriarty,NM,,( 820 US 66 ),I-40 Exit 197 ,Exit,197,False,,False,I-40,,None,,
Moriarty ( 87035 ) Lisa's Truck Center,505-832-4455 I-40 Exit 197 ( 820 US 66 ),24 LOO,Moriarty,87035,Lisa's Truck Center,505-832-4455,2016,Moriarty,NM,,( 820 US 66 ),I-40 Exit 197 ,Exit,197,False,,False,I-40,,None,,
"Albuquerque , 87105 Flying J Travel Plaza # 0500032",505-831-2001 I-40 Exit 153 ( 98th St ),XL 24 -,Albuquerque,87105,Flying J Travel Plaza # 0500032,505-831-2001,2006,Albuquerque,NM,Flying J,( 98th St ),I-40 Exit 153 ,Exit,153,False,,False,I-40,,None,,
"Albuquerque , 87105 Flying J Travel Plaza # 0500032",505-831-2001 I-40 Exit 153 ( 98th St ),HRS 24,Albuquerque,87105,Flying J Travel Plaza # 0500032,505-831-2001,2007,Albuquerque,NM,Flying J,( 98th St ),I-40 Exit 153 ,Exit,153,False,,False,I-40,,None,,
"Albuquerque , 87105 Flying J Travel Plaza # 0500032 S )",3 505-831-2001 I-40 Exit 153 ( 98th St ),NRS 24 X 24,Albuquerque,87105,Flying J Travel Plaza # 0500032 S ),505-831-2001,2008,Albuquerque,NM,Flying J,( 98th St ),I-40 Exit 153 ,Exit,153,False,,False,I-40,,None,,
Albuquerque ( 87105 ) Flying J Travel Plaza # 689,505-831-2001 I-40 Exit 153 ( 98th St ),XL 24,Albuquerque,87105,Flying J Travel Plaza # 689,505-831-2001,2014,Albuquerque,NM,Flying J,( 98th St ),I-40 Exit 153 ,Exit,153,False,,False,I-40,,None,,
Albuquerque ( 87105 ) Flying J Travel Plaza SB # 689 ( 1-40X159A EB / D,505-831-2001 I-40 Exit 153 ( 98th,/ D FLYING WB J ) 24 XL 24 D,Albuquerque,87105,Flying J Travel Plaza SB # 689 ( 1-40X159A EB / D,505-831-2001,2015,Albuquerque,NM,Flying J,( 98th,I-40 Exit 153 ,Exit,153,False,,False,I-40,,None,,
D Albuquerque ( 87105 ) Flying J Travel Plaza # 689 ),3 505-831-2001 I-40 Exit 153 ( 98th St ) FLYING J,J 24 <U+25A1> XL 24 AS FRS 24,Albuquerque,87105,Flying J Travel Plaza # 689 ),505-831-2001,2016,Albuquerque,NM,Flying J,( 98th St ) FLYING J,I-40 Exit 153 ,Exit,153,False,,False,I-40,,None,,
"Albuquerque , 87107 TravelCenters of America ( Chevron ) /",505-884-1066 I-25 X 225 NB / 227 SB / I-40 X 159A EB / D,/ / D WBRS 24 L 2400,Albuquerque,87107,TravelCenters of America ( Chevron ) /,505-884-1066,2006,Albuquerque,NM,TravelCenters,,I-25 X 225 NB / 227 SB / I-40 X 159A EB / D,Exit,225,False,,False,I-25,,227,159,I-40
"Albuquerque , 87107 TravelCenters of America",505-884-1066 I-25 X 225 NB / 227 SB / I-40 X 159A EB / D,D WB 24 HRS,Albuquerque,87107,TravelCenters of America,505-884-1066,2007,Albuquerque,NM,TravelCenters,,I-25 X 225 NB / 227 SB / I-40 X 159A EB / D,Exit,225,False,,False,I-25,,227,159,I-40
"Albuquerque , 87107 TravelCenters of",3 505-884-1066 I-25 X 225 NB / 227 SB America / I-40 X 159A ( Chevron EB / D WBA ),HRS 24 L,Albuquerque,87107,TravelCenters of,505-884-1066,2008,Albuquerque,NM,TravelCenters,( Chevron EB / D WBA ),I-25 X 225 NB / 227 SB America / I-40 X 159A ,Exit,225,False,,False,I-25,,227,159,I-40
Albuquerque ( 87107 ) TA Albuquerque # 081 ( Valero ),3 505-884-1066 1-25X225 NB / 227 SB ( 1-40X159A EB / D,/ D WB ) 24 24 B,Albuquerque,87107,TA Albuquerque # 081 ( Valero ),505-884-1066,2014,Albuquerque,NM,Valero,( 1-40X159A EB / D,1-25X225 NB / 227 SB,empty,,False,,False,1 25X225,,227,,
D Albuquerque ( 87107 ) TA Albuquerque # ( W 081 of ( Valero I-25 Exit ) 222 B ),505-884-1066 1-25X225 NB / 227 SB (,/ ) D WB A24 ) <U+2610> L D <U+25A1>,Albuquerque,87107,TA Albuquerque # ( W 081 of ( Valero I-25 Exit ) 222 B ),505-884-1066,2015,Albuquerque,NM,Valero,(,1-25X225 NB / 227 SB,empty,,False,,False,1 25X225,,227,,
D Albuquerque ( 87107 ) TA Albuquerque # 081 ( Valero ) B ),3 505-884-1066 1-25X225 NB / 227 SB ( 1-40X159A EB / D ),WB ) 24 D LO,Albuquerque,87107,TA Albuquerque # 081 ( Valero ) B ),505-884-1066,2016,Albuquerque,NM,Valero,( 1-40X159A EB / D ),1-25X225 NB / 227 SB,empty,,False,,False,1 25X225,,227,,
"Albuquerque , 87121 Rt 66 Travel Center ( Conoco )",3 505-352-7876 I-40 Exit 140 ( US 66 ),24 FIRS XL 24,Albuquerque,87121,Rt 66 Travel Center ( Conoco ),505-352-7876,2006,Albuquerque,NM,Conoco,( US 66 ),I-40 Exit 140 ,Exit,140,False,,False,I-40,,None,,
"Albuquerque , 87121 Rt 66 Travel Center ( Conoco )",505-352-7876 I-40 Exit 140 ( US 66 ),24 HRS XL HRS 24,Albuquerque,87121,Rt 66 Travel Center ( Conoco ),505-352-7876,2007,Albuquerque,NM,Conoco,( US 66 ),I-40 Exit 140 ,Exit,140,False,,False,I-40,,None,,
"Rio Puerco , 87121 Rt 66 Travel Center ( Conoco )",505-352-7876 I-40 Exit 140 ( US 66 ),24 XL 24,Rio Puerco,87121,Rt 66 Travel Center ( Conoco ),505-352-7876,2008,Albuquerque,NM,Conoco,( US 66 ),I-40 Exit 140 ,Exit,140,False,,False,I-40,,None,,
D Rio Puerco ( 87121 ) Rt 66 Travel Center,505-352-7876 I-40 Exit 140 ( US 66 ),24 # XL,Rio Puerco,87121,Rt 66 Travel Center,505-352-7876,2014,Albuquerque,NM,,( US 66 ),I-40 Exit 140 ,Exit,140,False,,False,I-40,,None,,
D Rio Puerco ( 87121 ) Rt 66 Travel Center,3 505-352-7876 I-40 Exit 140 ( US 66 ),24 2003 XL,Rio Puerco,87121,Rt 66 Travel Center,505-352-7876,2015,Albuquerque,NM,,( US 66 ),I-40 Exit 140 ,Exit,140,False,,False,I-40,,None,,
Rio Puerco ( 87121 ) Rt 66 Travel Center,505-352-7876 I-40 Exit 140 ( US 66 ) 24,24 XL,Rio Puerco,87121,Rt 66 Travel Center,505-352-7876,2016,Albuquerque,NM,,( US 66 ) 24,I-40 Exit 140 ,Exit,140,False,,False,I-40,,None,,
"Albuquerque , 87125 Love's Travel Stop # 210",505-842-6514 I-40 Exit 158 ( NW 6th ),24 HRS <U+2610> <U+2610>,Albuquerque,87125,Love's Travel Stop # 210,505-842-6514,2006,Albuquerque,NM,Love's,( NW 6th ),I-40 Exit 158 ,Exit,158,False,,False,I-40,,None,,
"Albuquerque , 87125 Love's Travel Stop # 210",505-842-6514 I-40 Exit 158 ( NW 6th ),,Albuquerque,87125,Love's Travel Stop # 210,505-842-6514,2007,Albuquerque,NM,Love's,( NW 6th ),I-40 Exit 158 ,Exit,158,False,,False,I-40,,None,,
"Albuquerque , 87125 Love's Travel Stop # 210",505-842-6514 I-40 Exit 158 ( NW 6th ),[ NS NRS 24 <U+2610>,Albuquerque,87125,Love's Travel Stop # 210,505-842-6514,2008,Albuquerque,NM,Love's,( NW 6th ),I-40 Exit 158 ,Exit,158,False,,False,I-40,,None,,
Albuquerque ( 87125 ) Love's Travel Stop # 210,3 505-842-6514 I-40 Exit 158 ( NW 6th ),24 <U+2610>,Albuquerque,87125,Love's Travel Stop # 210,505-842-6514,2014,Albuquerque,NM,Love's,( NW 6th ),I-40 Exit 158 ,Exit,158,False,,False,I-40,,None,,
Albuquerque ( 87125 ) Love's Travel Stop ( 98th # St 210 ),505-842-6514 I-40 Exit 158 ( NW,FLYING J 24,Albuquerque,87125,Love's Travel Stop ( 98th # St 210 ),505-842-6514,2015,Albuquerque,NM,Love's,( NW,I-40 Exit 158 ,Exit,158,False,,False,I-40,,None,,
D Albuquerque ( 87125 ) Love's Travel Stop # 210,3 505-842-6514 I-40 Exit 158 ( NW 6th ),24 AS FRS,Albuquerque,87125,Love's Travel Stop # 210,505-842-6514,2016,Albuquerque,NM,Love's,( NW 6th ),I-40 Exit 158 ,Exit,158,False,,False,I-40,,None,,
"D Gallup , 87301 Love's Travel Stop # 215",505-863-3849 I-40 Exit 16 ( US 66 ),HRS MO,Gallup,87301,Love's Travel Stop # 215,505-863-3849,2006,Gallup,NM,Love's,( US 66 ),I-40 Exit 16 ,Exit,16,False,,False,I-40,,None,,
"D Gallup , 87301 Love's Travel Stop # 215",505-863-3849 01-40 Exit 16 ( US 66 ),24 HRS,Gallup,87301,Love's Travel Stop # 215,505-863-3849,2007,Gallup,NM,Love's,( US 66 ),01-40 Exit 16 ,Exit,16,False,,False,01 40,,None,,
"Gallup , 87301 I-40 Love's Exit Travel 16 ( US Stop 66 # W 215 )",11505-863-3849 I-40 Exit 16 ( US 66 ),24 M,Gallup,87301,I-40 Love's Exit Travel 16 ( US Stop 66 # W 215 ),505-863-3849,2008,Gallup,NM,Love's,( US 66 ),I-40 Exit 16 ,Exit,16,False,,False,I-40,,None,,
Gallup ( 87301 ) Love's Travel Stop # 215,505-863-3849 I-40 Exit 16 ( US 66 ),3 24 <U+25A1> MO,Gallup,87301,Love's Travel Stop # 215,505-863-3849,2014,Gallup,NM,Love's,( US 66 ),I-40 Exit 16 ,Exit,16,False,,False,I-40,,None,,
D Gallup ( 87301 ) I-40 Love's Exit Travel 16 ( US Stop 66 # W 215 ),505-863-3849 I-40 Exit 16 ( US 66 ),24 MO,Gallup,87301,I-40 Love's Exit Travel 16 ( US Stop 66 # W 215 ),505-863-3849,2015,Gallup,NM,Love's,( US 66 ),I-40 Exit 16 ,Exit,16,False,,False,I-40,,None,,
D Gallup ( 87301 ) Love's Travel Stop # 215,505-863-3849 I-40 Exit 16 ( US 66 ),"24 85 "" MO 24",Gallup,87301,Love's Travel Stop # 215,505-863-3849,2016,Gallup,NM,Love's,( US 66 ),I-40 Exit 16 ,Exit,16,False,,False,I-40,,None,,
"D Gallup , 87301 TravelCenters of America ( Giant )",505-863-6801 I-40 Exit 16 ( US 66 W ),XL 480,Gallup,87301,TravelCenters of America ( Giant ),505-863-6801,2006,Gallup,NM,TravelCenters,( US 66 W ),I-40 Exit 16 ,Exit,16,False,,False,I-40,,None,,
"Gallup , 87301 TravelCenters of America ( Giant )",505-863-6801 I-40 Exit 16 ( US 66 W ),24 HRS XL,Gallup,87301,TravelCenters of America ( Giant ),505-863-6801,2007,Gallup,NM,TravelCenters,( US 66 W ),I-40 Exit 16 ,Exit,16,False,,False,I-40,,None,,
"Gallup , 87301",505-863-6801 TravelCenters I-40 Exit 16 ( US of America 66 W ) ( Giant ) TA,24 M 24,Gallup,87301,,505-863-6801,2008,Gallup,NM,,( US of America 66 W ) ( Giant ) TA,TravelCenters I-40 Exit 16 ,Exit,16,False,,False,I-40,,None,,
1505-863-8008 D Gallup ( 87301 ) I-40 TA Gallup Exit 16 # 008 ( US ( Valero 66 W ) ),505-863-6801 I-40 Exit 16 ( US 66 W ),24 MOO 24,Gallup,87301,I-40 TA Gallup Exit 16 # 008 ( US ( Valero 66 W ) ),505-863-6801,2014,Gallup,NM,Valero,( US 66 W ),I-40 Exit 16 ,Exit,16,False,,False,I-40,,None,,
Gallup ( 87301 ) TA Gallup 16 # 008 ( US ( 66 Valero W ) ),505-863-6801 I-40 Exit 16 ( US 66 W ),TA 24 <U+2610> M,Gallup,87301,TA Gallup 16 # 008 ( US ( 66 Valero W ) ),505-863-6801,2015,Gallup,NM,Valero,( US 66 W ),I-40 Exit 16 ,Exit,16,False,,False,I-40,,None,,
1505-863-8008 D Gallup ( 87301 ) I-40 TA Gallup Exit 16 # 008 ( US ( 66 Valero W ) ),505-863-6801 I-40 Exit 16 ( US 66 W ),ZA 24 D D M M D,Gallup,87301,I-40 TA Gallup Exit 16 # 008 ( US ( 66 Valero W ) ),505-863-6801,2016,Gallup,NM,Valero,( US 66 W ),I-40 Exit 16 ,Exit,16,False,,False,I-40,,None,,
"Jamestown , 87347 Pilot Travel Center # 305",505-722-6655 I-40 Exit 39 ( 17 mi E of Gallup ),XL 24,Jamestown,87347,Pilot Travel Center # 305,505-722-6655,2006,Jamestown,NM,Pilot,( 17 mi E of Gallup ),I-40 Exit 39 ,Exit,39,False,,False,I-40,,None,,
"Jamestown , 87347 Pilot Travel Center # 305",505-722-6655 I-40 Exit 39 ( 17 mi E of Gallup ),24 HRS XL,Jamestown,87347,Pilot Travel Center # 305,505-722-6655,2007,Jamestown,NM,Pilot,( 17 mi E of Gallup ),I-40 Exit 39 ,Exit,39,False,,False,I-40,,None,,
"Jamestown , 87347 Pilot Travel Center # 305",505-722-6655 I-40 Exit 39 ( 17 mi E of Gallup ),24 HALS XL,Jamestown,87347,Pilot Travel Center # 305,505-722-6655,2008,Jamestown,NM,Pilot,( 17 mi E of Gallup ),I-40 Exit 39 ,Exit,39,False,,False,I-40,,None,,
D Jamestown ( 87347 ) Pilot Travel Center # 305,505-722-6655 I-40 Exit 39,Pilot 24 XL 24,Jamestown,87347,Pilot Travel Center # 305,505-722-6655,2014,Jamestown,NM,Pilot,,I-40 Exit 39,Exit,39,False,,False,I-40,,None,,
D Jamestown ( 87347 ) Pilot Travel Center # 305,505-722-6655 I-40 Exit 39,pilat 24 <U+2610> XLO 24,Jamestown,87347,Pilot Travel Center # 305,505-722-6655,2015,Jamestown,NM,Pilot,,I-40 Exit 39,Exit,39,False,,False,I-40,,None,,
D Jamestown ( 87347 ) Pilot Travel Center # 305,505-722-6655 I-40 Exit 39,Pilot <U+2610> XL 24 HRS 24 HRAS,Jamestown,87347,Pilot Travel Center # 305,505-722-6655,2016,Jamestown,NM,Pilot,,I-40 Exit 39,Exit,39,False,,False,I-40,,None,,
"B Farmington , 87401 Huntington Broadway Conoco",505-327-5611 520 US 64 E,S,Farmington,87401,Huntington Broadway Conoco,505-327-5611,2006,Farmington,NM,Conoco,,520 US 64 E,Proper,,False,,False,US 64,,None,,
"B Farmington , 87401 Huntington Broadway Conoco",505-327-5611 520 US 64 E,S,Farmington,87401,Huntington Broadway Conoco,505-327-5611,2007,Farmington,NM,Conoco,,520 US 64 E,Proper,,False,,False,US 64,,None,,
"Farmington , 87401 Huntington",505-327-5611 520 US 64 Broadway E Conoco,HRS <U+2610> S <U+2610> <U+25A1> <U+25A1>,Farmington,87401,Huntington,505-327-5611,2008,Farmington,NM,,,520 US 64 Broadway E Conoco,Proper,,False,,False,US 64,,None,,
Farmington ( 87401 ) Broadway Conoco,505-327-5611 520 US 64 E,<U+2610> S <U+2610> <U+25A1>,Farmington,87401,Broadway Conoco,505-327-5611,2014,Farmington,NM,Conoco,,520 US 64 E,Proper,,False,,False,US 64,,None,,
B Farmington ( 87401 ) Broadway Conoco,505-327-5611 520 US 64 E,S <U+25A1> <U+25A1>,Farmington,87401,Broadway Conoco,505-327-5611,2015,Farmington,NM,Conoco,,520 US 64 E,Proper,,False,,False,US 64,,None,,
B Farmington ( 87401 ) Broadway Conoco,505-327-5611 520 US 64 E,S <U+25A1>,Farmington,87401,Broadway Conoco,505-327-5611,2016,Farmington,NM,Conoco,,520 US 64 E,Proper,,False,,False,US 64,,None,,
"Aztec , 87410 Sundial # 7",505-334-3114 1315 US 550 & NM 574,S,Aztec,87410,Sundial # 7,505-334-3114,2006,Aztec,NM,,,1315 US 550 & NM 574,Proper,,False,,False,US 550,NM 574,None,,
"Aztec , 87410 Sundial # 7 ( Giant )",505-334-3114 1315 US 550 & NM 574,S <U+2610> <U+25A1>,Aztec,87410,Sundial # 7 ( Giant ),505-334-3114,2007,Aztec,NM,,,1315 US 550 & NM 574,Proper,,False,,False,US 550,NM 574,None,,
"Aztec , 87410 Sundial # 7 ( Conoco ) [",2 505-334-3114 1315 US 550 & NM 574,124 [ HORS NS S,Aztec,87410,Sundial # 7 ( Conoco ) [,505-334-3114,2008,Aztec,NM,Conoco,,1315 US 550 & NM 574,Proper,,False,,False,US 550,NM 574,None,,
Aztec ( 87410 ) Giant # 707 ( Conoco ),505-334-3114 1315 US 550 & NM 574,<U+2610> <U+25A1> <U+2610>,Aztec,87410,Giant # 707 ( Conoco ),505-334-3114,2014,Aztec,NM,Conoco,,1315 US 550 & NM 574,Proper,,False,,False,US 550,NM 574,None,,
Aztec ( 87410 ) Giant # 707 ( Conoco ) ),2 505-334-3114 1315 US 550 & NM 574,24 <U+2610> <U+25A1>,Aztec,87410,Giant # 707 ( Conoco ) ),505-334-3114,2015,Aztec,NM,Conoco,,1315 US 550 & NM 574,Proper,,False,,False,US 550,NM 574,None,,
Aztec ( 87410 ) Giant # 707 ( Conoco ) ),2 505-334-3114 1315 US 550 & NM 574,"HRS 24 "" D",Aztec,87410,Giant # 707 ( Conoco ) ),505-334-3114,2016,Aztec,NM,Conoco,,1315 US 550 & NM 574,Proper,,False,,False,US 550,NM 574,None,,
"B Bloomfield , 87413 Lone Star Truck Stop ( 66 )",505-632-2975 6176 US 64 W ( 2 mi W of NM 44 ),M <U+25A1>,Bloomfield,87413,Lone Star Truck Stop ( 66 ),505-632-2975,2006,Bloomfield,NM,,( 2 mi W of NM 44 ),6176 US 64 W,Proper,,False,,False,US 64,,None,,
"B Bloomfield , 87413 Giant # 6803 ( 66 )",505-632-2975 6176 US 64 W ( 2 mi W of NM 44 ),M <U+2610>,Bloomfield,87413,Giant # 6803 ( 66 ),505-632-2975,2007,Bloomfield,NM,,( 2 mi W of NM 44 ),6176 US 64 W,Proper,,False,,False,US 64,,None,,
"Bloomfield , 87413 Giant # 6803",21505-632-2975 6176 US 64 W ( 2 mi W of NM 44 ),24 M <U+2610><U+2610><U+2610> <U+2610>,Bloomfield,87413,Giant # 6803,505-632-2975,2008,Bloomfield,NM,,( 2 mi W of NM 44 ),6176 US 64 W,Proper,,False,,False,US 64,,None,,
B Bloomfield ( 87413 ) Giant # 6803 ( 66 ) ),505-632-2975 6176 US 64 W ( 2 mi W of US 550 ),24 M <U+2610> <U+25A1> <U+25A1>,Bloomfield,87413,Giant # 6803 ( 66 ) ),505-632-2975,2014,Bloomfield,NM,,( 2 mi W of US 550 ),6176 US 64 W,Proper,,False,,False,US 64,,None,,
Bloomfield ( 87413 ) Giant # 6803 ( 66 ) 516 ),2 505-632-2975 6176 US 64 W ( 2 mi,24 M <U+2610> <U+25A1>,Bloomfield,87413,Giant # 6803 ( 66 ) 516 ),505-632-2975,2015,Bloomfield,NM,,( 2 mi,6176 US 64 W,Proper,,False,,False,US 64,,None,,
B Bloomfield ( 87413 ) Giant # 6803 ( 66 ),2 505-632-2975 6176 US 64 W ( 2 mi W of US 550 ),24 M 0,Bloomfield,87413,Giant # 6803 ( 66 ),505-632-2975,2016,Bloomfield,NM,,( 2 mi W of US 550 ),6176 US 64 W,Proper,,False,,False,US 64,,None,,
"B Bloomfield , 87413 Sundial # 3",505-632-3001 121 US 550 / US 64 S,HRS 24 <U+2610>,Bloomfield,87413,Sundial # 3,505-632-3001,2006,Bloomfield,NM,,,121 US 550 / US 64 S,Proper,,False,,False,US 550,,64,,
"B Bloomfield , 87413 Sundial # 3 ( Conoco )",505-632-3001 121 US 550 / US 64 S,,Bloomfield,87413,Sundial # 3 ( Conoco ),505-632-3001,2007,Bloomfield,NM,Conoco,,121 US 550 / US 64 S,Proper,,False,,False,US 550,,64,,
"B Bloomfield , 87413 Sundial # 3 ( Conoco )",2 505-632-3001 121 US 550 / US 64 S,24 HORS <U+2610><U+2610> D <U+2610> <U+2610>,Bloomfield,87413,Sundial # 3 ( Conoco ),505-632-3001,2008,Bloomfield,NM,Conoco,,121 US 550 / US 64 S,Proper,,False,,False,US 550,,64,,
Bloomfield ( 87413 ) Sundial # 703 ( Conoco ),505-632-3001 US 550 & US 64 ( W junction ),24 <U+2610>,Bloomfield,87413,Sundial # 703 ( Conoco ),505-632-3001,2014,Bloomfield,NM,Conoco,( W junction ),US 550 & US 64,empty,,False,,False,US 550,US 64,None,,
B Bloomfield ( 87413 ) Sundial # 703 ( Conoco ) US 550 ),2 505-632-3001 US 550 & US 64 ( W,24 Ze S O,Bloomfield,87413,Sundial # 703 ( Conoco ) US 550 ),505-632-3001,2015,Bloomfield,NM,Conoco,( W,US 550 & US 64,empty,,False,,False,US 550,US 64,None,,
B Bloomfield ( 87413 ) Sundial # 703 ( Conoco ) US 550 ),505-632-3001 US 550 & US 64 ( W junction ),24 S,Bloomfield,87413,Sundial # 703 ( Conoco ) US 550 ),505-632-3001,2016,Bloomfield,NM,Conoco,( W junction ),US 550 & US 64,empty,,False,,False,US 550,US 64,None,,
"B Kirtland , 87417 Sundial # 9",505-598-6168 4199 US 64,<U+2610> S,Kirtland,87417,Sundial # 9,505-598-6168,2006,Kirtland,NM,,,4199 US 64,Proper,,False,,False,US 64,,None,,
"B Kirtland , 87417 Sundial # 9",505-598-6168 4199 US 64,<U+2610><U+2610>,Kirtland,87417,Sundial # 9,505-598-6168,2007,Kirtland,NM,,,4199 US 64,Proper,,False,,False,US 64,,None,,
"B Kirtland , 87417 Sundial # 9 ( Conoco )",1 505-598-6168 4199 US 64,24 HRS <U+2610> <U+25A1> <U+25A1> <U+2610>,Kirtland,87417,Sundial # 9 ( Conoco ),505-598-6168,2008,Kirtland,NM,Conoco,,4199 US 64,Proper,,False,,False,US 64,,None,,
B Kirtland ( 87417 ) Sundial # 709 ( Conoco ),505-598-6168 4199 US 64,24 S,Kirtland,87417,Sundial # 709 ( Conoco ),505-598-6168,2014,Kirtland,NM,Conoco,,4199 US 64,Proper,,False,,False,US 64,,None,,
B Kirtland ( 87417 ) Giant # 709 ( Conoco ),505-598-6168 4199 US 64,24 S O <U+2610>,Kirtland,87417,Giant # 709 ( Conoco ),505-598-6168,2015,Kirtland,NM,Conoco,,4199 US 64,Proper,,False,,False,US 64,,None,,
B Kirtland ( 87417 ) Giant # 709 ( Conoco ),505-598-6168 4199 US 64,24 S <U+2610> D <U+25A1>,Kirtland,87417,Giant # 709 ( Conoco ),505-598-6168,2016,Kirtland,NM,Conoco,,4199 US 64,Proper,,False,,False,US 64,,None,,
"Las Vegas , 87701 Tenorio's Travel Center ( 66 )",505-425-0848 I-25 Exit 339,49 <U+2610> MOO,Las Vegas,87701,Tenorio's Travel Center ( 66 ),505-425-0848,2006,Las Vegas,NM,,,I-25 Exit 339,Exit,339,False,,False,I-25,,None,,
"Las Vegas , 87701 Tenorio's Travel Center ( 66 )",505-425-0848 I-25 Exit 339,M,Las Vegas,87701,Tenorio's Travel Center ( 66 ),505-425-0848,2007,Las Vegas,NM,,,I-25 Exit 339,Exit,339,False,,False,I-25,,None,,
"Vegas , 87701 Tenorio's Travel Center ( 66 )",DLas 5 505-425-0848 I-25 Exit 339,M <U+2610> <U+2610> <U+2610>,Vegas,87701,Tenorio's Travel Center ( 66 ),505-425-0848,2008,Las Vegas,NM,,,I-25 Exit 339,Exit,339,False,,False,I-25,,None,,
D Romeroville ( 87701 ) Giant # 6078 ( 66 ),505-425-0848 I-25 Exit 339,M,Romeroville,87701,Giant # 6078 ( 66 ),505-425-0848,2014,Las Vegas,NM,,,I-25 Exit 339,Exit,339,False,,False,I-25,,None,,
D Romeroville ( 87701 ) Giant # 6078 ( 66 ),505-425-0848 I-25 Exit 339,Mo <U+2610>,Romeroville,87701,Giant # 6078 ( 66 ),505-425-0848,2015,Las Vegas,NM,,,I-25 Exit 339,Exit,339,False,,False,I-25,,None,,
Romeroville ( 87701 ) Giant # 6078 ( 66 ) ),505-425-0848 I-25 Exit 339,M <U+2610>,Romeroville,87701,Giant # 6078 ( 66 ) ),505-425-0848,2016,Las Vegas,NM,,,I-25 Exit 339,Exit,339,False,,False,I-25,,None,,
"Las Vegas , 87701 Pino's Truck Stop ( Fina )",505-425-8387 I-25 Exit 347 ( US 85 N ),<U+2610>,Las Vegas,87701,Pino's Truck Stop ( Fina ),505-425-8387,2006,Las Vegas,NM,,( US 85 N ),I-25 Exit 347 ,Exit,347,False,,False,I-25,,None,,
"Las Vegas , 87701 Pino's Truck Stop ( Fina )",15505-425-8387 I-25 Exit 347 ( US 85 N ),FRS 24 M,Las Vegas,87701,Pino's Truck Stop ( Fina ),505-425-8387,2007,Las Vegas,NM,,( US 85 N ),I-25 Exit 347 ,Exit,347,False,,False,I-25,,None,,
Pino's Truck Stop,"5 Las 505-425-8387 Vegas , 87701 I-25 Exit 347 ( US 85 N )",24 M <U+2610><U+2610>,,87701,,505-425-8387,2008,Las Vegas,NM,,( US 85 N ),"Vegas, I-25 Exit 347",Exit,347,False,,False,I-25,,None,,
D Las Vegas ( 87701 ) Pino's Truck Stop,505-425-8387 I-25 Exit 347 ( US 85 N ),24 S <U+2610> <U+25A1>,Las Vegas,87701,Pino's Truck Stop,505-425-8387,2014,Las Vegas,NM,,( US 85 N ),I-25 Exit 347 ,Exit,347,False,,False,I-25,,None,,
D Las Vegas ( 87701 ) Pino's Truck Stop,505-425-8387 I-25 Exit 347 ( US 85 N ),24 S <U+2610> <U+2610>,Las Vegas,87701,Pino's Truck Stop,505-425-8387,2015,Las Vegas,NM,,( US 85 N ),I-25 Exit 347 ,Exit,347,False,,False,I-25,,None,,
D Las Vegas ( 87701 ) Pino's Truck Stop,505-425-8387 I-25 Exit 347 ( US 85 N ),24 S <U+25A1>,Las Vegas,87701,Pino's Truck Stop,505-425-8387,2016,Las Vegas,NM,,( US 85 N ),I-25 Exit 347 ,Exit,347,False,,False,I-25,,None,,
"Alamo , 89001 Alamo Chevron",775-725-3341 US 93 ( MM 38.5 ) & Broadway,,Alamo,89001,Alamo Chevron,775-725-3341,2006,Alamo,NV,Chevron,( MM 38.5 ) & Broadway,US 93,empty,,False,,False,US 93,,None,,
"Alamo , 89001 Alamo Chevron",775-725-3341 US 93 ( MM 38.5 ) & Broadway,,Alamo,89001,Alamo Chevron,775-725-3341,2007,Alamo,NV,Chevron,( MM 38.5 ) & Broadway,US 93,empty,,False,,False,US 93,,None,,
"Alamo , 89001 Alamo Publishers Chevron . All rights reserved .",775-725-3341 US 93 ( MM 38.5 ) &,<U+2610> <U+25A1> 1,Alamo,89001,Alamo Publishers Chevron . All rights reserved .,775-725-3341,2008,Alamo,NV,Chevron,( MM 38.5 ) &,US 93,empty,,False,,False,US 93,,None,,
Alamo ( 89001 ) Alamo Sinclair,775-725-3341 US 93 & Broadway,S <U+25A1>,Alamo,89001,Alamo Sinclair,775-725-3341,2014,Alamo,NV,Sinclair,,US 93 & Broadway,empty,,False,,False,US 93,Broadway,None,,
Alamo ( 89001 ) Alamo Sinclair,775-725-3341 US 93 & Broadway,<U+2610> S,Alamo,89001,Alamo Sinclair,775-725-3341,2015,Alamo,NV,Sinclair,,US 93 & Broadway,empty,,False,,False,US 93,Broadway,None,,
Alamo ( 89001 ) Alamo Sinclair,775-725-3341 US 93 & Broadway,S,Alamo,89001,Alamo Sinclair,775-725-3341,2016,Alamo,NV,Sinclair,,US 93 & Broadway,empty,,False,,False,US 93,Broadway,None,,
"Beatty , 89003 Rebel Oil Truck Stop ( 76 )",775-553-2378 US 95 N & 1st,S,Beatty,89003,Rebel Oil Truck Stop ( 76 ),775-553-2378,2006,Beatty,NV,,,US 95 N & 1st,empty,,False,,False,US 95,1st,None,,
", 89003 Rebel Oil Truck Stop ( 76 )",HBeatty 5775-553-2378 US 95 N & 1st,202 SO,,89003,Rebel Oil Truck Stop ( 76 ),775-553-2378,2007,Beatty,NV,,,US 95 N & 1st,empty,,False,,False,US 95,1st,None,,
"Beatty , 89003 Rebel Oil Truck Stop / 233 WB",775-553-2378 US 95 N & 1st # 74,PORS 24 S 103 0,Beatty,89003,Rebel Oil Truck Stop / 233 WB,775-553-2378,2008,Beatty,NV,,,US 95 N & 1st # 74,empty,,False,,False,US 95,1st 74,None,,
Beatty ( 89003 ) Rebel Oil Truck Stop # 74,775-553-2378 US 95 N & 1st,24 S O,Beatty,89003,Rebel Oil Truck Stop # 74,775-553-2378,2014,Beatty,NV,,,US 95 N & 1st,empty,,False,,False,US 95,1st,None,,
Beatty ( 89003 ) Rebel Oil Truck Stop # 74,775-553-2378 US 95 N & 1st,24 S S D,Beatty,89003,Rebel Oil Truck Stop # 74,775-553-2378,2015,Beatty,NV,,,US 95 N & 1st,empty,,False,,False,US 95,1st,None,,
Beatty ( 89003 ) Rebel Oil Truck Stop # 74,775-553-2378 US 95 N & 1st,24 S,Beatty,89003,Rebel Oil Truck Stop # 74,775-553-2378,2016,Beatty,NV,,,US 95 N & 1st,empty,,False,,False,US 95,1st,None,,
"J Primm , 89019 Whiskey Pete's Casino / Truck Stop ( Shell )",6 702-679-6614 I-15 Exit 1,) 24 HRS <U+2610> XL 44 <U+2610>,Primm,89019,Whiskey Pete's Casino / Truck Stop ( Shell ),702-679-6614,2006,Jean,NV,Shell,,I-15 Exit 1,Exit,1,False,,False,I-15,,None,,
"J Primm , 89019 Whiskey Pete's Casino / Truck Stop ( Shell",6 702-679-6614 I-15 Exit 1,) 24 HRS . XL 240 O,Primm,89019,Whiskey Pete's Casino / Truck Stop ( Shell,702-679-6614,2007,Jean,NV,Shell,,I-15 Exit 1,Exit,1,False,,False,I-15,,None,,
"J Primm , 89019 Whiskey Pete's Casino mi N of Winnemucca )",6 702-679-6614 I-15 Exit 1 / Truck Stop ( Shell ),) MRS 24 XL 24,Primm,89019,Whiskey Pete's Casino mi N of Winnemucca ),702-679-6614,2008,Jean,NV,,( Shell ),I-15 Exit 1 / Truck Stop ,Exit,1,False,,False,I-15,,None,,
Primm ( 89019 ) Whiskey Pete's Casino ( Flying J # 513 ),6 702-679-6614 I-15 Exit 1,) 24 <U+2610> 24,Primm,89019,Whiskey Pete's Casino ( Flying J # 513 ),702-679-6614,2014,Jean,NV,Flying J,,I-15 Exit 1,Exit,1,False,,False,I-15,,None,,
Primm ( 89019 ) Whiskey Pete's Casino ( Flying J # 513 ),6 702-679-6614 I-15 Exit 1 FLYING J,J 24 <U+2610> LOO 24,Primm,89019,Whiskey Pete's Casino ( Flying J # 513 ),702-679-6614,2015,Jean,NV,Flying J,,I-15 Exit 1 FLYING J,Exit,1,False,,False,I-15,,None,,
Primm ( 89019 ) Whiskey Pete's Casino ( Flying J # 513 ),702-679-6614 I-15 Exit 1 FLYING,FLYING 24 <U+2610> OLO 24 24,Primm,89019,Whiskey Pete's Casino ( Flying J # 513 ),702-679-6614,2016,Jean,NV,Flying J,,I-15 Exit 1 FLYING,Exit,1,False,,False,I-15,,None,,
"Jean , 89019 Gold Strike Auto Truck Plaza ( Mobil )",702-874-1515 I-15 Exit 12,F,Jean,89019,Gold Strike Auto Truck Plaza ( Mobil ),702-874-1515,2006,Jean,NV,Mobil,,I-15 Exit 12,Exit,12,False,,False,I-15,,None,,
"Jean , 89019 Gold Strike Auto Truck Plaza ( Mobil )",702-874-1515 I-15 Exit 12,),Jean,89019,Gold Strike Auto Truck Plaza ( Mobil ),702-874-1515,2007,Jean,NV,Mobil,,I-15 Exit 12,Exit,12,False,,False,I-15,,None,,
"Jean , 89019 Gold Strike Auto Truck NB ( W to Conestoga S",702-874-1515 I-15 Exit 12 Plaza ( Mobil ),HRS 24,Jean,89019,Gold Strike Auto Truck NB ( W to Conestoga S,702-874-1515,2008,Jean,NV,,( Mobil ),I-15 Exit 12 Plaza ,Exit,12,False,,False,I-15,,None,,
Jean ( 89019 ) Gold Strike Auto Truck Plaza ( Shell ),702-874-1515 I-15 Exit 12,) LO <U+2610> <U+25A1>,Jean,89019,Gold Strike Auto Truck Plaza ( Shell ),702-874-1515,2014,Jean,NV,Shell,,I-15 Exit 12,Exit,12,False,,False,I-15,,None,,
Jean ( 89019 ) Gold Strike Auto Truck Plaza ( Shell ),702-874-1515 I-15 Exit 12,HORS 24 <U+25A1>,Jean,89019,Gold Strike Auto Truck Plaza ( Shell ),702-874-1515,2015,Jean,NV,Shell,,I-15 Exit 12,Exit,12,False,,False,I-15,,None,,
Jean ( 89019 ) Gold Strike Auto Truck Plaza ( Shell ),702-874-1515 I-15 Exit 12,24 <U+25A1>,Jean,89019,Gold Strike Auto Truck Plaza ( Shell ),702-874-1515,2016,Jean,NV,Shell,,I-15 Exit 12,Exit,12,False,,False,I-15,,None,,
"Amargosa Valley , 89020 Nevada Joe's ( Fastrip )",775-372-1500 2711 US 95 ( MM 30 ) & NV 373,M <U+2610>,Amargosa Valley,89020,Nevada Joe's ( Fastrip ),775-372-1500,2006,Amargosa Valley,NV,,( MM 30 ) & NV 373,2711 US 95,Proper,,False,,False,US 95,NV 373,None,,
"Valley , 89020 Nevada Joe's ( Fastrip )",HAmargosa 5775-372-1500 2711 US 95 ( MM 30 ) & NV 373,M <U+2610> <U+2610>,Valley,89020,Nevada Joe's ( Fastrip ),775-372-1500,2007,Amargosa Valley,NV,,( MM 30 ) & NV 373,2711 US 95,Proper,,False,,False,US 95,NV 373,None,,
"Amargosa Valley , 89020 Nevada ( MM 39 )",775-372-1500 2711 US Joe's 95 ( MM ( Fastrip ),<U+2610> M <U+2610> <U+2610>,Amargosa Valley,89020,Nevada ( MM 39 ),775-372-1500,2008,Amargosa Valley,NV,,( MM ( Fastrip ),2711 US Joe's 95,Proper,,False,,False,2711 US,,None,,
Amargosa Valley ( 89020 ) Area 51 Travel Center,775-372-1500 2711 US 95 ( MM 30 ) & NV 373,24 S <U+2610>,Amargosa Valley,89020,Area 51 Travel Center,775-372-1500,2014,Amargosa Valley,NV,,( MM 30 ) & NV 373,2711 US 95,Proper,,False,,False,US 95,NV 373,None,,
Amargosa Valley ( 89020 ) Area 51 Travel Center,775-372-1500 2711 US 95 ( MM 30 ) & NV 373,HRS 24 S <U+2610>,Amargosa Valley,89020,Area 51 Travel Center,775-372-1500,2015,Amargosa Valley,NV,,( MM 30 ) & NV 373,2711 US 95,Proper,,False,,False,US 95,NV 373,None,,
Amargosa Valley ( 89020 ) Area 51 Travel Center,775-372-1500 2711 US 95 ( MM 30 ) & NV 373,24 S <U+25A1>,Amargosa Valley,89020,Area 51 Travel Center,775-372-1500,2016,Amargosa Valley,NV,,( MM 30 ) & NV 373,2711 US 95,Proper,,False,,False,US 95,NV 373,None,,
"Las Vegas ( N ) , 89030 Pilot Travel Center # 341",702-644-1600 I-15 Exit 48 ( Craig Rd ),+8,Las Vegas,89030,Pilot Travel Center # 341,702-644-1600,2006,North Las Vegas,NV,Pilot,( Craig Rd ),I-15 Exit 48 ,Exit,48,False,,False,I-15,,None,,
"Vegas ( N ) , 89030 Pilot Travel Center # 341",702-644-1600 Las I-15 Exit 48 ( Craig Rd ),24 MOO,Vegas,89030,Pilot Travel Center # 341,702-644-1600,2007,North Las Vegas,NV,Pilot,( Craig Rd ),Las I-15 Exit 48 ,Exit,48,False,,False,I-15,,None,,
"Las Vegas ( N ) , 89030 Pilot Travel Center # 341 Ave W )",6 702-644-1600 I-15 Exit 48 ( Craig,24 MO <U+2610><U+2610><U+2610><U+2610><U+2610><U+2610>,Las Vegas,89030,Pilot Travel Center # 341 Ave W ),702-644-1600,2008,North Las Vegas,NV,Pilot,( Craig,I-15 Exit 48 ,Exit,48,False,,False,I-15,,None,,
Las Vegas ( North ) ( 89030 ) Pilot Travel Center # 341,6 702-644-1600 I-15 Exit 48 ( Craig Rd ),Pilot 24 M,Las Vegas,89030,Pilot Travel Center # 341,702-644-1600,2014,North Las Vegas,NV,Pilot,( Craig Rd ),I-15 Exit 48 ,Exit,48,False,,False,I-15,,None,,
Las Vegas ( North ) ( 89030 ) Pilot Travel Center # 341,702-644-1600 I-15 Exit 48 ( Craig ) Pilot,24 M,Las Vegas,89030,Pilot Travel Center # 341,702-644-1600,2015,North Las Vegas,NV,Pilot,( Craig ) Pilot,I-15 Exit 48 ,Exit,48,False,,False,I-15,,None,,
Las Vegas ( North ) ( 89030 ) Pilot Travel Center # 341,6 702-644-1600 I-15 Exit 48 ( Craig Rd ),Plas 24 MOO,Las Vegas,89030,Pilot Travel Center # 341,702-644-1600,2016,North Las Vegas,NV,Pilot,( Craig Rd ),I-15 Exit 48 ,Exit,48,False,,False,I-15,,None,,
"Las Vegas ( N ) , 89030 Flying J Travel Plaza # 0510010",6 702-649-2001 I-15 Exit 46 ( Cheyenne Ave W ) #,XL 481,Las Vegas,89030,Flying J Travel Plaza # 0510010,702-649-2001,2006,North Las Vegas,NV,Flying J,( Cheyenne Ave W ) #,I-15 Exit 46 ,Exit,46,False,,False,I-15,,None,,
"( N ) , 89030 Flying J Travel Plaza # 0510010",702-649-2001 Las Vegas I-15 Exit 46 ( Cheyenne Ave W ),24 RS XL,,89030,Flying J Travel Plaza # 0510010,702-649-2001,2007,North Las Vegas,NV,Flying J,( Cheyenne Ave W ),Las Vegas I-15 Exit 46 ,Exit,46,False,,False,I-15,,None,,
"Las Vegas ( N ) , 89030 Flying J Travel Plaza # 0510010 I-15 Exit 46 )",6 702-649-2001 I-15 Exit 46 ( Cheyenne,24 XL 00,Las Vegas,89030,Flying J Travel Plaza # 0510010 I-15 Exit 46 ),702-649-2001,2008,North Las Vegas,NV,Flying J,( Cheyenne,I-15 Exit 46 ,Exit,46,False,,False,I-15,,None,,
Las Vegas ( North ) ( 89030 ) Morton's Truck Stop ( Valero ),6 702-649-2001 I-15 Exit 46 ( Cheyenne Ave W ),24 XLO,Las Vegas,89030,Morton's Truck Stop ( Valero ),702-649-2001,2014,North Las Vegas,NV,Valero,( Cheyenne Ave W ),I-15 Exit 46 ,Exit,46,False,,False,I-15,,None,,
Las Vegas ( North ) ( 89030 ) Morton's Truck Stop ( Valero ) Exit 46 ),6 702-649-2001 I-15 Exit 46 ( Cheyenne Ave W ) 224 24,224 24 XL,Las Vegas,89030,Morton's Truck Stop ( Valero ) Exit 46 ),702-649-2001,2015,North Las Vegas,NV,Valero,( Cheyenne Ave W ) 224 24,I-15 Exit 46 ,Exit,46,False,,False,I-15,,None,,
Las Vegas ( North ) ( 89030 ) Morton's Truck Stop ( Valero ),6 702-649-2001 I-15 Exit 46 ( Cheyenne Ave W ),24 XL 020,Las Vegas,89030,Morton's Truck Stop ( Valero ),702-649-2001,2016,North Las Vegas,NV,Valero,( Cheyenne Ave W ),I-15 Exit 46 ,Exit,46,False,,False,I-15,,None,,
"J Palm Gardens , 89039 Palm Gardens Chevron",6 702-298-1001 US 95 & NV 163,HRS S <U+2610>,Palm Gardens,89039,Palm Gardens Chevron,702-298-1001,2006,Cal Nev Ari,NV,Chevron,,US 95 & NV 163,empty,,False,,False,US 95,NV 163,None,,
"J Palm Gardens , 89039 Palm Gardens Chevron",6 702-298-1001 US 95 & NV 163,S,Palm Gardens,89039,Palm Gardens Chevron,702-298-1001,2007,Cal Nev Ari,NV,Chevron,,US 95 & NV 163,empty,,False,,False,US 95,NV 163,None,,
"Palm Gardens , 89039 Palm Gardens Chevron",6 702-298-1001 US 95 & NV 163,<U+25A1> S <U+25A1>,Palm Gardens,89039,Palm Gardens Chevron,702-298-1001,2008,Cal Nev Ari,NV,Chevron,,US 95 & NV 163,empty,,False,,False,US 95,NV 163,None,,
J Palm Gardens ( 89039 ) Palm Gardens Chevron,6 702-298-1001 US 95 & NV 163,S <U+2610>,Palm Gardens,89039,Palm Gardens Chevron,702-298-1001,2014,Cal Nev Ari,NV,Chevron,,US 95 & NV 163,empty,,False,,False,US 95,NV 163,None,,
J Palm Gardens ( 89039 ) Palm Gardens Chevron,6 702-298-1001 US 95 & NV 163,<U+2610> S <U+2610> <U+25A1>,Palm Gardens,89039,Palm Gardens Chevron,702-298-1001,2015,Cal Nev Ari,NV,Chevron,,US 95 & NV 163,empty,,False,,False,US 95,NV 163,None,,
Palm Gardens ( 89039 ) Palm Gardens Chevron,6 702-298-1001 US 95 & NV 163,<U+2610> S <U+2610>,Palm Gardens,89039,Palm Gardens Chevron,702-298-1001,2016,Cal Nev Ari,NV,Chevron,,US 95 & NV 163,empty,,False,,False,US 95,NV 163,None,,
"F Round Mountain , 89045 Shoshone Market ( 76 )",775-377-2632 NV 376 ( 6 mi N of town ),S,Round Mountain,89045,Shoshone Market ( 76 ),775-377-2632,2006,Round Mountain,NV,,( 6 mi N of town ),NV 376,empty,,False,,False,NV 376,,None,,
"F Round Mountain , 89045 Shoshone Market ( 76 )",775-377-2632 NV 376 ( 6 mi N of town ),S,Round Mountain,89045,Shoshone Market ( 76 ),775-377-2632,2007,Round Mountain,NV,,( 6 mi N of town ),NV 376,empty,,False,,False,NV 376,,None,,
"Round Mountain , 89045 Shoshone Market ( Rebel )",775-377-2632 NV 376 ( 6 mi N of town ),<U+2610> <U+25A1> S <U+25A1> <U+25A1>,Round Mountain,89045,Shoshone Market ( Rebel ),775-377-2632,2008,Round Mountain,NV,,( 6 mi N of town ),NV 376,empty,,False,,False,NV 376,,None,,
F Round Mountain ( 89045 ) Shoshone Market ( Rebel ),775-377-2632 NV 376 ( 6 mi N of town ),S <U+25A1>,Round Mountain,89045,Shoshone Market ( Rebel ),775-377-2632,2014,Round Mountain,NV,,( 6 mi N of town ),NV 376,empty,,False,,False,NV 376,,None,,
F Round Mountain ( 89045 ) Shoshone Market ( Rebel ),775-377-2632 NV 376 ( 6 mi N of town ),<U+2610> S <U+2610> <U+2610><U+2610><U+2610>,Round Mountain,89045,Shoshone Market ( Rebel ),775-377-2632,2015,Round Mountain,NV,,( 6 mi N of town ),NV 376,empty,,False,,False,NV 376,,None,,
F Round Mountain ( 89045 ) Shoshone Market,4 775-377-2632 NV 376 ( 6 mi N of town ),S <U+2610>,Round Mountain,89045,Shoshone Market,775-377-2632,2016,Round Mountain,NV,,( 6 mi N of town ),NV 376,empty,,False,,False,NV 376,,None,,
"Searchlight , 89046 Terrible Herbst # 243 ( Chevron )",702-297-1080 670 US 95,24 <U+25A1>,Searchlight,89046,Terrible Herbst # 243 ( Chevron ),702-297-1080,2006,Searchlight,NV,Chevron,,670 US 95,Proper,,False,,False,US 95,,None,,
"Searchlight , 89046 Terrible Herbst # 243 ( Chevron )",702-297-1080 670 US 95,24,Searchlight,89046,Terrible Herbst # 243 ( Chevron ),702-297-1080,2007,Searchlight,NV,Chevron,,670 US 95,Proper,,False,,False,US 95,,None,,
"Searchlight , 89046 Terrible Herbst # 243 ( Chevron Dam )",6 702-297-1080 670 US 95 ),FRS 24 DOMO <U+2610><U+2610>,Searchlight,89046,Terrible Herbst # 243 ( Chevron Dam ),702-297-1080,2008,Searchlight,NV,Chevron,,670 US 95 ,Proper,,False,,False,US 95,,None,,
Searchlight ( 89046 ) Terrible Herbst # 243 ( Chevron ),6 702-297-1080 670 US 95,MOO,Searchlight,89046,Terrible Herbst # 243 ( Chevron ),702-297-1080,2014,Searchlight,NV,Chevron,,670 US 95,Proper,,False,,False,US 95,,None,,
Searchlight ( 89046 ) Terrible Herbst # 243 ( Chevron ),702-297-1080 670 US 95 ACEST,MOO,Searchlight,89046,Terrible Herbst # 243 ( Chevron ),702-297-1080,2015,Searchlight,NV,Chevron,,670 US 95 ACEST,Proper,,False,,False,US 95,,None,,
Searchlight ( 89046 ) Terrible Herbst # 243 ( Chevron ),6 702-297-1080 670 US 95,24 MOO,Searchlight,89046,Terrible Herbst # 243 ( Chevron ),702-297-1080,2016,Searchlight,NV,Chevron,,670 US 95,Proper,,False,,False,US 95,,None,,
"Tonopah , 89049 Tonopah Shell",775-482-3414 459 US 95 ( 1/2 mi N of US 6 ),XL,Tonopah,89049,Tonopah Shell,775-482-3414,2006,Tonopah,NV,Shell,( 1/2 mi N of US 6 ),459 US 95,Proper,,False,,False,US 95,,None,,
"Tonopah , 89049 Tonopah Shell",775-482-3414 459 US 95 ( 1/2 mi N of US 6 ),24 <U+2610>,Tonopah,89049,Tonopah Shell,775-482-3414,2007,Tonopah,NV,Shell,( 1/2 mi N of US 6 ),459 US 95,Proper,,False,,False,US 95,,None,,
"Tonopah , 89049 Tonopah Shell",775-482-3414 459 US 95 ( 1/2 mi N of US 6 ),<U+2610> <U+25A1> <U+25A1>,Tonopah,89049,Tonopah Shell,775-482-3414,2008,Tonopah,NV,Shell,( 1/2 mi N of US 6 ),459 US 95,Proper,,False,,False,US 95,,None,,
G Tonopah ( 89049 ) Tonopah Shell,775-482-3414 459 US 95 ( 1/2 mi N of US 6 ),<U+25A1> <U+2610> <U+25A1>,Tonopah,89049,Tonopah Shell,775-482-3414,2014,Tonopah,NV,Shell,( 1/2 mi N of US 6 ),459 US 95,Proper,,False,,False,US 95,,None,,
Tonopah ( 89049 ) Tonopah Shell,775-482-3414 459 US 95 ( 1/2 mi N of US 6 ),<U+2610> <U+2610> D,Tonopah,89049,Tonopah Shell,775-482-3414,2015,Tonopah,NV,Shell,( 1/2 mi N of US 6 ),459 US 95,Proper,,False,,False,US 95,,None,,
Tonopah ( 89049 ) Tonopah Shell,4 775-482-3414 459 US 95 ( 1/2 mi N of US 6 ),<U+2610> <U+25A1> <U+25A1> <U+25A1>,Tonopah,89049,Tonopah Shell,775-482-3414,2016,Tonopah,NV,Shell,( 1/2 mi N of US 6 ),459 US 95,Proper,,False,,False,US 95,,None,,
"Tonopah , 89049 Tonopah Truck / Auto Plaza ( Chevron )",775-482-5780 1500 US 6-95 S,24 42 O,Tonopah,89049,Tonopah Truck / Auto Plaza ( Chevron ),775-482-5780,2006,Tonopah,NV,Chevron,,1500 US 6-95 S,Proper,,False,,False,US 6-95,,None,,
"Tonopah , 89049 Tonopah Truck / Auto Plaza ( Texaco )",775-482-5780 1500 US 6-95 S,24 M,Tonopah,89049,Tonopah Truck / Auto Plaza ( Texaco ),775-482-5780,2007,Tonopah,NV,Texaco,,1500 US 6-95 S,Proper,,False,,False,US 6-95,,None,,
"Tonopah , 89049 Tonopah Truck / Auto Plaza St )",775-482-5780 1500 US 6-95 S ( Chevron ),24 S,Tonopah,89049,Tonopah Truck / Auto Plaza St ),775-482-5780,2008,Tonopah,NV,,( Chevron ),1500 US 6-95 S,Proper,,False,,False,US 6-95,,None,,
G Tonopah ( 89049 ) Tonopah Truck / Auto Plaza ( Texaco ),775-482-5780 1500 US 95 S ( 1 mi S of Jct US 6 ),24 S,Tonopah,89049,Tonopah Truck / Auto Plaza ( Texaco ),775-482-5780,2014,Tonopah,NV,Texaco,( 1 mi S of Jct US 6 ),1500 US 95 S,Proper,,False,,False,US 95,,None,,
Tonopah ( 89049 ) Tonopah Truck / Auto Plaza ( Texaco ),775-482-5780 1500 US 95 S ( 1 mi S of Jct US 6 ),24 S D,Tonopah,89049,Tonopah Truck / Auto Plaza ( Texaco ),775-482-5780,2015,Tonopah,NV,Texaco,( 1 mi S of Jct US 6 ),1500 US 95 S,Proper,,False,,False,US 95,,None,,
G Tonopah ( 89049 ) Tonopah Truck / Auto Plaza ( Texaco ),4 775-482-5780 1500 US 95 S ( 1 mi S of Jct US 6 ),24 S D,Tonopah,89049,Tonopah Truck / Auto Plaza ( Texaco ),775-482-5780,2016,Tonopah,NV,Texaco,( 1 mi S of Jct US 6 ),1500 US 95 S,Proper,,False,,False,US 95,,None,,
"Las Vegas , 89103 Wild Wild West Truck Plaza",6 702-736-2298 I-15 Exit 37 ( 2-1 / 2 blks W on Tropicana ),) HRS XL +8,Las Vegas,89103,Wild Wild West Truck Plaza,702-736-2298,2006,Las Vegas,NV,,( 2-1 / 2 blks W on Tropicana ),I-15 Exit 37 ,Exit,37,False,,False,I-15,,None,,
Wild Wild West Truck Plaza,"702-736-2298 Las Vegas , 89103 I-15 Exit 37 ( 2-1 / 2 blks W on Tropicana",) XL <U+2610> 24,,89103,,702-736-2298,2007,Las Vegas,NV,,( 2-1 / 2 blks W on Tropicana,"Las Vegas, I-15 Exit 37",Exit,37,False,,False,I-15,,None,,
"Las Vegas , 89103 Wild Wild West Truck Plaza Rd )",6 702-736-2298 I-15 Exit 37 ( 2-1 / 2 blks,) D XL 124 12 <U+25A1> <U+2610><U+2610>,Las Vegas,89103,Wild Wild West Truck Plaza Rd ),702-736-2298,2008,Las Vegas,NV,,( 2-1 / 2 blks,I-15 Exit 37 ,Exit,37,False,,False,I-15,,None,,
Las Vegas ( 89103 ) Wild Wild West Truck Plaza,6 702-736-2298 I-15 Exit 37 ( 2-1 / 2 blks W on Tropicana ),) <U+2610> XL 24 2 <U+2610>,Las Vegas,89103,Wild Wild West Truck Plaza,702-736-2298,2014,Las Vegas,NV,,( 2-1 / 2 blks W on Tropicana ),I-15 Exit 37 ,Exit,37,False,,False,I-15,,None,,
Las Vegas ( 89103 ) Wild Wild West Truck Plaza ( Sinclair ) ),702-736-2298 I-15 Exit 37 ( 2-1 / 2 blks W on,<U+25A1> XL 24 225 <U+2610> <U+2610>,Las Vegas,89103,Wild Wild West Truck Plaza ( Sinclair ) ),702-736-2298,2015,Las Vegas,NV,Sinclair,( 2-1 / 2 blks W on,I-15 Exit 37 ,Exit,37,False,,False,I-15,,None,,
Las Vegas ( 89103 ) Wild Wild West Truck Plaza ( Sinclair ),6 702-736-2298 I-15 Exit 37 ( 2-1 / 2 blks W on,) <U+2610> X 24,Las Vegas,89103,Wild Wild West Truck Plaza ( Sinclair ),702-736-2298,2016,Las Vegas,NV,Sinclair,( 2-1 / 2 blks W on,I-15 Exit 37 ,Exit,37,False,,False,I-15,,None,,
"Las Vegas , 89103 The Bus Stop ( Chevron )",702-736-2568 155 W Imperial Ave,3 T,Las Vegas,89103,The Bus Stop ( Chevron ),702-736-2568,2006,Las Vegas,NV,Chevron,,155 W Imperial Ave,Proper,,False,,False,W Imperial Ave,,None,,
"Las Vegas , 89103 The Bus Stop",702-736-2568 155 W Imperial Ave,Say 000,Las Vegas,89103,The Bus Stop,702-736-2568,2007,Las Vegas,NV,,,155 W Imperial Ave,Proper,,False,,False,W Imperial Ave,,None,,
"Las Vegas , 89103 The Bus Stop 12",6 702-736-2568 155 W Imperial Ave,<U+2610> 1 MO <U+2610> <U+2610>,Las Vegas,89103,The Bus Stop 12,702-736-2568,2008,Las Vegas,NV,,,155 W Imperial Ave,Proper,,False,,False,W Imperial Ave,,None,,
Las Vegas ( 89103 ) The Bus Stop,702-736-2568 155 W Imperial Ave,<U+2610>,Las Vegas,89103,The Bus Stop,702-736-2568,2014,Las Vegas,NV,,,155 W Imperial Ave,Proper,,False,,False,W Imperial Ave,,None,,
Las Vegas ( 89103 ) The Bus Stop HORS,6 702-736-2568 155 W Imperial Ave,<U+2610> <U+25A1>,Las Vegas,89103,The Bus Stop HORS,702-736-2568,2015,Las Vegas,NV,,,155 W Imperial Ave,Proper,,False,,False,W Imperial Ave,,None,,
Las Vegas ( 89103 ) The Bus Stop,6 702-736-2568 155 W Imperial Ave,<U+2610> D <U+25A1>,Las Vegas,89103,The Bus Stop,702-736-2568,2016,Las Vegas,NV,,,155 W Imperial Ave,Proper,,False,,False,W Imperial Ave,,None,,
"Las Vegas , 89118 TravelCenters of America ( 76 )",702-361-1176 I-15 Exit 33 ( Blue Diamond Rd ),A HRS 480 LO <U+2610> <U+2610>,Las Vegas,89118,TravelCenters of America ( 76 ),702-361-1176,2006,Las Vegas,NV,TravelCenters,( Blue Diamond Rd ),I-15 Exit 33 ,Exit,33,False,,False,I-15,,None,,
"Las Vegas , 89118 TravelCenters of America ( 76 )",6 702-361-1176 I-15 Exit 33 ( Blue Diamond Rd ) TA,24 HRS <U+2610>,Las Vegas,89118,TravelCenters of America ( 76 ),702-361-1176,2007,Las Vegas,NV,TravelCenters,( Blue Diamond Rd ) TA,I-15 Exit 33 ,Exit,33,False,,False,I-15,,None,,
"Las Vegas , 89118 TravelCenters of America",6 702-361-1176 I-15 Exit 33 ( Blue TA,HRS 24 LO,Las Vegas,89118,TravelCenters of America,702-361-1176,2008,Las Vegas,NV,TravelCenters,( Blue TA,I-15 Exit 33 ,Exit,33,False,,False,I-15,,None,,
Las Vegas ( 89118 ) TA Las Vegas # 108 ( Valero ),702-361-1176 I-15 Exit 33 ( Blue Diamond Rd ),24 <U+2610> LO,Las Vegas,89118,TA Las Vegas # 108 ( Valero ),702-361-1176,2014,Las Vegas,NV,Valero,( Blue Diamond Rd ),I-15 Exit 33 ,Exit,33,False,,False,I-15,,None,,
Las Vegas ( 89118 ) TA Las Vegas # 108 ( Valero ),6 702-361-1176 I-15 Exit 33 ( Blue Diamond Rd ),24 <U+25A1> <U+2610><U+2610><U+2610> <U+2610> <U+2610>,Las Vegas,89118,TA Las Vegas # 108 ( Valero ),702-361-1176,2015,Las Vegas,NV,Valero,( Blue Diamond Rd ),I-15 Exit 33 ,Exit,33,False,,False,I-15,,None,,
Las Vegas ( 89118 ) TA Las Vegas # 108 ( Valero,702-361-1176 I-15 Exit 33 ( Blue ),24 LO,Las Vegas,89118,TA Las Vegas # 108 ( Valero,702-361-1176,2016,Las Vegas,NV,Valero,( Blue ),I-15 Exit 33 ,Exit,33,False,,False,I-15,,None,,
"E Ely , 89301 R Place # 2 ( Shell )",775-289-2601 909 US 50 ( W of US 6 ),<U+2610>,Ely,89301,R Place # 2 ( Shell ),775-289-2601,2006,Ely,NV,Shell,( W of US 6 ),909 US 50,Proper,,False,,False,US 50,,None,,
"E Ely , 89301 R Place # 2 ( Shell )",775-289-2601 909 US 50 ( W of US 6 ),<U+2610> <U+25A1>,Ely,89301,R Place # 2 ( Shell ),775-289-2601,2007,Ely,NV,Shell,( W of US 6 ),909 US 50,Proper,,False,,False,US 50,,None,,
"Ely , 89301 R Place # 2 ( Shell ) )",775-289-2601 909 US 50 ( W of US 6 ),HR3 24 2 <U+25A1>,Ely,89301,R Place # 2 ( Shell ) ),775-289-2601,2008,Ely,NV,Shell,( W of US 6 ),909 US 50,Proper,,False,,False,US 50,,None,,
Ely ( 89301 ) R Place # 2 ( Shell ),775-289-2601 909 US 93 ( E of US 50 ),24 D D,Ely,89301,R Place # 2 ( Shell ),775-289-2601,2014,Ely,NV,Shell,( E of US 50 ),909 US 93,Proper,,False,,False,US 93,,None,,
Ely ( 89301 ) R Place # 2 ( Shell ),775-289-2601 909 US 93 ( E of US 50 ),<U+25A1>,Ely,89301,R Place # 2 ( Shell ),775-289-2601,2015,Ely,NV,Shell,( E of US 50 ),909 US 93,Proper,,False,,False,US 93,,None,,
Ely ( 89301 ) R Place # 2 ( Shell SE ),775-289-2601 909 US 93 ( E of US 50 ),24 D,Ely,89301,R Place # 2 ( Shell SE ),775-289-2601,2016,Ely,NV,Shell,( E of US 50 ),909 US 93,Proper,,False,,False,US 93,,None,,
"Fallon , 89406 Harmon Junction",775-423-3888 US 50 & Harmon Rd ( 5 mi E of town ),S,Fallon,89406,Harmon Junction,775-423-3888,2006,Fallon,NV,,( 5 mi E of town ),US 50 & Harmon Rd,empty,,False,,False,US 50,Harmon Rd,None,,
"Fallon , 89406 Harmon Junction",775-423-3888 US 50 & Harmon Rd ( 5 mi E of town ),) S <U+2610>,Fallon,89406,Harmon Junction,775-423-3888,2007,Fallon,NV,,( 5 mi E of town ),US 50 & Harmon Rd,empty,,False,,False,US 50,Harmon Rd,None,,
"Fallon , 89406 Harmon Junction",775-423-3888 US 50 & Harmon Rd ( 5,) S <U+2610> D,Fallon,89406,Harmon Junction,775-423-3888,2008,Fallon,NV,,( 5,US 50 & Harmon Rd,empty,,False,,False,US 50,Harmon Rd,None,,
D Fallon ( 89406 ) Harmon Junction,775-423-3888 US 50 & Harmon Rd ( 5 mi E of town ),) <U+2610> S <U+25A1>,Fallon,89406,Harmon Junction,775-423-3888,2014,Fallon,NV,,( 5 mi E of town ),US 50 & Harmon Rd,empty,,False,,False,US 50,Harmon Rd,None,,
D Fallon ( 89406 ) Harmon Junction,775-423-3888 US 50 & Harmon Rd ( 5 mi E of town ),S <U+2610> <U+2610>,Fallon,89406,Harmon Junction,775-423-3888,2015,Fallon,NV,,( 5 mi E of town ),US 50 & Harmon Rd,empty,,False,,False,US 50,Harmon Rd,None,,
D Fallon ( 89406 ) Harmon Junction,775-423-3888 US 50 & Harmon Rd ( 5 mi E of,) <U+25A1> S <U+2610>,Fallon,89406,Harmon Junction,775-423-3888,2016,Fallon,NV,,( 5 mi E of,US 50 & Harmon Rd,empty,,False,,False,US 50,Harmon Rd,None,,
"Fernley , 89408 Love's Travel Stop # 246",775-575-2200 I-80 Exit 46 ( US 95 ),489 S,Fernley,89408,Love's Travel Stop # 246,775-575-2200,2006,Fernley,NV,Love's,( US 95 ),I-80 Exit 46 ,Exit,46,False,,False,I-80,,None,,
"Fernley , 89408 Love's Travel Stop # 246",775-575-2200 I-80 Exit 46 ( US 95 ),24 HRS M,Fernley,89408,Love's Travel Stop # 246,775-575-2200,2007,Fernley,NV,Love's,( US 95 ),I-80 Exit 46 ,Exit,46,False,,False,I-80,,None,,
"Fernley , 89408 Love's Travel US Stop 95 A )",775-575-2200 I-80 Exit 46 ( US # 246,24 M,Fernley,89408,Love's Travel US Stop 95 A ),775-575-2200,2008,Fernley,NV,Love's,( US # 246,I-80 Exit 46 ,Exit,46,False,,False,I-80,,None,,
Fernley ( 89408 ) Love's Travel Stop # 246,775-575-2200 I-80 Exit 46 ( US 95 ),HRS 24,Fernley,89408,Love's Travel Stop # 246,775-575-2200,2014,Fernley,NV,Love's,( US 95 ),I-80 Exit 46 ,Exit,46,False,,False,I-80,,None,,
Fernley ( 89408 ) Love's Travel Stop # 246,775-575-2200 I-80 Exit 46 ( US 95 ),24 <U+25A1><U+25A1><U+25A1>,Fernley,89408,Love's Travel Stop # 246,775-575-2200,2015,Fernley,NV,Love's,( US 95 ),I-80 Exit 46 ,Exit,46,False,,False,I-80,,None,,
D Fernley ( 89408 ) Love's Travel Stop # 246,775-575-2200 I-80 Exit 46 ( US 95 ),24 <U+2610> LO 24,Fernley,89408,Love's Travel Stop # 246,775-575-2200,2016,Fernley,NV,Love's,( US 95 ),I-80 Exit 46 ,Exit,46,False,,False,I-80,,None,,
"Fernley , 89408 Pilot Travel Center # 340",775-575-5115 I-80 Exit 46 ( US 95 A ),<U+2610>,Fernley,89408,Pilot Travel Center # 340,775-575-5115,2006,Fernley,NV,Pilot,( US 95 A ),I-80 Exit 46 ,Exit,46,False,,False,I-80,,None,,
"Fernley , 89408 Pilot Travel Center # 340",775-575-5115 I-80 Exit 46 ( US 95 A ),24 HRS 189,Fernley,89408,Pilot Travel Center # 340,775-575-5115,2007,Fernley,NV,Pilot,( US 95 A ),I-80 Exit 46 ,Exit,46,False,,False,I-80,,None,,
"Fernley , 89408 Pilot Travel Center Rd # 340 ( 5 mi E of town )",775-575-5115 I-80 Exit 46 (,HOSS 24 <U+2610><U+2610><U+2610>,Fernley,89408,Pilot Travel Center Rd # 340 ( 5 mi E of town ),775-575-5115,2008,Fernley,NV,Pilot,(,I-80 Exit 46 ,Exit,46,False,,False,I-80,,None,,
Fernley ( 89408 ) Pilot Travel Center # 340,775-575-5115 I-80 Exit 46 ( US 95 A ),plat 24,Fernley,89408,Pilot Travel Center # 340,775-575-5115,2014,Fernley,NV,Pilot,( US 95 A ),I-80 Exit 46 ,Exit,46,False,,False,I-80,,None,,
Fernley ( 89408 ) Pilot Travel Center # 340 ),775-575-5115 I-80 Exit 46 ( US 95 A ) Pilot,24 <U+2610>,Fernley,89408,Pilot Travel Center # 340 ),775-575-5115,2015,Fernley,NV,Pilot,( US 95 A ) Pilot,I-80 Exit 46 ,Exit,46,False,,False,I-80,,None,,
D Fernley ( 89408 ) Pilot Travel Center # 340 of town ),775-575-5115 I-80 Exit 46 ( US 95 A ),pilot 24 024,Fernley,89408,Pilot Travel Center # 340 of town ),775-575-5115,2016,Fernley,NV,Pilot,( US 95 A ),I-80 Exit 46 ,Exit,46,False,,False,I-80,,None,,
"F Hawthorne , 89415 Hawthorne Shell",775-945-4664 1075 US 95,M,Hawthorne,89415,Hawthorne Shell,775-945-4664,2006,Hawthorne,NV,Shell,,1075 US 95,Proper,,False,,False,US 95,,None,,
"F Hawthorne , 89415 Hawthorne Shell",775-945-4664 1075 US 95,24 HRS 485 M,Hawthorne,89415,Hawthorne Shell,775-945-4664,2007,Hawthorne,NV,Shell,,1075 US 95,Proper,,False,,False,US 95,,None,,
"F Hawthorne , 89415 Hawthorne Shell",775-945-4664 1075 US 95,HRS 24 M <U+2610> <U+2610>,Hawthorne,89415,Hawthorne Shell,775-945-4664,2008,Hawthorne,NV,Shell,,1075 US 95,Proper,,False,,False,US 95,,None,,
Hawthorne ( 89415 ) Hawthorne Shell,775-945-4664 1075 US 95,24 M <U+2610> <U+25A1>,Hawthorne,89415,Hawthorne Shell,775-945-4664,2014,Hawthorne,NV,Shell,,1075 US 95,Proper,,False,,False,US 95,,None,,
Hawthorne ( 89415 ) Hawthorne Shell,775-945-4664 1075 US 95,24 M,Hawthorne,89415,Hawthorne Shell,775-945-4664,2015,Hawthorne,NV,Shell,,1075 US 95,Proper,,False,,False,US 95,,None,,
Hawthorne ( 89415 ) Hawthorne 48 Shell,775-945-4664 1075 US 95,24 M D DO,Hawthorne,89415,Hawthorne 48 Shell,775-945-4664,2016,Hawthorne,NV,Shell,,1075 US 95,Proper,,False,,False,US 95,,None,,
"Rye Patch , 89419 Rye Patch Truck Stop ( Chevron )",775-538-7504 I-80 Exit 129 ( Rye Patch Dam ),HRS MU = D <U+2610>,Rye Patch,89419,Rye Patch Truck Stop ( Chevron ),775-538-7504,2006,Lovelock,NV,Chevron,( Rye Patch Dam ),I-80 Exit 129 ,Exit,129,False,,False,I-80,,None,,
", 89419 Rye Patch Truck Stop ( Chevron )",CRye 3775-538-7504 Patch I-80 Exit 129 ( Rye Patch Dam ),24 M S,,89419,Rye Patch Truck Stop ( Chevron ),775-538-7504,2007,Lovelock,NV,Chevron,( Rye Patch Dam ),Patch I-80 Exit 129 ,Exit,129,False,,False,I-80,,None,,
"Rye Patch , 89419 Rye Patch Truck Stop",775-538-7504 I-80 Exit 129 ( Rye Patch Dam ),24 M <U+2610>,Rye Patch,89419,Rye Patch Truck Stop,775-538-7504,2008,Lovelock,NV,,( Rye Patch Dam ),I-80 Exit 129 ,Exit,129,False,,False,I-80,,None,,
Rye Patch ( 89419 ) Rye Patch Travel Center,3 775-538-7504 I-80 Exit 129 ( Rye Patch Dam ),24 M <U+25A1>,Rye Patch,89419,Rye Patch Travel Center,775-538-7504,2014,Lovelock,NV,,( Rye Patch Dam ),I-80 Exit 129 ,Exit,129,False,,False,I-80,,None,,
Rye Patch ( 89419 ) Rye Patch Travel Center,775-538-7504 I-80 Exit 129 ( Rye Patch Dam ),24 22 MO <U+2610> <U+2610>,Rye Patch,89419,Rye Patch Travel Center,775-538-7504,2015,Lovelock,NV,,( Rye Patch Dam ),I-80 Exit 129 ,Exit,129,False,,False,I-80,,None,,
Rye Patch ( 89419 ) Rye Patch Travel Center,775-538-7504 I-80 Exit 129 ( Rye Patch Dam ),MO,Rye Patch,89419,Rye Patch Travel Center,775-538-7504,2016,Lovelock,NV,,( Rye Patch Dam ),I-80 Exit 129 ,Exit,129,False,,False,I-80,,None,,
"E Minden , 89423 Silver City RV Resort",775-267-3359 3165 US 395 N,,Minden,89423,Silver City RV Resort,775-267-3359,2006,Minden,NV,,,3165 US 395 N,Proper,,False,,False,US 395,,None,,
"E Minden , 89423 Silver City RV Resort",775-267-3359 3165 US 395 N,<U+25A1> <U+25A1> <U+2610>,Minden,89423,Silver City RV Resort,775-267-3359,2007,Minden,NV,,,3165 US 395 N,Proper,,False,,False,US 395,,None,,
"E Minden , 89423 Silver City RV Resort reserved .",775-267-3359 3165 US 395 N,<U+2610> <U+2610> <U+2610>,Minden,89423,Silver City RV Resort reserved .,775-267-3359,2008,Minden,NV,,,3165 US 395 N,Proper,,False,,False,US 395,,None,,
E Minden ( 89423 ) Silver City RV Resort,775-267-3359 3165 US 395 N,<U+25A1> <U+2610> 0,Minden,89423,Silver City RV Resort,775-267-3359,2014,Minden,NV,,,3165 US 395 N,Proper,,False,,False,US 395,,None,,
E Minden ( 89423 ) Silver City RV Resort,775-267-3359 3165 US 395 N,<U+2610> <U+2610> D,Minden,89423,Silver City RV Resort,775-267-3359,2015,Minden,NV,,,3165 US 395 N,Proper,,False,,False,US 395,,None,,
E Minden ( 89423 ) Silver City RV Resort,775-267-3359 3165 US 395 N,D D,Minden,89423,Silver City RV Resort,775-267-3359,2016,Minden,NV,,,3165 US 395 N,Proper,,False,,False,US 395,,None,,
"Sparks , 89431 Petro Stopping Center # 38 PETRO",775-355-8888 I-80 Exit 20 EB / 21 WB ( S to Greg St ),M <U+2610> <U+2610>,Sparks,89431,Petro Stopping Center # 38 PETRO,775-355-8888,2006,Sparks,NV,,( S to Greg St ),I-80 Exit 20 EB / 21 WB ,Exit,20,False,,False,I-80,,21,,
"Sparks , 89431 Petro Stopping Center # 38",775-355-8888 I-80 Exit 20 EB / 21 WB ( S to Greg St ),24 HRS XL <U+25A1> <U+25A1>,Sparks,89431,Petro Stopping Center # 38,775-355-8888,2007,Sparks,NV,,( S to Greg St ),I-80 Exit 20 EB / 21 WB ,Exit,20,False,,False,I-80,,21,,
"Sparks , 89431 Petro Stopping Center # 38 PETRO",775-355-8888 I-80 Exit 20 EB / 21 WB ( S to Greg St ),HORS 24 XL 24,Sparks,89431,Petro Stopping Center # 38 PETRO,775-355-8888,2008,Sparks,NV,,( S to Greg St ),I-80 Exit 20 EB / 21 WB ,Exit,20,False,,False,I-80,,21,,
Sparks ( 89431 ) Petro Sparks # 338 ( Valero ),775-355-8888 I-80 Exit 21 ( S to Greg St ),PETRO 24 <U+2610> XL 24,Sparks,89431,Petro Sparks # 338 ( Valero ),775-355-8888,2014,Sparks,NV,Valero,( S to Greg St ),I-80 Exit 21 ,Exit,21,False,,False,I-80,,None,,
Sparks ( 89431 ) Petro Sparks # 338 ( Valero ) PETRO,775-355-8888 I-80 Exit 21 ( S to Greg St ),24 m XL HRS 24,Sparks,89431,Petro Sparks # 338 ( Valero ) PETRO,775-355-8888,2015,Sparks,NV,Valero,( S to Greg St ),I-80 Exit 21 ,Exit,21,False,,False,I-80,,None,,
Sparks ( 89431 ) Petro Sparks # 338 ( Valero ),775-355-8888 I-80 Exit 21 ( S to Greg St ),PETRO 24 <U+2610> XLO 24,Sparks,89431,Petro Sparks # 338 ( Valero ),775-355-8888,2016,Sparks,NV,Valero,( S to Greg St ),I-80 Exit 21 ,Exit,21,False,,False,I-80,,None,,
"Sparks , 89431 TravelCenters of America / Reno - Sparks",775-359-0550 I-80 Exit 19 ( McCarran Blvd ) TA,<U+2610>,Sparks,89431,TravelCenters of America / Reno - Sparks,775-359-0550,2006,Sparks,NV,TravelCenters,( McCarran Blvd ) TA,I-80 Exit 19 ,Exit,19,False,,False,I-80,,None,,
"Sparks , 89431 TravelCenters of America",775-359-0550 I-80 Exit 19 ( McCarran Blvd ) TA,24 XL 19 <U+2610>,Sparks,89431,TravelCenters of America,775-359-0550,2007,Sparks,NV,TravelCenters,( McCarran Blvd ) TA,I-80 Exit 19 ,Exit,19,False,,False,I-80,,None,,
"Sparks , 89431 TA- Reno - Sparks",775-359-0550 I-80 Exit 19 ( McCarran Blvd ) TA,HAS 24 XL 24,Sparks,89431,TA- Reno - Sparks,775-359-0550,2008,Sparks,NV,,( McCarran Blvd ) TA,I-80 Exit 19 ,Exit,19,False,,False,I-80,,None,,
D Sparks ( 89431 ) TA Sparks # 172 ( Valero ),775-359-0550 I-80 Exit 19 ( McCarran Blvd ),A 24 <U+2610> XL 24,Sparks,89431,TA Sparks # 172 ( Valero ),775-359-0550,2014,Sparks,NV,Valero,( McCarran Blvd ),I-80 Exit 19 ,Exit,19,False,,False,I-80,,None,,
D Sparks ( 89431 ) TA Sparks # 172 ( Valero ),775-359-0550 I-80 Exit 19 ( McCarran Blvd ) TA,TA 24 <U+25A1> XL,Sparks,89431,TA Sparks # 172 ( Valero ),775-359-0550,2015,Sparks,NV,Valero,( McCarran Blvd ) TA,I-80 Exit 19 ,Exit,19,False,,False,I-80,,None,,
Sparks ( 89431 ) TA Sparks # 172 ( Valero ),775-359-0550 I-80 Exit 19 ( McCarran Blvd ),24 FORS XL,Sparks,89431,TA Sparks # 172 ( Valero ),775-359-0550,2016,Sparks,NV,Valero,( McCarran Blvd ),I-80 Exit 19 ,Exit,19,False,,False,I-80,,None,,
,"3 3775-623-0111 - nemucca , 89445 Flying I-80 Exit J Fuel 176 ( Stop 1880 # US 0500025 95 ) ( Conoco )",,,89445,,775-623-0111,2006,Winnemucca,NV,,( Stop 1880 # US 0500025 95 ) ( Conoco ),"nemucca, Flying I-80 Exit J Fuel 176",Exit,,True,unclear address_standardized_OFF_parenthesis,True,I-80,,None,,
"Winnemucca , 89445 Flying J Fuel Stop # 05000250",775-623-0111 I-80 Exit 176 ( 1880 US 95 ),24 MO,Winnemucca,89445,Flying J Fuel Stop # 05000250,775-623-0111,2007,Winnemucca,NV,Flying J,( 1880 US 95 ),I-80 Exit 176 ,Exit,176,False,,False,I-80,,None,,
"Winnemucca , 89445 Flying J Fuel Stop # 0500025",775-623-0111 I-80 Exit 176 ( 1880 US 95 ),FORS 24 M <U+2610><U+2610><U+2610><U+2610><U+2610>,Winnemucca,89445,Flying J Fuel Stop # 0500025,775-623-0111,2008,Winnemucca,NV,Flying J,( 1880 US 95 ),I-80 Exit 176 ,Exit,176,False,,False,I-80,,None,,
B Winnemucca ( 89445 ) Flying J Fuel Stop # 770,775-623-0111 I-80 Exit 176 ( 1880 US 95 ),24,Winnemucca,89445,Flying J Fuel Stop # 770,775-623-0111,2014,Winnemucca,NV,Flying J,( 1880 US 95 ),I-80 Exit 176 ,Exit,176,False,,False,I-80,,None,,
B Winnemucca ( 89445 ) Flying J Fuel Stop # 770 FLYING,775-623-0111 I-80 Exit 176 ( 1880 US 95 ),FLYING J 24 LO,Winnemucca,89445,Flying J Fuel Stop # 770 FLYING,775-623-0111,2015,Winnemucca,NV,Flying J,( 1880 US 95 ),I-80 Exit 176 ,Exit,176,False,,False,I-80,,None,,
B Winnemucca ( 89445 ) Flying J Fuel Stop # 770,775-623-0111 I-80 Exit 176 ( 1880 US 95 ),FLYING J 24 100<U+2610> O,Winnemucca,89445,Flying J Fuel Stop # 770,775-623-0111,2016,Winnemucca,NV,Flying J,( 1880 US 95 ),I-80 Exit 176 ,Exit,176,False,,False,I-80,,None,,
"B Paradise Hill , 89445 Santa Rosa Station ( Chevron )",775-623-5547 US 95 & NV 290 ( 23 mi N of Winnemucca,) S,Paradise Hill,89445,Santa Rosa Station ( Chevron ),775-623-5547,2006,Winnemucca,NV,Chevron,( 23 mi N of Winnemucca,US 95 & NV 290,empty,,False,,False,US 95,NV 290,None,,
"B Paradise Hill , 89445 Santa Rosa Station ( Chevron )",775-623-5547 US 95 & NV 290 ( 23 mi N of Winnemucca,) S,Paradise Hill,89445,Santa Rosa Station ( Chevron ),775-623-5547,2007,Winnemucca,NV,Chevron,( 23 mi N of Winnemucca,US 95 & NV 290,empty,,False,,False,US 95,NV 290,None,,
"B Paradise Hill , 89445 Santa Rosa Station ( Chevron )",775-623-5547 US 95 & NV 290 ( 23 mi N of,) <U+25A1> S <U+2610> <U+2610>,Paradise Hill,89445,Santa Rosa Station ( Chevron ),775-623-5547,2008,Winnemucca,NV,Chevron,( 23 mi N of,US 95 & NV 290,empty,,False,,False,US 95,NV 290,None,,
B Paradise Hill ( 89445 ) Santa Rosa Station ( Chevron ),775-623-5547 US 95 & NV 290 ( 23 mi N of,) S <U+2610>,Paradise Hill,89445,Santa Rosa Station ( Chevron ),775-623-5547,2014,Winnemucca,NV,Chevron,( 23 mi N of,US 95 & NV 290,empty,,False,,False,US 95,NV 290,None,,
B Paradise Hill ( 89445 ) Santa Rosa Station ( Chevron ),775-623-5547 US 95 & NV 290 ( 23 mi N of Winnemucca ),) <U+2610> SO <U+2610> <U+2610>,Paradise Hill,89445,Santa Rosa Station ( Chevron ),775-623-5547,2015,Winnemucca,NV,Chevron,( 23 mi N of Winnemucca ),US 95 & NV 290,empty,,False,,False,US 95,NV 290,None,,
B Paradise Hill ( 89445 ) Santa Rosa Station ( Chevron ),775-623-5547 US 95 & NV 290 ( 23 mi N of Winnemucca ),) S <U+25A1> <U+2610>,Paradise Hill,89445,Santa Rosa Station ( Chevron ),775-623-5547,2016,Winnemucca,NV,Chevron,( 23 mi N of Winnemucca ),US 95 & NV 290,empty,,False,,False,US 95,NV 290,None,,
"D Bordertown , 89506 Winners Corner",775-972-1653 US 395 ( at state line ),<U+2610> <U+2610>,Bordertown,89506,Winners Corner,775-972-1653,2006,Reno,NV,,( at state line ),US 395,empty,,False,,False,US 395,,None,,
"Bordertown , 89506 Winners Corner",775-972-1653 US 395 ( at state line ),,Bordertown,89506,Winners Corner,775-972-1653,2007,Reno,NV,,( at state line ),US 395,empty,,False,,False,US 395,,None,,
"Bordertown , 89506 Winners Corner 1st",775-972-1653 US 395 ( at state line ),<U+2610> <U+2610><U+2610> <U+2610>,Bordertown,89506,Winners Corner 1st,775-972-1653,2008,Reno,NV,,( at state line ),US 395,empty,,False,,False,US 395,,None,,
Bordertown ( 89506 ) Winners Corner,775-972-1653 US 395 ( at state line ),<U+2610>,Bordertown,89506,Winners Corner,775-972-1653,2014,Reno,NV,,( at state line ),US 395,empty,,False,,False,US 395,,None,,
D Bordertown ( 89506 ) Winners Corner,775-972-1653 US 395 ( at state line ),<U+2610> <U+2610>,Bordertown,89506,Winners Corner,775-972-1653,2015,Reno,NV,,( at state line ),US 395,empty,,False,,False,US 395,,None,,
D Bordertown ( 89506 ) Winners Corner,775-972-1653 US 395 ( at state line ),<U+25A1>,Bordertown,89506,Winners Corner,775-972-1653,2016,Reno,NV,,( at state line ),US 395,empty,,False,,False,US 395,,None,,
"B Elko , 89801 Bonus Star Mart # 53 ( Sinclair )",775-738-7732 I-80 Exit 303 ( US 40 ),469 M T,Elko,89801,Bonus Star Mart # 53 ( Sinclair ),775-738-7732,2006,Elko,NV,Sinclair,( US 40 ),I-80 Exit 303 ,Exit,303,False,,False,I-80,,None,,
"B Elko , 89801 Bonus Star Mart # 53 ( Sinclair )",775-738-7732 I-80 Exit 303 ( US 40 ),24 HRS MO,Elko,89801,Bonus Star Mart # 53 ( Sinclair ),775-738-7732,2007,Elko,NV,Sinclair,( US 40 ),I-80 Exit 303 ,Exit,303,False,,False,I-80,,None,,
"Elko , 89801 Bonus Star Mart # 53 278 ( ) Sinclair",5 775-738-7732 I-80 Exit 303 ( US ) ),HR3 24 S,Elko,89801,Bonus Star Mart # 53 278 ( ) Sinclair,775-738-7732,2008,Elko,NV,Sinclair,( US ) ),I-80 Exit 303 ,Exit,303,False,,False,I-80,,None,,
Elko ( 89801 ) Hardy's ( Sinclair ),775-738-7732 I-80 Exit 303 ( US 40 ),24 MO C <U+2610> <U+2610>,Elko,89801,Hardy's ( Sinclair ),775-738-7732,2014,Elko,NV,Sinclair,( US 40 ),I-80 Exit 303 ,Exit,303,False,,False,I-80,,None,,
B Elko ( 89801 ) Hardy's ( Sinclair ),775-738-7732 I-80 Exit 303 ( US 40 ),24 M <U+25A1>,Elko,89801,Hardy's ( Sinclair ),775-738-7732,2015,Elko,NV,Sinclair,( US 40 ),I-80 Exit 303 ,Exit,303,False,,False,I-80,,None,,
B Elko ( 89801 ) Hardy's ( Sinclair ) mi SE ),775-738-7732 I-80 Exit 303 ( US 40 ),24 MO <U+25A1>,Elko,89801,Hardy's ( Sinclair ) mi SE ),775-738-7732,2016,Elko,NV,Sinclair,( US 40 ),I-80 Exit 303 ,Exit,303,False,,False,I-80,,None,,
"C Battle Mountain , 89820 Broadway / Flying J Travel Plaza",775-635-5424 I-80 Exit 229 EB / 233 WB,48 L <U+2610>,Battle Mountain,89820,Broadway / Flying J Travel Plaza,775-635-5424,2006,Battle Mountain,NV,Flying J,,I-80 Exit 229 EB / 233 WB,Exit,229,False,,False,I-80,,233,,
"C Battle Mountain , 89820 Broadway / Flying J Travel Plaza",775-635-5424 I-80 Exit 229 EB / 233 WB,L 2 42,Battle Mountain,89820,Broadway / Flying J Travel Plaza,775-635-5424,2007,Battle Mountain,NV,Flying J,,I-80 Exit 229 EB / 233 WB,Exit,229,False,,False,I-80,,233,,
"Battle Mountain , 89820 Broadway / Flying 30 ) & J NV # 373",775-635-5424 I-80 Exit 229 EB / 233 0511307 WB ( 76 ),24 24 103,Battle Mountain,89820,Broadway / Flying 30 ) & J NV # 373,775-635-5424,2008,Battle Mountain,NV,,( 76 ),I-80 Exit 229 EB / 233 0511307 WB ,Exit,229,False,,False,I-80,,233,,
C Battle Mountain ( 89820 ) Broadway / Flying J Travel Plaza # 966,775-635-5424 I-80 Exit 229 ( Bus Loop 80 E ),24 a 24,Battle Mountain,89820,Broadway / Flying J Travel Plaza # 966,775-635-5424,2014,Battle Mountain,NV,Flying J,( Bus Loop 80 E ),I-80 Exit 229 ,Exit,229,False,,False,I-80,,None,,
Battle Mountain ( 89820 ) Broadway / Flying J Travel Plaza # 966,775-635-5424 I-80 Exit 229 ( Bus Loop 80 E ) FLYING,FLYING J 24 24,Battle Mountain,89820,Broadway / Flying J Travel Plaza # 966,775-635-5424,2015,Battle Mountain,NV,Flying J,( Bus Loop 80 E ) FLYING,I-80 Exit 229 ,Exit,229,False,,False,I-80,,None,,
Battle Mountain ( 89820 ) Broadway / Flying J Travel Plaza # 966,775-635-5424 I-80 Exit 229 ( Bus Loop,FLYING J 24 24 24,Battle Mountain,89820,Broadway / Flying J Travel Plaza # 966,775-635-5424,2016,Battle Mountain,NV,Flying J,( Bus Loop,I-80 Exit 229 ,Exit,229,False,,False,I-80,,None,,
"Carlin , 89822 Pilot Travel Center # 387",775-754-6384 I-80 Exit 280 ( NV 278 ),M <U+2610>,Carlin,89822,Pilot Travel Center # 387,775-754-6384,2006,Carlin,NV,Pilot,( NV 278 ),I-80 Exit 280 ,Exit,280,False,,False,I-80,,None,,
"Carlin , 89822 Pilot Travel Center # 387",775-754-6384 I-80 Exit 280 ( NV 278 ),24 MO -,Carlin,89822,Pilot Travel Center # 387,775-754-6384,2007,Carlin,NV,Pilot,( NV 278 ),I-80 Exit 280 ,Exit,280,False,,False,I-80,,None,,
"Carlin , 89822 Pilot Travel Center line # ) 387",775-754-6384 I-80 Exit 280 ( NV,24 M <U+25A1> <U+25A1>,Carlin,89822,Pilot Travel Center line # ) 387,775-754-6384,2008,Carlin,NV,Pilot,( NV,I-80 Exit 280 ,Exit,280,False,,False,I-80,,None,,
Carlin ( 89822 ) Pilot Travel Center # 387,775-754-6384 I-80 Exit 280 ( NV 278 ),Pilot 24 M,Carlin,89822,Pilot Travel Center # 387,775-754-6384,2014,Carlin,NV,Pilot,( NV 278 ),I-80 Exit 280 ,Exit,280,False,,False,I-80,,None,,
Carlin ( 89822 ) Pilot Travel Center # 387,775-754-6384 I-80 Exit 280 ( NV Pilot,Pilot 24 <U+25A1> M,Carlin,89822,Pilot Travel Center # 387,775-754-6384,2015,Carlin,NV,Pilot,( NV Pilot,I-80 Exit 280 ,Exit,280,False,,False,I-80,,None,,
Carlin ( 89822 ) Pilot Travel Center # 387,775-754-6384 I-80 Exit 280 ( NV 278 ),Pilat 24 M,Carlin,89822,Pilot Travel Center # 387,775-754-6384,2016,Carlin,NV,Pilot,( NV 278 ),I-80 Exit 280 ,Exit,280,False,,False,I-80,,None,,
"Wells , 89835 Plaza # 0500102",775-752-2000 Flying I-80 Exit J Travel 352 ( US 93 N ) #,,Wells,89835,Plaza # 0500102,775-752-2000,2006,Wells,NV,,( US 93 N ) #,Flying I-80 Exit J Travel 352 ,Exit,,True,unclear address_standardized_OFF_parenthesis,True,I-80,,None,,
"Wells , 89835 Flying J Travel Plaza # 0500102",775-752-2000 I-80 Exit 352 ( US 93 N ),24 <U+25A1>,Wells,89835,Flying J Travel Plaza # 0500102,775-752-2000,2007,Wells,NV,Flying J,( US 93 N ),I-80 Exit 352 ,Exit,352,False,,False,I-80,,None,,
"Wells , 89835 Flying J Travel Plaza # 0500102",775-752-2000 I-80 Exit 352 ( US 93 N ),24 <U+2610><U+2610> <U+2610><U+2610>,Wells,89835,Flying J Travel Plaza # 0500102,775-752-2000,2008,Wells,NV,Flying J,( US 93 N ),I-80 Exit 352 ,Exit,352,False,,False,I-80,,None,,
B Wells ( 89835 ) Petro Wells # 392 ( Sinclair ),6 775-752-2000 I-80 Exit 352 ( US 93 N ),PETRO 24 XL 24 FOLD,Wells,89835,Petro Wells # 392 ( Sinclair ),775-752-2000,2014,Wells,NV,Sinclair,( US 93 N ),I-80 Exit 352 ,Exit,352,False,,False,I-80,,None,,
B Wells ( 89835 ) Petro Wells # 392 ( Sinclair ) PETRO,775-752-2000 I-80 Exit 352 ( US 93 N ),24 <U+25A1> XL <U+2610>,Wells,89835,Petro Wells # 392 ( Sinclair ) PETRO,775-752-2000,2015,Wells,NV,Sinclair,( US 93 N ),I-80 Exit 352 ,Exit,352,False,,False,I-80,,None,,
Wells ( 89835 ) Petro Wells # 392 ( Sinclair ),16775-752-2000 I-80 Exit 352 ( US 93 N ),PETRO 24 ARG XL <U+25A1>,Wells,89835,Petro Wells # 392 ( Sinclair ),775-752-2000,2016,Wells,NV,Sinclair,( US 93 N ),I-80 Exit 352 ,Exit,352,False,,False,I-80,,None,,
"Wells , 89835 Plaza # 0500068",775-752-2400 Flying I-80 Exit J Travel 352 ( US 93 S ) #,L O O,Wells,89835,Plaza # 0500068,775-752-2400,2006,Wells,NV,,( US 93 S ) #,Flying I-80 Exit J Travel 352 ,Exit,,True,unclear address_standardized_OFF_parenthesis,True,I-80,,None,,
"Wells , 89835 Flying J Travel Plaza # 0500068",775-752-2400 I-80 Exit 352 ( US 93 S ),24 HRS <U+2610>,Wells,89835,Flying J Travel Plaza # 0500068,775-752-2400,2007,Wells,NV,Flying J,( US 93 S ),I-80 Exit 352 ,Exit,352,False,,False,I-80,,None,,
"Wells , 89835 Flying J Travel Plaza # 0500068",6 775-752-2400 I-80 Exit 352 ( US 93 S ),24 <U+2610> <U+2610> <U+2610> <U+2610> <U+2610> <U+2610>,Wells,89835,Flying J Travel Plaza # 0500068,775-752-2400,2008,Wells,NV,Flying J,( US 93 S ),I-80 Exit 352 ,Exit,352,False,,False,I-80,,None,,
B Wells ( 89835 ) Flying J Travel Plaza # 692,6 775-752-2400 I-80 Exit 352 ( US 93 S ),,Wells,89835,Flying J Travel Plaza # 692,775-752-2400,2014,Wells,NV,Flying J,( US 93 S ),I-80 Exit 352 ,Exit,352,False,,False,I-80,,None,,
B Wells ( 89835 ) Flying J Travel Plaza # 692 FLYING J,6 775-752-2400 I-80 Exit 352 ( US 93 S ),J 24 XL,Wells,89835,Flying J Travel Plaza # 692 FLYING J,775-752-2400,2015,Wells,NV,Flying J,( US 93 S ),I-80 Exit 352 ,Exit,352,False,,False,I-80,,None,,
Wells ( 89835 ) Flying J Travel Plaza # 692,775-752-2400 I-80 Exit 352 ( US 93 S ),FLYING J 24 XL,Wells,89835,Flying J Travel Plaza # 692,775-752-2400,2016,Wells,NV,Flying J,( US 93 S ),I-80 Exit 352 ,Exit,352,False,,False,I-80,,None,,
"West Wendover , 89883 Pilot Travel Center # 147",775-664-3400 I-80 Exit 410,M,West Wendover,89883,Pilot Travel Center # 147,775-664-3400,2006,West Wendover,NV,Pilot,,I-80 Exit 410,Exit,410,False,,False,I-80,,None,,
"West Wendover , 89883 Pilot Travel Center # 147",775-664-3400 I-80 Exit 410,L,West Wendover,89883,Pilot Travel Center # 147,775-664-3400,2007,West Wendover,NV,Pilot,,I-80 Exit 410,Exit,410,False,,False,I-80,,None,,
"West Wendover , 89883 Pilot Travel Center # 147",775-664-3400 I-80 Exit 410,HRS 24,West Wendover,89883,Pilot Travel Center # 147,775-664-3400,2008,West Wendover,NV,Pilot,,I-80 Exit 410,Exit,410,False,,False,I-80,,None,,
West Wendover ( 89883 ) Pilot Travel Center # 147,775-664-3400 I-80 Exit 410,Pilot 24 LO,West Wendover,89883,Pilot Travel Center # 147,775-664-3400,2014,West Wendover,NV,Pilot,,I-80 Exit 410,Exit,410,False,,False,I-80,,None,,
West Wendover ( 89883 ) Pilot Travel Center # 147 Pilot,7 775-664-3400 I-80 Exit 410,24 L,West Wendover,89883,Pilot Travel Center # 147 Pilot,775-664-3400,2015,West Wendover,NV,Pilot,,I-80 Exit 410,Exit,410,False,,False,I-80,,None,,
West Wendover ( 89883 ) Pilot Travel Center # 147,775-664-3400 I-80 Exit 410,Pilot L,West Wendover,89883,Pilot Travel Center # 147,775-664-3400,2016,West Wendover,NV,Pilot,,I-80 Exit 410,Exit,410,False,,False,I-80,,None,,
"Los Angeles , 90013 Superfine Texaco II","51213-626-1259 I-10 Exit 15 B ( Alameda , 1 mi N to 5th )",) 000 <U+2610>,Los Angeles,90013,Superfine Texaco II,213-626-1259,2006,Los Angeles,CA,Texaco,"( Alameda , 1 mi N to 5th )",I-10 Exit 15 B ,Exit,15,False,,False,I-10,,None,,
"Los Angeles , 90013 Superfine Texaco II","213-626-1259 I-10 Exit 15 B ( Alameda , 1 mi N to 5th )",) 24,Los Angeles,90013,Superfine Texaco II,213-626-1259,2007,Los Angeles,CA,Texaco,"( Alameda , 1 mi N to 5th )",I-10 Exit 15 B ,Exit,15,False,,False,I-10,,None,,
"Los Angeles , 90013 Superfine Ex 2 Valero ( 2 blks W to 1670 PCH ( CA 1 ) )","5 213-626-1259 I-10 Exit 15 B ( Alameda , 1 mi N to 124",) ) 124 <U+25A1>,Los Angeles,90013,Superfine Ex 2 Valero ( 2 blks W to 1670 PCH ( CA 1 ) ),213-626-1259,2008,Los Angeles,CA,Valero,"( Alameda , 1 mi N to 124",I-10 Exit 15 B ,Exit,15,False,,False,I-10,,None,,
Los Angeles ( 90013 ) Superfine Valero,"213-626-1259 I-10 Exit 15 B ( Alameda , 1 mi N to 5th )",) 24 24 <U+2610> <U+2610> O <U+25A1>,Los Angeles,90013,Superfine Valero,213-626-1259,2014,Los Angeles,CA,Valero,"( Alameda , 1 mi N to 5th )",I-10 Exit 15 B ,Exit,15,False,,False,I-10,,None,,
Los Angeles ( 90013 ) Superfine Valero,"213-626-1259 I-10 Exit 15 B ( Alameda , 1 mi N to 5th )",) 24 24 <U+25A1> D,Los Angeles,90013,Superfine Valero,213-626-1259,2015,Los Angeles,CA,Valero,"( Alameda , 1 mi N to 5th )",I-10 Exit 15 B ,Exit,15,False,,False,I-10,,None,,
Los Angeles ( 90013 ) Superfine Valero,"213-626-1259 I-10 Exit 15 B ( Alameda , 1 mi N to 5th )",<U+25A1>,Los Angeles,90013,Superfine Valero,213-626-1259,2016,Los Angeles,CA,Valero,"( Alameda , 1 mi N to 5th )",I-10 Exit 15 B ,Exit,15,False,,False,I-10,,None,,
"Los Angeles , 90023 Speedy Fuel",323-260-4606 I-5 Exit 133 ( Grande Vista Ave ),HRS 24,Los Angeles,90023,Speedy Fuel,323-260-4606,2006,Los Angeles,CA,,( Grande Vista Ave ),I-5 Exit 133 ,Exit,133,False,,False,I-5,,None,,
"Los Angeles , 90023 Speedy Fuel",323-260-4606 I-5 Exit 133 ( Grande Vista Ave ),24 <U+2610>,Los Angeles,90023,Speedy Fuel,323-260-4606,2007,Los Angeles,CA,,( Grande Vista Ave ),I-5 Exit 133 ,Exit,133,False,,False,I-5,,None,,
"Los Angeles , 90023 Speedy Fuel",5 323-260-4606 I-5 Exit 133 ( Grande Vista Ave ),D <U+25A1>,Los Angeles,90023,Speedy Fuel,323-260-4606,2008,Los Angeles,CA,,( Grande Vista Ave ),I-5 Exit 133 ,Exit,133,False,,False,I-5,,None,,
Los Angeles ( 90023 ) Speedy Fuel,5 323-260-4606 I-5 Exit 133 ( Grande Vista Ave ),124 11 ] <U+2610>,Los Angeles,90023,Speedy Fuel,323-260-4606,2014,Los Angeles,CA,,( Grande Vista Ave ),I-5 Exit 133 ,Exit,133,False,,False,I-5,,None,,
Los Angeles ( 90023 ) Speedy Fuel,5 323-260-4606 I-5 Exit 133 ( Grande Vista Ave ),24 24 24 m <U+25A1> D,Los Angeles,90023,Speedy Fuel,323-260-4606,2015,Los Angeles,CA,,( Grande Vista Ave ),I-5 Exit 133 ,Exit,133,False,,False,I-5,,None,,
Los Angeles ( 90023 ) Speedy Fuel,323-260-4606 I-5 Exit 133 ( Grande Vista Ave ) .,24 <U+2610>,Los Angeles,90023,Speedy Fuel,323-260-4606,2016,Los Angeles,CA,,( Grande Vista Ave ) .,I-5 Exit 133 ,Exit,133,False,,False,I-5,,None,,
"Commerce , 90023 Speedy Fuel",5 323-266-2606 E Washington Blvd ( 1 mi W of I-710 ),24 HRS 00,Commerce,90023,Speedy Fuel,323-266-2606,2006,Los Angeles,CA,,( 1 mi W of I-710 ),E Washington Blvd,empty,,False,,False,E Washington Blvd,,None,,
"Commerce , 90023 Speedy Fuel ( Mobil / Chevron )",323-266-2606 E Washington & Indiana ( 1 mi W of I-710 ),),Commerce,90023,Speedy Fuel ( Mobil / Chevron ),323-266-2606,2007,Los Angeles,CA,Mobil,( 1 mi W of I-710 ),E Washington & Indiana,empty,,False,,False,E Washington,Indiana,None,,
"Commerce , 90023 Speedy Fuel ( Mobil / Chevron )",5 323-266-2606 E Washington & Indiana ( 1 mi W of I-710 ),) 24 RS 1,Commerce,90023,Speedy Fuel ( Mobil / Chevron ),323-266-2606,2008,Los Angeles,CA,Mobil,( 1 mi W of I-710 ),E Washington & Indiana,empty,,False,,False,E Washington,Indiana,None,,
Commerce ( 90023 ) Speedy Fuel # 2,5 323-266-2606 E Washington & Indiana ( 1 mi W of I-710 ),) 24 D,Commerce,90023,Speedy Fuel # 2,323-266-2606,2014,Los Angeles,CA,,( 1 mi W of I-710 ),E Washington & Indiana,empty,,False,,False,E Washington,Indiana,None,,
Commerce ( 90023 ) Speedy Fuel # 2,323-266-2606 E Washington & Indiana ( 1 mi W of I-710 ),) 24 D,Commerce,90023,Speedy Fuel # 2,323-266-2606,2015,Los Angeles,CA,,( 1 mi W of I-710 ),E Washington & Indiana,empty,,False,,False,E Washington,Indiana,None,,
Commerce ( 90023 ) Speedy Fuel # 2,323-266-2606 E Washington & Indiana ( 1 mi W of I-710 ),) 24,Commerce,90023,Speedy Fuel # 2,323-266-2606,2016,Los Angeles,CA,,( 1 mi W of I-710 ),E Washington & Indiana,empty,,False,,False,E Washington,Indiana,None,,
"Vernon , 90023 Bandini Truck Terminal Canyon ( Arco / ) Chevron )",323-266-6840 3152 Bandini ( 2 mi W of I - ),24 000,Vernon,90023,Bandini Truck Terminal Canyon ( Arco / ) Chevron ),323-266-6840,2006,Los Angeles,CA,Chevron,( 2 mi W of I - ),3152 Bandini,Proper,,False,,False,3152 Bandini,,None,,
"Vernon , 90023 Bandini Truck Terminal",323-266-6840 3152 Bandini ( 2 mi W of I-710 ),24 HRS <U+2610>,Vernon,90023,Bandini Truck Terminal,323-266-6840,2007,Los Angeles,CA,,( 2 mi W of I-710 ),3152 Bandini,Proper,,False,,False,3152 Bandini,,None,,
"Vernon , 90023 Bandini Truck Terminal",323-266-6840 3152 Bandini ( 2 mi W of I-710 ),HRS 24 <U+2610>,Vernon,90023,Bandini Truck Terminal,323-266-6840,2008,Los Angeles,CA,,( 2 mi W of I-710 ),3152 Bandini,Proper,,False,,False,3152 Bandini,,None,,
Vernon ( 90023 ) Bandini Truck Terminal,5 323-266-6840 3152 Bandini ( 2 mi W of I-710 ),24 <U+2610> <U+2610> <U+2610>,Vernon,90023,Bandini Truck Terminal,323-266-6840,2014,Los Angeles,CA,,( 2 mi W of I-710 ),3152 Bandini,Proper,,False,,False,3152 Bandini,,None,,
Vernon ( 90023 ) Bandini Truck Terminal ) / 1C ( SB ),5 323-266-6840 3152 Bandini ( 2 mi,24 <U+2610> <U+25A1> <U+2610>,Vernon,90023,Bandini Truck Terminal ) / 1C ( SB ),323-266-6840,2015,Los Angeles,CA,,( 2 mi,3152 Bandini,Proper,,False,,False,3152 Bandini,,None,,
Vernon ( 90023 ) Bandini Truck Terminal ( CFN ),$ 323-266-6840 3152 Bandini ( 2 mi W of I-710 ),24 D D,Vernon,90023,Bandini Truck Terminal ( CFN ),323-266-6840,2016,Los Angeles,CA,,( 2 mi W of I-710 ),3152 Bandini,Proper,,False,,False,3152 Bandini,,None,,
"Commerce , 90040 Commerce Truck Stop",323-881-0694 I-5 Exit 128B ( 4560 E Washington ),24 HRS 00 -,Commerce,90040,Commerce Truck Stop,323-881-0694,2006,Los Angeles,CA,,( 4560 E Washington ),I-5 Exit 128B ,Exit,128B,False,,False,I-5,,None,,
"Commerce , 90040 Commerce Truck Stop",323-881-0694 I-5 Exit 128 B ( 4560 E Washington ),24 <U+25A1> <U+25A1>,Commerce,90040,Commerce Truck Stop,323-881-0694,2007,Los Angeles,CA,,( 4560 E Washington ),I-5 Exit 128 B ,Exit,128,False,,False,I-5,,None,,
"Commerce , 90040 Commerce Truck Stop",5 323-881-0694 I-5 Exit 128 B ( 4560 E Washington ),24 <U+25C9>,Commerce,90040,Commerce Truck Stop,323-881-0694,2008,Los Angeles,CA,,( 4560 E Washington ),I-5 Exit 128 B ,Exit,128,False,,False,I-5,,None,,
Commerce ( 90040 ) Commerce Truck Stop,5 323-881-0694 I-710 X 17C NB / 17B SB ( W on,) 24 0,Commerce,90040,Commerce Truck Stop,323-881-0694,2014,Los Angeles,CA,,( W on,I-710 X 17C NB / 17B SB ,Exit,17C,False,,False,I-710,,None,,
Commerce ( 90040 ) Commerce Truck Stop,5 323-881-0694 I-710 X 17C NB / 17B SB ( W on Washington ),) 24 <U+25A1>,Commerce,90040,Commerce Truck Stop,323-881-0694,2015,Los Angeles,CA,,( W on Washington ),I-710 X 17C NB / 17B SB ,Exit,17C,False,,False,I-710,,None,,
Commerce ( 90040 ) Commerce Truck Stop,323-881-0694 I-710 X 17C NB / 17B SB ( W on Washington ),) <U+25A1> <U+25A1>,Commerce,90040,Commerce Truck Stop,323-881-0694,2016,Los Angeles,CA,,( W on Washington ),I-710 X 17C NB / 17B SB ,Exit,17C,False,,False,I-710,,None,,
"Cudahy , 90201 Cudahy Fuel Stop",323-562-1090 I-710 Ex 13 ( CA 42 W to 8330 Atlantic N ),N ) 000,Cudahy,90201,Cudahy Fuel Stop,323-562-1090,2006,Bell Gardens,CA,,( CA 42 W to 8330 Atlantic N ),I-710 Ex 13 ,Exit,13,False,,False,I-710,,None,,
"Cudahy , 90201 Cudahy Fuel Stop",323-562-1090 I-710 Ex 13 ( CA 42 W to 8330 Atlantic N ),N ) <U+25A1> <U+25A1>,Cudahy,90201,Cudahy Fuel Stop,323-562-1090,2007,Bell Gardens,CA,,( CA 42 W to 8330 Atlantic N ),I-710 Ex 13 ,Exit,13,False,,False,I-710,,None,,
"Cudahy , 90201 Fuel Stop",5 323-562-1090 I-710 Cudahy Ex 13 ( CA 42 W to 8330 Atlantic N ),) <U+25A1> <U+25A1>,Cudahy,90201,Fuel Stop,323-562-1090,2008,Bell Gardens,CA,,( CA 42 W to 8330 Atlantic N ),I-710 Cudahy Ex 13 ,Exit,13,False,,False,I-710,,None,,
Cudahy ( 90201 ) Cudahy Fuel Stop ( Spirit ),5 323-562-1090 I-710 Ex 13 ( CA 42 W to 8330 Atlantic N ),N ) <U+2610> D,Cudahy,90201,Cudahy Fuel Stop ( Spirit ),323-562-1090,2014,Bell Gardens,CA,,( CA 42 W to 8330 Atlantic N ),I-710 Ex 13 ,Exit,13,False,,False,I-710,,None,,
Cudahy ( 90201 ) Cudahy Fuel Stop ( Spirit ),5 323-562-1090 I-710 Ex 13 ( CA 42 W to 8330 Atlantic N ),) <U+2610> <U+2610> <U+2610>,Cudahy,90201,Cudahy Fuel Stop ( Spirit ),323-562-1090,2015,Bell Gardens,CA,,( CA 42 W to 8330 Atlantic N ),I-710 Ex 13 ,Exit,13,False,,False,I-710,,None,,
Cudahy ( 90201 ) Cudahy Fuel Stop ( Spirit ),323-562-1090 I-710 Ex 13 ( CA 42 W to 8330 Atlantic N ),N ) <U+25A1> <U+25A1> <U+25A1>,Cudahy,90201,Cudahy Fuel Stop ( Spirit ),323-562-1090,2016,Bell Gardens,CA,,( CA 42 W to 8330 Atlantic N ),I-710 Ex 13 ,Exit,13,False,,False,I-710,,None,,
"Carson , 90248 Carson Mini Truck Stop",310-532-6037 CA 91 & Main ( S to 101 W Victoria ),<U+2610> M Su,Carson,90248,Carson Mini Truck Stop,310-532-6037,2006,Gardena,CA,,( S to 101 W Victoria ),CA 91 & Main,empty,,False,,False,CA 91,Main,None,,
"Carson , 90248 Carson Mini Truck Stop",310-532-6037 CA 91 & Main ( S to 101 W Victoria ),24 <U+2610> 000,Carson,90248,Carson Mini Truck Stop,310-532-6037,2007,Gardena,CA,,( S to 101 W Victoria ),CA 91 & Main,empty,,False,,False,CA 91,Main,None,,
"Carson , 90248 Carson Mini Truck Stop",5 310-532-6037 CA 91 & Main ( S to 101 W Victoria ),HRS 24 <U+2610> <U+2610>,Carson,90248,Carson Mini Truck Stop,310-532-6037,2008,Gardena,CA,,( S to 101 W Victoria ),CA 91 & Main,empty,,False,,False,CA 91,Main,None,,
D Carson ( 90248 ) Carson Mini Truck Stop ( Chevron ),310-532-6037 CA 91 & Main ( S to 101 W Victoria ),<U+25A1> <U+25A1> <U+25A1>,Carson,90248,Carson Mini Truck Stop ( Chevron ),310-532-6037,2014,Gardena,CA,Chevron,( S to 101 W Victoria ),CA 91 & Main,empty,,False,,False,CA 91,Main,None,,
Carson ( 90248 ) Carson Mini Truck Stop ( Chevron Rd W ) ),5 310-532-6037 CA 91 & Main ( S to 101 W,24 <U+25A1> <U+25A1>,Carson,90248,Carson Mini Truck Stop ( Chevron Rd W ) ),310-532-6037,2015,Gardena,CA,Chevron,( S to 101 W,CA 91 & Main,empty,,False,,False,CA 91,Main,None,,
Carson ( 90248 ) Carson Mini Truck Stop,5 310-532-6037 CA 91 & Main ( S to 101 W ),24 R <U+2610> <U+2610> <U+2610> <U+25A1>,Carson,90248,Carson Mini Truck Stop,310-532-6037,2016,Gardena,CA,,( S to 101 W ),CA 91 & Main,empty,,False,,False,CA 91,Main,None,,
"Wilmington , 90748 Wilmington Truck Stop Rd N )",310-830-3388 Alameda & Eubanks,D,Wilmington,90748,Wilmington Truck Stop Rd N ),310-830-3388,2006,Wilmington,CA,,,Alameda & Eubanks,empty,,False,,False,Alameda,Eubanks,None,,
"Wilmington , 90748 Speedy Fuel",310-830-3388 Alameda & Eubanks,485 M,Wilmington,90748,Speedy Fuel,310-830-3388,2007,Wilmington,CA,,,Alameda & Eubanks,empty,,False,,False,Alameda,Eubanks,None,,
"Wilmington , 90748 Speedy Fuel B ( Laval Rd W )",310-830-3388 Alameda & Eubanks,24 <U+2610><U+2610>,Wilmington,90748,Speedy Fuel B ( Laval Rd W ),310-830-3388,2008,Wilmington,CA,,,Alameda & Eubanks,empty,,False,,False,Alameda,Eubanks,None,,
D Wilmington ( 90748 ) Speedy Fuel # 7,310-830-3388 Alameda & Eubanks ( 1.5 mi S of CA 1 ),1 ) 24 22,Wilmington,90748,Speedy Fuel # 7,310-830-3388,2014,Wilmington,CA,,( 1.5 mi S of CA 1 ),Alameda & Eubanks,empty,,False,,False,Alameda,Eubanks,None,,
Wilmington ( 90748 ) Speedy Fuel # 7 Rd W ),310-830-3388 Alameda &,) 24 <U+2610>,Wilmington,90748,Speedy Fuel # 7 Rd W ),310-830-3388,2015,Wilmington,CA,,,Alameda &,empty,,False,,False,Alameda,,None,,
Wilmington ( 90748 ) Speedy Fuel # 7,310-830-3388 Alameda & Eubanks ( 1.5 S,1 ) . 24,Wilmington,90748,Speedy Fuel # 7,310-830-3388,2016,Wilmington,CA,,( 1.5 S,Alameda & Eubanks,empty,,False,,False,Alameda,Eubanks,None,,
"Long Beach , 90810 Harbor Truck Stop",562-436-1313 I-710 Ex 2 ( CA 1 3/4 mi W to 2130 PCH ),PCH ) ) HRS,Long Beach,90810,Harbor Truck Stop,562-436-1313,2006,Long Beach,CA,,( CA 1 3/4 mi W to 2130 PCH ),I-710 Ex 2 ,Exit,2,False,,False,I-710,,None,,
"D Long Beach , 90810 Harbor Truck Stop",562-436-1313 I-710 Ex 2 ( 3/4 mi W to 2130 PCH ( CA 1 ),1 ) 24 RS,Long Beach,90810,Harbor Truck Stop,562-436-1313,2007,Long Beach,CA,,( 3/4 mi W to 2130 PCH ( CA 1 ),I-710 Ex 2 ,Exit,2,False,,False,I-710,,None,,
"Long Beach , 90810 Harbor Truck Stop )",5 562-436-1313 I-710 Ex 2 ( 3/4 mi W to 2130 PCH (,1 ) ) HORS 24 HRS <U+25A1> <U+25A1> <U+2610> <U+2610>,Long Beach,90810,Harbor Truck Stop ),562-436-1313,2008,Long Beach,CA,,( 3/4 mi W to 2130 PCH (,I-710 Ex 2 ,Exit,2,False,,False,I-710,,None,,
D Long Beach ( 90810 ) Harbor Truck Stop,562-436-1313 I-710 Ex 2 ( 3/4 mi W to 2130 PCH ( CA 1,CA 1 ) ) <U+2610>,Long Beach,90810,Harbor Truck Stop,562-436-1313,2014,Long Beach,CA,,( 3/4 mi W to 2130 PCH ( CA 1,I-710 Ex 2 ,Exit,2,False,,False,I-710,,None,,
D Long Beach ( 90810 ) Harbor Truck Stop,562-436-1313 I-710 Ex 2 ( 3/4 mi W to 2130 PCH ( CA 1 ) ),1 ) ) 24 <U+25A1> <U+2610> <U+2610>,Long Beach,90810,Harbor Truck Stop,562-436-1313,2015,Long Beach,CA,,( 3/4 mi W to 2130 PCH ( CA 1 ) ),I-710 Ex 2 ,Exit,2,False,,False,I-710,,None,,
Long Beach ( 90810 ) Harbor Truck Stop,562-436-1313 I-710 Ex 2 ( 3/4 mi W to 2130 PCH ( CA 1 ) ),1 ) ) 24 S <U+2610>,Long Beach,90810,Harbor Truck Stop,562-436-1313,2016,Long Beach,CA,,( 3/4 mi W to 2130 PCH ( CA 1 ) ),I-710 Ex 2 ,Exit,2,False,,False,I-710,,None,,
"Long Beach , 90813 Speedy Fuel","562-491-1228 I-710 Exit 1 ( W , N @light , E on Cowles )",) ) 000 <U+2610> <U+2610>,Long Beach,90813,Speedy Fuel,562-491-1228,2006,Long Beach,CA,,"( W , N @light , E on Cowles )",I-710 Exit 1 ,Exit,1,False,,False,I-710,,None,,
"Long Beach , 90813 Speedy Fuel ( Valero )","562-491-1228 I-710 Exit 1 ( W , N @light , E on Cowles )",) HRS 24,Long Beach,90813,Speedy Fuel ( Valero ),562-491-1228,2007,Long Beach,CA,Valero,"( W , N @light , E on Cowles )",I-710 Exit 1 ,Exit,1,False,,False,I-710,,None,,
"Long Beach , 90813 Speedy Fuel ( Valero ) - Pier D )","5 562-491-1228 I-710 Exit 1 ( W , N @light , E",) 24 HRS <U+2610> <U+2610>,Long Beach,90813,Speedy Fuel ( Valero ) - Pier D ),562-491-1228,2008,Long Beach,CA,Valero,"( W , N @light , E",I-710 Exit 1 ,Exit,1,False,,False,I-710,,None,,
Long Beach ( 90813 ) Speedy Fuel,"562-491-1228 I-710 Exit 1 ( W , N @light , E on Cowles )",) FORD 24 <U+2610><U+2610>,Long Beach,90813,Speedy Fuel,562-491-1228,2014,Long Beach,CA,,"( W , N @light , E on Cowles )",I-710 Exit 1 ,Exit,1,False,,False,I-710,,None,,
D Long Beach ( 90813 ) Speedy Fuel,"5 562-491-1228 I-710 Exit 1 ( W , N @light , E on Cowles )",24 24 <U+2610>,Long Beach,90813,Speedy Fuel,562-491-1228,2015,Long Beach,CA,,"( W , N @light , E on Cowles )",I-710 Exit 1 ,Exit,1,False,,False,I-710,,None,,
D Long Beach ( 90813 ) Speedy Fuel,"562-491-1228 I-710 Exit 1 ( W , N @light , E on Cowles )",24 <U+2610>,Long Beach,90813,Speedy Fuel,562-491-1228,2016,Long Beach,CA,,"( W , N @light , E on Cowles )",I-710 Exit 1 ,Exit,1,False,,False,I-710,,None,,
"Sun Valley , 91352 Superfine Texaco Truck Stop",818-767-2570 I-5 Exit 152 ( 8730 Lankershim Blvd ),HRS +2 <U+2610>,Sun Valley,91352,Superfine Texaco Truck Stop,818-767-2570,2006,Sun Valley,CA,Texaco,( 8730 Lankershim Blvd ),I-5 Exit 152 ,Exit,152,False,,False,I-5,,None,,
"B Sun Valley , 91352 Superfine Texaco Truck Stop",818-767-2570 I-5 Exit 152 ( 8730 Lankershim Blvd ),24 000,Sun Valley,91352,Superfine Texaco Truck Stop,818-767-2570,2007,Sun Valley,CA,Texaco,( 8730 Lankershim Blvd ),I-5 Exit 152 ,Exit,152,False,,False,I-5,,None,,
Superfine Truck Stop,"BSun 4818-767-2570 Valley , 91352 I-5 Exit 152 ( 8730 Lankershim Blvd )",) 24 <U+2610> <U+2610>,,91352,,818-767-2570,2008,Sun Valley,CA,,( 8730 Lankershim Blvd ),"Valley, I-5 Exit 152",Exit,152,False,,False,I-5,,None,,
Sun Valley ( 91352 ) Superfine Truck Stop,818-767-2570 I-5 Exit 152 ( Lankershim Blvd N ),24 <U+2610> <U+25A1>,Sun Valley,91352,Superfine Truck Stop,818-767-2570,2014,Sun Valley,CA,,( Lankershim Blvd N ),I-5 Exit 152 ,Exit,152,False,,False,I-5,,None,,
B Sun Valley ( 91352 ) Superfine Truck ( CA Stop 4 W ),818-767-2570 I-5 Exit 152 (,24,Sun Valley,91352,Superfine Truck ( CA Stop 4 W ),818-767-2570,2015,Sun Valley,CA,,(,I-5 Exit 152 ,Exit,152,False,,False,I-5,,None,,
B Sun Valley ( 91352 ) Superfine Truck ( CA Stop 4 W ),818-767-2570 I-5 Exit 152 ( Lankershim Blvd N ),24,Sun Valley,91352,Superfine Truck ( CA Stop 4 W ),818-767-2570,2016,Sun Valley,CA,,( Lankershim Blvd N ),I-5 Exit 152 ,Exit,152,False,,False,I-5,,None,,
"Castaic , 91384 Pilot Travel Center # 372",661-257-2800 I-5 Exit 176B ( Lake Hughes Rd ),S <U+2610>,Castaic,91384,Pilot Travel Center # 372,661-257-2800,2006,Castaic,CA,Pilot,( Lake Hughes Rd ),I-5 Exit 176B ,Exit,176B,False,,False,I-5,,None,,
"Castaic , 91384 Pilot Travel Center # 372",661-257-2800 I-5 Exit 176 B ( Lake Hughes Rd ),HRS 24 MOO,Castaic,91384,Pilot Travel Center # 372,661-257-2800,2007,Castaic,CA,Pilot,( Lake Hughes Rd ),I-5 Exit 176 B ,Exit,176,False,,False,I-5,,None,,
"Castaic , 91384 Pilot Travel Center # 372",4 661-257-2800 I-5 Exit 176 B ( Lake Hughes Rd ),24 HRS M,Castaic,91384,Pilot Travel Center # 372,661-257-2800,2008,Castaic,CA,Pilot,( Lake Hughes Rd ),I-5 Exit 176 B ,Exit,176,False,,False,I-5,,None,,
Castaic ( 91384 ) Pilot Travel Center # 372 ),661-257-2800 I-5 Exit 176 B ( Lake Hughes Rd ),Plot 24 MOB,Castaic,91384,Pilot Travel Center # 372 ),661-257-2800,2014,Castaic,CA,Pilot,( Lake Hughes Rd ),I-5 Exit 176 B ,Exit,176,False,,False,I-5,,None,,
Castaic ( 91384 ) Pilot Travel Center # 372,4 661-257-2800 I-5 Exit 176 B ( Lake Hughes Rd ) Pilot,Pilot 24 MOO,Castaic,91384,Pilot Travel Center # 372,661-257-2800,2015,Castaic,CA,Pilot,( Lake Hughes Rd ) Pilot,I-5 Exit 176 B ,Exit,176,False,,False,I-5,,None,,
Castaic ( 91384 ) Pilot Travel 176 Center A ( Parker # 372 Rd ),661-257-2800 I-5 Exit 176 B ( Lake Hughes ) pittot,24 M M,Castaic,91384,Pilot Travel 176 Center A ( Parker # 372 Rd ),661-257-2800,2016,Castaic,CA,Pilot,( Lake Hughes ) pittot,I-5 Exit 176 B ,Exit,176,False,,False,I-5,,None,,
"Castaic , 91384 Village Fuel Stop",661-295-1374 I-5 Exit 176A ( Parker Rd ),,Castaic,91384,Village Fuel Stop,661-295-1374,2006,Castaic,CA,,( Parker Rd ),I-5 Exit 176A ,Exit,176A,False,,False,I-5,,None,,
"Castaic , 91384 Stop",661-295-1374 Village I-5 Exit Fuel 176 A ( Parker Rd ),24,Castaic,91384,Stop,661-295-1374,2007,Castaic,CA,,( Parker Rd ),Village I-5 Exit Fuel 176 A ,Exit,,False,,False,I-5,,None,,
"Castaic , 91384 Castaic Truck Stop",4 661-295-1374 I-5 Exit 176 A ( Parker Rd ),24 HRS M $ <U+2610> <U+2610>,Castaic,91384,Castaic Truck Stop,661-295-1374,2008,Castaic,CA,,( Parker Rd ),I-5 Exit 176 A ,Exit,176,False,,False,I-5,,None,,
Castaic ( 91384 ) Castaic Truck Stop ),661-295-1374 I-5 Exit 176 A ( Parker Rd ),24 M,Castaic,91384,Castaic Truck Stop ),661-295-1374,2014,Castaic,CA,,( Parker Rd ),I-5 Exit 176 A ,Exit,176,False,,False,I-5,,None,,
H Castaic ( 91384 ) Castaic Truck Stop ( S to 101 W Victoria ),4 661-295-1374 I-5 Exit 176 A ( Parker Rd ),24 MED,Castaic,91384,Castaic Truck Stop ( S to 101 W Victoria ),661-295-1374,2015,Castaic,CA,,( Parker Rd ),I-5 Exit 176 A ,Exit,176,False,,False,I-5,,None,,
Castaic ( 91384 ) Castaic Truck Stop W Victoria ),4 661-295-1374 I-5 Exit 176 A ( Parker Rd ),24 <U+2610> M <U+2610>,Castaic,91384,Castaic Truck Stop W Victoria ),661-295-1374,2016,Castaic,CA,,( Parker Rd ),I-5 Exit 176 A ,Exit,176,False,,False,I-5,,None,,
"Ontario , 91761 TravelCenters of America / Ontario WA",6 909-390-2525 I-10 Exit 57 ( Milliken Ave ),XL 24000,Ontario,91761,TravelCenters of America / Ontario WA,909-390-2525,2006,Ontario,CA,TravelCenters,( Milliken Ave ),I-10 Exit 57 ,Exit,57,False,,False,I-10,,None,,
"Ontario , 91761 TravelCenters of America / N Ontario ) W",6 909-390-2525 I-10 Exit 57 ( Milliken Ave ),24 XL RS O,Ontario,91761,TravelCenters of America / N Ontario ) W,909-390-2525,2007,Ontario,CA,TravelCenters,( Milliken Ave ),I-10 Exit 57 ,Exit,57,False,,False,I-10,,None,,
"Ontario , 91761 TA Ontario West ( 76 )",6 909-390-2525 I-10 Exit 57 ( Milliken Ave ) TA,24 XL S 24,Ontario,91761,TA Ontario West ( 76 ),909-390-2525,2008,Ontario,CA,,( Milliken Ave ) TA,I-10 Exit 57 ,Exit,57,False,,False,I-10,,None,,
Ontario ( 91761 ) TA Ontario West # 162 ( Shell ),6 909-390-2525 I-10 Exit 57 ( Milliken Ave ) A,A 24 <U+25A1> XL 24 O,Ontario,91761,TA Ontario West # 162 ( Shell ),909-390-2525,2014,Ontario,CA,Shell,( Milliken Ave ) A,I-10 Exit 57 ,Exit,57,False,,False,I-10,,None,,
Ontario ( 91761 ) TA Ontario # 162 ( Shell ) ),909-390-2525 I-10 Exit 57 ( Milliken Ave ),""" XL",Ontario,91761,TA Ontario # 162 ( Shell ) ),909-390-2525,2015,Ontario,CA,Shell,( Milliken Ave ),I-10 Exit 57 ,Exit,57,False,,False,I-10,,None,,
Ontario ( 91761 ) TA Ontario # 162 ( Shell Ave ) ) PETRO,909-390-2525 I-10 Exit 57 ( Milliken Ave ),24 XL,Ontario,91761,TA Ontario # 162 ( Shell Ave ) ) PETRO,909-390-2525,2016,Ontario,CA,Shell,( Milliken Ave ),I-10 Exit 57 ,Exit,57,False,,False,I-10,,None,,
"Ontario , 91762 TravelCenters of America / Ontario E",6 909-390-7800 I-10 Exit 57 ( Milliken Ave ),,Ontario,91762,TravelCenters of America / Ontario E,909-390-7800,2006,Ontario,CA,TravelCenters,( Milliken Ave ),I-10 Exit 57 ,Exit,57,False,,False,I-10,,None,,
"Ontario , 91762 TravelCenters of America Ave ) / Ontario E",6 909-390-7800 I-10 Exit 57 (,24 HRS Fu 485,Ontario,91762,TravelCenters of America Ave ) / Ontario E,909-390-7800,2007,Ontario,CA,TravelCenters,(,I-10 Exit 57 ,Exit,57,False,,False,I-10,,None,,
"Ontario , 91762 TA Ontario East",6 909-390-7800 I-10 Exit 57 ( Milliken Ave ) TA,He 24 XL,Ontario,91762,TA Ontario East,909-390-7800,2008,Ontario,CA,,( Milliken Ave ) TA,I-10 Exit 57 ,Exit,57,False,,False,I-10,,None,,
Ontario ( 91762 ) Petro Ontario # 026,6 909-390-7800 I-10 Exit 57 ( Milliken Ave ) PETRO,PETRO 24 <U+25A1> XL 24,Ontario,91762,Petro Ontario # 026,909-390-7800,2014,Ontario,CA,,( Milliken Ave ) PETRO,I-10 Exit 57 ,Exit,57,False,,False,I-10,,None,,
"Ontario ( 91762 ) Petro Ontario # 026 N , San Leandro S )",909-390-7800 I-10 Exit 57 ( Milliken PETRO,PETRO D XL 24 24,Ontario,91762,"Petro Ontario # 026 N , San Leandro S )",909-390-7800,2015,Ontario,CA,,( Milliken PETRO,I-10 Exit 57 ,Exit,57,False,,False,I-10,,None,,
"Ontario ( 91762 ) Petro Ontario # 026 N , San Leandro S )",909-390-7800 I-10 Exit 57 ( Milliken Ave ) PETRO,) 24 XL 24 <U+2610>,Ontario,91762,"Petro Ontario # 026 N , San Leandro S )",909-390-7800,2016,Ontario,CA,,( Milliken Ave ) PETRO,I-10 Exit 57 ,Exit,57,False,,False,I-10,,None,,
"Live Oak Sprgs , 91906 Golden Acorn Casino",619-938-6000 I-8 Exit 61 ( Crestwood ),<U+2610>,Live Oak Sprgs,91906,Golden Acorn Casino,619-938-6000,2006,Campo,CA,,( Crestwood ),I-8 Exit 61 ,Exit,61,False,,False,I-8,,None,,
"Live Oak Sprgs , 91906 Golden Acorn Casino",619-938-6000 I-8 Exit 61 ( Crestwood ),24,Live Oak Sprgs,91906,Golden Acorn Casino,619-938-6000,2007,Campo,CA,,( Crestwood ),I-8 Exit 61 ,Exit,61,False,,False,I-8,,None,,
"Live Oak Sprngs , 91906 Golden Acorn Casino ( Pettit )",619-938-6000 I-8 Exit 61 ( Crestwood ),HRS 24 L <U+2610> <U+2610>,Live Oak Sprngs,91906,Golden Acorn Casino ( Pettit ),619-938-6000,2008,Campo,CA,,( Crestwood ),I-8 Exit 61 ,Exit,61,False,,False,I-8,,None,,
Live Oak Springs ( 91906 ) Golden Acorn Casino,6 619-938-6000 I-8 Exit 61 ( Crestwood ),24 DOLOO,Live Oak Springs,91906,Golden Acorn Casino,619-938-6000,2014,Campo,CA,,( Crestwood ),I-8 Exit 61 ,Exit,61,False,,False,I-8,,None,,
Live Oak Springs ( 91906 ) Golden Acorn Casino,6 619-938-6000 I-8 Exit 61 ( Crestwood ) NATSN,24,Live Oak Springs,91906,Golden Acorn Casino,619-938-6000,2015,Campo,CA,,( Crestwood ) NATSN,I-8 Exit 61 ,Exit,61,False,,False,I-8,,None,,
Live Oak Springs ( 91906 ) Golden Acorn Casino,619-938-6000 I-8 Exit 61 ( Crestwood ),24 FLS LO,Live Oak Springs,91906,Golden Acorn Casino,619-938-6000,2016,Campo,CA,,( Crestwood ),I-8 Exit 61 ,Exit,61,False,,False,I-8,,None,,
"J National City , 91950 So Cal Truck Stop","619-336-6103 I-5 Exit 10 ( Bay Marina Dr , 1/2 mi W )",000,National City,91950,So Cal Truck Stop,619-336-6103,2006,National City,CA,,"( Bay Marina Dr , 1/2 mi W )",I-5 Exit 10 ,Exit,10,False,,False,I-5,,None,,
"National City , 91950 So Cal Truck Stop )","619-336-6103 I-5 Exit 10 ( Bay Marina Dr , 1/2 mi W )",,National City,91950,So Cal Truck Stop ),619-336-6103,2007,National City,CA,,"( Bay Marina Dr , 1/2 mi W )",I-5 Exit 10 ,Exit,10,False,,False,I-5,,None,,
"National City , 91950 So Cal Truck Stop","619-336-6103 I-5 Exit 10 ( Bay Marina Dr , 1/2 mi W )",<U+2610>,National City,91950,So Cal Truck Stop,619-336-6103,2008,National City,CA,,"( Bay Marina Dr , 1/2 mi W )",I-5 Exit 10 ,Exit,10,False,,False,I-5,,None,,
J National City ( 91950 ) So Cal Truck Stop,"619-336-6103 I-5 Exit 10 ( Bay Marina Dr , 1/2 mi W )",D <U+2610> O,National City,91950,So Cal Truck Stop,619-336-6103,2014,National City,CA,,"( Bay Marina Dr , 1/2 mi W )",I-5 Exit 10 ,Exit,10,False,,False,I-5,,None,,
"National City ( 91950 ) So Cal Truck 126 B Stop ( Slauson E , N on Chapin )",619-336-6103 I-5 Exit 10 ( Bay,) D D D,National City,91950,"So Cal Truck 126 B Stop ( Slauson E , N on Chapin )",619-336-6103,2015,National City,CA,,( Bay,I-5 Exit 10 ,Exit,10,False,,False,I-5,,None,,
National City ( 91950 ) So Cal Truck Stop ),"619-336-6103 I-5 Exit 10 ( Bay Marina Dr , 1/2 mi W )",) <U+2610> <U+2610>,National City,91950,So Cal Truck Stop ),619-336-6103,2016,National City,CA,,"( Bay Marina Dr , 1/2 mi W )",I-5 Exit 10 ,Exit,10,False,,False,I-5,,None,,
"San Diego , 92121 Autoport Unocal 76","858-450-9776 I-805 Exit 25 B ( Miramar , 1 mi E )",<U+2610> <U+2610> O,San Diego,92121,Autoport Unocal 76,858-450-9776,2006,San Diego,CA,,"( Miramar , 1 mi E )",I-805 Exit 25 B ,Exit,25,False,,False,I-805,,None,,
"San Diego , 92121 Autoport Unocal 76","858-450-9776 I-805 Exit 25 B ( Miramar , 1 mi E )",,San Diego,92121,Autoport Unocal 76,858-450-9776,2007,San Diego,CA,,"( Miramar , 1 mi E )",I-805 Exit 25 B ,Exit,25,False,,False,I-805,,None,,
"San Diego , 92121 Autoport Unocal 76",5 858-450-9776 I-805 Exit 25 B (,MRS 24 HORS,San Diego,92121,Autoport Unocal 76,858-450-9776,2008,San Diego,CA,,(,I-805 Exit 25 B ,Exit,25,False,,False,I-805,,None,,
San Diego ( 92121 ) Autoport Unocal 76,"5 858-450-9776 I-805 Exit 25 B ( Miramar , 1 mi E )",D <U+2610>,San Diego,92121,Autoport Unocal 76,858-450-9776,2014,San Diego,CA,,"( Miramar , 1 mi E )",I-805 Exit 25 B ,Exit,25,False,,False,I-805,,None,,
J San Diego ( 92121 ) Autoport Unocal 76,"5 858-450-9776 I-805 Exit 25 B ( Miramar , 1 mi E )",24 <U+2610>,San Diego,92121,Autoport Unocal 76,858-450-9776,2015,San Diego,CA,,"( Miramar , 1 mi E )",I-805 Exit 25 B ,Exit,25,False,,False,I-805,,None,,
J San Diego ( 92121 ) Stars & Stripes 76,"5 858-450-9776 I-805 Exit 25 B ( Miramar , 1 mi E )",2013 <U+2610> <U+25A1>,San Diego,92121,Stars & Stripes 76,858-450-9776,2016,San Diego,CA,,"( Miramar , 1 mi E )",I-805 Exit 25 B ,Exit,25,False,,False,I-805,,None,,
"Otay Mesa , 92154 Truck Net Truck Stop",619-661-1888 Ave de la Fuente ( E of LaMedia S of 905 ),) 24 HRS L,Otay Mesa,92154,Truck Net Truck Stop,619-661-1888,2006,San Diego,CA,,( E of LaMedia S of 905 ),Ave de la Fuente,empty,,False,,False,Ave de,,None,,
"Otay Mesa , 92154 Truck Net Truck Stop Way",619-661-1888 Ave de la Fuente ( E of,905 ) 24 RS L,Otay Mesa,92154,Truck Net Truck Stop Way,619-661-1888,2007,San Diego,CA,,( E of,Ave de la Fuente,empty,,False,,False,Ave de,,None,,
"Otay Mesa , 92154 Truck Net Truck Stop",619-661-1888 Ave de la Fuente ( E of LaMedia S of 905 ),905 ) 24 HRS <U+2610> <U+2610> <U+2610> <U+2610> <U+2610>,Otay Mesa,92154,Truck Net Truck Stop,619-661-1888,2008,San Diego,CA,,( E of LaMedia S of 905 ),Ave de la Fuente,empty,,False,,False,Ave de,,None,,
Otay Mesa ( 92154 ) TruckNet Truck Stop,5 619-661-1888 La Media & Airway ( S of CA 905 ),24,Otay Mesa,92154,TruckNet Truck Stop,619-661-1888,2014,San Diego,CA,,( S of CA 905 ),La Media & Airway,empty,,False,,False,La Media,Airway,None,,
Otay Mesa ( 92154 ) TruckNet Truck Stop,619-661-1888 La Media & Airway ( S of,24 <U+2610><U+2610>,Otay Mesa,92154,TruckNet Truck Stop,619-661-1888,2015,San Diego,CA,,( S of,La Media & Airway,empty,,False,,False,La Media,Airway,None,,
Otay Mesa ( 92154 ) TruckNet Truck Stop Mesa Rd ) .,619-661-1888 CA 905 Exit 7 ( S to,<U+25A1>,Otay Mesa,92154,TruckNet Truck Stop Mesa Rd ) .,619-661-1888,2016,San Diego,CA,,( S to,CA 905 Exit 7 ,Exit,7,False,,False,CA 905,,None,,
"Indio , 92201 Clark's Travel Center ( Valero )",760-342-4776 I-10 Exit 139 EB / 142 WB ( Indio Blvd ),<U+2610><U+2610> S S,Indio,92201,Clark's Travel Center ( Valero ),760-342-4776,2006,Indio,CA,Valero,( Indio Blvd ),I-10 Exit 139 EB / 142 WB ,Exit,139,False,,False,I-10,,142,,
"Indio , 92201 Clark's Travel Center ( Valero )",760-342-4776 I-10 Exit 139 EB / 142 WB ( Indio Blvd ),24 S24 000,Indio,92201,Clark's Travel Center ( Valero ),760-342-4776,2007,Indio,CA,Valero,( Indio Blvd ),I-10 Exit 139 EB / 142 WB ,Exit,139,False,,False,I-10,,142,,
"Indio , 92201 Clark's Travel Center ( Valero )",6 760-342-4776 I-10 Exit 139 EB / 142 WB ( Indio 24,24 Sm 24,Indio,92201,Clark's Travel Center ( Valero ),760-342-4776,2008,Indio,CA,Valero,( Indio 24,I-10 Exit 139 EB / 142 WB ,Exit,139,False,,False,I-10,,142,,
Indio ( 92201 ) Clark's Travel Center ( Valero ),760-342-4776 I-10 Exit 142 ( Monroe S to Indio Blvd E ),E ) 24 SU <U+2610> <U+25A1>,Indio,92201,Clark's Travel Center ( Valero ),760-342-4776,2014,Indio,CA,Valero,( Monroe S to Indio Blvd E ),I-10 Exit 142 ,Exit,142,False,,False,I-10,,None,,
Indio ( 92201 ) Clark's Travel Center ( Valero ) ),760-342-4776 I-10 Exit 142 ( Monroe S to,) HR3 24 S $,Indio,92201,Clark's Travel Center ( Valero ) ),760-342-4776,2015,Indio,CA,Valero,( Monroe S to,I-10 Exit 142 ,Exit,142,False,,False,I-10,,None,,
Indio ( 92201 ) Clark's Travel Center ( Sinclair ) ),760-342-4776 I-10 Exit 142 ( S,24 S 0,Indio,92201,Clark's Travel Center ( Sinclair ) ),760-342-4776,2016,Indio,CA,Sinclair,( S,I-10 Exit 142 ,Exit,142,False,,False,I-10,,None,,
"Blythe , 92225 BB Travel Center ( 76 )",760-922-5109 I-10 Exit 232 ( Mesa Dr ),O,Blythe,92225,BB Travel Center ( 76 ),760-922-5109,2006,Blythe,CA,,( Mesa Dr ),I-10 Exit 232 ,Exit,232,False,,False,I-10,,None,,
"Blythe , 92225 BB Travel Center ( 76 )",760-922-5109 I-10 Exit 232 ( Mesa Dr ),481 XL24,Blythe,92225,BB Travel Center ( 76 ),760-922-5109,2007,Blythe,CA,,( Mesa Dr ),I-10 Exit 232 ,Exit,232,False,,False,I-10,,None,,
"Blythe , 92225 BB Travel Center ( 76 )",760-922-5109 I-10 Exit 232 ( Mesa Dr ),HORS 24 XL <U+2610><U+2610><U+2610>,Blythe,92225,BB Travel Center ( 76 ),760-922-5109,2008,Blythe,CA,,( Mesa Dr ),I-10 Exit 232 ,Exit,232,False,,False,I-10,,None,,
Blythe ( 92225 ) BB Travel Center ( 76 ),760-922-5109 I-10 Exit 232 ( Mesa Dr ),24 XL,Blythe,92225,BB Travel Center ( 76 ),760-922-5109,2014,Blythe,CA,,( Mesa Dr ),I-10 Exit 232 ,Exit,232,False,,False,I-10,,None,,
Blythe ( 92225 ) BB Travel Center ( 76 ),760-922-5109 I-10 Exit 232 ( Mesa Dr ),24 XL,Blythe,92225,BB Travel Center ( 76 ),760-922-5109,2015,Blythe,CA,,( Mesa Dr ),I-10 Exit 232 ,Exit,232,False,,False,I-10,,None,,
Blythe ( 92225 ) BB Travel Center ( 76 ),7 760-922-5109 I-10 Exit 232 ( Mesa Dr ),XL <U+25A1>,Blythe,92225,BB Travel Center ( 76 ),760-922-5109,2016,Blythe,CA,,( Mesa Dr ),I-10 Exit 232 ,Exit,232,False,,False,I-10,,None,,
"Cabazon , 92230 Cabazon Truck Stop ( Shell )",951-849-7083 I-10 Exit 106 ( Main St ),24 <U+25A1> <U+2610>,Cabazon,92230,Cabazon Truck Stop ( Shell ),951-849-7083,2006,Cabazon,CA,Shell,( Main St ),I-10 Exit 106 ,Exit,106,False,,False,I-10,,None,,
"Cabazon , 92230 Cabazon Truck Stop ( Shell )",951-849-7083 I-10 Exit 106 ( Main St ),24 L400 <U+25A1>,Cabazon,92230,Cabazon Truck Stop ( Shell ),951-849-7083,2007,Cabazon,CA,Shell,( Main St ),I-10 Exit 106 ,Exit,106,False,,False,I-10,,None,,
"Cabazon , 92230 Cabazon Truck Stop ( Shell )",5 / 951-849-7083 I-10 Exit 106 ( Main St ),24 M 00,Cabazon,92230,Cabazon Truck Stop ( Shell ),951-849-7083,2008,Cabazon,CA,Shell,( Main St ),I-10 Exit 106 ,Exit,106,False,,False,I-10,,None,,
Cabazon ( 92230 ) Cabazon Truck Stop ( Shell ),5 951-849-7083 I-10 Exit 106 ( Main St ),S <U+2610>,Cabazon,92230,Cabazon Truck Stop ( Shell ),951-849-7083,2014,Cabazon,CA,Shell,( Main St ),I-10 Exit 106 ,Exit,106,False,,False,I-10,,None,,
Cabazon ( 92230 ) Cabazon Truck Stop ( Shell ) ),951-849-7083 I-10 Exit 106 ( Main St ),<U+2610> S <U+25A1>,Cabazon,92230,Cabazon Truck Stop ( Shell ) ),951-849-7083,2015,Cabazon,CA,Shell,( Main St ),I-10 Exit 106 ,Exit,106,False,,False,I-10,,None,,
Cabazon ( 92230 ) Cabazon Truck Stop ( Shell ),5 951-849-7083 I-10 Exit 106 ( Main St ),L S,Cabazon,92230,Cabazon Truck Stop ( Shell ),951-849-7083,2016,Cabazon,CA,Shell,( Main St ),I-10 Exit 106 ,Exit,106,False,,False,I-10,,None,,
"Coachella , 92236 TravelCenters of America ( Arco )",760-342-6200 I-10 Exit 146 ( Dillon Rd ) TA,24 HRS XLO O,Coachella,92236,TravelCenters of America ( Arco ),760-342-6200,2006,Coachella,CA,TravelCenters,( Dillon Rd ) TA,I-10 Exit 146 ,Exit,146,False,,False,I-10,,None,,
"Coachella , 92236 TravelCenters of America ( Arco )",760-342-6200 I-10 Exit 146 ( Dillon Rd ) TA,HRS 24 XL HRS 24,Coachella,92236,TravelCenters of America ( Arco ),760-342-6200,2007,Coachella,CA,TravelCenters,( Dillon Rd ) TA,I-10 Exit 146 ,Exit,146,False,,False,I-10,,None,,
"Coachella , 92236 TravelCenters of America ( Arco )",6 760-342-6200 I-10 Exit 146 ( Dillon Rd ) TA,24 HRS XL 24,Coachella,92236,TravelCenters of America ( Arco ),760-342-6200,2008,Coachella,CA,TravelCenters,( Dillon Rd ) TA,I-10 Exit 146 ,Exit,146,False,,False,I-10,,None,,
Coachella ( 92236 ) TA Coachella # 041 ( Shell ),6 760-342-6200 I-10 Exit 146 ( Dillon Rd ),AXL,Coachella,92236,TA Coachella # 041 ( Shell ),760-342-6200,2014,Coachella,CA,Shell,( Dillon Rd ),I-10 Exit 146 ,Exit,146,False,,False,I-10,,None,,
Coachella ( 92236 ) TA Coachella # 041 ( Shell ),6 760-342-6200 I-10 Exit 146 ( Dillon Rd ) ZA,ZA 24XL <U+25A1> <U+25A1>,Coachella,92236,TA Coachella # 041 ( Shell ),760-342-6200,2015,Coachella,CA,Shell,( Dillon Rd ) ZA,I-10 Exit 146 ,Exit,146,False,,False,I-10,,None,,
Coachella ( 92236 ) TA Coachella # 041 ( Shell ),6 760-342-6200 I-10 Exit 146 ( Dillon Rd ),XL 24,Coachella,92236,TA Coachella # 041 ( Shell ),760-342-6200,2016,Coachella,CA,Shell,( Dillon Rd ),I-10 Exit 146 ,Exit,146,False,,False,I-10,,None,,
"Coachella , 92236 Love's Travel Stop # 207",760-775-3401 I-10 Exit 146 ( Dillon Rd ),,Coachella,92236,Love's Travel Stop # 207,760-775-3401,2006,Coachella,CA,Love's,( Dillon Rd ),I-10 Exit 146 ,Exit,146,False,,False,I-10,,None,,
"Coachella , 92236 Love's Travel Stop # 207",760-775-3401 I-10 Exit 146 ( Dillon Rd ),24 <U+2610> XL,Coachella,92236,Love's Travel Stop # 207,760-775-3401,2007,Coachella,CA,Love's,( Dillon Rd ),I-10 Exit 146 ,Exit,146,False,,False,I-10,,None,,
"Coachella , 92236 Love's Travel Stop # 207",6 760-775-3401 I-10 Exit 146 ( Dillon Rd ),24 HRS XL <U+2610>,Coachella,92236,Love's Travel Stop # 207,760-775-3401,2008,Coachella,CA,Love's,( Dillon Rd ),I-10 Exit 146 ,Exit,146,False,,False,I-10,,None,,
Coachella ( 92236 ) Love's Travel Stop # 207,6 760-775-3401 I-10 Exit 146 ( Dillon Rd ),24 MO <U+2610> <U+2610>,Coachella,92236,Love's Travel Stop # 207,760-775-3401,2014,Coachella,CA,Love's,( Dillon Rd ),I-10 Exit 146 ,Exit,146,False,,False,I-10,,None,,
Coachella ( 92236 ) Love's Travel Stop # 207,6 760-775-3401 I-10 Exit 146 ( Dillon Rd ),PRO 24 M,Coachella,92236,Love's Travel Stop # 207,760-775-3401,2015,Coachella,CA,Love's,( Dillon Rd ),I-10 Exit 146 ,Exit,146,False,,False,I-10,,None,,
Coachella ( 92236 ) Love's Travel Stop # 207,760-775-3401 I-10 Exit 146 ( Dillon Rd ),24 <U+25A1> LO 24,Coachella,92236,Love's Travel Stop # 207,760-775-3401,2016,Coachella,CA,Love's,( Dillon Rd ),I-10 Exit 146 ,Exit,146,False,,False,I-10,,None,,
"EI Centro , 92243 Imperial 8 Travel Center ( Mobil )",760-352-0044 I-8 Exit 115 ( CA 86 S ),XL 00,Centro,92243,Imperial 8 Travel Center ( Mobil ),760-352-0044,2006,El Centro,CA,Mobil,( CA 86 S ),I-8 Exit 115 ,Exit,115,False,,False,I-8,,None,,
"EI Centro , 92243 On The Go Travel Center ( Mobil )",760-352-0044 I-8 Exit 115 ( CA 86 S ),24,Centro,92243,On The Go Travel Center ( Mobil ),760-352-0044,2007,El Centro,CA,Mobil,( CA 86 S ),I-8 Exit 115 ,Exit,115,False,,False,I-8,,None,,
"El Centro , 92243 On The Go Travel Center ( Mobil )",6 760-352-0044 I-8 Exit 115 ( CA 86 S ),24 HRS XL,El Centro,92243,On The Go Travel Center ( Mobil ),760-352-0044,2008,El Centro,CA,Mobil,( CA 86 S ),I-8 Exit 115 ,Exit,115,False,,False,I-8,,None,,
J El Centro ( 92243 ) Super Stop Travel Center ( Mobil ),6 760-352-0044 I-8 Exit 115 ( CA 86 S - W on Wake ),24 XL,El Centro,92243,Super Stop Travel Center ( Mobil ),760-352-0044,2014,El Centro,CA,Mobil,( CA 86 S - W on Wake ),I-8 Exit 115 ,Exit,115,False,,False,I-8,,None,,
EI Centro ( 92243 ) Super Stop Travel Center ( Mobil ),6 760-352-0044 I-8 Exit 115 ( CA 86 S - W on Wake ),38 24 XL,Centro,92243,Super Stop Travel Center ( Mobil ),760-352-0044,2015,El Centro,CA,Mobil,( CA 86 S - W on Wake ),I-8 Exit 115 ,Exit,115,False,,False,I-8,,None,,
EI Centro ( 92243 ) Super Stop Travel Center ( Mobil ),760-352-0044 I-8 Exit 115 ( CA 86 S - W on Wake ),24 XL,Centro,92243,Super Stop Travel Center ( Mobil ),760-352-0044,2016,El Centro,CA,Mobil,( CA 86 S - W on Wake ),I-8 Exit 115 ,Exit,115,False,,False,I-8,,None,,
"Mecca , 92254 Arco Travel Center",6 760-396-5243 90480-66th Ave ( betw CA 86 & CA 111 ),),Mecca,92254,Arco Travel Center,760-396-5243,2006,Mecca,CA,,( betw CA 86 & CA 111 ),90480-66th Ave,empty,,False,,False,66th Ave,,None,,
"Mecca , 92254 Mecca Travel Center ( Arco )",6 760-396-5243 90480 66th Ave ( betw CA 86 & CA 111 ),) 24 RS M,Mecca,92254,Mecca Travel Center ( Arco ),760-396-5243,2007,Mecca,CA,,( betw CA 86 & CA 111 ),90480 66th Ave,Proper,,False,,False,66th Ave,,None,,
"Mecca , 92254 Mecca Travel Center ( Arco )",6 760-396-5243 90480 66th Ave ( betw CA 86 & CA 111 ),) 1015 24 M,Mecca,92254,Mecca Travel Center ( Arco ),760-396-5243,2008,Mecca,CA,,( betw CA 86 & CA 111 ),90480 66th Ave,Proper,,False,,False,66th Ave,,None,,
Mecca ( 92254 ) Mecca Travel Center ( Arco ),6 760-396-5243 90480-66th Ave ( betw CA 86 & CA 111 ),111 ) 24,Mecca,92254,Mecca Travel Center ( Arco ),760-396-5243,2014,Mecca,CA,,( betw CA 86 & CA 111 ),90480-66th Ave,empty,,False,,False,66th Ave,,None,,
Mecca ( 92254 ) Mecca Travel Center ( Arco ),760-396-5243 90480-66th Ave ( betw CA 86 & CA 111 ),111 ) 24 24,Mecca,92254,Mecca Travel Center ( Arco ),760-396-5243,2015,Mecca,CA,,( betw CA 86 & CA 111 ),90480-66th Ave,empty,,False,,False,66th Ave,,None,,
Mecca ( 92254 ) Mecca Travel Center ( Arco ),760-396-5243 90480-66th Ave ( betw CA 86 & CA 111 ),) 24 24 024,Mecca,92254,Mecca Travel Center ( Arco ),760-396-5243,2016,Mecca,CA,,( betw CA 86 & CA 111 ),90480-66th Ave,empty,,False,,False,66th Ave,,None,,
"Palm Springs ( N ) , 92258 Pilot Travel Center # 307",6 760-329-5562 I-10 Exit 120 ( Indian Ave ),24 HRS M <U+2610>,Palm Springs,92258,Pilot Travel Center # 307,760-329-5562,2006,North Palm Springs,CA,Pilot,( Indian Ave ),I-10 Exit 120 ,Exit,120,False,,False,I-10,,None,,
"Palm Sprgs ( N ) , 92258 Pilot Travel Center",760-329-5562 I-10 Exit 120 ( Indian # 307,HRS 24 MO,Palm Sprgs,92258,Pilot Travel Center,760-329-5562,2007,North Palm Springs,CA,Pilot,( Indian # 307,I-10 Exit 120 ,Exit,120,False,,False,I-10,,None,,
"Palm Springs ( N ) , 92258 Pilot Travel Center # 307",760-329-5562 I-10 Exit 120 ( Indian Ave ),24 M,Palm Springs,92258,Pilot Travel Center # 307,760-329-5562,2008,North Palm Springs,CA,Pilot,( Indian Ave ),I-10 Exit 120 ,Exit,120,False,,False,I-10,,None,,
Palm Springs ( North ) ( 92258 ) Pilot Travel Center # 307 ),6 760-329-5562 I-10 Exit 120 ( Indian Ave ) plat,plat 24 <U+2610> M <U+2610> O,Palm Springs,92258,Pilot Travel Center # 307 ),760-329-5562,2014,North Palm Springs,CA,Pilot,( Indian Ave ) plat,I-10 Exit 120 ,Exit,120,False,,False,I-10,,None,,
Palm Springs ( N ) ( 92258 ) Pilot Travel Center # 307,760-329-5562 I-10 Exit 120 ( Indian Ave ),Plat 24 M <U+2610> <U+2610> <U+2610> <U+2610>,Palm Springs,92258,Pilot Travel Center # 307,760-329-5562,2015,North Palm Springs,CA,Pilot,( Indian Ave ),I-10 Exit 120 ,Exit,120,False,,False,I-10,,None,,
Palm Springs ( N ) ( 92258 ) Pilot Travel Center # 307 on Del Norte ),760-329-5562 I-10 Exit 120 ( Indian Ave ),Plot 24 MO 0240 <U+2610>,Palm Springs,92258,Pilot Travel Center # 307 on Del Norte ),760-329-5562,2016,North Palm Springs,CA,Pilot,( Indian Ave ),I-10 Exit 120 ,Exit,120,False,,False,I-10,,None,,
"Thousand Palms , 92276 Flying J Fuel Stop # 0500020",6 760-343-1500 I-10 Exit 130 ( Ramon Rd ),L <U+2610> <U+2610>,Thousand Palms,92276,Flying J Fuel Stop # 0500020,760-343-1500,2006,Thousand Palms,CA,Flying J,( Ramon Rd ),I-10 Exit 130 ,Exit,130,False,,False,I-10,,None,,
"Thousand Palms , 92276 Flying J Fuel Stop # 0500020",6 760-343-1500 I-10 Exit 130 ( Ramon Rd ),0,Thousand Palms,92276,Flying J Fuel Stop # 0500020,760-343-1500,2007,Thousand Palms,CA,Flying J,( Ramon Rd ),I-10 Exit 130 ,Exit,130,False,,False,I-10,,None,,
"Thousand Palms , 92276 Flying J Fuel Stop # 0500020 SP",6 760-343-1500 I-10 Exit 130 ( Ramon Rd ),SP 24 <U+2610> <U+2610> <U+2610> <U+2610>,Thousand Palms,92276,Flying J Fuel Stop # 0500020 SP,760-343-1500,2008,Thousand Palms,CA,Flying J,( Ramon Rd ),I-10 Exit 130 ,Exit,130,False,,False,I-10,,None,,
Thousand Palms ( 92276 ) Flying J Travel Plaza # 765 ( Chevron Blvd ) ),760-343-1500 I-10 Exit 130 ( Bob Hope N to,E ) <U+25A1>,Thousand Palms,92276,Flying J Travel Plaza # 765 ( Chevron Blvd ) ),760-343-1500,2014,Thousand Palms,CA,Flying J,( Bob Hope N to,I-10 Exit 130 ,Exit,130,False,,False,I-10,,None,,
Thousand Palms ( 92276 ) Flying J Travel ( E on Tehachapi Blvd ),760-343-1500 I-10 Exit 130 ( Plaza # 765 ( Chevron ),24 L,Thousand Palms,92276,Flying J Travel ( E on Tehachapi Blvd ),760-343-1500,2015,Thousand Palms,CA,Flying J,( Plaza # 765 ( Chevron ),I-10 Exit 130 ,Exit,130,False,,False,I-10,,None,,
Thousand Palms ( 92276 ) Flying J Travel Plaza # 765 Blvd ) FLYING,760-343-1500 I-10 Exit 130 (,FLYING J 24 LO D,Thousand Palms,92276,Flying J Travel Plaza # 765 Blvd ) FLYING,760-343-1500,2016,Thousand Palms,CA,Flying J,(,I-10 Exit 130 ,Exit,130,False,,False,I-10,,None,,
"Baker , 92309 Rasor Road Services",760-733-4347 I-15 Exit 233 ( Rasor Rd ),FRS M,Baker,92309,Rasor Road Services,760-733-4347,2006,Baker,CA,,( Rasor Rd ),I-15 Exit 233 ,Exit,233,False,,False,I-15,,None,,
"Baker , 92309 Rasor Road Services )",6 760-733-4347 I-15 Exit 233 ( Rasor Rd ),24 HRS 485 M,Baker,92309,Rasor Road Services ),760-733-4347,2007,Baker,CA,,( Rasor Rd ),I-15 Exit 233 ,Exit,233,False,,False,I-15,,None,,
"Baker , 92309 Rasor Road Services",6 760-733-4347 I-15 Exit 233 ( Rasor Rd ),HRS 24 M <U+2610> <U+2610>,Baker,92309,Rasor Road Services,760-733-4347,2008,Baker,CA,,( Rasor Rd ),I-15 Exit 233 ,Exit,233,False,,False,I-15,,None,,
Baker ( 92309 ) Rasor Road Services ( Shell ),760-733-4347 I-15 Exit 233 ( Rasor Rd ),24 M <U+2610> <U+25A1>,Baker,92309,Rasor Road Services ( Shell ),760-733-4347,2014,Baker,CA,Shell,( Rasor Rd ),I-15 Exit 233 ,Exit,233,False,,False,I-15,,None,,
Baker ( 92309 ) Rasor Road Services W ( Shell ) ),760-733-4347 I-15 Exit 233 ( Rasor Rd ),24 M <U+25A1> O,Baker,92309,Rasor Road Services W ( Shell ) ),760-733-4347,2015,Baker,CA,Shell,( Rasor Rd ),I-15 Exit 233 ,Exit,233,False,,False,I-15,,None,,
Baker ( 92309 ) Rasor Road Services ( Shell ),760-733-4347 I-15 Exit 233 ( Rasor Rd ),124 M 13 <U+2610> <U+2610>,Baker,92309,Rasor Road Services ( Shell ),760-733-4347,2016,Baker,CA,Shell,( Rasor Rd ),I-15 Exit 233 ,Exit,233,False,,False,I-15,,None,,
"Baker , 92309 Bandit Valero",760-733-4542 I-15 Exit 245 ( Baker Blvd N ),,Baker,92309,Bandit Valero,760-733-4542,2006,Baker,CA,Valero,( Baker Blvd N ),I-15 Exit 245 ,Exit,245,False,,False,I-15,,None,,
"Baker , 92309 Bandit Valero",6 760-733-4542 I-15 Exit 245 ( Baker Blvd N ),24 HRS 48 M DOO,Baker,92309,Bandit Valero,760-733-4542,2007,Baker,CA,Valero,( Baker Blvd N ),I-15 Exit 245 ,Exit,245,False,,False,I-15,,None,,
"Baker , 92309 Bandit Valero",6 760-733-4542 I-15 Exit 245 ( Baker Blvd N ),24 M. <U+2610> <U+25A1> <U+25A1>,Baker,92309,Bandit Valero,760-733-4542,2008,Baker,CA,Valero,( Baker Blvd N ),I-15 Exit 245 ,Exit,245,False,,False,I-15,,None,,
H Baker ( 92309 ) Bandit Valero,760-733-4542 I-15 Exit 246 ( Baker Blvd S ),24 M D D,Baker,92309,Bandit Valero,760-733-4542,2014,Baker,CA,Valero,( Baker Blvd S ),I-15 Exit 246 ,Exit,246,False,,False,I-15,,None,,
Baker ( 92309 ) Baker Shell,6 760-733-4542 I-15 Exit 246 ( Baker Blvd S ) 2019,2019 24 M <U+2610>,Baker,92309,Baker Shell,760-733-4542,2015,Baker,CA,Shell,( Baker Blvd S ) 2019,I-15 Exit 246 ,Exit,246,False,,False,I-15,,None,,
Baker ( 92309 ) Baker Shell,6 760-733-4542 I-15 Exit 246 ( Baker Blvd S ),24 M <U+25A1>,Baker,92309,Baker Shell,760-733-4542,2016,Baker,CA,Shell,( Baker Blvd S ),I-15 Exit 246 ,Exit,246,False,,False,I-15,,None,,
"Barstow , 92311 Flying J Travel Plaza # 0500090",760-253-7043 I-15 Exit 178 ( Lenwood Rd SE ),24 XL 2400,Barstow,92311,Flying J Travel Plaza # 0500090,760-253-7043,2006,Barstow,CA,Flying J,( Lenwood Rd SE ),I-15 Exit 178 ,Exit,178,False,,False,I-15,,None,,
"Barstow , 92311 Flying J Travel Plaza # 0500090",760-253-7043 I-15 Exit 178 ( Lenwood Rd SE ) A,4 XL 44,Barstow,92311,Flying J Travel Plaza # 0500090,760-253-7043,2007,Barstow,CA,Flying J,( Lenwood Rd SE ) A,I-15 Exit 178 ,Exit,178,False,,False,I-15,,None,,
"Barstow , 92311 Flying J Travel Plaza # 0500090",51760-253-7043 I-15 Exit 178 ( Lenwood Rd SE ) #,# 124 HRS X 24,Barstow,92311,Flying J Travel Plaza # 0500090,760-253-7043,2008,Barstow,CA,Flying J,( Lenwood Rd SE ) #,I-15 Exit 178 ,Exit,178,False,,False,I-15,,None,,
Barstow ( 92311 ) Flying J Travel Plaza # 614 ),760-253-7043 I-15 Exit 178 ( Lenwood Rd SE ),XL 24,Barstow,92311,Flying J Travel Plaza # 614 ),760-253-7043,2014,Barstow,CA,Flying J,( Lenwood Rd SE ),I-15 Exit 178 ,Exit,178,False,,False,I-15,,None,,
Barstow ( 92311 ) Flying J Travel Plaza # 614 Rd NW ),760-253-7043 I-15 Exit 178 ( Lenwood Rd ) FLYING J,FLYING J XL 24,Barstow,92311,Flying J Travel Plaza # 614 Rd NW ),760-253-7043,2015,Barstow,CA,Flying J,( Lenwood Rd ) FLYING J,I-15 Exit 178 ,Exit,178,False,,False,I-15,,None,,
Barstow ( 92311 ) Flying J Travel Plaza # 614,760-253-7043 I-15 Exit 178 ( Lenwood Rd SE ) FLYING J,J XL FORS 24,Barstow,92311,Flying J Travel Plaza # 614,760-253-7043,2016,Barstow,CA,Flying J,( Lenwood Rd SE ) FLYING J,I-15 Exit 178 ,Exit,178,False,,False,I-15,,None,,
"Barstow , 92312",760-253-2922 I-15 TravelCenters Exit 178 ( Lenwood of America Rd ( Shell NWA ),24 O,Barstow,92312,,760-253-2922,2006,Barstow,CA,,( Lenwood of America Rd ( Shell NWA ),I-15 TravelCenters Exit 178 ,Exit,178,False,,False,I-15,,None,,
"Barstow , 92312",760-253-2922 I TravelCenters - 15 Exit 178 ( Lenwood of America Rd ( Shell NW ) ) A,<U+25A0><U+25A0> XL 49,Barstow,92312,,760-253-2922,2007,Barstow,CA,,( Lenwood of America Rd ( Shell NW ) ) A,I TravelCenters - 15 Exit 178 ,Exit,178,False,,False,I TravelCenters,,None,,
"Barstow , 92312 TravelCenters of America ( Shell )",5 760-253-2922 I-15 Exit 178 ( Lenwood Rd NW ) TA,,Barstow,92312,TravelCenters of America ( Shell ),760-253-2922,2008,Barstow,CA,TravelCenters,( Lenwood Rd NW ) TA,I-15 Exit 178 ,Exit,178,False,,False,I-15,,None,,
H Barstow ( 92312 ) TA Barstow # 227 ( Shell ),5 760-253-2922 I-15 Exit 178 ( Lenwood Rd NW ),XL 24,Barstow,92312,TA Barstow # 227 ( Shell ),760-253-2922,2014,Barstow,CA,Shell,( Lenwood Rd NW ),I-15 Exit 178 ,Exit,178,False,,False,I-15,,None,,
Barstow ( 92312 ) TA Barstow # 227 ( Shell ) Rd NE ),5 760-253-2922 I-15 Exit 178 ( Lenwood Rd ZA,24 XL 24,Barstow,92312,TA Barstow # 227 ( Shell ) Rd NE ),760-253-2922,2015,Barstow,CA,Shell,( Lenwood Rd ZA,I-15 Exit 178 ,Exit,178,False,,False,I-15,,None,,
H Barstow ( 92312 ) TA Barstow # 227 ( Shell ),5 760-253-2922 I-15 Exit 178 ( Lenwood Rd NW ) A,A 24 XL 24,Barstow,92312,TA Barstow # 227 ( Shell ),760-253-2922,2016,Barstow,CA,Shell,( Lenwood Rd NW ) A,I-15 Exit 178 ,Exit,178,False,,False,I-15,,None,,
"Colton , 92324 Valley - Colton",7 909-824-1296 I-10 Exit 71 ( NW to 791 E Valley ),,Colton,92324,Valley - Colton,909-824-1296,2006,Colton,CA,,( NW to 791 E Valley ),I-10 Exit 71 ,Exit,71,False,,False,I-10,,None,,
"Colton , 92324 Valley - Colton",909-824-1296 I-10 Exit 71 ( NW to 791 E Valley ),,Colton,92324,Valley - Colton,909-824-1296,2007,Colton,CA,,( NW to 791 E Valley ),I-10 Exit 71 ,Exit,71,False,,False,I-10,,None,,
"Colton , 92324 Valley Colton",7 909-824-1296 I-10 Exit 71 ( Mt Vernon NW to E Valley ),) 24 HRS,Colton,92324,Valley Colton,909-824-1296,2008,Colton,CA,,( Mt Vernon NW to E Valley ),I-10 Exit 71 ,Exit,71,False,,False,I-10,,None,,
Colton ( 92324 ) Valley Colton Truck Stop,7 909-824-1296 I-10 Exit 71 ( Mt Vernon NW to E Valley ),) 24 S <U+2610> <U+2610> <U+2610>,Colton,92324,Valley Colton Truck Stop,909-824-1296,2014,Colton,CA,,( Mt Vernon NW to E Valley ),I-10 Exit 71 ,Exit,71,False,,False,I-10,,None,,
Colton ( 92324 ) Valley Colton Truck Stop,909-824-1296 I-10 Exit 71 ( Mt Vernon NW to E Valley ),"24 S $ """,Colton,92324,Valley Colton Truck Stop,909-824-1296,2015,Colton,CA,,( Mt Vernon NW to E Valley ),I-10 Exit 71 ,Exit,71,False,,False,I-10,,None,,
Colton ( 92324 ) Valley Colton Truck Stop,909-824-1296 I-10 Exit 71 ( Mt Vernon NW to E Valley ),) 24 SO <U+2610>,Colton,92324,Valley Colton Truck Stop,909-824-1296,2016,Colton,CA,,( Mt Vernon NW to E Valley ),I-10 Exit 71 ,Exit,71,False,,False,I-10,,None,,
"Colton , 92324 Beacon Truck Stop",7 909-825-5190 I-10 Exit 73 A ( Waterman South ),24 HRS,Colton,92324,Beacon Truck Stop,909-825-5190,2006,Colton,CA,,( Waterman South ),I-10 Exit 73 A ,Exit,73,False,,False,I-10,,None,,
"C Colton , 92324 Royal Truck Stop",909-825-5190 I-10 Exit 73 A ( Waterman South ),24 AS,Colton,92324,Royal Truck Stop,909-825-5190,2007,Colton,CA,,( Waterman South ),I-10 Exit 73 A ,Exit,73,False,,False,I-10,,None,,
"Colton , 92324 Royal Truck Stop",7 909-825-5190 I-10 Exit 73 A ( Waterman South ),24 HRS M <U+2610><U+2610>,Colton,92324,Royal Truck Stop,909-825-5190,2008,Colton,CA,,( Waterman South ),I-10 Exit 73 A ,Exit,73,False,,False,I-10,,None,,
C Colton ( 92324 ) Royal Truck Stop,7 909-825-5190 I-10 Exit 73 A ( Waterman South ),24 MOO,Colton,92324,Royal Truck Stop,909-825-5190,2014,Colton,CA,,( Waterman South ),I-10 Exit 73 A ,Exit,73,False,,False,I-10,,None,,
Colton ( 92324 ) Royal Truck Stop,7 909-825-5190 I-10 Exit 73 A ( Waterman South ),24 M Su <U+25A1>,Colton,92324,Royal Truck Stop,909-825-5190,2015,Colton,CA,,( Waterman South ),I-10 Exit 73 A ,Exit,73,False,,False,I-10,,None,,
Colton ( 92324 ) Royal Truck Stop,909-825-5190 I-10 Exit 73 A ( Waterman South ),24 M <U+2610>,Colton,92324,Royal Truck Stop,909-825-5190,2016,Colton,CA,,( Waterman South ),I-10 Exit 73 A ,Exit,73,False,,False,I-10,,None,,
"Fontana , 92335 Fontana Truck Stop Center ( Chevron )","909-357-1167 I-10 Exit 61 ( Cherry N , 1 blkWon Valley )",) HRS 24 SOOO,Fontana,92335,Fontana Truck Stop Center ( Chevron ),909-357-1167,2006,Fontana,CA,Chevron,"( Cherry N , 1 blkWon Valley )",I-10 Exit 61 ,Exit,61,False,,False,I-10,,None,,
"C Fontana , 92335 Fontana Truck Stop Center","909-357-1167 I-10 Exit 61 ( Cherry N , 1 blkWon Valley )",) HRS 24 HRS,Fontana,92335,Fontana Truck Stop Center,909-357-1167,2007,Fontana,CA,,"( Cherry N , 1 blkWon Valley )",I-10 Exit 61 ,Exit,61,False,,False,I-10,,None,,
"Fontana , 92335 Fontana Truck Stop","909-357-1167 I-10 Exit 61 ( N , 1 blk W on Valley )",24 HRS S 24 m,Fontana,92335,Fontana Truck Stop,909-357-1167,2008,Fontana,CA,,"( N , 1 blk W on Valley )",I-10 Exit 61 ,Exit,61,False,,False,I-10,,None,,
Fontana ( 92335 ) Fontana Truck Stop,"7 909-357-1167 I-10 Exit 61 ( N , 1 blk W on Valley )",24 m S O <U+25A1>,Fontana,92335,Fontana Truck Stop,909-357-1167,2014,Fontana,CA,,"( N , 1 blk W on Valley )",I-10 Exit 61 ,Exit,61,False,,False,I-10,,None,,
Fontana ( 92335 ) Fontana I-10 Exit Truck 61 ( Cherry Stop S to 14416 Slover ),909-357-1167 I-10 Exit 61 (,24 S <U+25A1> <U+2610>,Fontana,92335,Fontana I-10 Exit Truck 61 ( Cherry Stop S to 14416 Slover ),909-357-1167,2015,Fontana,CA,,(,I-10 Exit 61 ,Exit,61,False,,False,I-10,,None,,
Fontana ( 92335 ) Fontana I-10 Exit Truck 61 ( Cherry Stop S to 14416 Slover ),"909-357-1167 I-10 Exit 61 ( N , 1",24 XL S,Fontana,92335,Fontana I-10 Exit Truck 61 ( Cherry Stop S to 14416 Slover ),909-357-1167,2016,Fontana,CA,,"( N , 1",I-10 Exit 61 ,Exit,61,False,,False,I-10,,None,,
"Fontana , 92335 EZ Truck Stop )",7 909-822-5599 I-10 Exit 63 ( Citrus N to 16111,FRS 24 000,Fontana,92335,EZ Truck Stop ),909-822-5599,2006,Fontana,CA,,( Citrus N to 16111,I-10 Exit 63 ,Exit,63,False,,False,I-10,,None,,
"Fontana , 92335 EZ Truck Stop",909-822-5599 I-10 Exit 63 ( Citrus N to 16111 Valley ),) 24 000,Fontana,92335,EZ Truck Stop,909-822-5599,2007,Fontana,CA,,( Citrus N to 16111 Valley ),I-10 Exit 63 ,Exit,63,False,,False,I-10,,None,,
"Fontana , 92335 EZ Truck Stop",909-822-5599 I-10 Exit 63 ( Citrus N to 16111 Valley ),24 HRS <U+2610> <U+25A1> <U+25A1>,Fontana,92335,EZ Truck Stop,909-822-5599,2008,Fontana,CA,,( Citrus N to 16111 Valley ),I-10 Exit 63 ,Exit,63,False,,False,I-10,,None,,
C Fontana ( 92335 ) 76 Truck Stop,7 909-822-5599 I-10 Exit 63 ( Citrus N to 16111 Valley ),24 D <U+25A1>,Fontana,92335,76 Truck Stop,909-822-5599,2014,Fontana,CA,,( Citrus N to 16111 Valley ),I-10 Exit 63 ,Exit,63,False,,False,I-10,,None,,
"Fontana ( 92335 ) 76 Truck Stop 61 ( N , 1 blk W on Valley )",909-822-5599 I-10 Exit 63 (,24 E D DO,Fontana,92335,"76 Truck Stop 61 ( N , 1 blk W on Valley )",909-822-5599,2015,Fontana,CA,,(,I-10 Exit 63 ,Exit,63,False,,False,I-10,,None,,
"Fontana ( 92335 ) 76 Truck Stop ( N , 1 blk W on Valley )",909-822-5599 I-10 Exit 63 ( Citrus N to,24,Fontana,92335,"76 Truck Stop ( N , 1 blk W on Valley )",909-822-5599,2016,Fontana,CA,,( Citrus N to,I-10 Exit 63 ,Exit,63,False,,False,I-10,,None,,
"C Fontana , 92337 North American Truck Stop )",909-350-3310 I-10 Exit 61 ( Cherry S to 14320 ),) 24 L $ 000,Fontana,92337,North American Truck Stop ),909-350-3310,2006,Fontana,CA,,( Cherry S to 14320 ),I-10 Exit 61 ,Exit,61,False,,False,I-10,,None,,
"Fontana , 92337 North American Truck Stop",909-350-3310 I-10 Exit 61 ( Cherry S to 14320 Slover ),HRS 24 HRS,Fontana,92337,North American Truck Stop,909-350-3310,2007,Fontana,CA,,( Cherry S to 14320 Slover ),I-10 Exit 61 ,Exit,61,False,,False,I-10,,None,,
"Fontana , 92337 North American Truck Stop",909-350-3310 I-10 Exit 61 ( Cherry S to 14320 Slover ),24 HRS <U+2610> <U+2610>,Fontana,92337,North American Truck Stop,909-350-3310,2008,Fontana,CA,,( Cherry S to 14320 Slover ),I-10 Exit 61 ,Exit,61,False,,False,I-10,,None,,
C Fontana ( 92337 ) North American Truck Stop,909-350-3310 I-10 Exit 61 ( Cherry S to 14320 Slover ),) 24 32 XL $ D D,Fontana,92337,North American Truck Stop,909-350-3310,2014,Fontana,CA,,( Cherry S to 14320 Slover ),I-10 Exit 61 ,Exit,61,False,,False,I-10,,None,,
Fontana ( 92337 ) North Exit American 61 ( Cherry Truck 3/4 Stop mi N ),7 909-350-3310 I-10 Exit 61 (,24 XL <U+25A1>,Fontana,92337,North Exit American 61 ( Cherry Truck 3/4 Stop mi N ),909-350-3310,2015,Fontana,CA,,(,I-10 Exit 61 ,Exit,61,False,,False,I-10,,None,,
Fontana ( 92337 ) North American Truck Stop,909-350-3310 I-10 Exit 61 ( Cherry S to 14320 Slover ),24 <U+2610> X = <U+2610>,Fontana,92337,North American Truck Stop,909-350-3310,2016,Fontana,CA,,( Cherry S to 14320 Slover ),I-10 Exit 61 ,Exit,61,False,,False,I-10,,None,,
"Fontana , 92337 Three Sisters Truck Stop )",909-822-4415 I-10 Exit 61 ( Cherry S to 14416 ),) 24,Fontana,92337,Three Sisters Truck Stop ),909-822-4415,2006,Fontana,CA,,( Cherry S to 14416 ),I-10 Exit 61 ,Exit,61,False,,False,I-10,,None,,
"Fontana , 92337 Three Sisters Truck Stop",909-822-4415 I-10 Exit 61 ( Cherry S to 14416 Slover ),HRS 24 M,Fontana,92337,Three Sisters Truck Stop,909-822-4415,2007,Fontana,CA,,( Cherry S to 14416 Slover ),I-10 Exit 61 ,Exit,61,False,,False,I-10,,None,,
"Fontana , 92337 Three Sisters Truck Stop ( BP )",7 909-822-4415 I-10 Exit 61 ( Cherry S to 14416 Slover ),24 HRS M,Fontana,92337,Three Sisters Truck Stop ( BP ),909-822-4415,2008,Fontana,CA,BP,( Cherry S to 14416 Slover ),I-10 Exit 61 ,Exit,61,False,,False,I-10,,None,,
C Fontana ( 92337 ) Three Sisters Truck Stop,7 909-822-4415 I-10 Exit 61 ( Cherry S to 14416 Slover ),24 3 D <U+25A1>,Fontana,92337,Three Sisters Truck Stop,909-822-4415,2014,Fontana,CA,,( Cherry S to 14416 Slover ),I-10 Exit 61 ,Exit,61,False,,False,I-10,,None,,
Fontana ( 92337 ) Three I-10 Exit Sisters 61 ( Cherry S to 14320 Slover ),909-822-4415 I-10 Exit Truck Stop,24 M <U+25A1> <U+25A1> <U+2610>,Fontana,92337,Three I-10 Exit Sisters 61 ( Cherry S to 14320 Slover ),909-822-4415,2015,Fontana,CA,,,I-10 Exit Truck Stop,Exit,,False,,False,I-10,,None,,
Fontana ( 92337 ) Three Sisters Truck Stop,909-822-4415 I-10 Exit 61 ( S,124 XL INT,Fontana,92337,Three Sisters Truck Stop,909-822-4415,2016,Fontana,CA,,( S,I-10 Exit 61 ,Exit,61,False,,False,I-10,,None,,
"Hesperia , 92345 Pilot Travel Center # 381",760-956-2844 I-15 Exit 141 ( US 395 N ),24 XL S <U+2610>,Hesperia,92345,Pilot Travel Center # 381,760-956-2844,2006,Hesperia,CA,Pilot,( US 395 N ),I-15 Exit 141 ,Exit,141,False,,False,I-15,,None,,
"Hesperia , 92345 Pilot Travel Center # 381",760-956-2844 I-15 Exit 141 ( US 395 N ),24 XL,Hesperia,92345,Pilot Travel Center # 381,760-956-2844,2007,Hesperia,CA,Pilot,( US 395 N ),I-15 Exit 141 ,Exit,141,False,,False,I-15,,None,,
"Hesperia , 92345 Pilot Travel 25 Center ( Industrial # 381 Pkwy W )",5 760-956-2844 I-15 Exit 141 ( US 395 N 24,24 XL,Hesperia,92345,Pilot Travel 25 Center ( Industrial # 381 Pkwy W ),760-956-2844,2008,Hesperia,CA,Pilot,( US 395 N 24,I-15 Exit 141 ,Exit,141,False,,False,I-15,,None,,
Hesperia ( 92345 ) Pilot Travel Center # 381,760-956-2844 I-15 Exit 141 ( US 395 N ),Pilot 24 XL,Hesperia,92345,Pilot Travel Center # 381,760-956-2844,2014,Hesperia,CA,Pilot,( US 395 N ),I-15 Exit 141 ,Exit,141,False,,False,I-15,,None,,
Hesperia ( 92345 ) Pilot Travel Center # 381 on Indust 2 Ruus ),760-956-2844 I-15 Exit 141 ( US 395 N ) Plot,24 XL,Hesperia,92345,Pilot Travel Center # 381 on Indust 2 Ruus ),760-956-2844,2015,Hesperia,CA,Pilot,( US 395 N ) Plot,I-15 Exit 141 ,Exit,141,False,,False,I-15,,None,,
H Hesperia ( 92345 ) Pilot Travel Center # 381 ( E on Indust 2 Ruus ),5 760-956-2844 I-15 Exit 141 ( US 395 N ) Pilat,) 24 XL 24,Hesperia,92345,Pilot Travel Center # 381 ( E on Indust 2 Ruus ),760-956-2844,2016,Hesperia,CA,Pilot,( US 395 N ) Pilat,I-15 Exit 141 ,Exit,141,False,,False,I-15,,None,,
"Needles , 92363 Westside Chevron",760-326-3048 I-40 Exit 141 ( W Broadway ),<U+2610>,Needles,92363,Westside Chevron,760-326-3048,2006,Needles,CA,Chevron,( W Broadway ),I-40 Exit 141 ,Exit,141,False,,False,I-40,,None,,
"Needles , 92363 Westside Chevron , 1/2 mi W )",760-326-3048 I-40 Exit 141 ( W,24 D,Needles Westside Chevron,92363,"Westside Chevron , 1/2 mi W )",760-326-3048,2007,Needles,CA,Chevron,( W,I-40 Exit 141 ,Exit,141,False,,False,I-40,,None,,
"Needles , 92363 Westside Chevron",7 760-326-3048 I-40 Exit 141 ( W Broadway ) .,24 <U+25A1> <U+25A1> <U+2610> <U+2610>,Needles,92363,Westside Chevron,760-326-3048,2008,Needles,CA,Chevron,( W Broadway ) .,I-40 Exit 141 ,Exit,141,False,,False,I-40,,None,,
Needles ( 92363 ) Westside Chevron mi W ),7 760-326-3048 I-40 Exit 141 ( W Broadway ),24 <U+25A1>,Needles,92363,Westside Chevron mi W ),760-326-3048,2014,Needles,CA,Chevron,( W Broadway ),I-40 Exit 141 ,Exit,141,False,,False,I-40,,None,,
"Needles ( 92363 ) Westside Chevron Marina Dr , 1/2 mi W )",760-326-3048 I-40 Exit 141 ( W Broadway,24 D <U+25A1>,Needles,92363,"Westside Chevron Marina Dr , 1/2 mi W )",760-326-3048,2015,Needles,CA,Chevron,( W Broadway,I-40 Exit 141 ,Exit,141,False,,False,I-40,,None,,
"Needles ( 92363 ) Westside Chevron Dr , 1/2 mi W )",760-326-3048 I-40 Exit 141 ( W Broadway ),24 <U+25A1>,Needles,92363,"Westside Chevron Dr , 1/2 mi W )",760-326-3048,2016,Needles,CA,Chevron,( W Broadway ),I-40 Exit 141 ,Exit,141,False,,False,I-40,,None,,
"Rialto , 92376 I-10 Truck Stop",909-877-1171 I-10 Exit 68 ( N to 195 E Valley ),000,Rialto,92376,I-10 Truck Stop,909-877-1171,2006,Rialto,CA,,( N to 195 E Valley ),I-10 Exit 68 ,Exit,68,False,,False,I-10,,None,,
"Rialto , 92376 I-10 Truck Stop Mansa",909-877-1171 I-10 Exit 68 ( N to 195 E,HRS 24,Rialto,92376,I-10 Truck Stop Mansa,909-877-1171,2007,Rialto,CA,,( N to 195 E,I-10 Exit 68 ,Exit,68,False,,False,I-10,,None,,
"Rialto , 92376 I-10 Truck Stop Oregon Trail )",7 909-877-1171 I-10 Exit 68 ( N to,24 M 240 <U+2610> <U+2610> <U+2610><U+2610><U+2610>,Rialto,92376,I-10 Truck Stop Oregon Trail ),909-877-1171,2008,Rialto,CA,,( N to,I-10 Exit 68 ,Exit,68,False,,False,I-10,,None,,
Rialto ( 92376 ) I-10 Truck Stop ( Chevron ),7 909-877-1171 I-10 Exit 68 ( N to 195 E Valley ),24 <U+2610><U+2610> <U+2610>,Rialto,92376,I-10 Truck Stop ( Chevron ),909-877-1171,2014,Rialto,CA,Chevron,( N to 195 E Valley ),I-10 Exit 68 ,Exit,68,False,,False,I-10,,None,,
Rialto ( 92376 ) I-10 Truck Stop,7 909-877-1171 I-10 Exit 68 ( N to 195 E Valley ),24 MO<U+2610> <U+2610>,Rialto,92376,I-10 Truck Stop,909-877-1171,2015,Rialto,CA,,( N to 195 E Valley ),I-10 Exit 68 ,Exit,68,False,,False,I-10,,None,,
Rialto ( 92376 ) I-10 Truck Stop,909-877-1171 I-10 Exit 68 ( N to 195 E Valley ),3 . D,Rialto,92376,I-10 Truck Stop,909-877-1171,2016,Rialto,CA,,( N to 195 E Valley ),I-10 Exit 68 ,Exit,68,False,,False,I-10,,None,,
"Lakeview , 92567 Fuel",951-928-9788 Galaxy Ramona Expwy W & Lakeview Ave,000 <U+2610>,Lakeview,92567,Fuel,951-928-9788,2006,Nuevo,CA,,,Galaxy Ramona Expwy W & Lakeview Ave,empty,,False,,False,Galaxy Ramona,Lakeview Ave,None,,
"Lakeview , 92567 Galaxy Valero",951-928-9788 Ramona Expwy W & Lakeview Ave,<U+2610>,Lakeview,92567,Galaxy Valero,951-928-9788,2007,Nuevo,CA,Valero,,Ramona Expwy W & Lakeview Ave,empty,,False,,False,Ramona Expwy,Lakeview Ave,None,,
"Lakeview , 92567 Galaxy Valero 24",7 951-928-9788 Ramona Expwy W & Lakeview HRS,HRS 24,Lakeview,92567,Galaxy Valero 24,951-928-9788,2008,Nuevo,CA,Valero,,Ramona Expwy W & Lakeview HRS,empty,,False,,False,Ramona Expwy,Lakeview HRS,None,,
Lakeview ( 92567 ) Lakeview Valero,951-928-9788 Ramona Expwy W & Lakeview Ave,24 <U+2610> <U+2610>,Lakeview,92567,Lakeview Valero,951-928-9788,2014,Nuevo,CA,Valero,,Ramona Expwy W & Lakeview Ave,empty,,False,,False,Ramona Expwy,Lakeview Ave,None,,
Lakeview ( 92567 ) Lakeview Valero,7 951-928-9788 Ramona Expwy W & Lakeview Ave,24 <U+2610>,Lakeview,92567,Lakeview Valero,951-928-9788,2015,Nuevo,CA,Valero,,Ramona Expwy W & Lakeview Ave,empty,,False,,False,Ramona Expwy,Lakeview Ave,None,,
Lakeview ( 92567 ) Lakeview Valero,951-928-9788 Ramona Expwy W & Lakeview Ave,24 22 <U+2610><U+2610>,Lakeview,92567,Lakeview Valero,951-928-9788,2016,Nuevo,CA,Valero,,Ramona Expwy W & Lakeview Ave,empty,,False,,False,Ramona Expwy,Lakeview Ave,None,,
"Wheeler Ridge , 93203 TravelCenters of America Rd )",4 661-858-2804 I-5 Exit 219A ( Laval Rd ),24 HRS XL OO,Wheeler Ridge,93203,TravelCenters of America Rd ),661-858-2804,2006,Arvin,CA,TravelCenters,( Laval Rd ),I-5 Exit 219A ,Exit,219A,False,,False,I-5,,None,,
,"GWheeler 4661-858-2804 Ridge , 93203 Travexit I-5 219 A ( Laval Rd E E ) Ridge",A 24 HRS XLO,,93203,,661-858-2804,2007,Arvin,CA,,( Laval Rd E E ) Ridge,"Ridge, Travexit I-5 219 A",Exit,,False,,False,I-5,,None,,
"Wheeler Ridge , 93203 TA - Wheeler ( NE Ridge to ( McCracken Rd )",4 661-858-2804 I-5 Exit 219 A ( Chevron ) 24,24 L,Wheeler Ridge,93203,TA - Wheeler ( NE Ridge to ( McCracken Rd ),661-858-2804,2008,Arvin,CA,,( Chevron ) 24,I-5 Exit 219 A ,Exit,219,False,,False,I-5,,None,,
Wheeler Ridge ( 93203 ) TA Wheeler Ridge # 239 ( Shell ),4 661-858-2804 I-5 Exit 219 A ( Laval Rd E ),24 <U+25A1> XL,Wheeler Ridge,93203,TA Wheeler Ridge # 239 ( Shell ),661-858-2804,2014,Arvin,CA,Shell,( Laval Rd E ),I-5 Exit 219 A ,Exit,219,False,,False,I-5,,None,,
Wheeler Ridge ( 93203 ) TA Wheeler Ridge # 239 ( Shell ) Rd ),661-858-2804 I-5 Exit 219 A ( Laval,A 24 <U+25A1> XL <U+2610> <U+2610> <U+2610>,Wheeler Ridge,93203,TA Wheeler Ridge # 239 ( Shell ) Rd ),661-858-2804,2015,Arvin,CA,Shell,( Laval,I-5 Exit 219 A ,Exit,219,False,,False,I-5,,None,,
Wheeler Ridge ( 93203 ) TA Wheeler Ridge # 239 ( Shell ) ),661-858-2804 I-5 Exit 219 A ( Laval Rd E ) A,A 24 <U+2610> XL 24,Wheeler Ridge,93203,TA Wheeler Ridge # 239 ( Shell ) ),661-858-2804,2016,Arvin,CA,Shell,( Laval Rd E ) A,I-5 Exit 219 A ,Exit,219,False,,False,I-5,,None,,
"Buttonwillow , 93206 TravelCenters of America ( 76 )",661-764-5266 I-5 Exit 257 ( CA 58 ) TA,HRS 24 25 D,Buttonwillow,93206,TravelCenters of America ( 76 ),661-764-5266,2006,Buttonwillow,CA,TravelCenters,( CA 58 ) TA,I-5 Exit 257 ,Exit,257,False,,False,I-5,,None,,
"Buttonwillow , 93206 TravelCenters of America ( 76 )",661-764-5266 I-5 Exit 257 ( CA 58 E ) TA,XL,Buttonwillow,93206,TravelCenters of America ( 76 ),661-764-5266,2007,Buttonwillow,CA,TravelCenters,( CA 58 E ) TA,I-5 Exit 257 ,Exit,257,False,,False,I-5,,None,,
"Buttonwillow , 93206 TravelCenters of America ( 76 )",4 661-764-5266 I-5 Exit 257 ( CA 58 E ) TA,24 XL 24,Buttonwillow,93206,TravelCenters of America ( 76 ),661-764-5266,2008,Buttonwillow,CA,TravelCenters,( CA 58 E ) TA,I-5 Exit 257 ,Exit,257,False,,False,I-5,,None,,
G Buttonwillow ( 93206 ) TA Buttonwillow # 160,4 661-764-5266 I-5 Exit 257 ( CA 58 E ),24 XL,Buttonwillow,93206,TA Buttonwillow # 160,661-764-5266,2014,Buttonwillow,CA,,( CA 58 E ),I-5 Exit 257 ,Exit,257,False,,False,I-5,,None,,
G Buttonwillow ( 93206 ) TA Buttonwillow # 160,661-764-5266 I-5 Exit 257 ( CA,A24 XL,Buttonwillow,93206,TA Buttonwillow # 160,661-764-5266,2015,Buttonwillow,CA,,( CA,I-5 Exit 257 ,Exit,257,False,,False,I-5,,None,,
G Buttonwillow ( 93206 ) TA Buttonwillow # 160 ( Mobil ),4 661-764-5266 I-5 Exit 257 ( CA 58 E ) A,A XL,Buttonwillow,93206,TA Buttonwillow # 160 ( Mobil ),661-764-5266,2016,Buttonwillow,CA,Mobil,( CA 58 E ) A,I-5 Exit 257 ,Exit,257,False,,False,I-5,,None,,
"Delano , 93215 Akal Travel Plaza ( Shell )",661-725-5525 CA 99 Exit 61 NB / 60 SB,M,Delano,93215,Akal Travel Plaza ( Shell ),661-725-5525,2006,Delano,CA,Shell,,CA 99 Exit 61 NB / 60 SB,Exit,61,False,,False,CA 99,,60,,
"Delano , 93215 Akal Travel Plaza ( Shell )",661-725-5525 CA 99 Exit 60 SB ( Ave 16 ) / 61 NB ( Ave 24 ),24 M,Delano,93215,Akal Travel Plaza ( Shell ),661-725-5525,2007,Delano,CA,Shell,( Ave 16 ) / 61 NB ( Ave 24 ),CA 99 Exit 60 SB ,Exit,60,False,,False,CA 99,,None,,
"Delano , 93215 Akal Travel Plaza ( Shell )",4 661-725-5525 CA 99 - Exit 60 SB ( Ave 16 ) / 61 NB ( Ave 24 ),) HRS 24 M <U+2610> O,Delano,93215,Akal Travel Plaza ( Shell ),661-725-5525,2008,Delano,CA,Shell,( Ave 16 ) / 61 NB ( Ave 24 ),CA 99 - Exit 60 SB ,Exit,60,False,,False,CA 99,,None,,
G Delano ( 93215 ) Akal Travel Plaza ( Shell ),"4,661-725-5525 CA 99 Exit 61 NB ( Ave 24 ) / 60 SB ( Ave",Ave 16 ) 24 M,Delano,93215,Akal Travel Plaza ( Shell ),661-725-5525,2014,Delano,CA,Shell,( Ave 24 ) / 60 SB ( Ave,CA 99 Exit 61 NB ,Exit,61,False,,False,CA 99,,None,,
G Delano ( 93215 ) Akal Travel Plaza ( Shell ),4 661-725-5525 CA 99 Exit 61 NB ( Ave 24 ) / 60 SB ( Ave 16 ),16 ) 24 MO,Delano,93215,Akal Travel Plaza ( Shell ),661-725-5525,2015,Delano,CA,Shell,( Ave 24 ) / 60 SB ( Ave 16 ),CA 99 Exit 61 NB ,Exit,61,False,,False,CA 99,,None,,
Delano ( 93215 ) Akal Travel Plaza ( Shell ),661-725-5525 CA 99 Exit 61 NB ( Ave 24 ) / 60 SB ( Ave 16 ),16 ) FRS 24 MO,Delano,93215,Akal Travel Plaza ( Shell ),661-725-5525,2016,Delano,CA,Shell,( Ave 24 ) / 60 SB ( Ave 16 ),CA 99 Exit 61 NB ,Exit,61,False,,False,CA 99,,None,,
"Ducor , 93218 A & A Shell # 2",559-534-2500 Hwy 65 & 56th Ave ( 13 mi E of CA 99 ),24,Ducor,93218,A & A Shell # 2,559-534-2500,2006,Ducor,CA,Shell,( 13 mi E of CA 99 ),Hwy 65 & 56th Ave,empty,,False,,False,Hwy 65,56th Ave,None,,
"Ducor , 93218 A & A Shell # 2",559-534-2500 Hwy 65 & 56th Ave ( 13 mi E of CA 99 ),24 RS M,Ducor,93218,A & A Shell # 2,559-534-2500,2007,Ducor,CA,Shell,( 13 mi E of CA 99 ),Hwy 65 & 56th Ave,empty,,False,,False,Hwy 65,56th Ave,None,,
"Ducor , 93218 A & A Shell # 2",4 559-534-2500 Hwy 65 & 56th Ave ( 13 mi E of CA 99 ),24 HRS M <U+2610>,Ducor,93218,A & A Shell # 2,559-534-2500,2008,Ducor,CA,Shell,( 13 mi E of CA 99 ),Hwy 65 & 56th Ave,empty,,False,,False,Hwy 65,56th Ave,None,,
Ducor ( 93218 ) Handy Market ( Shell ),559-534-2500 CA 65 & Ave 56,124 MO,Ducor,93218,Handy Market ( Shell ),559-534-2500,2014,Ducor,CA,Shell,,CA 65 & Ave 56,empty,,False,,False,CA 65,Ave 56,None,,
G Ducor ( 93218 ) Handy Market ( Shell ),4 559-534-2500 CA 65 & Ave 56,24 M,Ducor,93218,Handy Market ( Shell ),559-534-2500,2015,Ducor,CA,Shell,,CA 65 & Ave 56,empty,,False,,False,CA 65,Ave 56,None,,
Ducor ( 93218 ) Handy Market ( Shell ),559-534-2500 CA 65 & Ave 56,24,Ducor,93218,Handy Market ( Shell ),559-534-2500,2016,Ducor,CA,Shell,,CA 65 & Ave 56,empty,,False,,False,CA 65,Ave 56,None,,
"F Goshen , 93227 Goshen Travel Plaza ( Arco )",559-651-1006 CA 99 Exit 98 B ( Betty Dr ),FRS 24 M M <U+2610> <U+2610>,Goshen,93227,Goshen Travel Plaza ( Arco ),559-651-1006,2006,Goshen,CA,,( Betty Dr ),CA 99 Exit 98 B ,Exit,98,False,,False,CA 99,,None,,
"F Goshen , 93227 Goshen Travel Plaza ( Arco )",559-651-1006 CA 99 Exit 98 B ( Betty Dr ),24 M,Goshen,93227,Goshen Travel Plaza ( Arco ),559-651-1006,2007,Goshen,CA,,( Betty Dr ),CA 99 Exit 98 B ,Exit,98,False,,False,CA 99,,None,,
"Goshen , 93227 Goshen Travel Plaza ( Arco )",4 559-651-1006 CA 99 Exit 98 B ( Betty Dr ),HRS 24 M,Goshen,93227,Goshen Travel Plaza ( Arco ),559-651-1006,2008,Goshen,CA,,( Betty Dr ),CA 99 Exit 98 B ,Exit,98,False,,False,CA 99,,None,,
F Goshen ( 93227 ) Goshen Travel Plaza ( Arco ) 152 ),4 559-651-1006 CA 99 Exit 98 B ( Betty Dr ),24 M <U+25A1> <U+2610>,Goshen,93227,Goshen Travel Plaza ( Arco ) 152 ),559-651-1006,2014,Goshen,CA,,( Betty Dr ),CA 99 Exit 98 B ,Exit,98,False,,False,CA 99,,None,,
Goshen ( 93227 ) Goshen Travel Plaza ( Arco ) ),559-651-1006 CA 99 Exit 98 B ( Betty Dr ),M <U+2610> <U+2610> <U+2610>,Goshen,93227,Goshen Travel Plaza ( Arco ) ),559-651-1006,2015,Goshen,CA,,( Betty Dr ),CA 99 Exit 98 B ,Exit,98,False,,False,CA 99,,None,,
Goshen ( 93227 ) Goshen Travel Plaza Rd ( S of CA 152 ),559-651-1006 CA 99 Exit 98 B (,24 RS M <U+25A1>,Goshen,93227,Goshen Travel Plaza Rd ( S of CA 152 ),559-651-1006,2016,Goshen,CA,,(,CA 99 Exit 98 B ,Exit,98,False,,False,CA 99,,None,,
"Kettleman City , 93239 Valero Truck Stop",559-386-9076 I-5 Exit 309 ( CA 41 ),24 SO,Kettleman City,93239,Valero Truck Stop,559-386-9076,2006,Kettleman City,CA,Valero,( CA 41 ),I-5 Exit 309 ,Exit,309,False,,False,I-5,,None,,
"Kettleman City , 93239 Valero Truck Stop # 3006",559-386-9076 I-5 Exit 309 ( CA 41 ),24 HRS,Kettleman City,93239,Valero Truck Stop # 3006,559-386-9076,2007,Kettleman City,CA,Valero,( CA 41 ),I-5 Exit 309 ,Exit,309,False,,False,I-5,,None,,
"Kettleman City , 93239 Valero Truck Stop # 3006 Hwy E )",559-386-9076 I-5 Exit 309 ( CA 41 ),HRS 24 S 00,Kettleman City,93239,Valero Truck Stop # 3006 Hwy E ),559-386-9076,2008,Kettleman City,CA,Valero,( CA 41 ),I-5 Exit 309 ,Exit,309,False,,False,I-5,,None,,
G Kettleman City ( 93239 ) Valero Truck Stop # 3006,3 559-386-9076 I-5 Exit 309 ( CA 41 E ),S D,Kettleman City,93239,Valero Truck Stop # 3006,559-386-9076,2014,Kettleman City,CA,Valero,( CA 41 E ),I-5 Exit 309 ,Exit,309,False,,False,I-5,,None,,
G Kettleman City ( 93239 ) Corner Store # 3006 ( Valero ),559-386-9076 I-5 Exit 309 ( CA 41 E ),S D,Kettleman City,93239,Corner Store # 3006 ( Valero ),559-386-9076,2015,Kettleman City,CA,Valero,( CA 41 E ),I-5 Exit 309 ,Exit,309,False,,False,I-5,,None,,
Kettleman City ( 93239 ) Corner Store ( Stockdale # 3006 ( Valero Hwy E ),559-386-9076 I-5 Exit 309 ( ),S 0,Kettleman City,93239,Corner Store ( Stockdale # 3006 ( Valero Hwy E ),559-386-9076,2016,Kettleman City,CA,Valero,( ),I-5 Exit 309 ,Exit,309,False,,False,I-5,,None,,
"Frazier Park , 93243 Flying J Travel Plaza # 0500055 )",661-248-2600 I-5 Exit 205 ( Frazier Park ) A,A FRS 24 XL,Frazier Park,93243,Flying J Travel Plaza # 0500055 ),661-248-2600,2006,Lebec,CA,Flying J,( Frazier Park ) A,I-5 Exit 205 ,Exit,205,False,,False,I-5,,None,,
"Frazier Park , 93243 Flying J Travel Plaza # 0500055",661-248-2600 I-5 Exit 205 ( Frazier Park ),24,Frazier Park,93243,Flying J Travel Plaza # 0500055,661-248-2600,2007,Lebec,CA,Flying J,( Frazier Park ),I-5 Exit 205 ,Exit,205,False,,False,I-5,,None,,
"Frazier Park , 93243 Flying J Travel Plaza # 0500055",4 661-248-2600 I-5 Exit 205 ( Frazier Park ),HRS 24 <U+25A0><U+25A0> XL 24 HRS,Frazier Park,93243,Flying J Travel Plaza # 0500055,661-248-2600,2008,Lebec,CA,Flying J,( Frazier Park ),I-5 Exit 205 ,Exit,205,False,,False,I-5,,None,,
H Frazier Park ( 93243 ) Flying J Travel Plaza # 616,4 661-248-2600 I-5 Exit 205 ( Frazier Park ),24 XL,Frazier Park,93243,Flying J Travel Plaza # 616,661-248-2600,2014,Lebec,CA,Flying J,( Frazier Park ),I-5 Exit 205 ,Exit,205,False,,False,I-5,,None,,
Frazier Park ( 93243 ) Flying 99 J Exit Travel 121 Plaza ( Manning # 616 Ave ),661-248-2600 I-5 Exit 205 (,"FLYING J 24 XL "" D <U+2610>",Frazier Park,93243,Flying 99 J Exit Travel 121 Plaza ( Manning # 616 Ave ),661-248-2600,2015,Lebec,CA,,(,I-5 Exit 205 ,Exit,205,False,,False,I-5,,None,,
Frazier Park ( 93243 ) Flying J 205 Travel ( Frazier Plaza # Park 616 ),4 661-248-2600 I-5 Exit 205 ( FLYING,24 X D,Frazier Park,93243,Flying J 205 Travel ( Frazier Plaza # Park 616 ),661-248-2600,2016,Lebec,CA,Flying J,( FLYING,I-5 Exit 205 ,Exit,205,False,,False,I-5,,None,,
"Frazier Park , 93243 Frazier Park Fuel Stop Ave )",4 661-248-6478 I-5 Exit 205 ( Frazier Park ),HRS 24 SOO O,Frazier Park,93243,Frazier Park Fuel Stop Ave ),661-248-6478,2006,Lebec,CA,,( Frazier Park ),I-5 Exit 205 ,Exit,205,False,,False,I-5,,None,,
"Frazier Park , 93243 Frazier Park Chevron",661-248-6478 I-5 Exit 205 ( Frazier Park ),43 S <U+2610>,Frazier Park,93243,Frazier Park Chevron,661-248-6478,2007,Lebec,CA,Chevron,( Frazier Park ),I-5 Exit 205 ,Exit,205,False,,False,I-5,,None,,
"Frazier Park , 93243 Frazier Park Chevron",4 661-248-6478 I-5 Exit 205 ( Frazier Park ),HRS 24 S <U+2610>,Frazier Park,93243,Frazier Park Chevron,661-248-6478,2008,Lebec,CA,Chevron,( Frazier Park ),I-5 Exit 205 ,Exit,205,False,,False,I-5,,None,,
Frazier Park ( 93243 ) Frazier Park Chevron,4 661-248-6478 I-5 Exit 205 ( Frazier Park ),24 <U+2610>,Frazier Park,93243,Frazier Park Chevron,661-248-6478,2014,Lebec,CA,Chevron,( Frazier Park ),I-5 Exit 205 ,Exit,205,False,,False,I-5,,None,,
Frazier Park ( 93243 ) Frazier Park 205 ( Chevron Frazier Park ) FLYING,661-248-6478 I-5 Exit 205 (,"<U+2610> "" O",Frazier Park,93243,Frazier Park 205 ( Chevron Frazier Park ) FLYING,661-248-6478,2015,Lebec,CA,Chevron,(,I-5 Exit 205 ,Exit,205,False,,False,I-5,,None,,
Frazier Park ( 93243 ) Chevron # 221 121 ( Manning Ave ),4 661-248-6478 I-5 Exit 205 ( 24,24 <U+25A1>,Frazier Park,93243,Chevron # 221 121 ( Manning Ave ),661-248-6478,2016,Lebec,CA,Chevron,( 24,I-5 Exit 205 ,Exit,205,False,,False,I-5,,None,,
"Wheeler Ridge , 93243 Petro Stopping )",661-663-4341 I-5 Exit 219A ( Wheeler Center # 27,24 XL,Wheeler Ridge,93243,Petro Stopping ),661-663-4341,2006,Lebec,CA,,( Wheeler Center # 27,I-5 Exit 219A ,Exit,219A,False,,False,I-5,,None,,
"Wheeler Ridge , 93243 Petro Stopping Center # 27",661-663-4341 I-5 Exit 219 B ( Laval Rd W ),24 XL - 481,Wheeler Ridge,93243,Petro Stopping Center # 27,661-663-4341,2007,Lebec,CA,,( Laval Rd W ),I-5 Exit 219 B ,Exit,219,False,,False,I-5,,None,,
"4 GWheeler 661-663-4341 Ridge , 93243 Petro Stopping Center ( Laval Rd # 27 E )",I-5 Exit 219 B ( Laval Rd PETRO 24 HRO,24 HRO X,Wheeler Ridge,93243,Petro Stopping Center ( Laval Rd # 27 E ),661-663-4341,2008,Lebec,CA,,( Laval Rd PETRO 24 HRO,I-5 Exit 219 B ,Exit,219,False,,False,I-5,,None,,
Wheeler Ridge ( 93243 ) Petro Wheeler Ridge # 327 ( Mobil ),661-663-4341 I-5 Exit 219 B ( Laval Rd W ),PETRO 22 <U+2610> XLO 24,Wheeler Ridge,93243,Petro Wheeler Ridge # 327 ( Mobil ),661-663-4341,2014,Lebec,CA,Mobil,( Laval Rd W ),I-5 Exit 219 B ,Exit,219,False,,False,I-5,,None,,
Wheeler Ridge ( 93243 ) Petro Wheeler Ridge # Rd 327 E ),661-663-4341 I-5 Exit 219 B,PETRO 24 RS <U+2610> XL 24,Wheeler Ridge,93243,Petro Wheeler Ridge # Rd 327 E ),661-663-4341,2015,Lebec,CA,,,I-5 Exit 219 B,Exit,219,False,,False,I-5,,None,,
Wheeler Ridge ( 93243 ) Petro Wheeler Ridge # 327,661-663-4341 I-5 Exit 219 B ( Laval Rd W ),PETRO 24 XL 24,Wheeler Ridge,93243,Petro Wheeler Ridge # 327,661-663-4341,2016,Lebec,CA,,( Laval Rd W ),I-5 Exit 219 B ,Exit,219,False,,False,I-5,,None,,
"Lost Hills , 93249 Love's Travel Stop # 230",661-797-1800 I-5 Exit 282 ( CA 46 ),,Lost Hills,93249,Love's Travel Stop # 230,661-797-1800,2006,Lost Hills,CA,Love's,( CA 46 ),I-5 Exit 282 ,Exit,282,False,,False,I-5,,None,,
"Lost Hills , 93249 Love's Travel Stop # 230",661-797-1800 I-5 Exit 278 ( CA 46 ),24 M O,Lost Hills,93249,Love's Travel Stop # 230,661-797-1800,2007,Lost Hills,CA,Love's,( CA 46 ),I-5 Exit 278 ,Exit,278,False,,False,I-5,,None,,
"Lost Hills , 93249 Love's Travel Stop # 230",3 661-797-1800 I-5 Exit 278 ( CA 46 ),24 M <U+2610><U+2610><U+2610> <U+2610> <U+2610> <U+2610>,Lost Hills,93249,Love's Travel Stop # 230,661-797-1800,2008,Lost Hills,CA,Love's,( CA 46 ),I-5 Exit 278 ,Exit,278,False,,False,I-5,,None,,
G Lost Hills ( 93249 ) Love's Travel Stop # 230,661-797-1800 I-5 Exit 278 ( CA 46 W ),24 M,Lost Hills,93249,Love's Travel Stop # 230,661-797-1800,2014,Lost Hills,CA,Love's,( CA 46 W ),I-5 Exit 278 ,Exit,278,False,,False,I-5,,None,,
Lost Hills ( 93249 ) Love's Travel Stop # 230,3 661-797-1800 I-5 Exit 278 ( CA 46 W ),24 <U+2610> M,Lost Hills,93249,Love's Travel Stop # 230,661-797-1800,2015,Lost Hills,CA,Love's,( CA 46 W ),I-5 Exit 278 ,Exit,278,False,,False,I-5,,None,,
Lost Hills ( 93249 ) Love's Travel Stop # 230,3 661-797-1800 I-5 Exit 278 ( CA 46 W ),24 MO 24,Lost Hills,93249,Love's Travel Stop # 230,661-797-1800,2016,Lost Hills,CA,Love's,( CA 46 W ),I-5 Exit 278 ,Exit,278,False,,False,I-5,,None,,
"Lost Hills , 93249 Pilot Travel Center # 154",661-797-2122 I-5 Exit 278 ( CA 46 ),HRS <U+2610>,Lost Hills,93249,Pilot Travel Center # 154,661-797-2122,2006,Lost Hills,CA,Pilot,( CA 46 ),I-5 Exit 278 ,Exit,278,False,,False,I-5,,None,,
"Lost Hills , 93249 Pilot Travel Center # 154",661-797-2122 I-5 Exit 278 ( CA 46 ),24 M <U+2610>,Lost Hills,93249,Pilot Travel Center # 154,661-797-2122,2007,Lost Hills,CA,Pilot,( CA 46 ),I-5 Exit 278 ,Exit,278,False,,False,I-5,,None,,
"Lost Hills , 93249 Pilot Travel Center # 154",3 661-797-2122 I-5 Exit 278 ( CA 46 ),24 HRS M,Lost Hills,93249,Pilot Travel Center # 154,661-797-2122,2008,Lost Hills,CA,Pilot,( CA 46 ),I-5 Exit 278 ,Exit,278,False,,False,I-5,,None,,
Lost Hills ( 93249 ) Pilot Travel Center # 154,3 661-797-2122 I-5 Exit 278 ( CA 46 W ),24 <U+2610> M,Lost Hills,93249,Pilot Travel Center # 154,661-797-2122,2014,Lost Hills,CA,Pilot,( CA 46 W ),I-5 Exit 278 ,Exit,278,False,,False,I-5,,None,,
G Lost Hills ( 93249 ) Pilot Travel Center # 154,3 661-797-2122 I-5 Exit 278 ( CA 46 W ) pilat,24 m MO 24,Lost Hills,93249,Pilot Travel Center # 154,661-797-2122,2015,Lost Hills,CA,Pilot,( CA 46 W ) pilat,I-5 Exit 278 ,Exit,278,False,,False,I-5,,None,,
Lost Hills ( 93249 ) Pilot Travel Center # 154 Filot,661-797-2122 I-5 Exit 278 ( CA 46 W ),24 M 02,Lost Hills,93249,Pilot Travel Center # 154 Filot,661-797-2122,2016,Lost Hills,CA,Pilot,( CA 46 W ),I-5 Exit 278 ,Exit,278,False,,False,I-5,,None,,
"Lost Hills , 93249 Lost Hills Travel Center ( Arco )",661-797-2354 I-5 Exit 278 ( CA 46 ),,Lost Hills,93249,Lost Hills Travel Center ( Arco ),661-797-2354,2006,Lost Hills,CA,,( CA 46 ),I-5 Exit 278 ,Exit,278,False,,False,I-5,,None,,
"Lost Hills , 93249 Lost Hills Travel Center ( Arco )",661-797-2354 I-5 Exit 278 ( CA 46 ),124,Lost Hills,93249,Lost Hills Travel Center ( Arco ),661-797-2354,2007,Lost Hills,CA,,( CA 46 ),I-5 Exit 278 ,Exit,278,False,,False,I-5,,None,,
"Lost Hills , 93249 Lost Hills Travel Center ( Arco )",661-797-2354 I-5 Exit 278 ( CA 46 ),2 <U+2610><U+2610> <U+2610> <U+2610> <U+2610>,Lost Hills,93249,Lost Hills Travel Center ( Arco ),661-797-2354,2008,Lost Hills,CA,,( CA 46 ),I-5 Exit 278 ,Exit,278,False,,False,I-5,,None,,
G Lost Hills ( 93249 ) Lost Hills Travel Center ( Arco ),3 661-797-2354 I-5 Exit 278 ( CA 46 W ),24 <U+2610>,Lost Hills,93249,Lost Hills Travel Center ( Arco ),661-797-2354,2014,Lost Hills,CA,,( CA 46 W ),I-5 Exit 278 ,Exit,278,False,,False,I-5,,None,,
Lost Hills ( 93249 ) Lost Hills Travel Center ( Arco ),3 661-797-2354 I-5 Exit 278 ( CA 46 W ),24 O,Lost Hills,93249,Lost Hills Travel Center ( Arco ),661-797-2354,2015,Lost Hills,CA,,( CA 46 W ),I-5 Exit 278 ,Exit,278,False,,False,I-5,,None,,
Lost Hills ( 93249 ) Lost Hills Travel Center ( Arco ),661-797-2354 I-5 Exit 278 ( CA 46 W ),38 <U+25A1>,Lost Hills,93249,Lost Hills Travel Center ( Arco ),661-797-2354,2016,Lost Hills,CA,,( CA 46 W ),I-5 Exit 278 ,Exit,278,False,,False,I-5,,None,,
"Pixley , 93256 Best Truck Stop ( Texaco ) City E )","559-757-3044 CA 99 Exit 70 B ( Court St E , 415 N )",) 24 S,Pixley,93256,Best Truck Stop ( Texaco ) City E ),559-757-3044,2006,Pixley,CA,Texaco,"( Court St E , 415 N )",CA 99 Exit 70 B ,Exit,70,False,,False,CA 99,,None,,
"Pixley , 93256 Best Truck Stop ( ( Pismo City E )",559-757-3044 CA 99 Exit 70 B ( Texaco ),) RS S,Pixley,93256,Best Truck Stop ( ( Pismo City E ),559-757-3044,2007,Pixley,CA,,( Texaco ),CA 99 Exit 70 B ,Exit,70,False,,False,CA 99,,None,,
"Pixley , 93256 Best Truck Stop B ( ( Texaco Court St ) E )","559-757-3044 CA 99 Exit 70 B ( Court St E ,",Park ) <U+2610> S 00 <U+2610><U+2610>,Pixley,93256,Best Truck Stop B ( ( Texaco Court St ) E ),559-757-3044,2008,Pixley,CA,Texaco,"( Court St E ,",CA 99 Exit 70 B ,Exit,70,False,,False,CA 99,,None,,
Pixley ( 93256 ) Best Truck Stop St E ),"4 559-757-3044 CA 99 Exit 70 B ( Court St E , 415 N Park )",) L SO <U+2610> <U+25A1> <U+25A1>,Pixley,93256,Best Truck Stop St E ),559-757-3044,2014,Pixley,CA,,"( Court St E , 415 N Park )",CA 99 Exit 70 B ,Exit,70,False,,False,CA 99,,None,,
Pixley ( 93256 ) Best Truck Exit Stop 70 B ( Court St E ),"4 559-757-3044 CA 99 Exit 70 B ( Court St E , 415 N Park )",<U+25A1> S,Pixley,93256,Best Truck Exit Stop 70 B ( Court St E ),559-757-3044,2015,Pixley,CA,,"( Court St E , 415 N Park )",CA 99 Exit 70 B ,Exit,70,False,,False,CA 99,,None,,
Pixley ( 93256 ) Best Truck Stop ),559-757-3044 CA 99 Exit 70 B (,<U+2610> S <U+25A1>,Pixley,93256,Best Truck Stop ),559-757-3044,2016,Pixley,CA,,(,CA 99 Exit 70 B ,Exit,70,False,,False,CA 99,,None,,
"Pixley , 93256 Chevron Truck Stop )",559-757-3360 CA 99 Exit 70 B ( Court St E ),24 S,Pixley,93256,Chevron Truck Stop ),559-757-3360,2006,Pixley,CA,Chevron,( Court St E ),CA 99 Exit 70 B ,Exit,70,False,,False,CA 99,,None,,
"Pixley , 93256 Chevron Truck Stop .",559-757-3360 CA 99 Exit 70 B (,HRS S 0,Pixley,93256,Chevron Truck Stop .,559-757-3360,2007,Pixley,CA,Chevron,(,CA 99 Exit 70 B ,Exit,70,False,,False,CA 99,,None,,
"Pixley , 93256 Chevron Truck St Stop ( Pismo City E )",559-757-3360 CA 99 Exit 70 B (,24 S O D,Pixley,93256,Chevron Truck St Stop ( Pismo City E ),559-757-3360,2008,Pixley,CA,Chevron,(,CA 99 Exit 70 B ,Exit,70,False,,False,CA 99,,None,,
Pixley ( 93256 ) Bob's Truck Stop,4 559-757-3360 CA 99 Exit 70 B ( Court St E ),24 <U+25A1>,Pixley,93256,Bob's Truck Stop,559-757-3360,2014,Pixley,CA,,( Court St E ),CA 99 Exit 70 B ,Exit,70,False,,False,CA 99,,None,,
Pixley ( 93256 ) Bob's Truck Stop Expwy E ),559-757-3360 CA 99 Exit 70 B ( Court,24 <U+2610><U+2610>,Pixley,93256,Bob's Truck Stop Expwy E ),559-757-3360,2015,Pixley,CA,,( Court,CA 99 Exit 70 B ,Exit,70,False,,False,CA 99,,None,,
Pixley ( 93256 ) Bob's Truck Stop E ),559-757-3360 CA 99 Exit 70 B ( Court St E ),24 O <U+2610>,Pixley,93256,Bob's Truck Stop E ),559-757-3360,2016,Pixley,CA,,( Court St E ),CA 99 Exit 70 B ,Exit,70,False,,False,CA 99,,None,,
"F Tipton , 93272 Convenience Corner ( Texaco )",559-752-4905 US 99 & CA 190 W,<U+2610> D <U+2610>,Tipton,93272,Convenience Corner ( Texaco ),559-752-4905,2006,Tipton,CA,Texaco,,US 99 & CA 190 W,empty,,False,,False,US 99,CA 190,None,,
"Tipton , 93272 Convenience Corner",4 559-752-4905 US 99 & CA 190 W,<U+25A1>,Tipton,93272,Convenience Corner,559-752-4905,2007,Tipton,CA,,,US 99 & CA 190 W,empty,,False,,False,US 99,CA 190,None,,
"Tipton , 93272 Town & Country Market",41559-752-4905 US 99 & CA 190 W,HIRS 24 S <U+2610> <U+2610>,Tipton,93272,Town & Country Market,559-752-4905,2008,Tipton,CA,,,US 99 & CA 190 W,empty,,False,,False,US 99,CA 190,None,,
Tipton ( 93272 ) Town & Country Market E ),559-752-4905 US 99 & CA 190 W,S <U+25A1>,Tipton,93272,Town & Country Market E ),559-752-4905,2014,Tipton,CA,,,US 99 & CA 190 W,empty,,False,,False,US 99,CA 190,None,,
Tipton ( 93272 ) Town & Country Market N to Varner E ) FLYING,4 559-752-4905 US 99 & CA 190 W,S,Tipton,93272,Town & Country Market N to Varner E ) FLYING,559-752-4905,2015,Tipton,CA,,,US 99 & CA 190 W,empty,,False,,False,US 99,CA 190,None,,
Tipton ( 93272 ) Town & Country Market Hope N to Varner E ),4 / 559-752-4905 US 99 & CA 190 W,<U+25A1> BS <U+2610> D,Tipton,93272,Town & Country Market Hope N to Varner E ),559-752-4905,2016,Tipton,CA,,,US 99 & CA 190 W,empty,,False,,False,US 99,CA 190,None,,
"Bakersfield , 93301 Valero Truck Stop",661-324-9481 CA 99 Exit 26 B NB / 26 SB ( Buck Owens N ),XL,Bakersfield,93301,Valero Truck Stop,661-324-9481,2006,Bakersfield,CA,Valero,( Buck Owens N ),CA 99 Exit 26 B NB / 26 SB ,Exit,26,False,,False,CA 99,,26,,
"Bakersfield , 93301 Valero Truck Stop # 3074 Hwy S )",661-324-9481 CA 99 Exit 26 B NB / 26 SB ( Buck,NRS 24 2400,Bakersfield,93301,Valero Truck Stop # 3074 Hwy S ),661-324-9481,2007,Bakersfield,CA,Valero,( Buck,CA 99 Exit 26 B NB / 26 SB ,Exit,26,False,,False,CA 99,,26,,
"Bakersfield , 93301 Valero Truck Stop # 3074",4 661-324-9481 CA 99 Exit 26 B NB / 26 SB ( Buck Owens N,N 24 <U+2610> 24,Bakersfield,93301,Valero Truck Stop # 3074,661-324-9481,2008,Bakersfield,CA,Valero,( Buck Owens N,CA 99 Exit 26 B NB / 26 SB ,Exit,26,False,,False,CA 99,,26,,
4 G 661-324-9481 Bakersfield ( 93301 ) Corner CA 99 Exit Store 26 # B 3074 NB / ( 26 Valero SB ) ( Buck Owens N N,,N N ) 24 22,Bakersfield,93301,Corner CA 99 Exit Store 26 # B 3074 NB / ( 26 Valero SB ) ( Buck Owens N N,661-324-9481,2014,Bakersfield,CA,Valero,,,empty,,False,,False,,,None,,
G Bakersfield ( 93301 ) Corner Store # 3074 ( CA 184 ( Valero S ) ),4 661-324-9481 CA 99 Exit 26 B NB / 26 SB ( Buck N ),N ) 24 <U+2610> 1,Bakersfield,93301,Corner Store # 3074 ( CA 184 ( Valero S ) ),661-324-9481,2015,Bakersfield,CA,Valero,( Buck N ),CA 99 Exit 26 B NB / 26 SB ,Exit,26,False,,False,CA 99,,26,,
Bakersfield ( 93301 ) Corner Store # 3074 ( Valero ),661-324-9481 CA 99 Exit 26 B NB / 26 SB ( Buck Owens N,N ) . 24,Bakersfield,93301,Corner Store # 3074 ( Valero ),661-324-9481,2016,Bakersfield,CA,Valero,( Buck Owens N,CA 99 Exit 26 B NB / 26 SB ,Exit,26,False,,False,CA 99,,26,,
"Bakersfield , 93307 24 X 7 Travel Plaza",661-364-0630 CA 58 & CA 184 ( Weedpatch Hwy N ),MOOD,Bakersfield,93307,24 X 7 Travel Plaza,661-364-0630,2006,Bakersfield,CA,,( Weedpatch Hwy N ),CA 58 & CA 184,empty,7,False,,False,CA 58,CA 184,None,,
"Bakersfield , 93307 24 X 7 Travel Plaza N )",661-364-0630 CA 58 & CA 184 ( Weedpatch,) 24 465,Bakersfield,93307,24 X 7 Travel Plaza N ),661-364-0630,2007,Bakersfield,CA,,( Weedpatch,CA 58 & CA 184,empty,7,False,,False,CA 58,CA 184,None,,
"Bakersfield , 93307 24 X 7 Travel Plaza",4 661-364-0630 CA 58 & CA 184 ( Weedpatch Hwy N ),HRS 24 <U+2610> <U+2610> <U+2610> <U+2610> <U+2610><U+2610>,Bakersfield,93307,24 X 7 Travel Plaza,661-364-0630,2008,Bakersfield,CA,,( Weedpatch Hwy N ),CA 58 & CA 184,empty,7,False,,False,CA 58,CA 184,None,,
G Bakersfield ( 93307 ) 24 X 7 Travel Plaza,4 661-364-0630 CA 58 Exit 117 ( CA 184 N ),24 LO,Bakersfield,93307,24 X 7 Travel Plaza,661-364-0630,2014,Bakersfield,CA,,( CA 184 N ),CA 58 Exit 117 ,Exit,117,False,,False,CA 58,,None,,
G Bakersfield ( 93307 ) 24 X 7 Travel Plaza S ),4 661-364-0630 CA 58 Exit 117 ( CA 184 N ),23 24,Bakersfield,93307,24 X 7 Travel Plaza S ),661-364-0630,2015,Bakersfield,CA,,( CA 184 N ),CA 58 Exit 117 ,Exit,117,False,,False,CA 58,,None,,
G Bakersfield ( 93307 ) 24 X 7 Travel Plaza,4 661-364-0630 CA 58 Exit 117 ( CA 184 N ),24 <U+2610> <U+25A1>,Bakersfield,93307,24 X 7 Travel Plaza,661-364-0630,2016,Bakersfield,CA,,( CA 184 N ),CA 58 Exit 117 ,Exit,117,False,,False,CA 58,,None,,
"Bakersfield , 93307 Kimber Renegade ( Shell )",661-366-1860 CA 58 & CA 184 ( Weedpatch Hwy S ),N ) FRS 2400,Bakersfield,93307,Kimber Renegade ( Shell ),661-366-1860,2006,Bakersfield,CA,Shell,( Weedpatch Hwy S ),CA 58 & CA 184,empty,,False,,False,CA 58,CA 184,None,,
"Bakersfield , 93307 Kimber Renegade ( Shell ) N )",661-366-1860 CA 58 & CA 184 ( Weedpatch S,) 24 RS M,Bakersfield,93307,Kimber Renegade ( Shell ) N ),661-366-1860,2007,Bakersfield,CA,Shell,( Weedpatch S,CA 58 & CA 184,empty,,False,,False,CA 58,CA 184,None,,
"Bakersfield , 93307 Kimber Renegade ( Shell )",661-366-1860 CA 58 & CA 184 ( Weedpatch Hwy S ),S ) 24 M 00,Bakersfield,93307,Kimber Renegade ( Shell ),661-366-1860,2008,Bakersfield,CA,Shell,( Weedpatch Hwy S ),CA 58 & CA 184,empty,,False,,False,CA 58,CA 184,None,,
G Bakersfield ( 93307 ) Renegade Flyers ( Shell ),4 661-366-1860 CA 58 Exit 117 ( CA 184 S ),24 D,Bakersfield,93307,Renegade Flyers ( Shell ),661-366-1860,2014,Bakersfield,CA,Shell,( CA 184 S ),CA 58 Exit 117 ,Exit,117,False,,False,CA 58,,None,,
G Bakersfield ( 93307 ) Renegade Flyers ( Shell ) ),661-366-1860 CA 58 Exit 117 ( CA 184 S ),24,Bakersfield,93307,Renegade Flyers ( Shell ) ),661-366-1860,2015,Bakersfield,CA,Shell,( CA 184 S ),CA 58 Exit 117 ,Exit,117,False,,False,CA 58,,None,,
Bakersfield ( 93307 ) Flyers # 222 ( Shell ),661-366-1860 CA 58 Exit 117 ( CA 184 S ),24 MO,Bakersfield,93307,Flyers # 222 ( Shell ),661-366-1860,2016,Bakersfield,CA,Shell,( CA 184 S ),CA 58 Exit 117 ,Exit,117,False,,False,CA 58,,None,,
"Bakersfield , 93308 Flying J Travel Plaza # 0500320",661-392-5300 CA 99 Exit 39 ( Merced Ave ),000,Bakersfield,93308,Flying J Travel Plaza # 0500320,661-392-5300,2006,Bakersfield,CA,Flying J,( Merced Ave ),CA 99 Exit 39 ,Exit,39,False,,False,CA 99,,None,,
"Bakersfield , 93308 Flying J Travel Plaza # 0500320",661-392-5300 CA 99 Exit 39 ( Merced Ave ) #,XL 24,Bakersfield,93308,Flying J Travel Plaza # 0500320,661-392-5300,2007,Bakersfield,CA,Flying J,( Merced Ave ) #,CA 99 Exit 39 ,Exit,39,False,,False,CA 99,,None,,
"Bakersfield , 93308 Flying J Travel Plaza # 0500320",4 661-392-5300 CA 99 Exit 39 ( Merced Ave ) .,24 XL 24,Bakersfield,93308,Flying J Travel Plaza # 0500320,661-392-5300,2008,Bakersfield,CA,Flying J,( Merced Ave ) .,CA 99 Exit 39 ,Exit,39,False,,False,CA 99,,None,,
G Bakersfield ( 93308 ) Flying J Travel Plaza # 613,4 661-392-5300 CA 99 Exit 39 ( Merced Ave ),XL 24,Bakersfield,93308,Flying J Travel Plaza # 613,661-392-5300,2014,Bakersfield,CA,Flying J,( Merced Ave ),CA 99 Exit 39 ,Exit,39,False,,False,CA 99,,None,,
G Bakersfield ( 93308 ) Flying J Travel Plaza / 26 # 613 SB ( Buck Owens N ),661-392-5300 CA 99 Exit 39 ( Merced Ave ) FLYING J,FLYING J X 24,Bakersfield,93308,Flying J Travel Plaza / 26 # 613 SB ( Buck Owens N ),661-392-5300,2015,Bakersfield,CA,Flying J,( Merced Ave ) FLYING J,CA 99 Exit 39 ,Exit,39,False,,False,CA 99,,None,,
Bakersfield ( 93308 ) Flying J Travel Plaza # 613,4 661-392-5300 CA 99 Exit 39 ( Merced Ave ) FLYING J,J 24 X 24 24 FORS,Bakersfield,93308,Flying J Travel Plaza # 613,661-392-5300,2016,Bakersfield,CA,Flying J,( Merced Ave ) FLYING J,CA 99 Exit 39 ,Exit,39,False,,False,CA 99,,None,,
"Kern City , 93312 E - Z Trip",661-764-5217 I-5 Exit 253 ( Stockdale Hwy E ),24 48 SO,Kern City,93312,E - Z Trip,661-764-5217,2006,Bakersfield,CA,,( Stockdale Hwy E ),I-5 Exit 253 ,Exit,253,False,,False,I-5,,None,,
"Kern City , E - Z Trip ( Shell )",661-764-5217 93312 I-5 Exit 253 ( Stockdale Hwy E ),24,Kern City,93312,,661-764-5217,2007,Bakersfield,CA,,( Stockdale Hwy E ),I-5 Exit 253,Exit,253,False,,False,I-5,,None,,
"Kern City , 93312 E - Z Trip ( Shell )",661-764-5217 I-5 Exit 253 ( Stockdale Hwy E ),24 S 00,Kern City,93312,E - Z Trip ( Shell ),661-764-5217,2008,Bakersfield,CA,Shell,( Stockdale Hwy E ),I-5 Exit 253 ,Exit,253,False,,False,I-5,,None,,
Kern City ( 93312 ) 7990 E - Z Trip Hwy ( Shell 29 ),4 661-764-5217 . I-5 Exit 253 ( Stockdale Hwy E ),24,Kern City,93312,7990 E - Z Trip Hwy ( Shell 29 ),661-764-5217,2014,Bakersfield,CA,Shell,( Stockdale Hwy E ),. I-5 Exit 253 ,Exit,253,False,,False,I-5,,None,,
Kern City ( 93312 ) 7990 E - Z Trip Hwy ( Shell 29 ),661-764-5217 I-5 Exit 253 ( Stockdale ACEST,24 S <U+2610><U+2610>,Kern City,93312,7990 E - Z Trip Hwy ( Shell 29 ),661-764-5217,2015,Bakersfield,CA,Shell,( Stockdale ACEST,I-5 Exit 253 ,Exit,253,False,,False,I-5,,None,,
Kern City ( 93312 ) E - Z Trip ( Shell 29,661-764-5217 I-5 Exit ),24 S <U+25A1>,Kern City,93312,E - Z Trip ( Shell 29,661-764-5217,2016,Bakersfield,CA,Shell,,I-5 Exit ,Exit,,False,,False,I-5,,None,,
"Pumpkin Ctr ( S ) , 93313 Bear Mountain Travel Stop ( Shell )","661-834-5733 CA 99 Exit 13 ( CA 223 , Bear Mt Blvd )",HRS XL,Pumpkin Ctr,93313,Bear Mountain Travel Stop ( Shell ),661-834-5733,2006,Bakersfield,CA,Shell,"( CA 223 , Bear Mt Blvd )",CA 99 Exit 13 ,Exit,13,False,,False,CA 99,,None,,
"Pumpkin Ctr ( S ) , 93313 Bear Mountain Travel Stop (","661-834-5733 CA 99 Exit 13 ( CA 223 , Bear Shell )",) HRS 24 MO,Pumpkin Ctr,93313,Bear Mountain Travel Stop (,661-834-5733,2007,Bakersfield,CA,,"( CA 223 , Bear Shell )",CA 99 Exit 13 ,Exit,13,False,,False,CA 99,,None,,
"Pumpkin Ctr ( S ) , 93313 Bear Mountain 18 Travel ( CA 119 W )",4 661-834-5733 CA 99 Exit 13 ( Stop ( Shell ),24 M <U+25A1> <U+25A1> <U+25A1>,Pumpkin Ctr,93313,Bear Mountain 18 Travel ( CA 119 W ),661-834-5733,2008,Bakersfield,CA,,( Stop ( Shell ),CA 99 Exit 13 ,Exit,13,False,,False,CA 99,,None,,
G Pumpkin Center ( S ) ( 93313 ) Bear Mountain Travel Stop ( Shell ),4 661-834-5733 CA 99 Exit 13 ( CA 223 W ),224 M <U+25A1> <U+25A1>,Pumpkin Center,93313,Bear Mountain Travel Stop ( Shell ),661-834-5733,2014,Bakersfield,CA,Shell,( CA 223 W ),CA 99 Exit 13 ,Exit,13,False,,False,CA 99,,None,,
Pumpkin Center ( S ) ( 93313 ) Bear Mountain Travel Stop ( Shell ),4 661-834-5733 CA 99 Exit 13 ( CA 223 W ),24 MO <U+25A1> <U+25A1>,Pumpkin Center,93313,Bear Mountain Travel Stop ( Shell ),661-834-5733,2015,Bakersfield,CA,Shell,( CA 223 W ),CA 99 Exit 13 ,Exit,13,False,,False,CA 99,,None,,
G Pumpkin Center ( S ) ( 93313 ) Bear Mountain Travel Stop ( Shell ),4 661-834-5733 CA 99 Exit 13 ( CA 223 W ),24 SLB- M FRS 24,Pumpkin Center,93313,Bear Mountain Travel Stop ( Shell ),661-834-5733,2016,Bakersfield,CA,Shell,( CA 223 W ),CA 99 Exit 13 ,Exit,13,False,,False,CA 99,,None,,
"Mettler , 93381 Renegade Truck Stop ( Shell )",661-858-2703 CA 99 Exit 3 ( CA 166 ),-,Mettler,93381,Renegade Truck Stop ( Shell ),661-858-2703,2006,Bakersfield,CA,Shell,( CA 166 ),CA 99 Exit 3 ,Exit,3,False,,False,CA 99,,None,,
"Mettler , 93381 Renegade Truck Stop ( Shell )",4 661-858-2703 CA 99 Exit 3 ( CA 166 ),RS S,Mettler,93381,Renegade Truck Stop ( Shell ),661-858-2703,2007,Bakersfield,CA,Shell,( CA 166 ),CA 99 Exit 3 ,Exit,3,False,,False,CA 99,,None,,
"Mettler , 93381 Renegade Truck Stop ( Shell )",4 661-858-2703 CA 99 Exit 3 ( CA 166 ),24 S <U+2610>,Mettler,93381,Renegade Truck Stop ( Shell ),661-858-2703,2008,Bakersfield,CA,Shell,( CA 166 ),CA 99 Exit 3 ,Exit,3,False,,False,CA 99,,None,,
G Mettler ( 93381 ) Renegade Flyers ( Shell ),4 661-858-2703 CA 99 Exit 3 ( CA 166 W ),24 M,Mettler,93381,Renegade Flyers ( Shell ),661-858-2703,2014,Bakersfield,CA,Shell,( CA 166 W ),CA 99 Exit 3 ,Exit,3,False,,False,CA 99,,None,,
G Mettler ( 93381 ) Renegade Flyers ( Shell ),661-858-2703 CA 99 Exit 3 ( CA 166 W ),24 M,Mettler,93381,Renegade Flyers ( Shell ),661-858-2703,2015,Bakersfield,CA,Shell,( CA 166 W ),CA 99 Exit 3 ,Exit,3,False,,False,CA 99,,None,,
Mettler ( 93381 ) Flyers # 223 ( Shell ),661-858-2703 CA 99 Exit 3 ( CA 166 W ),24 M S,Mettler,93381,Flyers # 223 ( Shell ),661-858-2703,2016,Bakersfield,CA,Shell,( CA 166 W ),CA 99 Exit 3 ,Exit,3,False,,False,CA 99,,None,,
"Santa Rosa , 93422 Valley Pacific Enterprises ( Chevron )",805-462-0659 US 101 & Santa Rosa Exit,FRS,Santa Rosa,93422,Valley Pacific Enterprises ( Chevron ),805-462-0659,2006,Atascadero,CA,Chevron,,US 101 & Santa Rosa Exit,Exit,,False,,False,US 101,Santa Rosa,None,,
"Atascadero , 93422 Valley Pacific Petroleum",805-462-0659 US 101 & Santa Rosa ( Chevron ),<U+25A1> <U+25A1>,Atascadero,93422,Valley Pacific Petroleum,805-462-0659,2007,Atascadero,CA,,( Chevron ),US 101 & Santa Rosa,empty,,False,,False,US 101,Santa Rosa,None,,
"Atascadero , 93422 Valley Pacific Petroleum ( Chevron )",3 805-462-0659 US 101 & Santa Rosa,<U+2610> DO,Atascadero,93422,Valley Pacific Petroleum ( Chevron ),805-462-0659,2008,Atascadero,CA,Chevron,,US 101 & Santa Rosa,empty,,False,,False,US 101,Santa Rosa,None,,
Atascadero ( 93422 ) Valley Pacific Petroleum ( Chevron ),805-462-0659 US 101 & Santa Rosa,<U+2610> <U+2610><U+2610> <U+25A1>,Atascadero,93422,Valley Pacific Petroleum ( Chevron ),805-462-0659,2014,Atascadero,CA,Chevron,,US 101 & Santa Rosa,empty,,False,,False,US 101,Santa Rosa,None,,
Atascadero ( 93422 ) Valley Pacific Petroleum ( Chevron ),3 805-462-0659 US 101 Exit 218 A ( NB ),<U+2610>,Atascadero,93422,Valley Pacific Petroleum ( Chevron ),805-462-0659,2015,Atascadero,CA,Chevron,( NB ),US 101 Exit 218 A ,Exit,218,False,,False,US 101,,None,,
Atascadero ( 93422 ) Atascadero Chevron,805-462-0659 US 101 Exit 218 A ( NB ),<U+2610>,Atascadero,93422,Atascadero Chevron,805-462-0659,2016,Atascadero,CA,Chevron,( NB ),US 101 Exit 218 A ,Exit,218,False,,False,US 101,,None,,
"Santa Maria , 93456 Valley Pacific Petroleum Service ( Chevron",805-925-3664 US 101 & Betteravia Rd,MO <U+25A1> <U+2610>,Santa Maria,93456,Valley Pacific Petroleum Service ( Chevron,805-925-3664,2006,Santa Maria,CA,Chevron,,US 101 & Betteravia Rd,empty,,False,,False,US 101,Betteravia Rd,None,,
"Santa Maria , 93456 Valley Pacific Petroleum Service (",805-925-3664 US 101 & Betteravia Rd Chevron,24 M D,Santa Maria,93456,Valley Pacific Petroleum Service (,805-925-3664,2007,Santa Maria,CA,,,US 101 & Betteravia Rd Chevron,empty,,False,,False,US 101,Rd Chevron,None,,
"Santa Maria , 93456 Valley Pacific Petroleum St & Aldo Ave",3 805-925-3664 US 101 & Betteravia Rd Service ( Chevron,) HRS 24 M <U+25A1> <U+25A1>,Santa Maria,93456,Valley Pacific Petroleum St & Aldo Ave,805-925-3664,2008,Santa Maria,CA,,( Chevron,US 101 & Betteravia Rd Service,empty,,False,,False,US 101,Rd Service,None,,
H Santa Maria ( 93456 ) Valley Pacific Petroleum Service ( Chevron ),3 805-925-3664 US 101 & Betteravia Rd,) 24 MO <U+25A1>,Santa Maria,93456,Valley Pacific Petroleum Service ( Chevron ),805-925-3664,2014,Santa Maria,CA,Chevron,,US 101 & Betteravia Rd,empty,,False,,False,US 101,Betteravia Rd,None,,
H Santa Maria ( 93456 ) Valley Pacific Petroleum Service ( Chevron ),3 805-925-3664 US 101 & Betteravia Rd,) 24 2013 M <U+2610>,Santa Maria,93456,Valley Pacific Petroleum Service ( Chevron ),805-925-3664,2015,Santa Maria,CA,Chevron,,US 101 & Betteravia Rd,empty,,False,,False,US 101,Betteravia Rd,None,,
Santa Maria ( 93456 ) Valley Pacific Petroleum Service (,3 805-925-3664 US 101 & Betteravia Rd,) 24 M <U+25A1>,Santa Maria,93456,Valley Pacific Petroleum Service (,805-925-3664,2016,Santa Maria,CA,,,US 101 & Betteravia Rd,empty,,False,,False,US 101,Betteravia Rd,None,,
"Mojave , 93501 Oasis Truck Stop ( Gas America )",661-824-4675 CA 14-58 ( W jct ),<U+2610>,Mojave,93501,Oasis Truck Stop ( Gas America ),661-824-4675,2006,Mojave,CA,,( W jct ),CA 14-58,empty,,False,,False,CA 14-58,,None,,
"Mojave , 93501 Oasis Truck Stop ( Gas America )",661-824-4675 CA 14-58 ( W jct ),24 HRS <U+2610>,Mojave,93501,Oasis Truck Stop ( Gas America ),661-824-4675,2007,Mojave,CA,,( W jct ),CA 14-58,empty,,False,,False,CA 14-58,,None,,
"Mojave , 93501 Oasis Truck Stop ( Gas America )",661-824-4675 CA 14-58 ( W jct ),FORS 24 S 00 <U+2610> <U+2610>,Mojave,93501,Oasis Truck Stop ( Gas America ),661-824-4675,2008,Mojave,CA,,( W jct ),CA 14-58,empty,,False,,False,CA 14-58,,None,,
Mojave ( 93501 ) Oasis Truck Stop ( 76 ),661-824-4675 CA 14-58 ( W jct ),24 <U+2610>,Mojave,93501,Oasis Truck Stop ( 76 ),661-824-4675,2014,Mojave,CA,,( W jct ),CA 14-58,empty,,False,,False,CA 14-58,,None,,
Mojave ( 93501 ) US Hendy Oil 14-58 ( 76 ( ) N end ),661-824-4675 CA 14-58 ( W jct ),D O,Mojave,93501,US Hendy Oil 14-58 ( 76 ( ) N end ),661-824-4675,2015,Mojave,CA,,( W jct ),CA 14-58,empty,,False,,False,CA 14-58,,None,,
Mojave ( 93501 ) US Hendy Oil ( 76 ),661-824-4675 CA 14-58 ( W jct ),<U+2610> <U+2610> <U+25A1>,Mojave,93501,US Hendy Oil ( 76 ),661-824-4675,2016,Mojave,CA,,( W jct ),CA 14-58,empty,,False,,False,CA 14-58,,None,,
"Acton , 93510 Acton 76",661-269-0760 CA 14 & Crown Valley Rd N,,Acton,93510,Acton 76,661-269-0760,2006,Acton,CA,,,CA 14 & Crown Valley Rd N,empty,,False,,False,CA 14,Rd N,None,,
"Acton , 93510 Acton 76 Svc Rd )",661-269-0760 CA 14 & Crown,FIRS <U+2610>,Acton,93510,Acton 76 Svc Rd ),661-269-0760,2007,Acton,CA,,,CA 14 & Crown,empty,,False,,False,CA 14,Crown,None,,
"Acton , 93510 Acton 76",661-269-0760 CA 14 & Crown Valley Rd N,24 HORS <U+2610><U+2610> O,Acton,93510,Acton 76,661-269-0760,2008,Acton,CA,,,CA 14 & Crown Valley Rd N,empty,,False,,False,CA 14,Rd N,None,,
Acton ( 93510 ) Acton 76,4 661-269-0760 CA 14 & Crown Valley Rd N,24 <U+2610>,Acton,93510,Acton 76,661-269-0760,2014,Acton,CA,,,CA 14 & Crown Valley Rd N,empty,,False,,False,CA 14,Rd N,None,,
Acton ( 93510 ) Acton 76 24,4 661-269-0760 CA 14 & Crown Valley Rd N,24 <U+25A1> D D,Acton,93510,Acton 76 24,661-269-0760,2015,Acton,CA,,,CA 14 & Crown Valley Rd N,empty,,False,,False,CA 14,Rd N,None,,
Acton ( 93510 ) Acton 76,661-269-0760 CA 14 & Crown Valley Rd N,24,Acton,93510,Acton 76,661-269-0760,2016,Acton,CA,,,CA 14 & Crown Valley Rd N,empty,,False,,False,CA 14,Rd N,None,,
"Big Pine , 93513 Big Pine 76",760-938-2100 109 US 395 S,S 000 O,Big Pine,93513,Big Pine 76,760-938-2100,2006,Big Pine,CA,,,109 US 395 S,Proper,,False,,False,US 395,,None,,
"Big Pine , 93513 Big Pine 76",760-938-2100 109 US 395 S,- <U+25A1>,Big Pine,93513,Big Pine 76,760-938-2100,2007,Big Pine,CA,,,109 US 395 S,Proper,,False,,False,US 395,,None,,
"Big Pine , 93513 Big Pine 76",760-938-2100 109 US 395 S,<U+2610>,Big Pine,93513,Big Pine 76,760-938-2100,2008,Big Pine,CA,,,109 US 395 S,Proper,,False,,False,US 395,,None,,
E Big Pine ( 93513 ) Big Pine Shell,760-938-2100 109 US 395 S,<U+2610>,Big Pine,93513,Big Pine Shell,760-938-2100,2014,Big Pine,CA,Shell,,109 US 395 S,Proper,,False,,False,US 395,,None,,
Big Pine ( 93513 ) Big Pine Shell to Gage ),760-938-2100 109 US 395 S,<U+2610> <U+2610> <U+2610>,Big Pine,93513,Big Pine Shell to Gage ),760-938-2100,2015,Big Pine,CA,Shell,,109 US 395 S,Proper,,False,,False,US 395,,None,,
Big Pine ( 93513 ) Big Pine Shell,760-938-2100 109 US 395 S,HRS <U+2610>,Big Pine,93513,Big Pine Shell,760-938-2100,2016,Big Pine,CA,Shell,,109 US 395 S,Proper,,False,,False,US 395,,None,,
"Bishop , 93514 Inyo Shell Y - Mart",760-873-6335 US 6 & US 395,FIRS 24 XL,Bishop,93514,Inyo Shell Y - Mart,760-873-6335,2006,Bishop,CA,Shell,,US 6 & US 395,empty,,False,,False,US 6,US 395,None,,
"Bishop , 93514 Inyo Shell Y - Mart",760-873-6335 US 6 & US 395,24 484 -,Bishop,93514,Inyo Shell Y - Mart,760-873-6335,2007,Bishop,CA,Shell,,US 6 & US 395,empty,,False,,False,US 6,US 395,None,,
"Bishop , 93514 Inyo Shell Y - Mart",760-873-6335 US 6 & US 395,24,Bishop,93514,Inyo Shell Y - Mart,760-873-6335,2008,Bishop,CA,Shell,,US 6 & US 395,empty,,False,,False,US 6,US 395,None,,
E Bishop ( 93514 ) Inyo Shell Y - Mart,760-873-6335 US 6 & US 395,24 <U+2610> <U+2610>,Bishop,93514,Inyo Shell Y - Mart,760-873-6335,2014,Bishop,CA,Shell,,US 6 & US 395,empty,,False,,False,US 6,US 395,None,,
Bishop ( 93514 ) Inyo Shell Y - Mart,4 760-873-6335 US 6 & US 395,24 D <U+2610>,Bishop,93514,Inyo Shell Y - Mart,760-873-6335,2015,Bishop,CA,Shell,,US 6 & US 395,empty,,False,,False,US 6,US 395,None,,
Bishop ( 93514 ) Inyo Shell Y - Mart,760-873-6335 US 6 & US 395,<U+2610> <U+25A1>,Bishop,93514,Inyo Shell Y - Mart,760-873-6335,2016,Bishop,CA,Shell,,US 6 & US 395,empty,,False,,False,US 6,US 395,None,,
"Kramer Jct , 93516 Pilot Travel Center # 200",760-762-0041 US 395 & CA 58,175 ) MOO 000,Kramer Jct,93516,Pilot Travel Center # 200,760-762-0041,2006,Boron,CA,Pilot,,US 395 & CA 58,empty,,False,,False,US 395,CA 58,None,,
"Kramer Jct , 93516 Pilot Travel Center # 200",760-762-0041 US 395 & CA 58,24 MOO,Kramer Jct,93516,Pilot Travel Center # 200,760-762-0041,2007,Boron,CA,Pilot,,US 395 & CA 58,empty,,False,,False,US 395,CA 58,None,,
"Kramer Junction , 93516 Pilot Travel Center # 200 384 )",51760-762-0041 US 395 & CA 58,193 24 M <U+2610>,Kramer Junction,93516,Pilot Travel Center # 200 384 ),760-762-0041,2008,Boron,CA,Pilot,,US 395 & CA 58,empty,,False,,False,US 395,CA 58,None,,
H Kramer Junction ( 93516 ) Pilot Travel Center # 200,5 760-762-0041 US 395 & CA 58,Pilot 24 <U+2610> MOO <U+2610> <U+2610> <U+2610>,Kramer Junction,93516,Pilot Travel Center # 200,760-762-0041,2014,Boron,CA,Pilot,,US 395 & CA 58,empty,,False,,False,US 395,CA 58,None,,
Kramer Junction ( 93516 ) Pilot Travel Center # 200,760-762-0041 US 395 & CA 58,Pilot 24 <U+2610> MOO,Kramer Junction,93516,Pilot Travel Center # 200,760-762-0041,2015,Boron,CA,Pilot,,US 395 & CA 58,empty,,False,,False,US 395,CA 58,None,,
Kramer Junction ( 93516 ) Pilot 99 Travel Exit Center 109 ( Ave # 200 384 ),760-762-0041 US 395 & CA 58 Pilot,"24 "" M <U+25A1> 024 0",Kramer Junction,93516,Pilot 99 Travel Exit Center 109 ( Ave # 200 384 ),760-762-0041,2016,Boron,CA,Pilot,,US 395 & CA 58 Pilot,empty,,False,,False,US 395,CA 58,None,,
"Pearsonville , 93527 Pearsonville Truck Stop ( Shell )",760-377-5353 102 N Pearson Rd ( E of US ),M,Pearsonville,93527,Pearsonville Truck Stop ( Shell ),760-377-5353,2006,Inyokern,CA,Shell,( E of US ),102 N Pearson Rd,Proper,,False,,False,N Pearson Rd,,None,,
"Pearsonville , 93527 Pearsonville Truck Stop (",760-377-5353 102 N Pearson Rd ( E Shell ),24 M,Pearsonville,93527,Pearsonville Truck Stop (,760-377-5353,2007,Inyokern,CA,,( E Shell ),102 N Pearson Rd,Proper,,False,,False,N Pearson Rd,,None,,
"Pearsonville , 93527 Pearsonville Publishers Truck . All rights Stop reserved .",5 760-377-5353 102 N Pearson Rd ( E ( Shell ),24 S <U+2610> <U+2610>,Pearsonville,93527,Pearsonville Publishers Truck . All rights Stop reserved .,760-377-5353,2008,Inyokern,CA,,( E ( Shell ),102 N Pearson Rd,Proper,,False,,False,N Pearson Rd,,None,,
Pearsonville ( 93527 ) Pearsonville Truck Stop ( Shell ),5 760-377-5353 102 N Pearson Rd ( E of US 395 ),24 M <U+2610> <U+2610> <U+25A1>,Pearsonville,93527,Pearsonville Truck Stop ( Shell ),760-377-5353,2014,Inyokern,CA,Shell,( E of US 395 ),102 N Pearson Rd,Proper,,False,,False,N Pearson Rd,,None,,
G Pearsonville ( 93527 ) Pearsonville Truck Stop ( Shell ),760-377-5353 102 N Pearson Rd ( E of US 395 ),24 HRG M <U+2610> <U+2610> <U+2610>,Pearsonville,93527,Pearsonville Truck Stop ( Shell ),760-377-5353,2015,Inyokern,CA,Shell,( E of US 395 ),102 N Pearson Rd,Proper,,False,,False,N Pearson Rd,,None,,
G Pearsonville ( 93527 ) Pearsonville Truck Stop ( Shell ),5 760-377-5353 102 N Pearson Rd ( E of US 395 ),HRS M <U+2610> <U+2610> <U+2610> <U+25A1>,Pearsonville,93527,Pearsonville Truck Stop ( Shell ),760-377-5353,2016,Inyokern,CA,Shell,( E of US 395 ),102 N Pearson Rd,Proper,,False,,False,N Pearson Rd,,None,,
"Pearblossom , 93553 Pearblossom Chevron",661-944-0455 13030 CA 138,24 L <U+2610>,Pearblossom,93553,Pearblossom Chevron,661-944-0455,2006,Pearblossom,CA,Chevron,,13030 CA 138,Proper,,False,,False,CA 138,,None,,
"Pearblossom , 93553 Pearblossom Chevron of CA 46 )",661-944-0455 13030 CA 138,FRS L,Pearblossom,93553,Pearblossom Chevron of CA 46 ),661-944-0455,2007,Pearblossom,CA,Chevron,,13030 CA 138,Proper,,False,,False,CA 138,,None,,
"Pearblossom , 93553 Pearblossom Chevron ( Chevron / CFN )",5 661-944-0455 13030 CA 138,24 D B,Pearblossom,93553,Pearblossom Chevron ( Chevron / CFN ),661-944-0455,2008,Pearblossom,CA,Chevron,,13030 CA 138,Proper,,False,,False,CA 138,,None,,
Pearblossom ( 93553 ) Pearblossom Chevron ( CFN Cardlock ),661-944-0455 13030 CA 138,24 L D,Pearblossom,93553,Pearblossom Chevron ( CFN Cardlock ),661-944-0455,2014,Pearblossom,CA,Chevron,,13030 CA 138,Proper,,False,,False,CA 138,,None,,
Pearblossom ( 93553 ) Pearblossom Chevron ( CFN Cardlock ),5 661-944-0455 13030 CA 138,24 L <U+2610> O,Pearblossom,93553,Pearblossom Chevron ( CFN Cardlock ),661-944-0455,2015,Pearblossom,CA,Chevron,,13030 CA 138,Proper,,False,,False,CA 138,,None,,
H Pearblossom ( 93553 ) Pearblossom Chevron ( CFN ),5 661-944-0455 13030 CA 138,HRS 24 72 L <U+2610> <U+2610> <U+25A1> O,Pearblossom,93553,Pearblossom Chevron ( CFN ),661-944-0455,2016,Pearblossom,CA,Chevron,,13030 CA 138,Proper,,False,,False,CA 138,,None,,
"F Chowchilla , 93610 Ahmed's Exxon",559-665-4146 CA 99 Exit 167 ( Ave 24 W ),A,Chowchilla,93610,Ahmed's Exxon,559-665-4146,2006,Chowchilla,CA,Exxon,( Ave 24 W ),CA 99 Exit 167 ,Exit,167,False,,False,CA 99,,None,,
"Chowchilla , 93610 Ahmed's Exxon",559-665-4146 CA 99 Exit 167 ( Ave 24 W ),S - - -,Chowchilla,93610,Ahmed's Exxon,559-665-4146,2007,Chowchilla,CA,Exxon,( Ave 24 W ),CA 99 Exit 167 ,Exit,167,False,,False,CA 99,,None,,
"F Chowchilla , 936.10 Ahmed's Exxon",3 559-665-4146 CA 99 Exit 167 ( Ave 24 W ),24 HRS S,Chowchilla,93610,,559-665-4146,2008,Chowchilla,CA,,( Ave 24 W ),CA 99 Exit 167 ,Exit,167,False,,False,CA 99,,None,,
F Chowchilla ( 93610 ) United Park Truck Stop ( Valero ),559-665-4146 CA 99 Exit 167 ( Ave 24 W ),HRO 24 <U+2610> <U+2610> <U+2610> <U+2610>,Chowchilla,93610,United Park Truck Stop ( Valero ),559-665-4146,2014,Chowchilla,CA,Valero,( Ave 24 W ),CA 99 Exit 167 ,Exit,167,False,,False,CA 99,,None,,
F Chowchilla ( 93610 ) United Park Truck Stop ( Valero ),3 559-665-4146 CA 99 Exit 167 ( Ave 24 W ),124 HRS 24 S,Chowchilla,93610,United Park Truck Stop ( Valero ),559-665-4146,2015,Chowchilla,CA,Valero,( Ave 24 W ),CA 99 Exit 167 ,Exit,167,False,,False,CA 99,,None,,
Chowchilla ( 93610 ) United Park Truck Stop ( Valero ),559-665-4146 CA 99 Exit 167 ( Ave 24 W ),2.4 S,Chowchilla,93610,United Park Truck Stop ( Valero ),559-665-4146,2016,Chowchilla,CA,Valero,( Ave 24 W ),CA 99 Exit 167 ,Exit,167,False,,False,CA 99,,None,,
"F Firebaugh , 93622 MBP Travel Plaza ( Chevron )",209-364-6437 I-5 Exit 385 ( Nees Ave ),HRS 24 M,Firebaugh,93622,MBP Travel Plaza ( Chevron ),209-364-6437,2006,Firebaugh,CA,BP,( Nees Ave ),I-5 Exit 385 ,Exit,385,False,,False,I-5,,None,,
"F Firebaugh , 93622 MBP Travel Plaza ( Chevron )",209-364-6437 I-5 Exit 385 ( Nees Ave ),HRS 24 M <U+2610>,Firebaugh,93622,MBP Travel Plaza ( Chevron ),209-364-6437,2007,Firebaugh,CA,BP,( Nees Ave ),I-5 Exit 385 ,Exit,385,False,,False,I-5,,None,,
"F Firebaugh , 93622 MBP Travel Plaza ( Chevron )",3 209-364-6437 I-5 Exit 385 ( Nees Ave ),HRS 24 225 M,Firebaugh,93622,MBP Travel Plaza ( Chevron ),209-364-6437,2008,Firebaugh,CA,BP,( Nees Ave ),I-5 Exit 385 ,Exit,385,False,,False,I-5,,None,,
Firebaugh ( 93622 ) Firebaugh Travel Plaza ( Chevron ),209-364-6437 I-5 Exit 385 ( Nees Ave ),24 MO D,Firebaugh,93622,Firebaugh Travel Plaza ( Chevron ),209-364-6437,2014,Firebaugh,CA,Chevron,( Nees Ave ),I-5 Exit 385 ,Exit,385,False,,False,I-5,,None,,
Firebaugh ( 93622 ) Firebaugh Travel rights Plaza reserved ( Chevron .,3 209-364-6437 I-5 Exit 385 ( ),"24 M """,Firebaugh,93622,Firebaugh Travel rights Plaza reserved ( Chevron .,209-364-6437,2015,Firebaugh,CA,Chevron,( ),I-5 Exit 385 ,Exit,385,False,,False,I-5,,None,,
Firebaugh ( 93622 ) Firebaugh Travel Plaza ( ),209-364-6437 I-5 Exit 385 ( Nees Ave ),24 M 24 32 <U+2610>,Firebaugh,93622,Firebaugh Travel Plaza ( ),209-364-6437,2016,Firebaugh,CA,,( Nees Ave ),I-5 Exit 385 ,Exit,385,False,,False,I-5,,None,,
"F Fowler , 93625 Buford Star Mart # 5 ( Shell ) Rd )",3 559-834-3634 CA 99 Exit 121 ( Manning,HRS 24 XLO <U+2610>,Fowler,93625,Buford Star Mart # 5 ( Shell ) Rd ),559-834-3634,2006,Fowler,CA,Shell,( Manning,CA 99 Exit 121 ,Exit,121,False,,False,CA 99,,None,,
"F Fowler , 93625 Buford Star Mart # 5 ( Shell )",559-834-3634 CA 99 Exit 121 ( Manning Ave ),24 XL00,Fowler,93625,Buford Star Mart # 5 ( Shell ),559-834-3634,2007,Fowler,CA,Shell,( Manning Ave ),CA 99 Exit 121 ,Exit,121,False,,False,CA 99,,None,,
"Fowler , 93625 Buford Star Mart # 5 ( Shell )",3 559-834-3634 CA 99 Exit 121 ( Manning Ave ),24 HRS XL <U+25A0><U+25A0> <U+2610> <U+2610> <U+2610>,Fowler,93625,Buford Star Mart # 5 ( Shell ),559-834-3634,2008,Fowler,CA,Shell,( Manning Ave ),CA 99 Exit 121 ,Exit,121,False,,False,CA 99,,None,,
F Fowler ( 93625 ) Buford Star Mart # 5 ( Shell ),3 559-834-3634 CA 99 Exit 121 ( Manning Ave ),24 XL <U+25A1>,Fowler,93625,Buford Star Mart # 5 ( Shell ),559-834-3634,2014,Fowler,CA,Shell,( Manning Ave ),CA 99 Exit 121 ,Exit,121,False,,False,CA 99,,None,,
F Fowler ( 93625 ) Buford Star 63 Mart ( Citrus # 5 N ( Shell to 16111 ) Valley ),559-834-3634 CA 99 Exit 121 (,24 XL D D DO <U+2610>,Fowler,93625,Buford Star 63 Mart ( Citrus # 5 N ( Shell to 16111 ) Valley ),559-834-3634,2015,Fowler,CA,Shell,(,CA 99 Exit 121 ,Exit,121,False,,False,CA 99,,None,,
F Fowler ( 93625 ) Buford Star Mart ( # 5 N ( Shell to 16111 ) Valley ) .,3 559-834-3634 CA 99 Exit 121 ( 24,24 XL <U+25A1>,Fowler,93625,Buford Star Mart ( # 5 N ( Shell to 16111 ) Valley ) .,559-834-3634,2016,Fowler,CA,Shell,( 24,CA 99 Exit 121 ,Exit,121,False,,False,CA 99,,None,,
"Kingsburg , 93631 Shop & Go ( Exxon )",559-897-3015 CA 99 Exit 109 ( Ave 384 ),45 <U+2610> MOO O,Kingsburg,93631,Shop & Go ( Exxon ),559-897-3015,2006,Kingsburg,CA,Exxon,( Ave 384 ),CA 99 Exit 109 ,Exit,109,False,,False,CA 99,,None,,
", 93631 Go ( Valero )",559-897-3015 Kingsburg CA Shop 99 & Exit 109 ( Ave 384 ),24 000,,93631,Go ( Valero ),559-897-3015,2007,Kingsburg,CA,Valero,( Ave 384 ),Kingsburg CA Shop 99 & Exit 109 ,Exit,109,False,,False,Kingsburg CA,109,None,,
"Kingsburg , 93631 Shop & Go ( Valero ) Rd )",559-897-3015 CA 99 Exit 109 ( Ave 384 ),11029 24 <U+2610> <U+25A1> 00 <U+25A1> <U+2610> <U+2610>,Kingsburg,93631,Shop & Go ( Valero ) Rd ),559-897-3015,2008,Kingsburg,CA,Valero,( Ave 384 ),CA 99 Exit 109 ,Exit,109,False,,False,CA 99,,None,,
Kingsburg ( 93631 ) Shop & Go # 611 ( Valero ),4 559-897-3015 CA 99 Exit 109 ( Ave 384 ),24 S <U+2610>,Kingsburg,93631,Shop & Go # 611 ( Valero ),559-897-3015,2014,Kingsburg,CA,Valero,( Ave 384 ),CA 99 Exit 109 ,Exit,109,False,,False,CA 99,,None,,
Kingsburg ( 93631 ) Shop & Go # 611 ( Valero ),4 559-897-3015 CA 99 Exit 109 ( Ave 384 ),MARS 24 R S D <U+25A1> <U+25A1>,Kingsburg,93631,Shop & Go # 611 ( Valero ),559-897-3015,2015,Kingsburg,CA,Valero,( Ave 384 ),CA 99 Exit 109 ,Exit,109,False,,False,CA 99,,None,,
Kingsburg ( 93631 ) Shop & Go # 278 611 ( ( Wildhorse Valero ) Rd ),559-897-3015 CA 99 Exit 109 ( 24,24 SO <U+25A1>,Kingsburg,93631,Shop & Go # 278 611 ( ( Wildhorse Valero ) Rd ),559-897-3015,2016,Kingsburg,CA,Valero,( 24,CA 99 Exit 109 ,Exit,109,False,,False,CA 99,,None,,
"F San Luis , 93635 Petro : 2 # 46 ( Mobil )",209-827-8020 CA 152 & CA 33 Jct ( W of I-5 Exit 403 B ),B ) 429,San Luis,93635,Petro : 2 # 46 ( Mobil ),209-827-8020,2006,Los Banos,CA,Mobil,( W of I-5 Exit 403 B ),CA 152 & CA 33 Jct,empty,,False,,False,CA 152,CA 33,None,,
"San Luis , 93635 Petro : 2 # 46 ( Mobil ) PETRO",209-827-8020 CA 152 & CA 33 Jct ( W of I-5 Exit 403 B ),B ) 24 RS XL 24,San Luis,93635,Petro : 2 # 46 ( Mobil ) PETRO,209-827-8020,2007,Los Banos,CA,Mobil,( W of I-5 Exit 403 B ),CA 152 & CA 33 Jct,empty,,False,,False,CA 152,CA 33,None,,
"San Luis , 93635 Petro : 2 # 46 ( Mobil )",2 209-827-8020 CA 152 & CA 33 Jct ( W of I-5 Exit 403 B,B ) HRS 24 XL 24,San Luis,93635,Petro : 2 # 46 ( Mobil ),209-827-8020,2008,Los Banos,CA,Mobil,( W of I-5 Exit 403 B,CA 152 & CA 33 Jct,empty,,False,,False,CA 152,CA 33,None,,
F San Luis ( 93635 ) Petro Santa Nella # 346 ( Shell ),2 209-827-8020 CA 152 & CA 33 Jct ( W of I-5 Exit 403 B ),PETRO B ) 24 <U+2610> XL ] ],San Luis,93635,Petro Santa Nella # 346 ( Shell ),209-827-8020,2014,Los Banos,CA,Shell,( W of I-5 Exit 403 B ),CA 152 & CA 33 Jct,empty,,False,,False,CA 152,CA 33,None,,
F San Luis ( 93635 ) Petro Santa Nella # 346 ( Shell ) PETRO,2 209-827-8020 CA 152 & CA 33 Jct ( W of I-5 Exit 403 B ),) 24 XL <U+2610>,San Luis,93635,Petro Santa Nella # 346 ( Shell ) PETRO,209-827-8020,2015,Los Banos,CA,Shell,( W of I-5 Exit 403 B ),CA 152 & CA 33 Jct,empty,,False,,False,CA 152,CA 33,None,,
F San Luis ( 93635 ) Petro Santa Nella # 346 ( Shell ) PETRO,209-827-8020 CA 152 & CA 33 Jct ( W of I-5 Exit 403 B ),) 24 <U+2610> XL,San Luis,93635,Petro Santa Nella # 346 ( Shell ) PETRO,209-827-8020,2016,Los Banos,CA,Shell,( W of I-5 Exit 403 B ),CA 152 & CA 33 Jct,empty,,False,,False,CA 152,CA 33,None,,
"F Madera , 93637 Pilot Travel Center # 365",559-673-3878 CA 99 Exit 159 ( Ave 18-1 / 2 ),N,Madera,93637,Pilot Travel Center # 365,559-673-3878,2006,Madera,CA,Pilot,( Ave 18-1 / 2 ),CA 99 Exit 159 ,Exit,159,False,,False,CA 99,,None,,
"F Madera , 93637 Pilot Travel Center # 365",559-673-3878 CA 99 Exit 159 ( Ave 18-1 / 2 ),24,Madera,93637,Pilot Travel Center # 365,559-673-3878,2007,Madera,CA,Pilot,( Ave 18-1 / 2 ),CA 99 Exit 159 ,Exit,159,False,,False,CA 99,,None,,
"Madera , 93637 Pilot Travel Center # 365",3 559-673-3878 CA 99 Exit 159 ( Ave 18-1 / 2 ),NS 24 L 24,Madera,93637,Pilot Travel Center # 365,559-673-3878,2008,Madera,CA,Pilot,( Ave 18-1 / 2 ),CA 99 Exit 159 ,Exit,159,False,,False,CA 99,,None,,
F Madera ( 93637 ) Pilot Travel Center # 365,559-673-3878 CA 99 Exit 159 ( Ave 18-1 / 2 W ),24,Madera,93637,Pilot Travel Center # 365,559-673-3878,2014,Madera,CA,Pilot,( Ave 18-1 / 2 W ),CA 99 Exit 159 ,Exit,159,False,,False,CA 99,,None,,
F Madera ( 93637 ) Pilot Travel Center # 365,3 559-673-3878 CA 99 Exit 159 ( Ave 18-1 / 2 W ) plot,XL 24,Madera,93637,Pilot Travel Center # 365,559-673-3878,2015,Madera,CA,Pilot,( Ave 18-1 / 2 W ) plot,CA 99 Exit 159 ,Exit,159,False,,False,CA 99,,None,,
Madera ( 93637 ) Pilot Travel Center # 365 plot,3 559-673-3878 CA 99 Exit 159 ( Ave 18-1 / 2 W ),24 XL 24 24,Madera,93637,Pilot Travel Center # 365 plot,559-673-3878,2016,Madera,CA,Pilot,( Ave 18-1 / 2 W ),CA 99 Exit 159 ,Exit,159,False,,False,CA 99,,None,,
"F Selma , 93662 Break Place ( Shell )",559-891-9191 CA Kailey's 99 Exit 115 ( Mountain View ),24 409,Selma,93662,Break Place ( Shell ),559-891-9191,2006,Selma,CA,Shell,( Mountain View ),CA Kailey's 99 Exit 115 ,Exit,115,False,,False,CA Kailey,,None,,
"= FSelma , 93662 Kailey's Break Place ( Shell )",559-891-9191 CA 99 Exit 115 ( Mountain View ),24 24 AS S <U+2610> 000,Selma,93662,Kailey's Break Place ( Shell ),559-891-9191,2007,Selma,CA,Shell,( Mountain View ),CA 99 Exit 115 ,Exit,115,False,,False,CA 99,,None,,
"F Selma , 93662 Selma Shell",3 559-891-9191 CA 99 Exit 115 ( Mountain View ),MRS S <U+25A1> <U+25A1> <U+2610>,Selma,93662,Selma Shell,559-891-9191,2008,Selma,CA,Shell,( Mountain View ),CA 99 Exit 115 ,Exit,115,False,,False,CA 99,,None,,
F Selma ( 93662 ) Mountain View Shell,559-891-9191 CA 99 Exit 115 ( Mountain View W ),223 24 S,Selma,93662,Mountain View Shell,559-891-9191,2014,Selma,CA,Shell,( Mountain View W ),CA 99 Exit 115 ,Exit,115,False,,False,CA 99,,None,,
Selma ( 93662 ) Mountain View Shell,559-891-9191 CA 99 Exit 115 ( Mountain View W ),24 24 S,Selma,93662,Mountain View Shell,559-891-9191,2015,Selma,CA,Shell,( Mountain View W ),CA 99 Exit 115 ,Exit,115,False,,False,CA 99,,None,,
F Selma ( 93662 ) Mountain View Shell,559-891-9191 CA 99 Exit 115 ( Mountain View W ),124 S,Selma,93662,Mountain View Shell,559-891-9191,2016,Selma,CA,Shell,( Mountain View W ),CA 99 Exit 115 ,Exit,115,False,,False,CA 99,,None,,
"F Traver , 93673 RJ Travel Center ( 76 ) )",4 559-238-3801 CA 99 Exit 106 SB / 106 B NB ( Merritt ),24 HRS M <U+2610>,Traver,93673,RJ Travel Center ( 76 ) ),559-238-3801,2006,Traver,CA,,( Merritt ),CA 99 Exit 106 SB / 106 B NB ,Exit,106,False,,False,CA 99,,106,,
"Traver , 93673 RJ Travel Center ( 76 )",4 559-238-3801 CA 99 Exit 106 SB / 106 B NB ( Merritt ),M,Traver,93673,RJ Travel Center ( 76 ),559-238-3801,2007,Traver,CA,,( Merritt ),CA 99 Exit 106 SB / 106 B NB ,Exit,106,False,,False,CA 99,,106,,
"Traver , 93673 RJ Travel Center ( 76 )",41559-238-3801 CA 99 Exit 106 SB / 106 B NB ( Merritt ),) HRS 24 M,Traver,93673,RJ Travel Center ( 76 ),559-238-3801,2008,Traver,CA,,( Merritt ),CA 99 Exit 106 SB / 106 B NB ,Exit,106,False,,False,CA 99,,106,,
F Traver ( 93673 ) RJ Travel Center ( 76 ),559-238-3801 CA 99 Exit 106 B NB / 106 SB ( Merritt ),) 24 DOMO,Traver,93673,RJ Travel Center ( 76 ),559-238-3801,2014,Traver,CA,,( Merritt ),CA 99 Exit 106 B NB / 106 SB ,Exit,106,False,,False,CA 99,,106,,
Traver ( 93673 ) RJ Travel Center ( 76 N ) to 34243 S Chrisman ),559-238-3801 CA 99 Exit 106 B /,24 M,Traver,93673,RJ Travel Center ( 76 N ) to 34243 S Chrisman ),559-238-3801,2015,Traver,CA,,,CA 99 Exit 106 B /,Exit,106,False,,False,CA 99,,None,,
Traver ( 93673 ) RJ Travel Center ( 76 ) S Chrisman ),559-238-3801 CA 99 Exit 106 B NB / 106 SB ( Merritt ),24 22 MOO,Traver,93673,RJ Travel Center ( 76 ) S Chrisman ),559-238-3801,2016,Traver,CA,,( Merritt ),CA 99 Exit 106 B NB / 106 SB ,Exit,106,False,,False,CA 99,,106,,
"F Fresno , 93706 M & S Fuel ( Shell )",559-233-2141 CA 99 Exit 130 ( Jensen Ave ),000 000,Fresno,93706,M & S Fuel ( Shell ),559-233-2141,2006,Fresno,CA,Shell,( Jensen Ave ),CA 99 Exit 130 ,Exit,130,False,,False,CA 99,,None,,
"F Fresno , 93706 M & S Fuel ( Shell )",559-233-2141 CA 99 Exit 130 ( Jensen Ave ),24,Fresno,93706,M & S Fuel ( Shell ),559-233-2141,2007,Fresno,CA,Shell,( Jensen Ave ),CA 99 Exit 130 ,Exit,130,False,,False,CA 99,,None,,
"Fresno , 93706 M & S Fuel ( Shell )",559-233-2141 CA 99 Exit 130 ( Jensen Ave ),24 HRS <U+2610>,Fresno,93706,M & S Fuel ( Shell ),559-233-2141,2008,Fresno,CA,Shell,( Jensen Ave ),CA 99 Exit 130 ,Exit,130,False,,False,CA 99,,None,,
F Fresno ( 93706 ) Flyers # 229 ( Shell ) ),559-233-2141 CA 99 Exit 130 ( Jensen Ave ),24 S <U+2610>,Fresno,93706,Flyers # 229 ( Shell ) ),559-233-2141,2014,Fresno,CA,Shell,( Jensen Ave ),CA 99 Exit 130 ,Exit,130,False,,False,CA 99,,None,,
F Fresno ( 93706 ) Flyers # 229 ( Shell ( Jensen ) Ave E ),3 559-233-2141 CA 99 Exit 130 (,24 2013,Fresno,93706,Flyers # 229 ( Shell ( Jensen ) Ave E ),559-233-2141,2015,Fresno,CA,Shell,(,CA 99 Exit 130 ,Exit,130,False,,False,CA 99,,None,,
F Fresno ( 93706 ) Flyers # 229 ( Shell ( Jensen ) Ave E ),559-233-2141 CA 99 Exit 130 ( Jensen Ave ),pea 24 <U+2610> <U+2610>,Fresno,93706,Flyers # 229 ( Shell ( Jensen ) Ave E ),559-233-2141,2016,Fresno,CA,Shell,( Jensen Ave ),CA 99 Exit 130 ,Exit,130,False,,False,CA 99,,None,,
"Fresno , 93706 Cal Fresno Oil ( 76 )",559-441-1001 CA 99 Exit 130 ( Jensen Ave E ),FRS 000,Fresno,93706,Cal Fresno Oil ( 76 ),559-441-1001,2006,Fresno,CA,,( Jensen Ave E ),CA 99 Exit 130 ,Exit,130,False,,False,CA 99,,None,,
"F Fresno , 93706 Cal Fresno Oil ( 76 )",559-441-1001 CA 99 Exit 130 ( Jensen Ave E ),24 <U+2610>,Fresno,93706,Cal Fresno Oil ( 76 ),559-441-1001,2007,Fresno,CA,,( Jensen Ave E ),CA 99 Exit 130 ,Exit,130,False,,False,CA 99,,None,,
"F Fresno , 93706 Cal Fresno Oil ( 76 )",3 559-441-1001 CA 99 Exit 130 ( Jensen Ave E ),24 HRS <U+2610> <U+2610> <U+2610>,Fresno,93706,Cal Fresno Oil ( 76 ),559-441-1001,2008,Fresno,CA,,( Jensen Ave E ),CA 99 Exit 130 ,Exit,130,False,,False,CA 99,,None,,
F Fresno ( 93706 ) Cal Fresno Oil ( 76 ) SB ),3 559-441-1001 CA 99 Exit 130 ( Jensen Ave E ),24 <U+25A1> <U+2610> <U+25A1> <U+25A1>,Fresno,93706,Cal Fresno Oil ( 76 ) SB ),559-441-1001,2014,Fresno,CA,,( Jensen Ave E ),CA 99 Exit 130 ,Exit,130,False,,False,CA 99,,None,,
F Fresno ( 93706 ) Cal Fresno Oil 127 ( 76 ( Chestnut ) NB / Central SB ),559-441-1001 CA 99 Exit 130 (,") 22 2013 24 "" <U+2610> <U+25A1> <U+25A1>",Fresno,93706,Cal Fresno Oil 127 ( 76 ( Chestnut ) NB / Central SB ),559-441-1001,2015,Fresno,CA,,(,CA 99 Exit 130 ,Exit,130,False,,False,CA 99,,None,,
F Fresno ( 93706 ) Cal Fresno Oil ( 76 ( Chestnut ) NB / Central SB ),559-441-1001 CA 99 Exit 130 ( Jensen E,") 24 "" <U+25A1> <U+2610> <U+2610> <U+25A1>",Fresno,93706,Cal Fresno Oil ( 76 ( Chestnut ) NB / Central SB ),559-441-1001,2016,Fresno,CA,,( Jensen E,CA 99 Exit 130 ,Exit,130,False,,False,CA 99,,None,,
"Fresno , 93722 Seibert's Fuel Center ( Valero )",559-275-0670 CA 99 Exit 136 B ( Princeton Ave ),XL 000 <U+25A1>,Fresno,93722,Seibert's Fuel Center ( Valero ),559-275-0670,2006,Fresno,CA,Valero,( Princeton Ave ),CA 99 Exit 136 B ,Exit,136,False,,False,CA 99,,None,,
"F Fresno , 93722 Seibert's Fuel Center ( Valero )",559-275-0670 CA 99 Exit 136 B ( Princeton Ave ),,Fresno,93722,Seibert's Fuel Center ( Valero ),559-275-0670,2007,Fresno,CA,Valero,( Princeton Ave ),CA 99 Exit 136 B ,Exit,136,False,,False,CA 99,,None,,
"F Fresno , 93722 Seibert's Fuel Center ( Valero )",3 559-275-0670 CA 99 Exit 136 B ( Princeton Ave ),<U+2610><U+2610>,Fresno,93722,Seibert's Fuel Center ( Valero ),559-275-0670,2008,Fresno,CA,Valero,( Princeton Ave ),CA 99 Exit 136 B ,Exit,136,False,,False,CA 99,,None,,
F Fresno ( 93722 ) Seibert's Fuel Center ( Valero ),559-275-0670 CA 99 Exit 136 B ( Princeton Ave ),<U+2610> <U+2610>,Fresno,93722,Seibert's Fuel Center ( Valero ),559-275-0670,2014,Fresno,CA,Valero,( Princeton Ave ),CA 99 Exit 136 B ,Exit,136,False,,False,CA 99,,None,,
Fresno ( 93722 ) Seibert's Fuel Center ( Jensen ( Valero Ave ) ),559-275-0670 CA 99 Exit 136 B (,S D,Fresno,93722,Seibert's Fuel Center ( Jensen ( Valero Ave ) ),559-275-0670,2015,Fresno,CA,Valero,(,CA 99 Exit 136 B ,Exit,136,False,,False,CA 99,,None,,
F Fresno ( 93722 ) Seibert's Fuel Center ( Jensen ( Valero Ave ) ),559-275-0670 CA 99 Exit 136 B (,pea <U+2610> <U+2610> S O,Fresno,93722,Seibert's Fuel Center ( Jensen ( Valero Ave ) ),559-275-0670,2016,Fresno,CA,Valero,(,CA 99 Exit 136 B ,Exit,136,False,,False,CA 99,,None,,
"F Fresno , 93722 E - Z Trip Golden State Plaza",559-276-8001 CA 99 Exit 143 ( Herndon Ave ),XL <U+25A1>,Fresno,93722,E - Z Trip Golden State Plaza,559-276-8001,2006,Fresno,CA,,( Herndon Ave ),CA 99 Exit 143 ,Exit,143,False,,False,CA 99,,None,,
"F Fresno , 93722 E - Z Trip Golden State Plaza",559-276-8001 CA 99 Exit 143 ( Herndon Ave ),24,Fresno,93722,E - Z Trip Golden State Plaza,559-276-8001,2007,Fresno,CA,,( Herndon Ave ),CA 99 Exit 143 ,Exit,143,False,,False,CA 99,,None,,
"F Fresno , 93722 E - Z Trip Golden State Plaza",3 559-276-8001 CA 99 Exit 143 ( Herndon Ave ),24 HRS XL <U+2610><U+2610>,Fresno,93722,E - Z Trip Golden State Plaza,559-276-8001,2008,Fresno,CA,,( Herndon Ave ),CA 99 Exit 143 ,Exit,143,False,,False,CA 99,,None,,
F Fresno ( 93722 ) E - Z Trip Truck Stop,3 559-276-8001 CA 99 Exit 142 ( Herndon Ave E ),24 L <U+2610>,Fresno,93722,E - Z Trip Truck Stop,559-276-8001,2014,Fresno,CA,,( Herndon Ave E ),CA 99 Exit 142 ,Exit,142,False,,False,CA 99,,None,,
F Fresno ( 93722 ) E - Z Trip Truck Stop Ave ),559-276-8001 CA 99 Exit 142 ( Herndon Ave E ),24 L,Fresno,93722,E - Z Trip Truck Stop Ave ),559-276-8001,2015,Fresno,CA,,( Herndon Ave E ),CA 99 Exit 142 ,Exit,142,False,,False,CA 99,,None,,
Fresno ( 93722 ) E - Z Trip Travel Plaza B ( Princeton Ave ),3 559-276-8001 CA 99 Exit 142 ( Herndon,24 <U+25A1>,Fresno,93722,E - Z Trip Travel Plaza B ( Princeton Ave ),559-276-8001,2016,Fresno,CA,,( Herndon,CA 99 Exit 142 ,Exit,142,False,,False,CA 99,,None,,
"F Fresno , 93725 5th Wheel Truck Stop ( Valero Pkwy W ) to Boyce )",559-485-0701 CA 99 Exit 127 ( Chestnut NB / Central ),SB ) 24 MOO,Fresno,93725,5th Wheel Truck Stop ( Valero Pkwy W ) to Boyce ),559-485-0701,2006,Fresno,CA,Valero,( Chestnut NB / Central ),CA 99 Exit 127 ,Exit,127,False,,False,CA 99,,None,,
"F Fresno , 93725 5th Wheel Truck Stop",559-485-0701 CA 99 Exit 127 ( Chestnut NB / Central SB,SB ) 24 S,Fresno,93725,5th Wheel Truck Stop,559-485-0701,2007,Fresno,CA,,( Chestnut NB / Central SB,CA 99 Exit 127 ,Exit,127,False,,False,CA 99,,None,,
"F Fresno , 93725 5th Wheel Truck Stop",3 559-485-0701 CA 99 Exit 127 ( Chestnut NB / Central SB ),) HRS 24 M,Fresno,93725,5th Wheel Truck Stop,559-485-0701,2008,Fresno,CA,,( Chestnut NB / Central SB ),CA 99 Exit 127 ,Exit,127,False,,False,CA 99,,None,,
F Fresno ( 93725 ) 5th Wheel Truck Stop,559-485-0701 CA 99 Exit 127 ( Chestnut NB / Central SB ),SB ) 24 M <U+25A1>,Fresno,93725,5th Wheel Truck Stop,559-485-0701,2014,Fresno,CA,,( Chestnut NB / Central SB ),CA 99 Exit 127 ,Exit,127,False,,False,CA 99,,None,,
Fresno ( 93725 ) 5th Wheel Truck ( Frazier Stop Park ),559-485-0701 CA 99 Exit,") 24 M "" O",Fresno,93725,5th Wheel Truck ( Frazier Stop Park ),559-485-0701,2015,Fresno,CA,,,CA 99 Exit,Exit,,False,,False,CA 99,,None,,
Fresno ( 93725 ) 5th Wheel Truck ( Frazier Stop Park ),559-485-0701 CA 99 Exit 127 (,) M,Fresno,93725,5th Wheel Truck ( Frazier Stop Park ),559-485-0701,2016,Fresno,CA,,(,CA 99 Exit 127 ,Exit,127,False,,False,CA 99,,None,,
"F Fresno , 93725 RVJ's Truck Stop ( Chevron )",559-485-8220 CA 99 Exit 127 ( Chestnut NB / Central SB ),SB ) FRS HRS 24 <U+2610>,Fresno,93725,RVJ's Truck Stop ( Chevron ),559-485-8220,2006,Fresno,CA,Chevron,( Chestnut NB / Central SB ),CA 99 Exit 127 ,Exit,127,False,,False,CA 99,,None,,
"F Fresno , 93725 RVJ's Truck Stop ( Chevron )",559-485-8220 CA 99 Exit 127 ( Chestnut NB / Central SB,SB ) 24,Fresno,93725,RVJ's Truck Stop ( Chevron ),559-485-8220,2007,Fresno,CA,Chevron,( Chestnut NB / Central SB,CA 99 Exit 127 ,Exit,127,False,,False,CA 99,,None,,
"F Fresno , 93725 RVJ's Truck Stop ( Chevron )",3 559-485-8220 CA 99 Exit 127 ( Chestnut NB / Central SB ),) 24 RS,Fresno,93725,RVJ's Truck Stop ( Chevron ),559-485-8220,2008,Fresno,CA,Chevron,( Chestnut NB / Central SB ),CA 99 Exit 127 ,Exit,127,False,,False,CA 99,,None,,
Fresno ( 93725 ) RVJ's Truck Stop ( Chevron ),3 559-485-8220 CA 99 Exit 127 ( Chestnut NB / Central SB ),) 24 <U+2610>,Fresno,93725,RVJ's Truck Stop ( Chevron ),559-485-8220,2014,Fresno,CA,Chevron,( Chestnut NB / Central SB ),CA 99 Exit 127 ,Exit,127,False,,False,CA 99,,None,,
Fresno ( 93725 ) RVJ's Truck 127 Stop ( Chestnut ( Chevron ) NB / Central SB ),3 559-485-8220 CA 99 Exit 127 (,") ) 2.4m <U+25A1> """,Fresno,93725,RVJ's Truck 127 Stop ( Chestnut ( Chevron ) NB / Central SB ),559-485-8220,2015,Fresno,CA,Chevron,(,CA 99 Exit 127 ,Exit,127,False,,False,CA 99,,None,,
Fresno ( 93725 ) RVJ's Truck Stop ( Chestnut ( Chevron ) NB / Central SB ),3 559-485-8220 CA 99 Exit 127 ( Chestnut /,) 24 24 <U+25A1>,Fresno,93725,RVJ's Truck Stop ( Chestnut ( Chevron ) NB / Central SB ),559-485-8220,2016,Fresno,CA,Chevron,( Chestnut /,CA 99 Exit 127 ,Exit,127,False,,False,CA 99,,None,,
"Salinas , 93901 Valley Truck Stop",831-754-1303 US 101 & Airport Blvd W ( N on Terven ),) M,Salinas,93901,Valley Truck Stop,831-754-1303,2006,Salinas,CA,,( N on Terven ),US 101 & Airport Blvd W,empty,,False,,False,US 101,Blvd W,None,,
"F Salinas , 93901 Valley Truck Stop",831-754-1303 US 101 & Airport Blvd W ( N on Terven ),) 0,Salinas,93901,Valley Truck Stop,831-754-1303,2007,Salinas,CA,,( N on Terven ),US 101 & Airport Blvd W,empty,,False,,False,US 101,Blvd W,None,,
"F Salinas , 93901 Valley Truck W Stop Capitol )",2 831-754-1303 US 101 & Airport,) HRS M 24 <U+2610><U+2610>,Salinas,93901,Valley Truck W Stop Capitol ),831-754-1303,2008,Salinas,CA,,,US 101 & Airport,empty,,False,,False,US 101,Airport,None,,
F Salinas ( 93901 ) Valley Truck Stop,2 831-754-1303 US 101 Exit 326 A ( W then N on Terven ),) <U+2610><U+2610>,Salinas,93901,Valley Truck Stop,831-754-1303,2014,Salinas,CA,,( W then N on Terven ),US 101 Exit 326 A ,Exit,326,False,,False,US 101,,None,,
Salinas ( 93901 ) Valley Truck Stop,831-754-1303 US 101 Exit 326 B ( W then S on Terven ),),Salinas,93901,Valley Truck Stop,831-754-1303,2015,Salinas,CA,,( W then S on Terven ),US 101 Exit 326 B ,Exit,326,False,,False,US 101,,None,,
F Salinas ( 93901 ) Valley Truck Stop,2 831-754-1303 US 101 Exit 326 B ( W then S on Terven ) .,) .,Salinas,93901,Valley Truck Stop,831-754-1303,2016,Salinas,CA,,( W then S on Terven ) .,US 101 Exit 326 B ,Exit,326,False,,False,US 101,,None,,
"Salinas , 93901 Pilot Travel Center # 237",831-775-0380 US 101 & S Sanborn W,,Salinas,93901,Pilot Travel Center # 237,831-775-0380,2006,Salinas,CA,Pilot,,US 101 & S Sanborn W,empty,,False,,False,US 101,S Sanborn,None,,
"F Salinas , 93901 Pilot Travel Center # 237 )",831-775-0380 US 101 & S Sanborn W,24 HRS M,Salinas,93901,Pilot Travel Center # 237 ),831-775-0380,2007,Salinas,CA,Pilot,,US 101 & S Sanborn W,empty,,False,,False,US 101,S Sanborn,None,,
"Salinas , 93901 Pilot Travel Center # 237 W ( N on Terven )",2 831-775-0380 US 101 Exit 326 B ( S W,HRS 24 M <U+2610><U+2610><U+2610><U+2610><U+2610>,Salinas,93901,Pilot Travel Center # 237 W ( N on Terven ),831-775-0380,2008,Salinas,CA,Pilot,( S W,US 101 Exit 326 B ,Exit,326,False,,False,US 101,,None,,
F Salinas ( 93901 ) Pilot Travel Center # 237,2 831-775-0380 US 101 Exit 326 B ( S Sanborn W ),Pilot M,Salinas,93901,Pilot Travel Center # 237,831-775-0380,2014,Salinas,CA,Pilot,( S Sanborn W ),US 101 Exit 326 B ,Exit,326,False,,False,US 101,,None,,
Salinas ( 93901 ) Pilot Travel Center # 237,831-775-0380 US 101 Exit 326 B ( W then N on Work ),) 24 M,Salinas,93901,Pilot Travel Center # 237,831-775-0380,2015,Salinas,CA,Pilot,( W then N on Work ),US 101 Exit 326 B ,Exit,326,False,,False,US 101,,None,,
F Salinas ( 93901 ) Pilot Travel Center # 237 Pilot,2 831-775-0380 US 101 Exit 326 B ( W then N on Work ),24 <U+2610> MO 24,Salinas,93901,Pilot Travel Center # 237 Pilot,831-775-0380,2016,Salinas,CA,Pilot,( W then N on Work ),US 101 Exit 326 B ,Exit,326,False,,False,US 101,,None,,
"King City , 93930 Beacon - Valero Truck Stop",831-385-5993 US 101 Exit 278 ( Wildhorse Rd ),24 <U+2610> O 000,King City,93930,Beacon - Valero Truck Stop,831-385-5993,2006,King City,CA,Valero,( Wildhorse Rd ),US 101 Exit 278 ,Exit,278,False,,False,US 101,,None,,
"King City , 93930 Beacon - Valero Truck Stop",831-385-5993 US 101 Exit 278 ( Wildhorse Rd ),24,King City,93930,Beacon - Valero Truck Stop,831-385-5993,2007,King City,CA,Valero,( Wildhorse Rd ),US 101 Exit 278 ,Exit,278,False,,False,US 101,,None,,
"King City , 93930 Valero Truck ( Stop CA 41 )",21831-385-5993 US 101 Exit 278 ( Wildhorse Rd ),11029 HRS 24 M 00,King City,93930,Valero Truck ( Stop CA 41 ),831-385-5993,2008,King City,CA,Valero,( Wildhorse Rd ),US 101 Exit 278 ,Exit,278,False,,False,US 101,,None,,
King City ( 93930 ) Valero Truck Stop # 3005,831-385-5993 US 101 Exit 278 ( Wildhorse Rd ),24 HR3 M <U+25A1>,King City,93930,Valero Truck Stop # 3005,831-385-5993,2014,King City,CA,Valero,( Wildhorse Rd ),US 101 Exit 278 ,Exit,278,False,,False,US 101,,None,,
King City ( 93930 ) Corner Store # 3005 ( Valero ),831-385-5993 US 101 Exit 278 ( Wildhorse Rd ),M <U+25A1>,King City,93930,Corner Store # 3005 ( Valero ),831-385-5993,2015,King City,CA,Valero,( Wildhorse Rd ),US 101 Exit 278 ,Exit,278,False,,False,US 101,,None,,
King City ( 93930 ) Corner Store ( CA # 3005 41 E ( Valero ),831-385-5993 US 101 Exit ),24 M O 0,King City,93930,Corner Store ( CA # 3005 41 E ( Valero ),831-385-5993,2016,King City,CA,Valero,,US 101 Exit ,Exit,,False,,False,US 101,,None,,
"S San Francisco , 94080 Gateway Flyers ( Mobil",650-737-9800 US 101 & Grand Ave ( 1/4 ) mi E ),24 <U+2610> S <U+2610>,San Francisco,94080,Gateway Flyers ( Mobil,650-737-9800,2006,South San Francisco,CA,Mobil,( 1/4 ) mi E ),US 101 & Grand Ave,empty,,False,,False,US 101,Grand Ave,None,,
"S San Francisco , 94080 Gateway Flyers",650-737-9800 US 101 & Grand Ave ( 1/4 mi E ),24 M S,San Francisco,94080,Gateway Flyers,650-737-9800,2007,South San Francisco,CA,,( 1/4 mi E ),US 101 & Grand Ave,empty,,False,,False,US 101,Grand Ave,None,,
"S San Francisco , 94080 Gateway Flyers",650-737-9800 US 101 & Grand Ave ( 1/4 mi E ),24 HRS M,San Francisco,94080,Gateway Flyers,650-737-9800,2008,South San Francisco,CA,,( 1/4 mi E ),US 101 & Grand Ave,empty,,False,,False,US 101,Grand Ave,None,,
South San Francisco ( 94080 ) Flyers # 219 ( Shell ),650-737-9800 US 101 & Grand Ave ( 1/4 mi E ),24 S<U+00B3>,South San Francisco,94080,Flyers # 219 ( Shell ),650-737-9800,2014,South San Francisco,CA,Shell,( 1/4 mi E ),US 101 & Grand Ave,empty,,False,,False,US 101,Grand Ave,None,,
E South San Francisco ( 94080 ) CA Flyers 99 # Exit 219 115 ( Mountain View W ),650-737-9800 US 101 & Grand 24,24 24 S,South San Francisco,94080,CA Flyers 99 # Exit 219 115 ( Mountain View W ),650-737-9800,2015,South San Francisco,CA,,,US 101 & Grand 24,empty,219,False,,False,US 101,Grand 24,None,,
South San Francisco ( 94080 ) Flyers # 219,650-737-9800 US 101 & Grand Ave ( 1/4 mi E ),143 24,South San Francisco,94080,Flyers # 219,650-737-9800,2016,South San Francisco,CA,,( 1/4 mi E ),US 101 & Grand Ave,empty,,False,,False,US 101,Grand Ave,None,,
"Hayward , 94544 Golden Gate Petroleum",510-783-6549 I-880 Exit 25 ( Industrial Pkwy W ),24 XL 000,Hayward,94544,Golden Gate Petroleum,510-783-6549,2006,Hayward,CA,,( Industrial Pkwy W ),I-880 Exit 25 ,Exit,25,False,,False,I-880,,None,,
"Hayward , 94544 Golden Gate Petroleum",510-783-6549 I-880 Exit 25 ( Industrial Pkwy W ),000,Hayward,94544,Golden Gate Petroleum,510-783-6549,2007,Hayward,CA,,( Industrial Pkwy W ),I-880 Exit 25 ,Exit,25,False,,False,I-880,,None,,
"Hayward , 94544 Golden Gate & CA Petroleum 70",21510-783-6549 I-880 Exit 25 (,,Hayward,94544,Golden Gate & CA Petroleum 70,510-783-6549,2008,Hayward,CA,,(,I-880 Exit 25 ,Exit,25,False,,False,I-880,,None,,
Hayward ( 94544 ) Golden Gate,510-783-6549 I-880 X 24 NB / 25 SB ( E on Indust 2 Ruus ),) <U+25A1> <U+2610> <U+25A1>,Hayward,94544,Golden Gate,510-783-6549,2014,Hayward,CA,,( E on Indust 2 Ruus ),I-880 X 24 NB / 25 SB ,Exit,24,False,,False,I-880,,25,,
Hayward ( 94544 ) Golden Gate ( Shell ),510-783-6549 I-880 X 24 NB / 25 SB ( E,) <U+2610> <U+25A1> <U+2610> <U+2610>,Hayward,94544,Golden Gate ( Shell ),510-783-6549,2015,Hayward,CA,Shell,( E,I-880 X 24 NB / 25 SB ,Exit,24,False,,False,I-880,,25,,
Hayward ( 94544 ) Golden Gate ( Shell ),2 / 510-783-6549 I-880 X 24 NB / 25 SB ( E on,) <U+25A1> <U+25A1>,Hayward,94544,Golden Gate ( Shell ),510-783-6549,2016,Hayward,CA,Shell,( E on,I-880 X 24 NB / 25 SB ,Exit,24,False,,False,I-880,,25,,
"Oakland , 94621 SF / Oakland Auto / Truck Plaza ( 76 )",510-569-1624 I-880 Ex 37 ( E to 8255 San Leandro S ),),Oakland,94621,SF / Oakland Auto / Truck Plaza ( 76 ),510-569-1624,2006,Oakland,CA,,( E to 8255 San Leandro S ),I-880 Ex 37 ,Exit,37,False,,False,I-880,,None,,
"E Oakland , 94621 SF / Oakland Auto / Truck Plaza ( 76 )",510-569-1624 I-880 Ex 37 ( E to 8255 San,),Oakland,94621,SF / Oakland Auto / Truck Plaza ( 76 ),510-569-1624,2007,Oakland,CA,,( E to 8255 San,I-880 Ex 37 ,Exit,37,False,,False,I-880,,None,,
"E Oakland , 94621 SF / Oakland Auto / Truck Plaza ( 76 )",510-569-1624 I-880 Ex 37 ( E to 8255 San Leandro S ),),Oakland,94621,SF / Oakland Auto / Truck Plaza ( 76 ),510-569-1624,2008,Oakland,CA,,( E to 8255 San Leandro S ),I-880 Ex 37 ,Exit,37,False,,False,I-880,,None,,
E Oakland ( 94621 ) SF / Oakland Auto / Truck Plaza,"510-569-1624 I-880 X 37 ( Herberger N , San Leandro S )",S ) <U+2610> <U+25A1>,Oakland,94621,SF / Oakland Auto / Truck Plaza,510-569-1624,2014,Oakland,CA,,"( Herberger N , San Leandro S )",I-880 X 37 ,Exit,37,False,,False,I-880,,None,,
Oakland ( 94621 ) SF / Oakland Auto / Truck Plaza,"510-569-1624 I-880 X 37 ( Herberger N ,",S ) <U+2610>,Oakland,94621,SF / Oakland Auto / Truck Plaza,510-569-1624,2015,Oakland,CA,,"( Herberger N ,",I-880 X 37 ,Exit,37,False,,False,I-880,,None,,
Oakland ( 94621 ) SF / Oakland Auto / Truck Plaza,"510-569-1624 I-880 X 37 ( Herberger N , San Leandro S",<U+2610>,Oakland,94621,SF / Oakland Auto / Truck Plaza,510-569-1624,2016,Oakland,CA,,"( Herberger N , San Leandro S",I-880 X 37 ,Exit,37,False,,False,I-880,,None,,
"Gilroy , 95020 The Garlic Farm Center ( Shell )",408-847-5172 CA 101 S & Monterey Rd ( S of CA 152 ),) 24 24 <U+2610> XL <U+2610>,Gilroy,95020,The Garlic Farm Center ( Shell ),408-847-5172,2006,Gilroy,CA,Shell,( S of CA 152 ),CA 101 S & Monterey Rd,empty,,False,,False,CA 101,Monterey Rd,None,,
", 95020 The Garlic Farm Center ( Shell )",FGilroy 2408-847-5172 CA 101 S & Monterey Rd ( S of CA 152 ),) 24 XL,,95020,The Garlic Farm Center ( Shell ),408-847-5172,2007,Gilroy,CA,Shell,( S of CA 152 ),CA 101 S & Monterey Rd,empty,,False,,False,CA 101,Monterey Rd,None,,
"Gilroy , 95020 The Garlic Farm Center ( Shell )",2 408-847-5172 CA 101 S & Monterey Rd ( S of CA 152 ),) 24 HRS XL,Gilroy,95020,The Garlic Farm Center ( Shell ),408-847-5172,2008,Gilroy,CA,Shell,( S of CA 152 ),CA 101 S & Monterey Rd,empty,,False,,False,CA 101,Monterey Rd,None,,
Gilroy ( 95020 ) The Garlic Farm Center ( Shell ),2 408-847-5172 US 101 S & Monterey Rd ( S of CA 152 ),) 24 XL,Gilroy,95020,The Garlic Farm Center ( Shell ),408-847-5172,2014,Gilroy,CA,Shell,( S of CA 152 ),US 101 S & Monterey Rd,empty,,False,,False,US 101,Monterey Rd,None,,
Gilroy ( 95020 ) The Garlic Farm Center ( Shell ) Rd ),2 408-847-5172 US 101 S & Monterey Rd ( S of,24,Gilroy,95020,The Garlic Farm Center ( Shell ) Rd ),408-847-5172,2015,Gilroy,CA,Shell,( S of,US 101 S & Monterey Rd,empty,,False,,False,US 101,Monterey Rd,None,,
Gilroy ( 95020 ) The Garlic Farm Center W ( Leavesley ( Shell Rd ),408-847-5172 US 101 S & ),24 RS L,Gilroy,95020,The Garlic Farm Center W ( Leavesley ( Shell Rd ),408-847-5172,2016,Gilroy,CA,Shell,,US 101 S & ,empty,,False,,False,US 101,,None,,
"Hollister , 95023 Casa de Fruta ( Chevron )",408-842-9316 CA 152,24 S <U+2610>,Hollister,95023,Casa de Fruta ( Chevron ),408-842-9316,2006,Hollister,CA,Chevron,,CA 152,empty,,False,,False,CA 152,,None,,
"F Hollister , 95023 Casa de Fruta ( Chevron )",408-842-9316 CA 152,24,Hollister,95023,Casa de Fruta ( Chevron ),408-842-9316,2007,Hollister,CA,Chevron,,CA 152,empty,,False,,False,CA 152,,None,,
"Hollister , 95023 Casa de 141 ( US 395 N )",408-842-9316 CA 152 Fruta ( Chevron ),24 M 24,Hollister,95023,Casa de 141 ( US 395 N ),408-842-9316,2008,Hollister,CA,,( Chevron ),CA 152 Fruta,empty,,False,,False,CA 152,,None,,
Hollister ( 95023 ) Casa de Diesel ( Chevron ),408-842-9316 CA 152,24 MOO 24,Hollister,95023,Casa de Diesel ( Chevron ),408-842-9316,2014,Hollister,CA,Chevron,,CA 152,empty,,False,,False,CA 152,,None,,
Hollister ( 95023 ) Casa de Diesel ( Chevron ),408-842-9316 CA 152 ),24 M 24,Hollister,95023,Casa de Diesel ( Chevron ),408-842-9316,2015,Hollister,CA,Chevron,,CA 152 ,empty,,False,,False,CA 152,,None,,
Hollister ( 95023 ) Casa de Diesel ( Chevron ),408-842-9316 CA 152,24 R MO HRS 24 FRS 24,Hollister,95023,Casa de Diesel ( Chevron ),408-842-9316,2016,Hollister,CA,Chevron,,CA 152,empty,,False,,False,CA 152,,None,,
"E Santa Clara , 95054 Rotten Robbie # 33",408-988-5407 3471 Lafayette St & Aldo Ave,) M <U+2610> <U+25A1>,Santa Clara,95054,Rotten Robbie # 33,408-988-5407,2006,Santa Clara,CA,,,3471 Lafayette St & Aldo Ave,Proper,,False,,False,Lafayette St,Aldo Ave,None,,
"Santa Clara , 95054 Rotten Robbie # 33",408-988-5407 3471 Lafayette St & Aldo Ave,24 <U+2610>,Santa Clara,95054,Rotten Robbie # 33,408-988-5407,2007,Santa Clara,CA,,,3471 Lafayette St & Aldo Ave,Proper,,False,,False,Lafayette St,Aldo Ave,None,,
"E Santa Clara , 95054 Rotten Robbie # 33",408-988-5407 3471 Lafayette St & Aldo Ave,HRS 24 <U+2610> 00,Santa Clara,95054,Rotten Robbie # 33,408-988-5407,2008,Santa Clara,CA,,,3471 Lafayette St & Aldo Ave,Proper,,False,,False,Lafayette St,Aldo Ave,None,,
Santa Clara ( 95054 ) Rotten Robbie # 33,2 408-988-5407 3471 Lafayette St & Aldo Ave,24 D,Santa Clara,95054,Rotten Robbie # 33,408-988-5407,2014,Santa Clara,CA,,,3471 Lafayette St & Aldo Ave,Proper,,False,,False,Lafayette St,Aldo Ave,None,,
E Santa Clara ( 95054 ) Rotten Robbie # 33,2 408-988-5407 3471 Lafayette St & Aldo Ave,24 <U+25A1>,Santa Clara,95054,Rotten Robbie # 33,408-988-5407,2015,Santa Clara,CA,,,3471 Lafayette St & Aldo Ave,Proper,,False,,False,Lafayette St,Aldo Ave,None,,
Santa Clara ( 95054 ) Rotten Robbie # 33,408-988-5407 3471 Lafayette St & Aldo Ave,24 <U+2610>,Santa Clara,95054,Rotten Robbie # 33,408-988-5407,2016,Santa Clara,CA,,,3471 Lafayette St & Aldo Ave,Proper,,False,,False,Lafayette St,Aldo Ave,None,,
"San Jose , 95112 Western States Oil ( Pacific Pride )",408-292-1041 I-280 Exit 1 ( 10th St ),00,San Jose,95112,Western States Oil ( Pacific Pride ),408-292-1041,2006,San Jose,CA,,( 10th St ),I-280 Exit 1 ,Exit,1,False,,False,I-280,,None,,
"F San Jose , 95112 Western States Oil ( Pacific Pride )",408-292-1041 I-280 Exit 1 ( 10th St ),<U+2610>,San Jose,95112,Western States Oil ( Pacific Pride ),408-292-1041,2007,San Jose,CA,,( 10th St ),I-280 Exit 1 ,Exit,1,False,,False,I-280,,None,,
"San Jose , 95112 Western States Oil ( Pacific Pride St ) )",2 408-292-1041 I-280 Exit 1 ( 10th St ),D,San Jose,95112,Western States Oil ( Pacific Pride St ) ),408-292-1041,2008,San Jose,CA,,( 10th St ),I-280 Exit 1 ,Exit,1,False,,False,I-280,,None,,
F San Jose ( 95112 ) Western States Oil Cardlock ( Pac Pride ),408-292-1041 I-280 Exit 1 ( 10th St ),) D,San Jose,95112,Western States Oil Cardlock ( Pac Pride ),408-292-1041,2014,San Jose,CA,,( 10th St ),I-280 Exit 1 ,Exit,1,False,,False,I-280,,None,,
San Jose ( 95112 ) Western States Oil Cardlock ( Pac Pride ),2 408-292-1041 I-280 Exit 1 ( 10th St ),<U+2610> <U+2610> <U+2610> D,San Jose,95112,Western States Oil Cardlock ( Pac Pride ),408-292-1041,2015,San Jose,CA,,( 10th St ),I-280 Exit 1 ,Exit,1,False,,False,I-280,,None,,
F San Jose ( 95112 ) Western States Oil Cardlock ( Pac Pride ),408-292-1041 I-280 Exit 1 ( 10th St ),<U+2610><U+2610> <U+2610> <U+25A1> <U+2610>,San Jose,95112,Western States Oil Cardlock ( Pac Pride ),408-292-1041,2016,San Jose,CA,,( 10th St ),I-280 Exit 1 ,Exit,1,False,,False,I-280,,None,,
"Stockton , 95205 Vanco Truck & Auto Plaza ( 76 )",209-466-0833 I-5 Exit 471 ( CA 4 W ),HRS 24 HRS <U+2610>,Stockton,95205,Vanco Truck & Auto Plaza ( 76 ),209-466-0833,2006,Stockton,CA,,( CA 4 W ),I-5 Exit 471 ,Exit,471,False,,False,I-5,,None,,
"Stockton , 95205 Vanco Truck & Auto Plaza ( 76 )",209-466-0833 I-5 Exit 471 ( CA 4 W ),48,Stockton,95205,Vanco Truck & Auto Plaza ( 76 ),209-466-0833,2007,Stockton,CA,,( CA 4 W ),I-5 Exit 471 ,Exit,471,False,,False,I-5,,None,,
"E Stockton , 95205 Vanco Truck & Auto Plaza ( 76 )",2 209-466-0833 I-5 Exit 471 ( CA 4 W ),24 HRS M <U+2610> <U+2610>,Stockton,95205,Vanco Truck & Auto Plaza ( 76 ),209-466-0833,2008,Stockton,CA,,( CA 4 W ),I-5 Exit 471 ,Exit,471,False,,False,I-5,,None,,
Stockton ( 95205 ) Vanco Truck & Auto Plaza ( 76 ),209-466-0833 I-5 Exit 471 ( CA 4W ),24 M <U+2610>,Stockton,95205,Vanco Truck & Auto Plaza ( 76 ),209-466-0833,2014,Stockton,CA,,( CA 4W ),I-5 Exit 471 ,Exit,471,False,,False,I-5,,None,,
Stockton ( 95205 ) Vanco Truck 468 & ( French Auto Plaza Camp ( 76 Rd ) SE ),209-466-0833 I-5 Exit 471 ( CA,MO <U+25A1>,Stockton,95205,Vanco Truck 468 & ( French Auto Plaza Camp ( 76 Rd ) SE ),209-466-0833,2015,Stockton,CA,,( CA,I-5 Exit 471 ,Exit,471,False,,False,I-5,,None,,
Stockton ( 95205 ) Vanco Truck & Auto Plaza ( 76 ),2 209-466-0833 I-5 Exit 471 ( CA 4 W ),24 M,Stockton,95205,Vanco Truck & Auto Plaza ( 76 ),209-466-0833,2016,Stockton,CA,,( CA 4 W ),I-5 Exit 471 ,Exit,471,False,,False,I-5,,None,,
"Stockton , 95206 76 Express",209-983-4781 I-5 Exit 468 ( French Camp Rd SE ),24 HRS <U+2610> M,Stockton,95206,76 Express,209-983-4781,2006,Stockton,CA,,( French Camp Rd SE ),I-5 Exit 468 ,Exit,468,False,,False,I-5,,None,,
"Stockton , 95206 76 Express",209-983-4781 I-5 Exit 468 ( French Camp Rd SE ),24 S,Stockton,95206,76 Express,209-983-4781,2007,Stockton,CA,,( French Camp Rd SE ),I-5 Exit 468 ,Exit,468,False,,False,I-5,,None,,
"E Stockton , 95206 76 Express",2 209-983-4781 I-5 Exit 468 ( French Camp Rd SE ),24 S <U+25A1> <U+25A1>,Stockton,95206,76 Express,209-983-4781,2008,Stockton,CA,,( French Camp Rd SE ),I-5 Exit 468 ,Exit,468,False,,False,I-5,,None,,
Stockton ( 95206 ) 76 Express,209-983-4781 I-5 Exit 468 ( French Camp Rd SE ),24 M =,Stockton,95206,76 Express,209-983-4781,2014,Stockton,CA,,( French Camp Rd SE ),I-5 Exit 468 ,Exit,468,False,,False,I-5,,None,,
Stockton ( 95206 ) 76 Express & Grand Ave ( 1/4 mi E ),209-983-4781 I-5 Exit 468 (,24 M,Stockton,95206,76 Express & Grand Ave ( 1/4 mi E ),209-983-4781,2015,Stockton,CA,,(,I-5 Exit 468 ,Exit,468,False,,False,I-5,,None,,
E Stockton ( 95206 ) 76 Express,2 209-983-4781 I-5 Exit 468 ( French Camp Rd SE ) .,24 M,Stockton,95206,76 Express,209-983-4781,2016,Stockton,CA,,( French Camp Rd SE ) .,I-5 Exit 468 ,Exit,468,False,,False,I-5,,None,,
"Acampo , 95220 Jahant Food & Fuel",209-333-6000 CA 99 Exit 271 ( 24323 SB Svc Rd ),24,Acampo,95220,Jahant Food & Fuel,209-333-6000,2006,Acampo,CA,,( 24323 SB Svc Rd ),CA 99 Exit 271 ,Exit,271,False,,False,CA 99,,None,,
"E Acampo , 95220 Jahant Food & Fuel .",209-333-6000 CA 99 Exit 271 ( 24323 SB Svc,43 M <U+2610>,Acampo,95220,Jahant Food & Fuel .,209-333-6000,2007,Acampo,CA,,( 24323 SB Svc,CA 99 Exit 271 ,Exit,271,False,,False,CA 99,,None,,
"Acampo , 95220 Jahant Food & Fuel",209-333-6000 CA 99 Exit 271 ( 24323 SB Svc Rd ),) 24 MOO D,Acampo,95220,Jahant Food & Fuel,209-333-6000,2008,Acampo,CA,,( 24323 SB Svc Rd ),CA 99 Exit 271 ,Exit,271,False,,False,CA 99,,None,,
E Acampo ( 95220 ) Jahant Food & Fuel,2 209-333-6000 CA 99 Exit 271 ( 24323 SB Svc Rd ),24 MOO <U+2610>,Acampo,95220,Jahant Food & Fuel,209-333-6000,2014,Acampo,CA,,( 24323 SB Svc Rd ),CA 99 Exit 271 ,Exit,271,False,,False,CA 99,,None,,
E Acampo ( 95220 ) Jahant Food & Fuel 24,2 209-333-6000 CA 99 Exit 271 ( 24323 SB Svc Rd ),24 M / D,Acampo,95220,Jahant Food & Fuel 24,209-333-6000,2015,Acampo,CA,,( 24323 SB Svc Rd ),CA 99 Exit 271 ,Exit,271,False,,False,CA 99,,None,,
E Acampo ( 95220 ) Jahant Food & Fuel ( Arco ),2 209-333-6000 CA 99 Exit 271 ( 24323 SB Svc Rd ),24 E /,Acampo,95220,Jahant Food & Fuel ( Arco ),209-333-6000,2016,Acampo,CA,,( 24323 SB Svc Rd ),CA 99 Exit 271 ,Exit,271,False,,False,CA 99,,None,,
"Lodi , 95240 Flying J Travel Plaza # 0500079",209-339-4066 I-5 Exit 485 ( CA 12 W ),000,Lodi,95240,Flying J Travel Plaza # 0500079,209-339-4066,2006,Lodi,CA,Flying J,( CA 12 W ),I-5 Exit 485 ,Exit,485,False,,False,I-5,,None,,
"E Lodi , 95240 Flying J Travel Plaza # 0500079",209-339-4066 I-5 Exit 485 ( CA 12 W ) #,HRS 24 XL 22,Lodi,95240,Flying J Travel Plaza # 0500079,209-339-4066,2007,Lodi,CA,Flying J,( CA 12 W ) #,I-5 Exit 485 ,Exit,485,False,,False,I-5,,None,,
"E Lodi , 95240 Flying J Travel Plaza W ) # 0500079",2 209-339-4066 I-5 Exit 485 ( CA 12 W ),HRS 24 XLO,Lodi,95240,Flying J Travel Plaza W ) # 0500079,209-339-4066,2008,Lodi,CA,Flying J,( CA 12 W ),I-5 Exit 485 ,Exit,485,False,,False,I-5,,None,,
E Lodi ( 95240 ) Flying J Travel Plaza # 617,2 209-339-4066 I-5 Exit 485 ( CA 12 E ),24 XLO <U+2610>,Lodi,95240,Flying J Travel Plaza # 617,209-339-4066,2014,Lodi,CA,Flying J,( CA 12 E ),I-5 Exit 485 ,Exit,485,False,,False,I-5,,None,,
E Lodi ( 95240 ) Flying J Travel Plaza # 617,2 209-339-4066 I-5 Exit 485 ( CA 12 E ) FLYING J,J 24 XLO <U+2610> 24,Lodi,95240,Flying J Travel Plaza # 617,209-339-4066,2015,Lodi,CA,Flying J,( CA 12 E ) FLYING J,I-5 Exit 485 ,Exit,485,False,,False,I-5,,None,,
E Lodi ( 95240 ) Flying J Travel Plaza # 617 FLYING,209-339-4066 I-5 Exit 485 ( CA 12 E ),FLYING J 24 XL <U+25A1> 24 24,Lodi,95240,Flying J Travel Plaza # 617 FLYING,209-339-4066,2016,Lodi,CA,Flying J,( CA 12 E ),I-5 Exit 485 ,Exit,485,False,,False,I-5,,None,,
"E Lodi , 95240 3 B's Truck / Auto Plaza ( 76 )",209-369-6391 I-5 Exit 485 ( CA 12 W ),XL M <U+2610>,Lodi,95240,3 B's Truck / Auto Plaza ( 76 ),209-369-6391,2006,Lodi,CA,,( CA 12 W ),I-5 Exit 485 ,Exit,485,False,,False,I-5,,None,,
"E Lodi , 95240 3 B's Truck / Auto Plaza ( 76 )",209-369-6391 I-5 Exit 485 ( CA 12 W ),24 M 2400 00,Lodi,95240,3 B's Truck / Auto Plaza ( 76 ),209-369-6391,2007,Lodi,CA,,( CA 12 W ),I-5 Exit 485 ,Exit,485,False,,False,I-5,,None,,
"E Lodi , 95240 3 B's Truck / Auto Plaza ( 76 )",209-369-6391 I-5 Exit 485 ( CA 12 W ) 24,24 M 240,Lodi,95240,3 B's Truck / Auto Plaza ( 76 ),209-369-6391,2008,Lodi,CA,,( CA 12 W ) 24,I-5 Exit 485 ,Exit,485,False,,False,I-5,,None,,
Lodi ( 95240 ) 3 B's Truck / Auto Plaza ( Sinclair ),2 209-369-6391 I-5 Exit 485 ( CA 12 E ),24 MO 24,Lodi,95240,3 B's Truck / Auto Plaza ( Sinclair ),209-369-6391,2014,Lodi,CA,Sinclair,( CA 12 E ),I-5 Exit 485 ,Exit,485,False,,False,I-5,,None,,
E Lodi ( 95240 ) 3 B's Truck / Auto Plaza ( Sinclair ),2 209-369-6391 I-5 Exit 485 ( CA 12 E ),24 M 1905 24,Lodi,95240,3 B's Truck / Auto Plaza ( Sinclair ),209-369-6391,2015,Lodi,CA,Sinclair,( CA 12 E ),I-5 Exit 485 ,Exit,485,False,,False,I-5,,None,,
E Lodi ( 95240 ) 3 B's Truck / Auto Plaza ( Sinclair ),2 209-369-6391 I-5 Exit 485 ( CA 12 E ),24 MOO 24 <U+25A1> 24 <U+2610> <U+2610>,Lodi,95240,3 B's Truck / Auto Plaza ( Sinclair ),209-369-6391,2016,Lodi,CA,Sinclair,( CA 12 E ),I-5 Exit 485 ,Exit,485,False,,False,I-5,,None,,
"Tracy , 95304 Tracy Truck & Auto Stop ( Texaco )",2 209-832-5006 I-205 Exit 8 ( 3940 N Tracy Blvd ),24 <U+2610> <U+2610>,Tracy,95304,Tracy Truck & Auto Stop ( Texaco ),209-832-5006,2006,Tracy,CA,Texaco,( 3940 N Tracy Blvd ),I-205 Exit 8 ,Exit,8,False,,False,I-205,,None,,
", 95304 Tracy Truck & Auto Stop",ETracy 2209-832-5006 I-205 Exit 8 ( 3940 N Tracy Blvd ),"24 "" M D",,95304,Tracy Truck & Auto Stop,209-832-5006,2007,Tracy,CA,,( 3940 N Tracy Blvd ),I-205 Exit 8 ,Exit,8,False,,False,I-205,,None,,
"Tracy , 95304 Tracy Truck & Auto Stop",2 209-832-5006 I-205 Exit 8 ( 3940 N Tracy Blvd ),HIS 24 S,Tracy,95304,Tracy Truck & Auto Stop,209-832-5006,2008,Tracy,CA,,( 3940 N Tracy Blvd ),I-205 Exit 8 ,Exit,8,False,,False,I-205,,None,,
E Tracy ( 95304 ) Tracy Truck & Auto Stop ( 76 ),2 209-832-5006 I-205 Exit 8 ( 3940 N Tracy Blvd ),24 M <U+2610> <U+2610> <U+2610> <U+2610>,Tracy,95304,Tracy Truck & Auto Stop ( 76 ),209-832-5006,2014,Tracy,CA,,( 3940 N Tracy Blvd ),I-205 Exit 8 ,Exit,8,False,,False,I-205,,None,,
E Tracy ( 95304 ) Tracy Truck & 190 Auto W Stop,209-832-5006 I-205 Exit 8 ( 3940 N,24 MO,Tracy,95304,Tracy Truck & 190 Auto W Stop,209-832-5006,2015,Tracy,CA,,( 3940 N,I-205 Exit 8 ,Exit,8,False,,False,I-205,,None,,
E Tracy ( 95304 ) Tracy Truck & Auto Stop,209-832-5006 I-205 Exit 8 ( 3940 N Tracy Blvd ),24 M O,Tracy,95304,Tracy Truck & Auto Stop,209-832-5006,2016,Tracy,CA,,( 3940 N Tracy Blvd ),I-205 Exit 8 ,Exit,8,False,,False,I-205,,None,,
"E Santa Nella , 95322 TravelCenters of America ( 76 )",209-826-0741 I-5 Exit 407 ( CA 33 ) TA,<U+2610> <U+25A1> <U+25A1>,Santa Nella,95322,TravelCenters of America ( 76 ),209-826-0741,2006,Gustine,CA,TravelCenters,( CA 33 ) TA,I-5 Exit 407 ,Exit,407,False,,False,I-5,,None,,
"E Santa Nella , 95322 TravelCenters of America ( 76 )",209-826-0741 I-5 Exit 407 ( CA 33 ) TA,HRS XL 24,Santa Nella,95322,TravelCenters of America ( 76 ),209-826-0741,2007,Gustine,CA,TravelCenters,( CA 33 ) TA,I-5 Exit 407 ,Exit,407,False,,False,I-5,,None,,
"E Santa Nella , 95322 TravelCenters of America ( 76 )",2 209-826-0741 I-5 Exit 407 ( CA 33 ) TA,24 HRS XL 24,Santa Nella,95322,TravelCenters of America ( 76 ),209-826-0741,2008,Gustine,CA,TravelCenters,( CA 33 ) TA,I-5 Exit 407 ,Exit,407,False,,False,I-5,,None,,
Santa Nella ( 95322 ) TA Santa Nella # 163 ( Shell ),2 209-826-0741 I-5 Exit 407 ( CA 33 NE ),TA 24 <U+2610> XL 24 20,Santa Nella,95322,TA Santa Nella # 163 ( Shell ),209-826-0741,2014,Gustine,CA,Shell,( CA 33 NE ),I-5 Exit 407 ,Exit,407,False,,False,I-5,,None,,
E Santa Nella ( 95322 ) TA Santa Nelia # 163 ( Shell ),209-826-0741 I-5 Exit 407 ( CA 33 NE ),TA 24 <U+2610> XL,Santa Nella,95322,TA Santa Nelia # 163 ( Shell ),209-826-0741,2015,Gustine,CA,Shell,( CA 33 NE ),I-5 Exit 407 ,Exit,407,False,,False,I-5,,None,,
E Santa Nella ( 95322 ) TA Santa Nella # 163 ( Shell ) ZA,209-826-0741 I-5 Exit 407 ( CA 33 NE ),ZA 24 <U+25A1> XL,Santa Nella,95322,TA Santa Nella # 163 ( Shell ) ZA,209-826-0741,2016,Gustine,CA,Shell,( CA 33 NE ),I-5 Exit 407 ,Exit,407,False,,False,I-5,,None,,
"E Santa Nella , 95322 Rotten Robbie # 59",209-826-4418 I-5 Exit 407 ( CA 33 S ),42 XL 200,Santa Nella,95322,Rotten Robbie # 59,209-826-4418,2006,Gustine,CA,,( CA 33 S ),I-5 Exit 407 ,Exit,407,False,,False,I-5,,None,,
"E Santa Nella , 95322 Rotten Robbie # 59",209-826-4418 I-5 Exit 407 ( CA 33 S ),L 00,Santa Nella,95322,Rotten Robbie # 59,209-826-4418,2007,Gustine,CA,,( CA 33 S ),I-5 Exit 407 ,Exit,407,False,,False,I-5,,None,,
"E Santa Nella , 95322 Rotten Robbie # 59",2 209-826-4418 I-5 Exit 407 ( CA 33 S ),HRO 24 L,Santa Nella,95322,Rotten Robbie # 59,209-826-4418,2008,Gustine,CA,,( CA 33 S ),I-5 Exit 407 ,Exit,407,False,,False,I-5,,None,,
Santa Nella ( 95322 ) Rotten Robbie # 59,209-826-4418 I-5 Exit 407 ( CA 33 SW ),24 M <U+25A1>,Santa Nella,95322,Rotten Robbie # 59,209-826-4418,2014,Gustine,CA,,( CA 33 SW ),I-5 Exit 407 ,Exit,407,False,,False,I-5,,None,,
E Santa Nella ( 95322 ) Rotten Robbie # 59,209-826-4418 I-5 Exit 407 ( CA 33 SW ),24 <U+2610> M [,Santa Nella,95322,Rotten Robbie # 59,209-826-4418,2015,Gustine,CA,,( CA 33 SW ),I-5 Exit 407 ,Exit,407,False,,False,I-5,,None,,
Santa Nella ( 95322 ) Rotten Robbie # 59,209-826-4418 I-5 Exit 407 ( CA 33 SW ) .,24 HRS MOO DD,Santa Nella,95322,Rotten Robbie # 59,209-826-4418,2016,Gustine,CA,,( CA 33 SW ) .,I-5 Exit 407 ,Exit,407,False,,False,I-5,,None,,
"E Santa Nella , 95322 Pilot Travel Center # 139",209-827-1399 I-5 Exit 407 ( CA 33 N ),429,Santa Nella,95322,Pilot Travel Center # 139,209-827-1399,2006,Gustine,CA,Pilot,( CA 33 N ),I-5 Exit 407 ,Exit,407,False,,False,I-5,,None,,
"E Santa Nella , 95322 Pilot Travel Center # 139",209-827-1399 I-5 Exit 407 ( CA 33 N ),HRS M,Santa Nella,95322,Pilot Travel Center # 139,209-827-1399,2007,Gustine,CA,Pilot,( CA 33 N ),I-5 Exit 407 ,Exit,407,False,,False,I-5,,None,,
"E Santa Nella , 95322 Pilot Travel Center # 139",2 209-827-1399 I-5 Exit 407 ( CA 33 N ),24 M,Santa Nella,95322,Pilot Travel Center # 139,209-827-1399,2008,Gustine,CA,Pilot,( CA 33 N ),I-5 Exit 407 ,Exit,407,False,,False,I-5,,None,,
Santa Nella ( 95322 ) Love's Travel Stop # 441,209-827-1399 I-5 Exit 407 ( CA 33 NE ),24 <U+2610><U+2610> M,Santa Nella,95322,Love's Travel Stop # 441,209-827-1399,2014,Gustine,CA,Love's,( CA 33 NE ),I-5 Exit 407 ,Exit,407,False,,False,I-5,,None,,
E Santa Nella ( 95322 ) Love's Travel Stop # 441,2 209-827-1399 I-5 Exit 407 ( CA 33 NE ),24 <U+2610> M,Santa Nella,95322,Love's Travel Stop # 441,209-827-1399,2015,Gustine,CA,Love's,( CA 33 NE ),I-5 Exit 407 ,Exit,407,False,,False,I-5,,None,,
E Santa Nella ( 95322 ) Love's Travel Stop # 441,2 209-827-1399 I-5 Exit 407 ( CA 33 NE ),24 <U+25A1> M D24,Santa Nella,95322,Love's Travel Stop # 441,209-827-1399,2016,Gustine,CA,Love's,( CA 33 NE ),I-5 Exit 407 ,Exit,407,False,,False,I-5,,None,,
"Lathrop , 95330 Joe's Travel Plaza",209-982-0341 I-5 Exit 463 ( Lathrop Rd ),M,Lathrop,95330,Joe's Travel Plaza,209-982-0341,2006,Lathrop,CA,,( Lathrop Rd ),I-5 Exit 463 ,Exit,463,False,,False,I-5,,None,,
"Lathrop , 95330 Joe's Travel Plaza",209-982-0341 I-5 Exit 463 ( Lathrop Rd ),24 BO,Lathrop,95330,Joe's Travel Plaza,209-982-0341,2007,Lathrop,CA,,( Lathrop Rd ),I-5 Exit 463 ,Exit,463,False,,False,I-5,,None,,
"Lathrop , 95330 Joe's Travel Plaza CA 14 & Ave K ) 24",2 209-982-0341 I-5 Exit 463 ( Lathrop Rd ) HRS,24 HRS <U+2610> <U+2610> <U+2610>,Lathrop,95330,Joe's Travel Plaza CA 14 & Ave K ) 24,209-982-0341,2008,Lathrop,CA,,( Lathrop Rd ) HRS,I-5 Exit 463 ,Exit,463,False,,False,I-5,,None,,
E Lathrop ( 95330 ) Joe's Travel Plaza ( Texaco ),2 209-982-0341 I-5 Exit 463 ( Lathrop Rd ),24 <U+2610>,Lathrop,95330,Joe's Travel Plaza ( Texaco ),209-982-0341,2014,Lathrop,CA,Texaco,( Lathrop Rd ),I-5 Exit 463 ,Exit,463,False,,False,I-5,,None,,
E Lathrop ( 95330 ) Joe's Travel Plaza ( Texaco ),2 209-982-0341 I-5 Exit 463 ( Lathrop Rd ),24 24 <U+2610>,Lathrop,95330,Joe's Travel Plaza ( Texaco ),209-982-0341,2015,Lathrop,CA,Texaco,( Lathrop Rd ),I-5 Exit 463 ,Exit,463,False,,False,I-5,,None,,
Lathrop ( 95330 ) Joe's Travel Plaza,209-982-0341 I-5 Exit 463 ( Lathrop Rd ),24 RS <U+2610>,Lathrop,95330,Joe's Travel Plaza,209-982-0341,2016,Lathrop,CA,,( Lathrop Rd ),I-5 Exit 463 ,Exit,463,False,,False,I-5,,None,,
"E Modesto , 95355 Country Girl Truck Stop",2 209-574-0299 CA 99 Exit 223 ( Hatch Rd W - S 7th ),<U+25A1> O,Modesto,95355,Country Girl Truck Stop,209-574-0299,2006,Modesto,CA,,( Hatch Rd W - S 7th ),CA 99 Exit 223 ,Exit,223,False,,False,CA 99,,None,,
"E Modesto , 95355 Country Girl Truck Stop",209-574-0299 CA 99 Exit 223 ( Hatch Rd W - S 7th ),24 HRS MOO,Modesto,95355,Country Girl Truck Stop,209-574-0299,2007,Modesto,CA,,( Hatch Rd W - S 7th ),CA 99 Exit 223 ,Exit,223,False,,False,CA 99,,None,,
"Modesto , 95355 Country Girl Truck Stop",2 209-574-0299 CA 99 Exit 223 ( Hatch Rd W - S 7th ),HAS 24 M +10 <U+25A1>,Modesto,95355,Country Girl Truck Stop,209-574-0299,2008,Modesto,CA,,( Hatch Rd W - S 7th ),CA 99 Exit 223 ,Exit,223,False,,False,CA 99,,None,,
E Modesto ( 95355 ) Modesto Truck Plaza,209-574-0299 CA 99 Exit 223 ( Hatch Rd W - S 7th ),<U+2610>,Modesto,95355,Modesto Truck Plaza,209-574-0299,2014,Modesto,CA,,( Hatch Rd W - S 7th ),CA 99 Exit 223 ,Exit,223,False,,False,CA 99,,None,,
E Modesto ( 95355 ) Modesto Truck Plaza <U+2610>,2 209-574-0299 CA 99 Exit (,<U+2610> S,Modesto,95355,Modesto Truck Plaza <U+2610>,209-574-0299,2015,Modesto,CA,,(,CA 99 Exit ,Exit,,False,,False,CA 99,,None,,
Modesto ( 95355 ) Modesto Truck Plaza,2 209-574-0299 CA 99 Exit 223 ( Hatch Rd W - S 7th ),S S <U+2610>,Modesto,95355,Modesto Truck Plaza,209-574-0299,2016,Modesto,CA,,( Hatch Rd W - S 7th ),CA 99 Exit 223 ,Exit,223,False,,False,CA 99,,None,,
"Ripon , 95366 Love's Travel Stop # 223",209-599-0740 CA 99 Exit 237 ( Jack Tone Rd ),,Ripon,95366,Love's Travel Stop # 223,209-599-0740,2006,Ripon,CA,Love's,( Jack Tone Rd ),CA 99 Exit 237 ,Exit,237,False,,False,CA 99,,None,,
"Ripon , 95366 Love's Travel Stop # 223",209-599-0740 CA 99 Exit 237 ( Jack Tone Rd ),24 HRS L,Ripon,95366,Love's Travel Stop # 223,209-599-0740,2007,Ripon,CA,Love's,( Jack Tone Rd ),CA 99 Exit 237 ,Exit,237,False,,False,CA 99,,None,,
"Ripon , 95366 Love's Travel Stop # 223 / Erlandson )",2 209-599-0740 CA 99 Exit 237 ( Jack Tone ),24 <U+2610><U+2610><U+2610> <U+2610> <U+2610><U+2610>,Ripon,95366,Love's Travel Stop # 223 / Erlandson ),209-599-0740,2008,Ripon,CA,Love's,( Jack Tone ),CA 99 Exit 237 ,Exit,237,False,,False,CA 99,,None,,
E Ripon ( 95366 ) Love's Travel Stop # 223,209-599-0740 CA 99 Exit 237 B ( Jack Tone Rd ),>> 24 LO <U+2610>,Ripon,95366,Love's Travel Stop # 223,209-599-0740,2014,Ripon,CA,Love's,( Jack Tone Rd ),CA 99 Exit 237 B ,Exit,237,False,,False,CA 99,,None,,
E Ripon ( 95366 ) Love's Travel Stop # 223,2 209-599-0740 CA 99 Exit 237 B ( Jack Tone Rd ),24 3P <U+25A1>,Ripon,95366,Love's Travel Stop # 223,209-599-0740,2015,Ripon,CA,Love's,( Jack Tone Rd ),CA 99 Exit 237 B ,Exit,237,False,,False,CA 99,,None,,
E Ripon ( 95366 ) Love's Travel Stop # 223,2 209-599-0740 CA 99 Exit 237 B ( Jack Tone Rd ) .,24 LO <U+2610> 24,Ripon,95366,Love's Travel Stop # 223,209-599-0740,2016,Ripon,CA,Love's,( Jack Tone Rd ) .,CA 99 Exit 237 B ,Exit,237,False,,False,CA 99,,None,,
"Ripon , 95366 Flying J Travel Plaza # 0500075",209-599-4141 CA 99 Exit 237 B ( Jack Tone Rd ),,Ripon,95366,Flying J Travel Plaza # 0500075,209-599-4141,2006,Ripon,CA,Flying J,( Jack Tone Rd ),CA 99 Exit 237 B ,Exit,237,False,,False,CA 99,,None,,
"Ripon , 95366 Flying J Travel Plaza # 0500075 Rd )",209-599-4141 CA 99 Exit 237 B ( Jack Tone ),HRS 24 XL,Ripon,95366,Flying J Travel Plaza # 0500075 Rd ),209-599-4141,2007,Ripon,CA,Flying J,( Jack Tone ),CA 99 Exit 237 B ,Exit,237,False,,False,CA 99,,None,,
"Ripon , 95366 Flying J Travel Plaza ( # 0500075 Tone Rd )",2 209-599-4141 CA 99 Exit 237 B ( Jack Rd,24 XL 24,Ripon,95366,Flying J Travel Plaza ( # 0500075 Tone Rd ),209-599-4141,2008,Ripon,CA,Flying J,( Jack Rd,CA 99 Exit 237 B ,Exit,237,False,,False,CA 99,,None,,
Ripon ( 95366 ) Flying J Travel Plaza # 618 ( Conoco ),2 209-599-4141 CA 99 Exit 237 B ( Jack Tone Rd ),24 XL 24,Ripon,95366,Flying J Travel Plaza # 618 ( Conoco ),209-599-4141,2014,Ripon,CA,Flying J,( Jack Tone Rd ),CA 99 Exit 237 B ,Exit,237,False,,False,CA 99,,None,,
E Ripon ( 95366 ) Flying J Travel Plaza # 618 ( Conoco ),2 209-599-4141 CA 99 Exit 237 B ( Jack Tone Rd ) FLYING J,J 24 XLO 24,Ripon,95366,Flying J Travel Plaza # 618 ( Conoco ),209-599-4141,2015,Ripon,CA,Flying J,( Jack Tone Rd ) FLYING J,CA 99 Exit 237 B ,Exit,237,False,,False,CA 99,,None,,
Ripon ( 95366 ) Flying J Travel Plaza # 618 FLYING,2 209-599-4141 CA 99 Exit 237 B ( Jack Tone Rd ),FLYING J 24 XL 24 24,Ripon,95366,Flying J Travel Plaza # 618 FLYING,209-599-4141,2016,Ripon,CA,Flying J,( Jack Tone Rd ),CA 99 Exit 237 B ,Exit,237,False,,False,CA 99,,None,,
"E Tracy , 95376 Country Mart Diesel & Gas ( 76 )",2 209-832-8642 I-580 Ex 76 B ( 132 N to 34243 S Crisman ),),Tracy,95376,Country Mart Diesel & Gas ( 76 ),209-832-8642,2006,Tracy,CA,,( 132 N to 34243 S Crisman ),I-580 Ex 76 B ,Exit,76,False,,False,I-580,,None,,
"Tracy , 95376 Country Mart Diesel & Gas ( 76 )",2 209-832-8642 I-580 X 76 B ( 132 N to 34243 S Chrisman,24 S S,Tracy,95376,Country Mart Diesel & Gas ( 76 ),209-832-8642,2007,Tracy,CA,,( 132 N to 34243 S Chrisman,I-580 X 76 B ,Exit,76,False,,False,I-580,,None,,
"Tracy , 95376 Country Mart Diesel & Gas ( 76 )",2 209-832-8642 I-580 X 76 B ( 132 N to 34243 S,24 S <U+2610> DO,Tracy,95376,Country Mart Diesel & Gas ( 76 ),209-832-8642,2008,Tracy,CA,,( 132 N to 34243 S,I-580 X 76 B ,Exit,76,False,,False,I-580,,None,,
E Tracy ( 95376 ) Country Mart Diesel & Gas ( 76 ),2 209-832-8642 I-580 X 76 B ( 132 N to 34243 S Chrisman ),) <U+25A1> S 1,Tracy,95376,Country Mart Diesel & Gas ( 76 ),209-832-8642,2014,Tracy,CA,,( 132 N to 34243 S Chrisman ),I-580 X 76 B ,Exit,76,False,,False,I-580,,None,,
E Tracy ( 95376 ) Country Mart Diesel N & Tracy Gas Blvd ( 76 ) ),209-832-8642 I-580 X 76 B ( 132 N to,) 24 S 11 ],Tracy,95376,Country Mart Diesel N & Tracy Gas Blvd ( 76 ) ),209-832-8642,2015,Tracy,CA,,( 132 N to,I-580 X 76 B ,Exit,76,False,,False,I-580,,None,,
Tracy ( 95376 ) Country Mart Diesel & Gas ( 76 ) ),2 209-832-8642 I-580 X 76 B ( 132 N to 34243 S,) 24 S O <U+2610>,Tracy,95376,Country Mart Diesel & Gas ( 76 ) ),209-832-8642,2016,Tracy,CA,,( 132 N to 34243 S,I-580 X 76 B ,Exit,76,False,,False,I-580,,None,,
"Westley , 95387 Westley Triangle Truck Stop ) ( Chevron )",209-894-3000 I-5 Exit 441 ( NE to Rd ),24 HRS XL 00,Westley,95387,Westley Triangle Truck Stop ) ( Chevron ),209-894-3000,2006,Westley,CA,Chevron,( NE to Rd ),I-5 Exit 441 ,Exit,441,False,,False,I-5,,None,,
"Westley , 95387 Westley Triangle Truck Stop",209-894-3000 I-5 Exit 441 ( NE to McCracken Rd ),24 XLO,Westley,95387,Westley Triangle Truck Stop,209-894-3000,2007,Westley,CA,,( NE to McCracken Rd ),I-5 Exit 441 ,Exit,441,False,,False,I-5,,None,,
"Westley , 95387 Westley Triangle ( Howard Truck Rd Stop )",209-894-3000 I-5 Exit 441 ( NE to,24 XL DO,Westley,95387,Westley Triangle ( Howard Truck Rd Stop ),209-894-3000,2008,Westley,CA,,( NE to,I-5 Exit 441 ,Exit,441,False,,False,I-5,,None,,
E Westley ( 95387 ) Westley Triangle Truck Stop,209-894-3000 I-5 Exit 441 ( NE to McCracken Rd ),24 XL <U+25A1>,Westley,95387,Westley Triangle Truck Stop,209-894-3000,2014,Westley,CA,,( NE to McCracken Rd ),I-5 Exit 441 ,Exit,441,False,,False,I-5,,None,,
Westley ( 95387 ) Westley Triangle Truck Stop ),209-894-3000 I-5 Exit 441 ( NE to,M <U+25A1> <U+2610>,Westley,95387,Westley Triangle Truck Stop ),209-894-3000,2015,Westley,CA,,( NE to,I-5 Exit 441 ,Exit,441,False,,False,I-5,,None,,
Westley ( 95387 ) Westley Triangle Truck Stop,209-894-3000 I-5 Exit 441 ( NE to McCracken ),24 M 0,Westley,95387,Westley Triangle Truck Stop,209-894-3000,2016,Westley,CA,,( NE to McCracken ),I-5 Exit 441 ,Exit,441,False,,False,I-5,,None,,
"Westley , 95387 Joe's Travel Plaza )",2 209-894-3040 I-5 Exit 441 ( Howard Rd ),24 HRS <U+2610>,Westley,95387,Joe's Travel Plaza ),209-894-3040,2006,Westley,CA,,( Howard Rd ),I-5 Exit 441 ,Exit,441,False,,False,I-5,,None,,
"Westley , 95387 Joe's Travel Plaza",209-894-3040 I-5 Exit 441 ( Howard Rd ),24 HRS L,Westley,95387,Joe's Travel Plaza,209-894-3040,2007,Westley,CA,,( Howard Rd ),I-5 Exit 441 ,Exit,441,False,,False,I-5,,None,,
"Westley , 95387 Joe's Travel ( S Plaza Weed Blvd )",209-894-3040 I-5 Exit 441 ( 24,24 <U+25A1>,Westley,95387,Joe's Travel ( S Plaza Weed Blvd ),209-894-3040,2008,Westley,CA,,( 24,I-5 Exit 441 ,Exit,441,False,,False,I-5,,None,,
Westley ( 95387 ) Joe's Travel Plaza # 2,209-894-3040 I-5 Exit 441 ( Howard Rd ),24,Westley,95387,Joe's Travel Plaza # 2,209-894-3040,2014,Westley,CA,,( Howard Rd ),I-5 Exit 441 ,Exit,441,False,,False,I-5,,None,,
E Westley ( 95387 ) Joe's Travel Plaza # 2 ),209-894-3040 I-5 Exit 441 ( Howard ),24 <U+25A1> LO 24,Westley,95387,Joe's Travel Plaza # 2 ),209-894-3040,2015,Westley,CA,,( Howard ),I-5 Exit 441 ,Exit,441,False,,False,I-5,,None,,
Westley ( 95387 ) Joe's Travel Plaza # 2,209-894-3040 I-5 Exit 441 ( Howard Rd ),24 L 24,Westley,95387,Joe's Travel Plaza # 2,209-894-3040,2016,Westley,CA,,( Howard Rd ),I-5 Exit 441 ,Exit,441,False,,False,I-5,,None,,
"Santa Rosa , 95407 Rotten Robbie # 60",707-584-9610 US 101 & Todd Rd,FRS,Santa Rosa,95407,Rotten Robbie # 60,707-584-9610,2006,Santa Rosa,CA,,,US 101 & Todd Rd,empty,,False,,False,US 101,Todd Rd,None,,
"Santa Rosa , 95407 Rotten Robbie # 60",707-584-9610 US 101 S & E Todd Rd,000,Santa Rosa,95407,Rotten Robbie # 60,707-584-9610,2007,Santa Rosa,CA,,,US 101 S & E Todd Rd,empty,,False,,False,US 101,E Todd Rd,None,,
"D Santa Rosa , 95407 Rotten Robbie # 60",707-584-9610 US 101 S & E Todd Rd,24 HRS <U+2610><U+2610> <U+25A1> <U+25A1> <U+2610>,Santa Rosa,95407,Rotten Robbie # 60,707-584-9610,2008,Santa Rosa,CA,,,US 101 S & E Todd Rd,empty,,False,,False,US 101,E Todd Rd,None,,
D Santa Rosa ( 95407 ) Rotten Robbie # 60,707-584-9610 US 101 Exit 485 ( Todd Rd E ),D,Santa Rosa,95407,Rotten Robbie # 60,707-584-9610,2014,Santa Rosa,CA,,( Todd Rd E ),US 101 Exit 485 ,Exit,485,False,,False,US 101,,None,,
Santa Rosa ( 95407 ) Rotten Robbie # 60,707-584-9610 US 101 Exit 485 ( Todd Rd E ),<U+2610> <U+2610>,Santa Rosa,95407,Rotten Robbie # 60,707-584-9610,2015,Santa Rosa,CA,,( Todd Rd E ),US 101 Exit 485 ,Exit,485,False,,False,US 101,,None,,
D Santa Rosa ( 95407 ) Rotten Robbie # 60,707-584-9610 US 101 Exit 485 ( Todd Rd E ),24 0,Santa Rosa,95407,Rotten Robbie # 60,707-584-9610,2016,Santa Rosa,CA,,( Todd Rd E ),US 101 Exit 485 ,Exit,485,False,,False,US 101,,None,,
"Lakeport , 95453 Golden Gate Petroleum ( Shell )",707-263-5790 2725 S Main St,""" <U+2610>",Lakeport,95453,Golden Gate Petroleum ( Shell ),707-263-5790,2006,Lakeport,CA,Shell,,2725 S Main St,Proper,,False,,False,S Main St,,None,,
"Lakeport , 95453 Golden Gate Petroleum ( Shell )",707-263-5790 2725 S Main St,00,Lakeport,95453,Golden Gate Petroleum ( Shell ),707-263-5790,2007,Lakeport,CA,Shell,,2725 S Main St,Proper,,False,,False,S Main St,,None,,
"Lakeport , 95453 Golden Gate Petroleum N of ( CA Shell 29 ) & CA 175 )",707-263-5790 2725 S Main St,) <U+2610>,Lakeport,95453,Golden Gate Petroleum N of ( CA Shell 29 ) & CA 175 ),707-263-5790,2008,Lakeport,CA,Shell,,2725 S Main St,Proper,,False,,False,S Main St,,None,,
D Lakeport ( 95453 ) Rotten Robbie # 65,707-263-5790 CA 29 & CA 175 ( NE to S Main St ),<U+2610> <U+25A1>,Lakeport,95453,Rotten Robbie # 65,707-263-5790,2014,Lakeport,CA,,( NE to S Main St ),CA 29 & CA 175,empty,,False,,False,CA 29,CA 175,None,,
Lakeport ( 95453 ) Rotten Robbie # 65,707-263-5790 CA 29 & CA 175 ( NE to S Main St ),<U+2610> <U+25A1>,Lakeport,95453,Rotten Robbie # 65,707-263-5790,2015,Lakeport,CA,,( NE to S Main St ),CA 29 & CA 175,empty,,False,,False,CA 29,CA 175,None,,
D Lakeport ( 95453 ) Rotten Robbie # 65,707-263-5790 CA 29 & CA 175 ( NE to S Main St ),D <U+25A1>,Lakeport,95453,Rotten Robbie # 65,707-263-5790,2016,Lakeport,CA,,( NE to S Main St ),CA 29 & CA 175,empty,,False,,False,CA 29,CA 175,None,,
"B Eureka , 95501 Broadway Gas & Deli ( Conoco",707-442-5507 4050 US 101 ),FRS 24 000 000,Eureka,95501,Broadway Gas & Deli ( Conoco,707-442-5507,2006,Eureka,CA,Conoco,,4050 US 101 ,Proper,,False,,False,US 101,,None,,
"Eureka , 95501 Broadway Gas & Deli ( Conoco )",707-442-5507 4050 US 101,24 000 000,Eureka,95501,Broadway Gas & Deli ( Conoco ),707-442-5507,2007,Eureka,CA,Conoco,,4050 US 101,Proper,,False,,False,US 101,,None,,
"Eureka , 95501 Broadway Gas & Deli ( Conoco )",1 707-442-5507 4050 US 101,24 HRS,Eureka,95501,Broadway Gas & Deli ( Conoco ),707-442-5507,2008,Eureka,CA,Conoco,,4050 US 101,Proper,,False,,False,US 101,,None,,
B Eureka ( 95501 ) Broadway Gas & Deli ( 76 ),707-442-5507 4050 US 101,24 D,Eureka,95501,Broadway Gas & Deli ( 76 ),707-442-5507,2014,Eureka,CA,,,4050 US 101,Proper,,False,,False,US 101,,None,,
B Eureka ( 95501 ) Broadway Gas & Deli ( 76 ),707-442-5507 4050 US 101,24 <U+2610> <U+2610> 0,Eureka,95501,Broadway Gas & Deli ( 76 ),707-442-5507,2015,Eureka,CA,,,4050 US 101,Proper,,False,,False,US 101,,None,,
B Eureka ( 95501 ) Broadway Gas & Deli ( 76 ),707-442-5507 4050 US 101,24 <U+25A1>,Eureka,95501,Broadway Gas & Deli ( 76 ),707-442-5507,2016,Eureka,CA,,,4050 US 101,Proper,,False,,False,US 101,,None,,
"Woodland , 95776 Valero Food Shop","530-666-3117 I-5 Exit 537 ( CA 113 ,",000,Woodland,95776,Valero Food Shop,530-666-3117,2006,Woodland,CA,Valero,"( CA 113 ,",I-5 Exit 537 ,Exit,537,False,,False,I-5,,None,,
"Woodland , 95776 Valero Food Shop","530-666-3117 I-5 Exit 537 ( CA 113 , 1/2 mi S )",24 489 000,Woodland,95776,Valero Food Shop,530-666-3117,2007,Woodland,CA,Valero,"( CA 113 , 1/2 mi S )",I-5 Exit 537 ,Exit,537,False,,False,I-5,,None,,
"Woodland , 95776 Valero Food Shop","530-666-3117 I-5 Exit 537 ( CA 113 ,",24 O,Woodland,95776,Valero Food Shop,530-666-3117,2008,Woodland,CA,Valero,"( CA 113 ,",I-5 Exit 537 ,Exit,537,False,,False,I-5,,None,,
D Woodland ( 95776 ) Chevron Food Shop,"530-666-3117 I-5 Exit 537 ( CA 113 , 1/2 mi S )",24 <U+2610> <U+2610>,Woodland,95776,Chevron Food Shop,530-666-3117,2014,Woodland,CA,Chevron,"( CA 113 , 1/2 mi S )",I-5 Exit 537 ,Exit,537,False,,False,I-5,,None,,
Woodland ( 95776 ) Chevron Food Shop S of CA 1 ),"530-666-3117 I-5 Exit 537 ( CA 113 , 1/2 mi S",24 <U+2610>,Woodland,95776,Chevron Food Shop S of CA 1 ),530-666-3117,2015,Woodland,CA,Chevron,"( CA 113 , 1/2 mi S",I-5 Exit 537 ,Exit,537,False,,False,I-5,,None,,
Woodland ( 95776 ) Chevron Food Shop 1 ) .,"530-666-3117 I-5 Exit 537 ( CA 113 , 1/2 mi S )",24 <U+25A1> <U+2610> <U+2610>,Woodland,95776,Chevron Food Shop 1 ) .,530-666-3117,2016,Woodland,CA,Chevron,"( CA 113 , 1/2 mi S )",I-5 Exit 537 ,Exit,537,False,,False,I-5,,None,,
"Sacramento , 95833 Sacramento 49er Travel Plaza","916-927-4774 I-80 Exit 85 ( W El Camino , 1 mi W of I-5 )",) HRS,Sacramento,95833,Sacramento 49er Travel Plaza,916-927-4774,2006,Sacramento,CA,,"( W El Camino , 1 mi W of I-5 )",I-80 Exit 85 ,Exit,85,False,,False,I-80,,None,,
"Sacramento , 95833 Sacramento 49er Travel Plaza )","916-927-4774 I-80 Exit 85 ( W El Camino , 1 mi W",I-5 ) RS XL,Sacramento,95833,Sacramento 49er Travel Plaza ),916-927-4774,2007,Sacramento,CA,,"( W El Camino , 1 mi W",I-80 Exit 85 ,Exit,85,False,,False,I-80,,None,,
"Sacramento , 95833 Sacramento 49er B Travel ( Jack Plaza Tone Rd )",916-927-4774 I-80 Exit 85 ( W El,) INS 24 XL240,Sacramento,95833,Sacramento 49er B Travel ( Jack Plaza Tone Rd ),916-927-4774,2008,Sacramento,CA,,( W El,I-80 Exit 85 ,Exit,85,False,,False,I-80,,None,,
D Sacramento ( 95833 ) Sacramento 49er ( Pilot # 879 ),"2 916-927-4774 I-80 Exit 85 ( W El Camino , 1 mi W of I-5 )",Pilot ) 24 XL 24,Sacramento,95833,Sacramento 49er ( Pilot # 879 ),916-927-4774,2014,Sacramento,CA,Pilot,"( W El Camino , 1 mi W of I-5 )",I-80 Exit 85 ,Exit,85,False,,False,I-80,,None,,
D Sacramento ( 95833 ) Sacramento 49er ( Pilot # 879 ),"2 916-927-4774 I-80 Exit 85 ( W El Camino , 1 mi W of I-5 Pilot ) .",) . 24 X 24,Sacramento,95833,Sacramento 49er ( Pilot # 879 ),916-927-4774,2015,Sacramento,CA,Pilot,"( W El Camino , 1 mi W of I-5 Pilot ) .",I-80 Exit 85 ,Exit,85,False,,False,I-80,,None,,
Sacramento ( 95833 ) Sacramento 49er ( Pilot # 879 ) Pllat,"916-927-4774 I-80 Exit 85 ( W El Camino , 1 mi W of I-5 )",) 24 RS XL 24 HOS,Sacramento,95833,Sacramento 49er ( Pilot # 879 ) Pllat,916-927-4774,2016,Sacramento,CA,Pilot,"( W El Camino , 1 mi W of I-5 )",I-80 Exit 85 ,Exit,85,False,,False,I-80,,None,,
"Dunnigan , 95937 Pilot Travel Center # 168","530-724-3060 I-5 Exit 554 ( CR 8 , SE Corner )",,Dunnigan,95937,Pilot Travel Center # 168,530-724-3060,2006,Dunnigan,CA,Pilot,"( CR 8 , SE Corner )",I-5 Exit 554 ,Exit,554,False,,False,I-5,,None,,
", 95937 Pilot Travel Center # 168","DDunnigan 2530-724-3060 I-5 Exit 554 ( CR 8 , SE Corner )",,,95937,Pilot Travel Center # 168,530-724-3060,2007,Dunnigan,CA,Pilot,"( CR 8 , SE Corner )",I-5 Exit 554 ,Exit,554,False,,False,I-5,,None,,
"Dunnigan , 95937 Pilot Travel Center # 168","530-724-3060 I-5 Exit 554 ( CR 8 , SE Corner )",24 HRS L,Dunnigan,95937,Pilot Travel Center # 168,530-724-3060,2008,Dunnigan,CA,Pilot,"( CR 8 , SE Corner )",I-5 Exit 554 ,Exit,554,False,,False,I-5,,None,,
D Dunnigan ( 95937 ) Pilot Travel Center # 168,530-724-3060 I-5 Exit 554 ( CR 8 E ),Plat 24,Dunnigan,95937,Pilot Travel Center # 168,530-724-3060,2014,Dunnigan,CA,Pilot,( CR 8 E ),I-5 Exit 554 ,Exit,554,False,,False,I-5,,None,,
D Dunnigan ( 95937 ) Pilot Travel Center # 168,530-724-3060 I-5 Exit 554 ( CR8E ),pilot 24 XL,Dunnigan,95937,Pilot Travel Center # 168,530-724-3060,2015,Dunnigan,CA,Pilot,( CR8E ),I-5 Exit 554 ,Exit,554,False,,False,I-5,,None,,
Dunnigan ( 95937 ) Pilot Travel Center # 168,530-724-3060 I-5 Exit 554 ( CR8E ),Plot 24 XL 24 0,Dunnigan,95937,Pilot Travel Center # 168,530-724-3060,2016,Dunnigan,CA,Pilot,( CR8E ),I-5 Exit 554 ,Exit,554,False,,False,I-5,,None,,
"Orland , 95963 USA Fuel Stop",530-865-9645 I-5 Exit 618 ( South St E ),S,Orland,95963,USA Fuel Stop,530-865-9645,2006,Orland,CA,,( South St E ),I-5 Exit 618 ,Exit,618,False,,False,I-5,,None,,
"Orland , 95963 USA Fuel Stop Ave )",530-865-9645 I-5 Exit 618 ( South E ),24 HRS S,Orland,95963,USA Fuel Stop Ave ),530-865-9645,2007,Orland,CA,,( South E ),I-5 Exit 618 ,Exit,618,False,,False,I-5,,None,,
"Orland , 95963 USA Fuel Stop",21530-865-9645 I-5 Exit 618 ( South St E ),103 24 S 00 <U+2610> <U+2610>,Orland,95963,USA Fuel Stop,530-865-9645,2008,Orland,CA,,( South St E ),I-5 Exit 618 ,Exit,618,False,,False,I-5,,None,,
Orland ( 95963 ) Fuel Stop ( Shell ),2 530-865-9645 I-5 Exit 618 ( South St E ),24 S <U+25A1>,Orland,95963,Fuel Stop ( Shell ),530-865-9645,2014,Orland,CA,Shell,( South St E ),I-5 Exit 618 ,Exit,618,False,,False,I-5,,None,,
Orland ( 95963 ) Fuel Stop ( Shell ) ),530-865-9645 I-5 Exit 618 ( South St E ),24 E D <U+25A1> <U+25A1>,Orland,95963,Fuel Stop ( Shell ) ),530-865-9645,2015,Orland,CA,Shell,( South St E ),I-5 Exit 618 ,Exit,618,False,,False,I-5,,None,,
Orland ( 95963 ) Fuel Stop ( Shell ) ),530-865-9645 I-5 Exit 618 ( South St E ),24 <U+2610> <U+25A1>,Orland,95963,Fuel Stop ( Shell ) ),530-865-9645,2016,Orland,CA,Shell,( South St E ),I-5 Exit 618 ,Exit,618,False,,False,I-5,,None,,
"Oroville , 95965 Gold Nugget 76 Station",3 530-533-9093 CA 70 & Georgia Pacific Way,000,Oroville,95965,Gold Nugget 76 Station,530-533-9093,2006,Oroville,CA,,,CA 70 & Georgia Pacific Way,empty,,False,,False,CA 70,Georgia Pacific Way,None,,
"Oroville , 95965 Gold Nugget 76",530-533-9093 CA 70 & Georgia Station,S 000,Oroville,95965,Gold Nugget 76,530-533-9093,2007,Oroville,CA,,,CA 70 & Georgia Station,empty,,False,,False,CA 70,Georgia Station,None,,
"Oroville , 95965 Royal Mini Mart ( 76 )",31530-533-9093 CA 70 & Georgia Pacific Way,<U+2610> S 00,Oroville,95965,Royal Mini Mart ( 76 ),530-533-9093,2008,Oroville,CA,,,CA 70 & Georgia Pacific Way,empty,,False,,False,CA 70,Georgia Pacific Way,None,,
Oroville ( 95965 ) Royal Mini Mart # 2970 ( 76 ),3 530-533-9093 CA 70 & Georgia Pacific Way E,24 23 S <U+2610>,Oroville,95965,Royal Mini Mart # 2970 ( 76 ),530-533-9093,2014,Oroville,CA,,,CA 70 & Georgia Pacific Way E,empty,,False,,False,CA 70,Way E,None,,
Oroville ( 95965 ) Royal Mini Mart # 2970 E ( 76 ) ),3 530-533-9093 CA 70 & Georgia Pacific,24 T <U+25A1> <U+25A1>,Oroville,95965,Royal Mini Mart # 2970 E ( 76 ) ),530-533-9093,2015,Oroville,CA,,,CA 70 & Georgia Pacific,empty,,False,,False,CA 70,Georgia Pacific,None,,
Oroville ( 95965 ) Royal Mini Mart # 2970 ( 76 ),530-533-9093 CA 70 & Georgia Pacific Way E,24 D,Oroville,95965,Royal Mini Mart # 2970 ( 76 ),530-533-9093,2016,Oroville,CA,,,CA 70 & Georgia Pacific Way E,empty,,False,,False,CA 70,Way E,None,,
"Yuba City , 95991 Hwy 99 Travel Center Town ( Chevron Rd ) )",530-790-0588 4142 CA 99 ( 5 mi S of town,24,Yuba City,95991,Hwy 99 Travel Center Town ( Chevron Rd ) ),530-790-0588,2006,Yuba City,CA,Chevron,( 5 mi S of town,4142 CA 99,Proper,,False,,False,CA 99,,None,,
"Yuba City , 95991 Hwy 99 Travel Center ( Chevron )",530-790-0588 4142 CA 99 ( 5 mi S of town ),HRS,Yuba City,95991,Hwy 99 Travel Center ( Chevron ),530-790-0588,2007,Yuba City,CA,Chevron,( 5 mi S of town ),4142 CA 99,Proper,,False,,False,CA 99,,None,,
"Yuba City , 95991 Hwy 99 Travel ( Ghost Center Town ( Chevron Rd )",530-790-0588 4142 CA 99 ( 5 mi S ),24,Yuba City,95991,Hwy 99 Travel ( Ghost Center Town ( Chevron Rd ),530-790-0588,2008,Yuba City,CA,Chevron,( 5 mi S ),4142 CA 99,Proper,,False,,False,CA 99,,None,,
D Yuba City ( 95991 ) Hwy 99 Travel Center ( Chevron Rd S ) ),2 530-790-0588 4142 CA 99 ( 5 mi S of town ),24,Yuba City,95991,Hwy 99 Travel Center ( Chevron Rd S ) ),530-790-0588,2014,Yuba City,CA,Chevron,( 5 mi S of town ),4142 CA 99,Proper,,False,,False,CA 99,,None,,
D Yuba City ( 95991 ) Hwy 99 Travel ( Ghost Center Town ( Chevron Rd S ) ),530-790-0588 4142 CA 99 ( 5 mi S of ),24 $,Yuba City,95991,Hwy 99 Travel ( Ghost Center Town ( Chevron Rd S ) ),530-790-0588,2015,Yuba City,CA,Chevron,( 5 mi S of ),4142 CA 99,Proper,,False,,False,CA 99,,None,,
Yuba City ( 95991 ) Hwy 99 Travel Center ( Chevron Rd S ) ),530-790-0588 4142 CA 99 ( 5 mi S of town ),24,Yuba City,95991,Hwy 99 Travel Center ( Chevron Rd S ) ),530-790-0588,2016,Yuba City,CA,Chevron,( 5 mi S of town ),4142 CA 99,Proper,,False,,False,CA 99,,None,,
"Redding , 96002 TravelCenters of America ( 76 )",530-221-4760 I-5 Exit 673 ( Knighton Rd ) TA,M,Redding,96002,TravelCenters of America ( 76 ),530-221-4760,2006,Redding,CA,TravelCenters,( Knighton Rd ) TA,I-5 Exit 673 ,Exit,673,False,,False,I-5,,None,,
"Redding , 96002 TravelCenters of America Mt Blvd )",530-221-4760 I-5 Exit 673 ( Knighton ( 76 ),HRS 24 XL HRS 24,Redding,96002,TravelCenters of America Mt Blvd ),530-221-4760,2007,Redding,CA,TravelCenters,( Knighton ( 76 ),I-5 Exit 673 ,Exit,673,False,,False,I-5,,None,,
"Redding , 96002 TravelCenters of America 223 , Bear Mt Blvd )",2 530-221-4760 I-5 Exit 673 ( Knighton ( 76 ),) XL 24,Redding TravelCenters of America,96002,"TravelCenters of America 223 , Bear Mt Blvd )",530-221-4760,2008,Redding,CA,TravelCenters,( Knighton ( 76 ),I-5 Exit 673 ,Exit,673,False,,False,I-5,,None,,
B Redding ( 96002 ) TA Redding # 057 ( Shell ),21530-221-4760 I-5 Exit 673 ( Knighton Rd ),ZA 24 [ T XL 24,Redding,96002,TA Redding # 057 ( Shell ),530-221-4760,2014,Redding,CA,Shell,( Knighton Rd ),I-5 Exit 673 ,Exit,673,False,,False,I-5,,None,,
Redding ( 96002 ) TA Redding # 057 ( Shell ),2 530-221-4760 I-5 Exit 673 ( Knighton Rd ) TA,TA 24 <U+2610> XL,Redding,96002,TA Redding # 057 ( Shell ),530-221-4760,2015,Redding,CA,Shell,( Knighton Rd ) TA,I-5 Exit 673 ,Exit,673,False,,False,I-5,,None,,
B Redding ( 96002 ) TA Redding # 057 ( Shell ),2 530-221-4760 I-5 Exit 673 ( Knighton Rd ),A 24 XLO,Redding,96002,TA Redding # 057 ( Shell ),530-221-4760,2016,Redding,CA,Shell,( Knighton Rd ),I-5 Exit 673 ,Exit,673,False,,False,I-5,,None,,
"Corning , 96021 TravelCenters of America ( Arco )",530-824-4646 I-5 Exit 630 ( South Ave ) TA,HRS 24 24 <U+25A1>,Corning,96021,TravelCenters of America ( Arco ),530-824-4646,2006,Corning,CA,TravelCenters,( South Ave ) TA,I-5 Exit 630 ,Exit,630,False,,False,I-5,,None,,
", 96021 TravelCenters of America ( Arco )",CCorning 2530-824-4646 I-5 Exit 630 ( South Ave ) TA,FRS 24 XL,,96021,TravelCenters of America ( Arco ),530-824-4646,2007,Corning,CA,TravelCenters,( South Ave ) TA,I-5 Exit 630 ,Exit,630,False,,False,I-5,,None,,
"Corning , 96021 TravelCenters of America ( Arco )",2 530-824-4646 I-5 Exit 630 ( South Ave ),24 HRS XL <U+2610> 24 HRS,Corning,96021,TravelCenters of America ( Arco ),530-824-4646,2008,Corning,CA,TravelCenters,( South Ave ),I-5 Exit 630 ,Exit,630,False,,False,I-5,,None,,
Corning ( 96021 ) TA Corning # 040 ( Shell ),530-824-4646 I-5 Exit 630 ( South Ave ),ZA 24 XL,Corning,96021,TA Corning # 040 ( Shell ),530-824-4646,2014,Corning,CA,Shell,( South Ave ),I-5 Exit 630 ,Exit,630,False,,False,I-5,,None,,
Corning ( 96021 ) TA Corning # 040 ( Shell ),2 530-824-4646 I-5 Exit 630 ( South Ave ) TA,TA 24 XLO,Corning,96021,TA Corning # 040 ( Shell ),530-824-4646,2015,Corning,CA,Shell,( South Ave ) TA,I-5 Exit 630 ,Exit,630,False,,False,I-5,,None,,
Corning ( 96021 ) TA Corning # 040 ( Shell ),530-824-4646 I-5 Exit 630 ( South Ave ),24 XL O,Corning,96021,TA Corning # 040 ( Shell ),530-824-4646,2016,Corning,CA,Shell,( South Ave ),I-5 Exit 630 ,Exit,630,False,,False,I-5,,None,,
"Corning , 96021 Petro Stopping Center # 9",530-824-4685 I-5 Exit 630 ( South Ave ),24 D,Corning,96021,Petro Stopping Center # 9,530-824-4685,2006,Corning,CA,,( South Ave ),I-5 Exit 630 ,Exit,630,False,,False,I-5,,None,,
", 96021 Petro Stopping Center # 9",CCorning 2530-824-4685 I-5 Exit 630 ( South Ave ) PETRO,24 L <U+2610> <U+2610>,,96021,Petro Stopping Center # 9,530-824-4685,2007,Corning,CA,,( South Ave ) PETRO,I-5 Exit 630 ,Exit,630,False,,False,I-5,,None,,
"Corning , 96021 Petro Stopping Center # 9",530-824-4685 I-5 Exit 630 ( South Ave ) PETRO,24 HRS LON O,Corning,96021,Petro Stopping Center # 9,530-824-4685,2008,Corning,CA,,( South Ave ) PETRO,I-5 Exit 630 ,Exit,630,False,,False,I-5,,None,,
Corning ( 96021 ) Petro Corning # 309 ( Valero ),2 530-824-4685 I-5 Exit 630 ( South Ave ),PETRO <U+2610> LO 124 223,Corning,96021,Petro Corning # 309 ( Valero ),530-824-4685,2014,Corning,CA,Valero,( South Ave ),I-5 Exit 630 ,Exit,630,False,,False,I-5,,None,,
Corning ( 96021 ) Petro Corning # 309 ( Valero ),530-824-4685 I-5 Exit 630 ( South Ave ),PETRO 24 m LO 24,Corning,96021,Petro Corning # 309 ( Valero ),530-824-4685,2015,Corning,CA,Valero,( South Ave ),I-5 Exit 630 ,Exit,630,False,,False,I-5,,None,,
Corning ( 96021 ) Petro Corning # 309 ( Valero ),530-824-4685 I-5 Exit 630 ( South Ave ),PETRO 24 <U+2610> BLOO 24 HRS,Corning,96021,Petro Corning # 309 ( Valero ),530-824-4685,2016,Corning,CA,Valero,( South Ave ),I-5 Exit 630 ,Exit,630,False,,False,I-5,,None,,
"C Cottonwood , 96022 Cross Country Travel Center ( Shell )",530-347-5353 I-5 Exit 662 ( Bowman Rd ),HRS <U+2610> <U+2610>,Cottonwood,96022,Cross Country Travel Center ( Shell ),530-347-5353,2006,Cottonwood,CA,Shell,( Bowman Rd ),I-5 Exit 662 ,Exit,662,False,,False,I-5,,None,,
"C Cottonwood , 96022 Cross Country Travel Center ( Texaco )",530-347-5353 I-5 Exit 662 ( Bowman Rd ),) HRS 24 S <U+2610>,Cottonwood,96022,Cross Country Travel Center ( Texaco ),530-347-5353,2007,Cottonwood,CA,Texaco,( Bowman Rd ),I-5 Exit 662 ,Exit,662,False,,False,I-5,,None,,
"C Cottonwood , 96022 Cross Country Travel Center ( Texaco )",2 530-347-5353 I-5 Exit 662 ( Bowman Rd ),24 S <U+2610>,Cottonwood,96022,Cross Country Travel Center ( Texaco ),530-347-5353,2008,Cottonwood,CA,Texaco,( Bowman Rd ),I-5 Exit 662 ,Exit,662,False,,False,I-5,,None,,
Cottonwood ( 96022 ) Cross Country Travel Center ( Texaco ),2 530-347-5353 I-5 Exit 662 ( Bowman Rd ),24 S,Cottonwood,96022,Cross Country Travel Center ( Texaco ),530-347-5353,2014,Cottonwood,CA,Texaco,( Bowman Rd ),I-5 Exit 662 ,Exit,662,False,,False,I-5,,None,,
C Cottonwood ( 96022 ) Cottonwood Texaco,530-347-5353 I-5 Exit 662 ( Bowman Rd ),24 SO,Cottonwood,96022,Cottonwood Texaco,530-347-5353,2015,Cottonwood,CA,Texaco,( Bowman Rd ),I-5 Exit 662 ,Exit,662,False,,False,I-5,,None,,
Cottonwood ( 96022 ) Maruli Chevron,530-347-5353 I-5 Exit 662 ( Bowman Rd ),24 SO,Cottonwood,96022,Maruli Chevron,530-347-5353,2016,Cottonwood,CA,Chevron,( Bowman Rd ),I-5 Exit 662 ,Exit,662,False,,False,I-5,,None,,
"B Pollard Flat , 96051 Pollard Flat USA ( Exxon )",530-238-2534 I-5 Exit 712 ( Eagles Roost Rd ),HRS 24 M 24,Pollard Flat,96051,Pollard Flat USA ( Exxon ),530-238-2534,2006,Lakehead,CA,Exxon,( Eagles Roost Rd ),I-5 Exit 712 ,Exit,712,False,,False,I-5,,None,,
"B Pollard Flat , 96051 Pollard Flat USA ( Exxon )",530-238-2534 I-5 Exit 712 ( Eagles ),24 M 24 HRS 475,Pollard Flat,96051,Pollard Flat USA ( Exxon ),530-238-2534,2007,Lakehead,CA,Exxon,( Eagles ),I-5 Exit 712 ,Exit,712,False,,False,I-5,,None,,
"B Pollard Flat , 96051 Pollard Flat USA ( Exxon St E , 415 N",530-238-2534 I-5 Exit 712 ( Eagles ),) HRS 24 M 24 <U+2610><U+2610>,Pollard Flat Pollard Flat SA ( Exxon St,96051,"Pollard Flat USA ( Exxon St E , 415 N",530-238-2534,2008,Lakehead,CA,Exxon,( Eagles ),I-5 Exit 712 ,Exit,712,False,,False,I-5,,None,,
B Pollard Flat ( 96051 ) Pollard Flat Food & Gas,2 530-238-2534 I-5 Exit 712 ( Eagles Roost Rd ),M,Pollard Flat,96051,Pollard Flat Food & Gas,530-238-2534,2014,Lakehead,CA,,( Eagles Roost Rd ),I-5 Exit 712 ,Exit,712,False,,False,I-5,,None,,
B Pollard Flat ( 96051 ) Food & Fuel,2 530-238-2534 I-5 Exit 712 ( Eagles Roost Rd ),M <U+25A1> <U+25A1>,Pollard Flat,96051,Food & Fuel,530-238-2534,2015,Lakehead,CA,,( Eagles Roost Rd ),I-5 Exit 712 ,Exit,712,False,,False,I-5,,None,,
B Pollard Flat ( 96051 ) Pollard Flat Fuel N Park ),530-238-2534 I-5 Exit 712 ( Eagles Roost Rd ),) <U+25A1> M <U+25A1> <U+25A1> <U+2610> <U+25A1>,Pollard Flat,96051,Pollard Flat Fuel N Park ),530-238-2534,2016,Lakehead,CA,,( Eagles Roost Rd ),I-5 Exit 712 ,Exit,712,False,,False,I-5,,None,,
"Weed , 96094 Travelers Travel Plaza",530-938-9600 I-5 Exit 745 ( S Weed Blvd ),<U+2610>,Weed,96094,Travelers Travel Plaza,530-938-9600,2006,Weed,CA,,( S Weed Blvd ),I-5 Exit 745 ,Exit,745,False,,False,I-5,,None,,
"Weed , 96094 Travelers Travel Plaza",530-938-9600 I-5 Exit 745 ( S Weed Blvd ),124 RS M,Weed,96094,Travelers Travel Plaza,530-938-9600,2007,Weed,CA,,( S Weed Blvd ),I-5 Exit 745 ,Exit,745,False,,False,I-5,,None,,
"Weed , 96094 Travelers Publishers Travel . All Plaza rights reserved .",2 530-938-9600 I-5 Exit 745 ( S Weed ) 24,24 = MO <U+2610>,Weed,96094,Travelers Publishers Travel . All Plaza rights reserved .,530-938-9600,2008,Weed,CA,,( S Weed ) 24,I-5 Exit 745 ,Exit,745,False,,False,I-5,,None,,
B Weed ( 96094 ) Pilot Travel Center # 137,2 530-938-9600 I-5 Exit 745 ( S Weed Blvd ),Plot 24 L O,Weed,96094,Pilot Travel Center # 137,530-938-9600,2014,Weed,CA,Pilot,( S Weed Blvd ),I-5 Exit 745 ,Exit,745,False,,False,I-5,,None,,
Weed ( 96094 ) Pilot Travel Center # 137 of I-710 ),530-938-9600 I-5 Exit 745 ( S,Pilot 24 LO,Weed,96094,Pilot Travel Center # 137 of I-710 ),530-938-9600,2015,Weed,CA,Pilot,( S,I-5 Exit 745 ,Exit,745,False,,False,I-5,,None,,
Weed ( 96094 ) Pilot Travel Center # 137,530-938-9600 I-5 Exit 745 ( S Weed Blvd ) Pilot,Pilot 24 24,Weed,96094,Pilot Travel Center # 137,530-938-9600,2016,Weed,CA,Pilot,( S Weed Blvd ) Pilot,I-5 Exit 745 ,Exit,745,False,,False,I-5,,None,,
"Hallelujah Jct , 96105 Hallelujah Junction Market ( Shell )",530-993-0110 US 395 & CA 70,FRS 24 M <U+2610>,Hallelujah Jct,96105,Hallelujah Junction Market ( Shell ),530-993-0110,2006,Chilcoot,CA,Shell,,US 395 & CA 70,empty,,False,,False,US 395,CA 70,None,,
"Hallelujah Jct , 96105 Hallelujah Junction Market ( Shell )",530-993-0110 US 395 & CA 70,FRS 24 M <U+2610>,Hallelujah Jct,96105,Hallelujah Junction Market ( Shell ),530-993-0110,2007,Chilcoot,CA,Shell,,US 395 & CA 70,empty,,False,,False,US 395,CA 70,None,,
"Hallelujah Jnction , 96105 Hallelujah Publishers Junction . All rights reserved .",3 530-993-0110 US 395 & CA 70 Market ( Shell ) 24,24 <U+2610> M LOT,Hallelujah Jnction,96105,Hallelujah Publishers Junction . All rights reserved .,530-993-0110,2008,Chilcoot,CA,,( Shell ) 24,US 395 & CA 70 Market,empty,,False,,False,US 395,CA 70,None,,
Hallelujah Junction ( 96105 ) Hallelujah Junction Market ( Chevron ),3 530-993-0110 US 395 & CA 70,<U+2610> MOO <U+2610>,Hallelujah Junction,96105,Hallelujah Junction Market ( Chevron ),530-993-0110,2014,Chilcoot,CA,Chevron,,US 395 & CA 70,empty,,False,,False,US 395,CA 70,None,,
Hallelujah Junction ( 96105 ) Hallelujah Junction Market E ) ( Chevron ),530-993-0110 US 395 & CA 70,<U+2610> <U+2610> <U+2610>,Hallelujah Junction,96105,Hallelujah Junction Market E ) ( Chevron ),530-993-0110,2015,Chilcoot,CA,Chevron,,US 395 & CA 70,empty,,False,,False,US 395,CA 70,None,,
Hallelujah Junction ( 96105 ) Hallelujah Junction Market Dr ) ( Chevron,3 530-993-0110 US 395 & CA 70 ),<U+2610> <U+2610>,Hallelujah Junction,96105,Hallelujah Junction Market Dr ) ( Chevron,530-993-0110,2016,Chilcoot,CA,Chevron,,US 395 & CA 70 ,empty,,False,,False,US 395,CA 70,None,,
"Aurora , 97002 TravelCenters of America / Portland",503-678-2111 I-5 Exit 278 TA,- S 000 <U+2610> <U+2610> <U+2610> <U+25A1>,Aurora,97002,TravelCenters of America / Portland,503-678-2111,2006,Aurora,OR,TravelCenters,,I-5 Exit 278 TA,Exit,278,False,,False,I-5,,None,,
"Aurora , 97002 TravelCenters of America / Portland",503-678-2111 I-5 Exit 278,<U+2610>,Aurora,97002,TravelCenters of America / Portland,503-678-2111,2007,Aurora,OR,TravelCenters,,I-5 Exit 278,Exit,278,False,,False,I-5,,None,,
"Aurora , 97002 TravelCenters of America / Portland",3 503-678-2111 I-5 Exit 278 TA,HRS 24 XL 24,Aurora,97002,TravelCenters of America / Portland,503-678-2111,2008,Aurora,OR,TravelCenters,,I-5 Exit 278 TA,Exit,278,False,,False,I-5,,None,,
Aurora ( 97002 ) TA Aurora # 056 ( Shell ),3 503-678-2111 I-5 Exit 278 ( West ),A 24 XL <U+2610>,Aurora,97002,TA Aurora # 056 ( Shell ),503-678-2111,2014,Aurora,OR,Shell,( West ),I-5 Exit 278 ,Exit,278,False,,False,I-5,,None,,
B Aurora ( 97002 ) TA Aurora # 056 ( Shell ),503-678-2111 I-5 Exit 278 ( West ) ZA,ZA 24 XL 24,Aurora,97002,TA Aurora # 056 ( Shell ),503-678-2111,2015,Aurora,OR,Shell,( West ) ZA,I-5 Exit 278 ,Exit,278,False,,False,I-5,,None,,
B Aurora ( 97002 ) TA Aurora # 056 ( Shell ),503-678-2111 I-5 Exit 278 ( West ),29 D XL 24,Aurora,97002,TA Aurora # 056 ( Shell ),503-678-2111,2016,Aurora,OR,Shell,( West ),I-5 Exit 278 ,Exit,278,False,,False,I-5,,None,,
"Troutdale , 97060 Flying J Travel Plaza # 0500019",503-665-7741 I-84 Exit 17,45 D,Troutdale,97060,Flying J Travel Plaza # 0500019,503-665-7741,2006,Troutdale,OR,Flying J,,I-84 Exit 17,Exit,17,False,,False,I-84,,None,,
"B Troutdale , 97060 Flying J Travel Plaza # 0500019",3 503-665-7741 I-84 Exit 17,24 M,Troutdale,97060,Flying J Travel Plaza # 0500019,503-665-7741,2007,Troutdale,OR,Flying J,,I-84 Exit 17,Exit,17,False,,False,I-84,,None,,
"B Troutdale , 97060 J Travel Plaza # 0500019",503-665-7741 I-84 Flying Exit 17 #,24,Troutdale,97060,J Travel Plaza # 0500019,503-665-7741,2008,Troutdale,OR,,,I-84 Flying Exit 17 #,Exit,17,False,,False,I-84,,None,,
B Troutdale ( 97060 ) Love's Travel Stop # 449,3 503-665-7741 I-84 Exit 17,24 XL,Troutdale,97060,Love's Travel Stop # 449,503-665-7741,2014,Troutdale,OR,Love's,,I-84 Exit 17,Exit,17,False,,False,I-84,,None,,
B Troutdale ( 97060 ) Love's Travel Stop # 449,3 503-665-7741 I-84 Exit 17,24 XL,Troutdale,97060,Love's Travel Stop # 449,503-665-7741,2015,Troutdale,OR,Love's,,I-84 Exit 17,Exit,17,False,,False,I-84,,None,,
B Troutdale ( 97060 ) Love's Travel Stop # 449,3 503-665-7741 I-84 Exit 17,XLO FRS 24 FRIS 24,Troutdale,97060,Love's Travel Stop # 449,503-665-7741,2016,Troutdale,OR,Love's,,I-84 Exit 17,Exit,17,False,,False,I-84,,None,,
"Troutdale , 97060 TravelCenters of America ( Arco )",503-666-1588 I-84 Exit 17 ( NW Frontage Rd ),000,Troutdale,97060,TravelCenters of America ( Arco ),503-666-1588,2006,Troutdale,OR,TravelCenters,( NW Frontage Rd ),I-84 Exit 17 ,Exit,17,False,,False,I-84,,None,,
"B Troutdale , 97060 TravelCenters of America ( Arco )",503-666-1588 I-84 Exit 17 ( NW Frontage Rd ),RS R,Troutdale,97060,TravelCenters of America ( Arco ),503-666-1588,2007,Troutdale,OR,TravelCenters,( NW Frontage Rd ),I-84 Exit 17 ,Exit,17,False,,False,I-84,,None,,
"B Troutdale , 97060 TravelCenters of America ( Arco )",3 503-666-1588 I-84 Exit 17 ( NW Frontage Rd ),24 XL 24,Troutdale,97060,TravelCenters of America ( Arco ),503-666-1588,2008,Troutdale,OR,TravelCenters,( NW Frontage Rd ),I-84 Exit 17 ,Exit,17,False,,False,I-84,,None,,
B Troutdale ( 97060 ) TA Troutdale # 183 ( Shell ),3 503-666-1588 I-84 Exit 17 ( NW Frontage Rd EB ),24 <U+2610> XL 24,Troutdale,97060,TA Troutdale # 183 ( Shell ),503-666-1588,2014,Troutdale,OR,Shell,( NW Frontage Rd EB ),I-84 Exit 17 ,Exit,17,False,,False,I-84,,None,,
B Troutdale ( 97060 ) TA Troutdale # 183 ( Shell ),3 503-666-1588 I-84 Exit 17 ( NW Frontage Rd EB ) TA,24 XLO NES 24,Troutdale,97060,TA Troutdale # 183 ( Shell ),503-666-1588,2015,Troutdale,OR,Shell,( NW Frontage Rd EB ) TA,I-84 Exit 17 ,Exit,17,False,,False,I-84,,None,,
B Troutdale ( 97060 ) TA Troutdale # 183 ( Shell ) A,503-666-1588 I-84 Exit 17 ( NW Frontage Rd EB ),A 24 24 XL 24 <U+2610> <U+2610> <U+2610>,Troutdale,97060,TA Troutdale # 183 ( Shell ) A,503-666-1588,2016,Troutdale,OR,Shell,( NW Frontage Rd EB ),I-84 Exit 17 ,Exit,17,False,,False,I-84,,None,,
"Biggs Junction , 97065 Pilot Travel Center # 195",541-739-2174 I-84 Exit 104 ( US 97 ),HRS LO XL,Biggs Junction,97065,Pilot Travel Center # 195,541-739-2174,2006,Wasco,OR,Pilot,( US 97 ),I-84 Exit 104 ,Exit,104,False,,False,I-84,,None,,
"B Biggs Junction , 97065 Pilot Travel Center # 195",541-739-2174 I-84 Exit 104 ( US 97 ),24 HRS L,Biggs Junction,97065,Pilot Travel Center # 195,541-739-2174,2007,Wasco,OR,Pilot,( US 97 ),I-84 Exit 104 ,Exit,104,False,,False,I-84,,None,,
"Biggs Junction , 97065 Pilot Travel Center # 195",4 541-739-2174 I-84 Exit 104 ( US 97 ),24 M <U+2610> <U+2610><U+2610><U+2610>,Biggs Junction,97065,Pilot Travel Center # 195,541-739-2174,2008,Wasco,OR,Pilot,( US 97 ),I-84 Exit 104 ,Exit,104,False,,False,I-84,,None,,
B Biggs Junction ( 97065 ) Pilot Travel Center # 195,4 541-739-2174 I-84 Exit 104 ( US 97 ),PRO 24 M,Biggs Junction,97065,Pilot Travel Center # 195,541-739-2174,2014,Wasco,OR,Pilot,( US 97 ),I-84 Exit 104 ,Exit,104,False,,False,I-84,,None,,
B Biggs Junction ( 97065 ) Pilot Travel Center # 195 St ),541-739-2174 I-84 Exit 104 ( US 97 ) Pilat,24 M <U+2610><U+2610><U+2610><U+2610> <U+2610>,Biggs Junction,97065,Pilot Travel Center # 195 St ),541-739-2174,2015,Wasco,OR,Pilot,( US 97 ) Pilat,I-84 Exit 104 ,Exit,104,False,,False,I-84,,None,,
Biggs Junction ( 97065 ) Pilot Travel Center # 195 ),541-739-2174 I-84 Exit 104 ( US 97 ),Pilot 24 <U+2610> M 24,Biggs Junction,97065,Pilot Travel Center # 195 ),541-739-2174,2016,Wasco,OR,Pilot,( US 97 ),I-84 Exit 104 ,Exit,104,False,,False,I-84,,None,,
"Portland , 97211 Jubitz Travel Center",503-283-1111 I-5 Exit 307 ( E to N Vancouver Way ),M N <U+2610> <U+2610>,Portland,97211,Jubitz Travel Center,503-283-1111,2006,Portland,OR,,( E to N Vancouver Way ),I-5 Exit 307 ,Exit,307,False,,False,I-5,,None,,
"Portland , 97211 Jubitz Travel Center",503-283-1111 I-5 Exit 307 ( E to N Vancouver Way ),) 24 XL 240,Portland,97211,Jubitz Travel Center,503-283-1111,2007,Portland,OR,,( E to N Vancouver Way ),I-5 Exit 307 ,Exit,307,False,,False,I-5,,None,,
"B Portland , 97211 Jubitz Travel Center",3 503-283-1111 I-5 Exit 307 ( E to N Vancouver Way ),124 1915 XL 24 O,Portland,97211,Jubitz Travel Center,503-283-1111,2008,Portland,OR,,( E to N Vancouver Way ),I-5 Exit 307 ,Exit,307,False,,False,I-5,,None,,
B Portland ( 97211 ) Jubitz Travel Center,3 503-283-1111 I-5 Exit 307 ( E to N Vancouver Way ),24 XL 24,Portland,97211,Jubitz Travel Center,503-283-1111,2014,Portland,OR,,( E to N Vancouver Way ),I-5 Exit 307 ,Exit,307,False,,False,I-5,,None,,
B Portland ( 97211 ) Jubitz Travel Center,3 503-283-1111 I-5 Exit 307 ( E to N Vancouver Way ) AMDEST,4XL 24,Portland,97211,Jubitz Travel Center,503-283-1111,2015,Portland,OR,,( E to N Vancouver Way ) AMDEST,I-5 Exit 307 ,Exit,307,False,,False,I-5,,None,,
B Portland ( 97211 ) Jubitz Travel Center,503-283-1111 I-5 Exit 307 ( E to N Vancouver Way ),8 XL 24,Portland,97211,Jubitz Travel Center,503-283-1111,2016,Portland,OR,,( E to N Vancouver Way ),I-5 Exit 307 ,Exit,307,False,,False,I-5,,None,,
"Brooks , 97305 Pilot Travel Center # 386",503-463-1114 I-5 Exit 263 ( Brooklake Rd ),HRS 24 HRS MOO,Brooks,97305,Pilot Travel Center # 386,503-463-1114,2006,Salem,OR,Pilot,( Brooklake Rd ),I-5 Exit 263 ,Exit,263,False,,False,I-5,,None,,
"Brooks , 97305 Pilot Travel Center # 386",503-463-1114 I-5 Exit 263 ( Brooklake Rd ),) 24,Brooks,97305,Pilot Travel Center # 386,503-463-1114,2007,Salem,OR,Pilot,( Brooklake Rd ),I-5 Exit 263 ,Exit,263,False,,False,I-5,,None,,
"Brooks , 97305 Pilot Travel Center # 386",2 503-463-1114 I-5 Exit 263 ( Brooklake Rd ),HRS 24 L <U+2610><U+2610>,Brooks,97305,Pilot Travel Center # 386,503-463-1114,2008,Salem,OR,Pilot,( Brooklake Rd ),I-5 Exit 263 ,Exit,263,False,,False,I-5,,None,,
Brooks ( 97305 ) Pilot Travel Center # 386,503-463-1114 I-5 Exit 263 ( Brooklake Rd ),Pilot 24,Brooks,97305,Pilot Travel Center # 386,503-463-1114,2014,Salem,OR,Pilot,( Brooklake Rd ),I-5 Exit 263 ,Exit,263,False,,False,I-5,,None,,
Brooks ( 97305 ) Pilot Travel Center # 386,2 503-463-1114 I-5 Exit 263 ( Brooklake Rd ) Pilot,L,Brooks,97305,Pilot Travel Center # 386,503-463-1114,2015,Salem,OR,Pilot,( Brooklake Rd ) Pilot,I-5 Exit 263 ,Exit,263,False,,False,I-5,,None,,
C Brooks ( 97305 ) Pilot Travel Center # 386 St S ),2 503-463-1114 I-5 Exit 263 ( Brooklake Rd ) pilot,24 24 <U+25A1> <U+25A1>,Brooks,97305,Pilot Travel Center # 386 St S ),503-463-1114,2016,Salem,OR,Pilot,( Brooklake Rd ) pilot,I-5 Exit 263 ,Exit,263,False,,False,I-5,,None,,
"Albany , 97322 Carson Chevron Food Mart",541-924-5726 I-5 Exit 233 ( 4175 Santiam Hwy SE ),HRS 24 S NU <U+2610> <U+2610> <U+2610> <U+2610>,Albany,97322,Carson Chevron Food Mart,541-924-5726,2006,Albany,OR,Chevron,( 4175 Santiam Hwy SE ),I-5 Exit 233 ,Exit,233,False,,False,I-5,,None,,
"Albany , 97322 Carson Chevron Food Mart",541-924-5726 I-5 Exit 233 ( 4175 Santiam Hwy SE ),24 S,Albany,97322,Carson Chevron Food Mart,541-924-5726,2007,Albany,OR,Chevron,( 4175 Santiam Hwy SE ),I-5 Exit 233 ,Exit,233,False,,False,I-5,,None,,
"Albany , 97322 Carson Chevron Food Mart",541-924-5726 I-5 Exit 233 ( 4175 Santiam Hwy SE ),<U+2610> <U+2610>,Albany,97322,Carson Chevron Food Mart,541-924-5726,2008,Albany,OR,Chevron,( 4175 Santiam Hwy SE ),I-5 Exit 233 ,Exit,233,False,,False,I-5,,None,,
Albany ( 97322 ) Carson Chevron Food Mart,541-924-5726 I-5 Exit 233 ( 4175 Santiam Hwy SE ),24 S <U+2610> O,Albany,97322,Carson Chevron Food Mart,541-924-5726,2014,Albany,OR,Chevron,( 4175 Santiam Hwy SE ),I-5 Exit 233 ,Exit,233,False,,False,I-5,,None,,
Albany ( 97322 ) Carson Chevron Food ) Mart,541-924-5726 I-5 Exit 233 ( 4175 Santiam Hwy ),S D,Albany,97322,Carson Chevron Food ) Mart,541-924-5726,2015,Albany,OR,Chevron,( 4175 Santiam Hwy ),I-5 Exit 233 ,Exit,233,False,,False,I-5,,None,,
Albany ( 97322 ) Carson Chevron Food Mart,541-924-5726 I-5 Exit 233 ( 4175 Santiam Hwy ),SO <U+25A1>,Albany,97322,Carson Chevron Food Mart,541-924-5726,2016,Albany,OR,Chevron,( 4175 Santiam Hwy ),I-5 Exit 233 ,Exit,233,False,,False,I-5,,None,,
"Halsey , 97348 Pioneer Villa Truck Plaza ( 76 )",541-369-2801 I-5 Exit 216,,Halsey,97348,Pioneer Villa Truck Plaza ( 76 ),541-369-2801,2006,Halsey,OR,,,I-5 Exit 216,Exit,216,False,,False,I-5,,None,,
"Halsey , 97348 Pioneer Villa Truck Plaza ( 76 )",541-369-2801 I-5 Exit 216,) M,Halsey,97348,Pioneer Villa Truck Plaza ( 76 ),541-369-2801,2007,Halsey,OR,,,I-5 Exit 216,Exit,216,False,,False,I-5,,None,,
"Halsey , 97348 Pioneer Villa Truck Plaza ( 76 )",541-369-2801 I-5 Exit 216,24 HRS XL 24,Halsey,97348,Pioneer Villa Truck Plaza ( 76 ),541-369-2801,2008,Halsey,OR,,,I-5 Exit 216,Exit,216,False,,False,I-5,,None,,
Halsey ( 97348 ) Pioneer Villa Truck Plaza ( 76 ),541-369-2801 I-5 Exit 216,24 XL <U+2610> 24,Halsey,97348,Pioneer Villa Truck Plaza ( 76 ),541-369-2801,2014,Halsey,OR,,,I-5 Exit 216,Exit,216,False,,False,I-5,,None,,
Halsey ( 97348 ) Pioneer Villa Truck Plaza ( 76 ),541-369-2801 I-5 Exit 216,24 XL <U+25A1> 24,Halsey,97348,Pioneer Villa Truck Plaza ( 76 ),541-369-2801,2015,Halsey,OR,,,I-5 Exit 216,Exit,216,False,,False,I-5,,None,,
Halsey ( 97348 ) Pioneer Villa Truck Plaza ( 76 ),541-369-2801 I-5 Exit 216,24 XL <U+2610> 24 TR,Halsey,97348,Pioneer Villa Truck Plaza ( 76 ),541-369-2801,2016,Halsey,OR,,,I-5 Exit 216,Exit,216,False,,False,I-5,,None,,
"Coburg , 97408 TravelCenters of America / Truck ' N Travel",LO 2541-485-2137 I-5 Exit 199,24 HRS XL <U+2610>,Coburg,97408,TravelCenters of America / Truck ' N Travel,541-485-2137,2006,Eugene,OR,TravelCenters,,I-5 Exit 199,Exit,199,False,,False,I-5,,None,,
"5 DCoburg 2541-485-2137 , 97408 I-5 TravelCenters Exit 199 of America",TA,,Coburg,97408,I-5 TravelCenters Exit 199 of America,541-485-2137,2007,Eugene,OR,TravelCenters,,TA,empty,199,False,,False,TA,,None,,
"Coburg , 97408 TA Truck ' N Travel",541-485-2137 I-5 Exit 199 TA,24 X <U+2610> 24,Coburg,97408,TA Truck ' N Travel,541-485-2137,2008,Eugene,OR,,,I-5 Exit 199 TA,Exit,199,False,,False,I-5,,None,,
D Coburg ( 97408 ) TA Coburg # 078 ( Shell ),541-485-2137 I-5 Exit 199,A XL <U+2610>,Coburg,97408,TA Coburg # 078 ( Shell ),541-485-2137,2014,Eugene,OR,Shell,,I-5 Exit 199,Exit,199,False,,False,I-5,,None,,
D Coburg ( 97408 ) TA Coburg # 078 ( Shell ),541-485-2137 I-5 Exit 199,NAS 24 XL,Coburg,97408,TA Coburg # 078 ( Shell ),541-485-2137,2015,Eugene,OR,Shell,,I-5 Exit 199,Exit,199,False,,False,I-5,,None,,
Coburg ( 97408 ) TA Coburg # 078 ( Truck N Travel ),541-485-2137 I-5 Exit 199,4 XLO,Coburg,97408,TA Coburg # 078 ( Truck N Travel ),541-485-2137,2016,Eugene,OR,,,I-5 Exit 199,Exit,199,False,,False,I-5,,None,,
"Coburg , 97408 Fuel - N - Go ( Pac Pride )",541-686-2900 I-5 Exit 199,FRS 24 HRS 24 XL,Coburg,97408,Fuel - N - Go ( Pac Pride ),541-686-2900,2006,Eugene,OR,,,I-5 Exit 199,Exit,199,False,,False,I-5,,None,,
"Coburg , 97408 Fuel - N - Go ( Pac Pride )",541-686-2900 I-5 Exit 199,XL,Coburg,97408,Fuel - N - Go ( Pac Pride ),541-686-2900,2007,Eugene,OR,,,I-5 Exit 199,Exit,199,False,,False,I-5,,None,,
"Coburg , 97408 Fuel - N - Go ( Pac Pride )",541-686-2900 I-5 Exit 199,24 <U+2610><U+2610><U+2610> <U+2610>,Coburg,97408,Fuel - N - Go ( Pac Pride ),541-686-2900,2008,Eugene,OR,,,I-5 Exit 199,Exit,199,False,,False,I-5,,None,,
D Coburg ( 97408 ) Fuel - N - Go Cardlock ( Pac Pride ),541-686-2900 I-5 Exit 199,24,Coburg,97408,Fuel - N - Go Cardlock ( Pac Pride ),541-686-2900,2014,Eugene,OR,,,I-5 Exit 199,Exit,199,False,,False,I-5,,None,,
D Coburg ( 97408 ) Fuel - N - Go Cardlock ( Pac Pride ),541-686-2900 I-5 Exit 199,24 24 <U+2610>,Coburg,97408,Fuel - N - Go Cardlock ( Pac Pride ),541-686-2900,2015,Eugene,OR,,,I-5 Exit 199,Exit,199,False,,False,I-5,,None,,
Coburg ( 97408 ) Fuel - N - Go Cardlock ( Pac,2 541-686-2900 I-5 Exit 199 Pride ),24 <U+2610> <U+2610> <U+2610>,Coburg,97408,Fuel - N - Go Cardlock ( Pac,541-686-2900,2016,Eugene,OR,,,I-5 Exit 199 Pride ,Exit,199,False,,False,I-5,,None,,
"Canyonville , 97417 Seven Feathers Truck / Travel Center",541-839-4868 I-5 Exit 99,M M,Canyonville,97417,Seven Feathers Truck / Travel Center,541-839-4868,2006,Canyonville,OR,,,I-5 Exit 99,Exit,99,False,,False,I-5,,None,,
"F Canyonville , 97417 Seven Feathers Truck / Travel Center",541-839-4868 I-5 Exit 99 W,M 000,Canyonville,97417,Seven Feathers Truck / Travel Center,541-839-4868,2007,Canyonville,OR,,,I-5 Exit 99 W,Exit,99,False,,False,I-5,,None,,
"Canyonville , 97417 Seven Feathers Truck / Travel Center",2 541-839-4868 I-5 Exit 99,24 X 24,Canyonville,97417,Seven Feathers Truck / Travel Center,541-839-4868,2008,Canyonville,OR,,,I-5 Exit 99,Exit,99,False,,False,I-5,,None,,
Canyonville ( 97417 ) Seven Feathers Truck / Travel Center ( BP,541-839-4868 I-5 Exit 99,( BP ) 24 <U+25A1> XL,Canyonville,97417,Seven Feathers Truck / Travel Center ( BP,541-839-4868,2014,Canyonville,OR,BP,,I-5 Exit 99,Exit,99,False,,False,I-5,,None,,
Canyonville ( 97417 ) Seven Feathers Truck / Travel Center,541-839-4868 I-5 Exit 99 AMBEST,24 XL D,Canyonville,97417,Seven Feathers Truck / Travel Center,541-839-4868,2015,Canyonville,OR,,,I-5 Exit 99 AMBEST,Exit,99,False,,False,I-5,,None,,
Canyonville ( 97417 ) Seven Feathers ( Truck / Travel Rd ) Center pilot,541-839-4868 I-5 Exit 99,XL,Canyonville,97417,Seven Feathers ( Truck / Travel Rd ) Center pilot,541-839-4868,2016,Canyonville,OR,,,I-5 Exit 99,Exit,99,False,,False,I-5,,None,,
"Coos Bay , 97420 Bassett Hyland Fuel Center ( Chevron )",541-269-5682 US 101 S ( 1059 Evans Blvd ),FRS FRS 24 24 <U+2610>,Coos Bay,97420,Bassett Hyland Fuel Center ( Chevron ),541-269-5682,2006,Coos Bay,OR,Chevron,( 1059 Evans Blvd ),US 101 S,empty,,False,,False,US 101,,None,,
"Coos Bay , 97420 Bassett Hyland Fuel Center ( Chevron )",541-269-5682 US 101 S ( 1059 Evans Blvd ),L,Coos Bay,97420,Bassett Hyland Fuel Center ( Chevron ),541-269-5682,2007,Coos Bay,OR,Chevron,( 1059 Evans Blvd ),US 101 S,empty,,False,,False,US 101,,None,,
"Coos Bay , 97420 Bassett Hyland Fuel Center ( Chevron",541-269-5682 US 101 S ( 1059 Evans Blvd ) ),24,Coos Bay,97420,Bassett Hyland Fuel Center ( Chevron,541-269-5682,2008,Coos Bay,OR,Chevron,( 1059 Evans Blvd ) ),US 101 S,empty,,False,,False,US 101,,None,,
Coos Bay ( 97420 ) Bassett Hyland Fuel Center ( Chevron ),1 541-269-5682 US 101 S ( 1059 Evans Blvd ),) 24 <U+25A1> <U+25A1>,Coos Bay,97420,Bassett Hyland Fuel Center ( Chevron ),541-269-5682,2014,Coos Bay,OR,Chevron,( 1059 Evans Blvd ),US 101 S,empty,,False,,False,US 101,,None,,
E Coos Bay ( 97420 ) Bassett Hyland Chevron,1 541-269-5682 US 101 S ( 1059 Evans Blvd ),<U+2610> <U+25A1> <U+25A1> <U+25A1>,Coos Bay,97420,Bassett Hyland Chevron,541-269-5682,2015,Coos Bay,OR,Chevron,( 1059 Evans Blvd ),US 101 S,empty,,False,,False,US 101,,None,,
E Coos Bay ( 97420 ) Bassett Hyland Chevron,541-269-5682 US 101 S ( 1059 Evans ),24 22 <U+25A1> <U+25A1> <U+25A1> <U+2610>,Coos Bay,97420,Bassett Hyland Chevron,541-269-5682,2016,Coos Bay,OR,Chevron,( 1059 Evans ),US 101 S,empty,,False,,False,US 101,,None,,
"Cottage Grove , 97424 Market Express ( Chevron",541-942-0105 I-5 Exit 174 ),FRS HRS 24 24 <U+2610>,Cottage Grove,97424,Market Express ( Chevron,541-942-0105,2006,Cottage Grove,OR,Chevron,,I-5 Exit 174 ,Exit,174,False,,False,I-5,,None,,
"Cottage Grove , 97424 Market Express ( Chevron )",541-942-0105 I-5 Exit 174,,Cottage Grove,97424,Market Express ( Chevron ),541-942-0105,2007,Cottage Grove,OR,Chevron,,I-5 Exit 174,Exit,174,False,,False,I-5,,None,,
"E Cottage Grove , 97424 Market Express (",541-942-0105 I-5 Exit 174 Chevron ),24 M <U+25A1> <U+25A1> <U+25A1> <U+25A1>,Cottage Grove,97424,Market Express (,541-942-0105,2008,Cottage Grove,OR,,,I-5 Exit 174 Chevron ,Exit,174,False,,False,I-5,,None,,
Cottage Grove ( 97424 ) Market Express ( Chevron ),541-942-0105 I-5 Exit 174,24 MOO,Cottage Grove,97424,Market Express ( Chevron ),541-942-0105,2014,Cottage Grove,OR,Chevron,,I-5 Exit 174,Exit,174,False,,False,I-5,,None,,
Cottage Grove ( 97424 ) Market Express ( Chevron ),541-942-0105 I-5 Exit 174,24 MOO,Cottage Grove,97424,Market Express ( Chevron ),541-942-0105,2015,Cottage Grove,OR,Chevron,,I-5 Exit 174,Exit,174,False,,False,I-5,,None,,
E Cottage Grove ( 97424 ) Market Express ( Chevron Blvd ) ),541-942-0105 I-5 Exit 174,24 MOO,Cottage Grove,97424,Market Express ( Chevron Blvd ) ),541-942-0105,2016,Cottage Grove,OR,Chevron,,I-5 Exit 174,Exit,174,False,,False,I-5,,None,,
"E Roseburg , 97470 Love's Travel Stop # 312",541-679-1916 I-5 Exit 119 ( CR 42 ),<U+2610>,Roseburg,97470,Love's Travel Stop # 312,541-679-1916,2006,Roseburg,OR,Love's,( CR 42 ),I-5 Exit 119 ,Exit,119,False,,False,I-5,,None,,
"Roseburg , 97470 Love's Travel Stop # 312",541-679-1916 I-5 Exit 119 ( CR 42 ),<U+2610> <U+2610> <U+2610>,Roseburg,97470,Love's Travel Stop # 312,541-679-1916,2007,Roseburg,OR,Love's,( CR 42 ),I-5 Exit 119 ,Exit,119,False,,False,I-5,,None,,
"E Roseburg , 97470 Love's Travel Stop # 312",21541-679-1916 I-5 Exit 119 ( CR 42 ),24 FORS <U+2610><U+2610>,Roseburg,97470,Love's Travel Stop # 312,541-679-1916,2008,Roseburg,OR,Love's,( CR 42 ),I-5 Exit 119 ,Exit,119,False,,False,I-5,,None,,
Roseburg ( 97470 ) Love's Travel Stop # 312,2 541-679-1916 I-5 Exit 119 ( CR 42 ),MO,Roseburg,97470,Love's Travel Stop # 312,541-679-1916,2014,Roseburg,OR,Love's,( CR 42 ),I-5 Exit 119 ,Exit,119,False,,False,I-5,,None,,
E Roseburg ( 97470 ) Love's Travel Stop # 312,541-679-1916 I-5 Exit 119 ( CR 42 ),24 M,Roseburg,97470,Love's Travel Stop # 312,541-679-1916,2015,Roseburg,OR,Love's,( CR 42 ),I-5 Exit 119 ,Exit,119,False,,False,I-5,,None,,
Roseburg ( 97470 ) Love's Travel Stop # 312,541-679-1916 I-5 Exit 119 ( CR 42 ),24 MO 225 24 D,Roseburg,97470,Love's Travel Stop # 312,541-679-1916,2016,Roseburg,OR,Love's,( CR 42 ),I-5 Exit 119 ,Exit,119,False,,False,I-5,,None,,
"E Rice Hill , 97499 Pilot Travel Center # 233",541-849-2133 I-5 Exit 148,XL,Rice Hill,97499,Pilot Travel Center # 233,541-849-2133,2006,Yoncalla,OR,Pilot,,I-5 Exit 148,Exit,148,False,,False,I-5,,None,,
"Rice Hill , 97499 Pilot Travel Center # 233",541-849-2133 I-5 Exit 148,XL,Rice Hill,97499,Pilot Travel Center # 233,541-849-2133,2007,Yoncalla,OR,Pilot,,I-5 Exit 148,Exit,148,False,,False,I-5,,None,,
"E Rice Hill , 97499 Pilot Travel Center # 233",541-849-2133 I-5 Exit 148,24 X 24,Rice Hill,97499,Pilot Travel Center # 233,541-849-2133,2008,Yoncalla,OR,Pilot,,I-5 Exit 148,Exit,148,False,,False,I-5,,None,,
Rice Hill ( 97499 ) Pilot Travel Center # 233,541-849-2133 I-5 Exit 148,Poot 24 <U+25A1> XL 24,Rice Hill,97499,Pilot Travel Center # 233,541-849-2133,2014,Yoncalla,OR,Pilot,,I-5 Exit 148,Exit,148,False,,False,I-5,,None,,
E Rice Hill ( 97499 ) Pilot Travel Center # 233,541-849-2133 I-5 Exit 148 pilot,pilot 24 <U+2610> XL 24,Rice Hill,97499,Pilot Travel Center # 233,541-849-2133,2015,Yoncalla,OR,Pilot,,I-5 Exit 148 pilot,Exit,148,False,,False,I-5,,None,,
Rice Hill ( 97499 ) Pilot Travel Center # 233 Pilot,2 541-849-2133 I-5 Exit 148,25 24 24 <U+2610> XLO 24 24 24 D,Rice Hill,97499,Pilot Travel Center # 233 Pilot,541-849-2133,2016,Yoncalla,OR,Pilot,,I-5 Exit 148,Exit,148,False,,False,I-5,,None,,
"Central Point , 97502 Pilot Travel Center # 391",541-664-7001 I-5 Exit 33 ( Pine St ),M <U+2610>,Central Point,97502,Pilot Travel Center # 391,541-664-7001,2006,Central Point,OR,Pilot,( Pine St ),I-5 Exit 33 ,Exit,33,False,,False,I-5,,None,,
"Central Point , 97502 Pilot Travel Center # 391",541-664-7001 I-5 Exit 33 ( Pine St ),M <U+2610>,Central Point,97502,Pilot Travel Center # 391,541-664-7001,2007,Central Point,OR,Pilot,( Pine St ),I-5 Exit 33 ,Exit,33,False,,False,I-5,,None,,
"Central Point , 97502 Pilot Travel Center # 391",541-664-7001 I-5 Exit 33 ( Pine St ),24,Central Point,97502,Pilot Travel Center # 391,541-664-7001,2008,Central Point,OR,Pilot,( Pine St ),I-5 Exit 33 ,Exit,33,False,,False,I-5,,None,,
G Central Point ( 97502 ) Pilot Travel Center # 391,541-664-7001 I-5 Exit 33 ( Pine St ),L,Central Point,97502,Pilot Travel Center # 391,541-664-7001,2014,Central Point,OR,Pilot,( Pine St ),I-5 Exit 33 ,Exit,33,False,,False,I-5,,None,,
Central Point ( 97502 ) Pilot Travel Center # 391,2 541-664-7001 I-5 Exit 33 ( Pine St ) Pilot,ze,Central Point,97502,Pilot Travel Center # 391,541-664-7001,2015,Central Point,OR,Pilot,( Pine St ) Pilot,I-5 Exit 33 ,Exit,33,False,,False,I-5,,None,,
Central Point ( 97502 ) Pilot Travel Center # 391,541-664-7001 I-5 Exit 33 ( Pine St ) patos,4 L 024,Central Point,97502,Pilot Travel Center # 391,541-664-7001,2016,Central Point,OR,Pilot,( Pine St ) patos,I-5 Exit 33 ,Exit,33,False,,False,I-5,,None,,
"IMedford , 97504 Witham Truck Stop ( Chevron )",541-779-0792 I-5 Exit 30,,Medford,97504,Witham Truck Stop ( Chevron ),541-779-0792,2006,Medford,OR,Chevron,,I-5 Exit 30,Exit,30,False,,False,I-5,,None,,
"Medford , 97504 Witham Truck Stop ( 76 )",541-779-0792 I-5 Exit 30,<U+2610> M . 4 D,Medford,97504,Witham Truck Stop ( 76 ),541-779-0792,2007,Medford,OR,,,I-5 Exit 30,Exit,30,False,,False,I-5,,None,,
"Medford , 97504 Witham Truck Stop ( 76 )",541-779-0792 I-5 Exit 30,M 24,Medford,97504,Witham Truck Stop ( 76 ),541-779-0792,2008,Medford,OR,,,I-5 Exit 30,Exit,30,False,,False,I-5,,None,,
G Medford ( 97504 ) Pacific Truck Center ( 76 ),2 541-779-0792 I-5 Exit 30,"<U+2610> MOO """,Medford,97504,Pacific Truck Center ( 76 ),541-779-0792,2014,Medford,OR,,,I-5 Exit 30,Exit,30,False,,False,I-5,,None,,
Medford ( 97504 ) Pacific Truck Center ( 76 ),2 541-779-0792 I-5 Exit 30,<U+25A1>,Medford,97504,Pacific Truck Center ( 76 ),541-779-0792,2015,Medford,OR,,,I-5 Exit 30,Exit,30,False,,False,I-5,,None,,
Medford ( 97504 ) Pacific Truck Center ( 76 ),541-779-0792 I-5 Exit 30,,Medford,97504,Pacific Truck Center ( 76 ),541-779-0792,2016,Medford,OR,,,I-5 Exit 30,Exit,30,False,,False,I-5,,None,,
"Worden , 97603 Worden Truck Stop",541-273-6216 19777 US 97 S ( 3 mi N of CA border ),,Worden,97603,Worden Truck Stop,541-273-6216,2006,Klamath Falls,OR,,( 3 mi N of CA border ),19777 US 97 S,Proper,,False,,False,US 97,,None,,
"Worden , 97603 Worden Truck Stop",541-273-6216 19777 US 97 S ( 3 mi N of CA border ),) M,Worden,97603,Worden Truck Stop,541-273-6216,2007,Klamath Falls,OR,,( 3 mi N of CA border ),19777 US 97 S,Proper,,False,,False,US 97,,None,,
"Worden , 97603 Worden Truck Stop",541-273-6216 19777 US 97 S ( 3 mi N of CA border ),) M,Worden,97603,Worden Truck Stop,541-273-6216,2008,Klamath Falls,OR,,( 3 mi N of CA border ),19777 US 97 S,Proper,,False,,False,US 97,,None,,
G Worden ( 97603 ) Worden Truck Stop,541-273-6216 19777 US 97 S ( 5 mi N of CA border ),),Worden,97603,Worden Truck Stop,541-273-6216,2014,Klamath Falls,OR,,( 5 mi N of CA border ),19777 US 97 S,Proper,,False,,False,US 97,,None,,
Worden ( 97603 ) Worden Truck Stop,541-273-6216 19777 US 97 S ( 5 mi N of CA border ),M,Worden,97603,Worden Truck Stop,541-273-6216,2015,Klamath Falls,OR,,( 5 mi N of CA border ),19777 US 97 S,Proper,,False,,False,US 97,,None,,
G Worden ( 97603 ) Worden Truck Stop,541-273-6216 19777 US 97 S ( 5 mi N of CA border ),<U+2610> <U+2610> D,Worden,97603,Worden Truck Stop,541-273-6216,2016,Klamath Falls,OR,,( 5 mi N of CA border ),19777 US 97 S,Proper,,False,,False,US 97,,None,,
"Culver , 97734 Culver Shell",541-546-6603 Hwy 361,HRS 24,Culver,97734,Culver Shell,541-546-6603,2006,Culver,OR,Shell,,Hwy 361,empty,,False,,False,Hwy 361,,None,,
"Culver , 97734 Culver Shell",541-546-6603 Hwy 361,289 S O D,Culver,97734,Culver Shell,541-546-6603,2007,Culver,OR,Shell,,Hwy 361,empty,,False,,False,Hwy 361,,None,,
"Culver , 97734 Culver Shell",541-546-6603 Hwy 361,M <U+2610> <U+2610> <U+2610>,Culver,97734,Culver Shell,541-546-6603,2008,Culver,OR,Shell,,Hwy 361,empty,,False,,False,Hwy 361,,None,,
Culver ( 97734 ) Culver Shell,541-546-6603 603 1st St ( in town ),<U+2610> M <U+25A1> <U+2610>,Culver,97734,Culver Shell,541-546-6603,2014,Culver,OR,Shell,( in town ),603 1st St,Proper,,False,,False,1st St,,None,,
Culver ( 97734 ) Culver Shell,4 541-546-6603 603 1st St ( in town ),M <U+2610> 0,Culver,97734,Culver Shell,541-546-6603,2015,Culver,OR,Shell,( in town ),603 1st St,Proper,,False,,False,1st St,,None,,
Culver ( 97734 ) Culver Shell,541-546-6603 603 1st St ( in town ),M,Culver,97734,Culver Shell,541-546-6603,2016,Culver,OR,Shell,( in town ),603 1st St,Proper,,False,,False,1st St,,None,,
"Hines , 97738 Eddie's Truck & Auto Center",541-573-2639 US 20-395 MM 128.5,FRS 24 24 HRS M L 2400,Hines,97738,Eddie's Truck & Auto Center,541-573-2639,2006,Hines,OR,,,US 20-395 MM 128.5,empty,,False,,False,US 20-395,,None,,
"Hines , 97738 Eddie's Truck & Auto Center",541-573-2639 US 20-395 MM 128.5,24 HRS 24 48,Hines,97738,Eddie's Truck & Auto Center,541-573-2639,2007,Hines,OR,,,US 20-395 MM 128.5,empty,,False,,False,US 20-395,,None,,
"Hines , 97738 Eddie's Truck & Auto Center",541-573-2639 US 20-395 MM 128.5,<U+2610> M <U+25A1> <U+2610><U+2610> <U+2610> <U+2610>,Hines,97738,Eddie's Truck & Auto Center,541-573-2639,2008,Hines,OR,,,US 20-395 MM 128.5,empty,,False,,False,US 20-395,,None,,
Hines ( 97738 ) Eddie's Truck & Auto Center,541-573-2639 12846 US 20-395 S,M <U+2610> <U+2610>,Hines,97738,Eddie's Truck & Auto Center,541-573-2639,2014,Hines,OR,,,12846 US 20-395 S,Proper,,False,,False,US 20-395,,None,,
"Hines ( 97738 ) 1202 Eddie's US Truck 20-395 & Auto N Center ( Chevron ) ,",541-573-2639 12846 US 20-395 S,"M <U+2610> """,Hines,97738,"1202 Eddie's US Truck 20-395 & Auto N Center ( Chevron ) ,",541-573-2639,2015,Hines,OR,Chevron,,12846 US 20-395 S,Proper,,False,,False,US 20-395,,None,,
Hines ( 97738 ) 531 Eddie's US Truck 395 / OR & Auto 20 N Ctr ( Chevron ),541-573-2639 740 US 20-395 S,M <U+25A1>,Hines,97738,531 Eddie's US Truck 395 / OR & Auto 20 N Ctr ( Chevron ),541-573-2639,2016,Hines,OR,Chevron,,740 US 20-395 S,Proper,,False,,False,US 20-395,,None,,
"Hines , 97738 Leather's Shell # 23",541-573-7070 1202 Oregon Avenue,24 HRS L 2400,Hines,97738,Leather's Shell # 23,541-573-7070,2006,Hines,OR,Shell,,1202 Oregon Avenue,Proper,,False,,False,Oregon Avenue,,None,,
"Hines , 97738 Leather's Shell # 23",541-573-7070 1202 US 20-395 N,24 24 HRS,Hines,97738,Leather's Shell # 23,541-573-7070,2007,Hines,OR,Shell,,1202 US 20-395 N,Proper,,False,,False,US 20-395,,None,,
"Hines , 97738 Leather's Shell # 23",6 541-573-7070 1202 US 20-395 N,HRIS 24 <U+2610> <U+2610>,Hines,97738,Leather's Shell # 23,541-573-7070,2008,Hines,OR,Shell,,1202 US 20-395 N,Proper,,False,,False,US 20-395,,None,,
Hines ( 97738 ) Leather's Shell # 23,541-573-7070 1202 US 20-395 N,24 SO,Hines,97738,Leather's Shell # 23,541-573-7070,2014,Hines,OR,Shell,,1202 US 20-395 N,Proper,,False,,False,US 20-395,,None,,
Hines ( 97738 ) Leather's Shell # 23,541-573-7070 1202 US 20-395 N,24 m S 0,Hines,97738,Leather's Shell # 23,541-573-7070,2015,Hines,OR,Shell,,1202 US 20-395 N,Proper,,False,,False,US 20-395,,None,,
Hines ( 97738 ) Leather's Shell # 23,541-573-7070 1202 US 20-395 N,24 SO <U+25A1>,Hines,97738,Leather's Shell # 23,541-573-7070,2016,Hines,OR,Shell,,1202 US 20-395 N,Proper,,False,,False,US 20-395,,None,,
"LaPine , 97739 Gordys Truck Stop",541-536-6055 17045 Whitney Road,,LaPine,97739,Gordys Truck Stop,541-536-6055,2006,La Pine,OR,,,17045 Whitney Road,Proper,,False,,False,Whitney Road,,None,,
"Rosland , 97739 Gordys Truck Stop",541-536-6055 US 97 & CR 43 ( 3 mi N of LaPine ),,Rosland,97739,Gordys Truck Stop,541-536-6055,2007,La Pine,OR,,( 3 mi N of LaPine ),US 97 & CR 43,empty,,False,,False,US 97,CR 43,None,,
"LaPine , 97739 Gordys Truck Stop",541-536-6055 US 97 & CR 43 ( 3 mi N of town ),HRS 24 XL 24,LaPine,97739,Gordys Truck Stop,541-536-6055,2008,La Pine,OR,,( 3 mi N of town ),US 97 & CR 43,empty,,False,,False,US 97,CR 43,None,,
E LaPine ( 97739 ) Gordys Truck Stop,541-536-6055 US 97 & CR 43 ( 3 mi N of town ),24 XLO 24 23,LaPine,97739,Gordys Truck Stop,541-536-6055,2014,La Pine,OR,,( 3 mi N of town ),US 97 & CR 43,empty,,False,,False,US 97,CR 43,None,,
E LaPine ( 97739 ) Gordys Truck Stop,541-536-6055 US 97 & CR 43 ( 3 mi N of town ),24 +10 XL 24 24,LaPine,97739,Gordys Truck Stop,541-536-6055,2015,La Pine,OR,,( 3 mi N of town ),US 97 & CR 43,empty,,False,,False,US 97,CR 43,None,,
LaPine ( 97739 ) Gordys Truck Stop,541-536-6055 US 97 & CR 43 ( 3 mi N of town ),24 XLO 2 24,LaPine,97739,Gordys Truck Stop,541-536-6055,2016,La Pine,OR,,( 3 mi N of town ),US 97 & CR 43,empty,,False,,False,US 97,CR 43,None,,
"IMadras , 97741 Madras J & L ( Shell )",4 541-475-7027 992 US 97 S & L Street,,Madras,97741,Madras J & L ( Shell ),541-475-7027,2006,Madras,OR,Shell,,992 US 97 S & L Street,Proper,,False,,False,US 97,L Street,None,,
"Madras , 97741 Madras J & L ( Shell )",541-475-7027 992 US 97 S & L Street,- M 49 <U+2610>,Madras,97741,Madras J & L ( Shell ),541-475-7027,2007,Madras,OR,Shell,,992 US 97 S & L Street,Proper,,False,,False,US 97,L Street,None,,
"Madras , 97741 J & L Truck Stop ( Shell )",541-475-7027 992 US 97 S & L Street,24 HRS M 24 <U+2610> <U+2610>,Madras,97741,J & L Truck Stop ( Shell ),541-475-7027,2008,Madras,OR,Shell,,992 US 97 S & L Street,Proper,,False,,False,US 97,L Street,None,,
Madras ( 97741 ) J & L Truck Stop ( Shell ),4 541-475-7027 992 US 26-97 S,24 S 24,Madras,97741,J & L Truck Stop ( Shell ),541-475-7027,2014,Madras,OR,Shell,,992 US 26-97 S,Proper,,False,,False,US 26-97,,None,,
Madras ( 97741 ) J & L Truck Stop ( Shell ),541-475-7027 992 US 26-97 S,2513 24 SO 24 <U+25A1> <U+25A1>,Madras,97741,J & L Truck Stop ( Shell ),541-475-7027,2015,Madras,OR,Shell,,992 US 26-97 S,Proper,,False,,False,US 26-97,,None,,
Madras ( 97741 ) J & L Truck Stop ( Shell ),541-475-7027 992 US 26-97 S,24 S 24 2P,Madras,97741,J & L Truck Stop ( Shell ),541-475-7027,2016,Madras,OR,Shell,,992 US 26-97 S,Proper,,False,,False,US 26-97,,None,,
"Madras , 97741 Tiger Mart & Deli ( Chevron )",541-475-7127 1210 US 97 SW,,Madras,97741,Tiger Mart & Deli ( Chevron ),541-475-7127,2006,Madras,OR,Chevron,,1210 US 97 SW,Proper,,False,,False,US 97,,None,,
"Madras , 97741 Tiger Mart & Deli ( Chevron )",541-475-7127 1210 US 97 SW,S <U+2610> <U+2610>,Madras,97741,Tiger Mart & Deli ( Chevron ),541-475-7127,2007,Madras,OR,Chevron,,1210 US 97 SW,Proper,,False,,False,US 97,,None,,
"Madras , 97741 Tiger Mart & Deli ( Chevron )",541-475-7127 1210 US 97 SW,24 S 10 <U+2610><U+2610>,Madras,97741,Tiger Mart & Deli ( Chevron ),541-475-7127,2008,Madras,OR,Chevron,,1210 US 97 SW,Proper,,False,,False,US 97,,None,,
Madras ( 97741 ) Tiger Mart & Deli ( Chevron ),541-475-7127 1210 US 97 SW,24 S O,Madras,97741,Tiger Mart & Deli ( Chevron ),541-475-7127,2014,Madras,OR,Chevron,,1210 US 97 SW,Proper,,False,,False,US 97,,None,,
Madras ( 97741 ) Circle K ( Chevron ),4 541-475-7127 1210 US 97 SW,24 S,Madras,97741,Circle K ( Chevron ),541-475-7127,2015,Madras,OR,Circle K,,1210 US 97 SW,Proper,,False,,False,US 97,,None,,
Madras ( 97741 ) Circle K ( Chevron ),541-475-7127 1210 US 97 SW,24 S <U+2610> 24 BOO,Madras,97741,Circle K ( Chevron ),541-475-7127,2016,Madras,OR,Circle K,,1210 US 97 SW,Proper,,False,,False,US 97,,None,,
"Mission , 97801 Arrowhead Travel Plaza",541-276-8080 I-84 Exit 216,,Mission,97801,Arrowhead Travel Plaza,541-276-8080,2006,Pendleton,OR,,,I-84 Exit 216,Exit,216,False,,False,I-84,,None,,
"B Mission , 97801 Arrowhead Travel Plaza",541-276-8080 I-84 Exit 216,NR . <U+2610>,Mission,97801,Arrowhead Travel Plaza,541-276-8080,2007,Pendleton,OR,,,I-84 Exit 216,Exit,216,False,,False,I-84,,None,,
"B Mission , 97801 Arrowhead Travel Plaza",6 541-276-8080 I-84 Exit 216,FRS 24 X <U+2610> <U+2610> <U+2610> <U+2610> <U+2610>,Mission,97801,Arrowhead Travel Plaza,541-276-8080,2008,Pendleton,OR,,,I-84 Exit 216,Exit,216,False,,False,I-84,,None,,
Mission ( 97801 ) Arrowhead Travel Plaza,6 541-276-8080 I-84 Exit 216,24 XL,Mission,97801,Arrowhead Travel Plaza,541-276-8080,2014,Pendleton,OR,,,I-84 Exit 216,Exit,216,False,,False,I-84,,None,,
B Mission ( 97801 ) Arrowhead Travel Plaza,541-276-8080 I-84 Exit 216 AMCREST,24 XL,Mission,97801,Arrowhead Travel Plaza,541-276-8080,2015,Pendleton,OR,,,I-84 Exit 216 AMCREST,Exit,216,False,,False,I-84,,None,,
B Mission ( 97801 ) Arrowhead Travel Plaza,541-276-8080 I-84 Exit 216,24 XL 0240,Mission,97801,Arrowhead Travel Plaza,541-276-8080,2016,Pendleton,OR,,,I-84 Exit 216,Exit,216,False,,False,I-84,,None,,
"Baker City , 97814 Baker Truck Corral ( Sinclair )",541-523-3952 I-84 Exit 304 ( Campbell St ),<U+25A1> O,Baker City,97814,Baker Truck Corral ( Sinclair ),541-523-3952,2006,Baker City,OR,Sinclair,( Campbell St ),I-84 Exit 304 ,Exit,304,False,,False,I-84,,None,,
"Baker City , 97814 Baker Truck Corral ( Sinclair )",541-523-3952 I-84 Exit 304 ( Campbell St ),<U+2610>,Baker City,97814,Baker Truck Corral ( Sinclair ),541-523-3952,2007,Baker City,OR,Sinclair,( Campbell St ),I-84 Exit 304 ,Exit,304,False,,False,I-84,,None,,
"Baker City , 97814 Baker Truck Corral ( Sinclair )",541-523-3952 I-84 Exit 304 ( St ),24 XL,Baker City,97814,Baker Truck Corral ( Sinclair ),541-523-3952,2008,Baker City,OR,Sinclair,( St ),I-84 Exit 304 ,Exit,304,False,,False,I-84,,None,,
Baker City ( 97814 ) Baker Truck Corral ( Sinclair ),541-523-3952 I-84 Exit 304 ( Campbell St ),24 XL 24,Baker City,97814,Baker Truck Corral ( Sinclair ),541-523-3952,2014,Baker City,OR,Sinclair,( Campbell St ),I-84 Exit 304 ,Exit,304,False,,False,I-84,,None,,
Baker City ( 97814 ) Baker Truck Corral ( Sinclair ),541-523-3952 I-84 Exit 304 ( Campbell St ),XL 24,Baker City,97814,Baker Truck Corral ( Sinclair ),541-523-3952,2015,Baker City,OR,Sinclair,( Campbell St ),I-84 Exit 304 ,Exit,304,False,,False,I-84,,None,,
Baker City ( 97814 ) Baker Truck Corral ( Sinclair ) W ),541-523-3952 I-84 Exit 304 ( Campbell ),XL 24,Baker City,97814,Baker Truck Corral ( Sinclair ) W ),541-523-3952,2016,Baker City,OR,Sinclair,( Campbell ),I-84 Exit 304 ,Exit,304,False,,False,I-84,,None,,
"Baker City , 97814 Baker City Chevron",541-523-6341 I-84 Exit 304,<U+2610> <U+25A1>,Baker City,97814,Baker City Chevron,541-523-6341,2006,Baker City,OR,Chevron,,I-84 Exit 304,Exit,304,False,,False,I-84,,None,,
"Baker City , 97814 Baker City Chevron",541-523-6341 I-84 Exit 304,HRS 24 L,Baker City,97814,Baker City Chevron,541-523-6341,2007,Baker City,OR,Chevron,,I-84 Exit 304,Exit,304,False,,False,I-84,,None,,
"Baker City , 97814 Baker City Chevron",541-523-6341 I-84 Exit 304,<U+2610> M <U+2610> <U+25A1> <U+25A1>,Baker City,97814,Baker City Chevron,541-523-6341,2008,Baker City,OR,Chevron,,I-84 Exit 304,Exit,304,False,,False,I-84,,None,,
Baker City ( 97814 ) Baker City Chevron,541-523-6341 I-84 Exit 304,M L <U+25A1> <U+25A1>,Baker City,97814,Baker City Chevron,541-523-6341,2014,Baker City,OR,Chevron,,I-84 Exit 304,Exit,304,False,,False,I-84,,None,,
Baker City ( 97814 ) Baker City Chevron,541-523-6341 I-84 Exit 304,M E D <U+2610><U+2610>,Baker City,97814,Baker City Chevron,541-523-6341,2015,Baker City,OR,Chevron,,I-84 Exit 304,Exit,304,False,,False,I-84,,None,,
Baker City ( 97814 ) Baker City Chevron,541-523-6341 I-84 Exit 304,M <U+25A1> <U+2610> <U+2610>,Baker City,97814,Baker City Chevron,541-523-6341,2016,Baker City,OR,Chevron,,I-84 Exit 304,Exit,304,False,,False,I-84,,None,,
"CBaker City , 97814 Jackson's Food Mart # 83 ( Shell )",541-523-7812 I-84 Exit 304 ( Campbell St ),XL <U+25A1> O,Baker City,97814,Jackson's Food Mart # 83 ( Shell ),541-523-7812,2006,Baker City,OR,Shell,( Campbell St ),I-84 Exit 304 ,Exit,304,False,,False,I-84,,None,,
"Baker City , 97814 Jackson's Food Mart # 83 ( Shell )",541-523-7812 I-84 Exit 304 ( Campbell St ),W HRS 24 XL 24,Baker City,97814,Jackson's Food Mart # 83 ( Shell ),541-523-7812,2007,Baker City,OR,Shell,( Campbell St ),I-84 Exit 304 ,Exit,304,False,,False,I-84,,None,,
"Baker City , 97814 Jackson's Food Mart # 83 ( Shell )",541-523-7812 I-84 Exit 304 ( Campbell St ),24 S,Baker City,97814,Jackson's Food Mart # 83 ( Shell ),541-523-7812,2008,Baker City,OR,Shell,( Campbell St ),I-84 Exit 304 ,Exit,304,False,,False,I-84,,None,,
Baker City ( 97814 ) Jacksons # 083 ( Shell ),541-523-7812 I-84 Exit 304 ( Campbell St W ),24 S,Baker City,97814,Jacksons # 083 ( Shell ),541-523-7812,2014,Baker City,OR,Shell,( Campbell St W ),I-84 Exit 304 ,Exit,304,False,,False,I-84,,None,,
Baker City ( 97814 ) Jacksons # 083 ( Shell ),541-523-7812 I-84 Exit 304 ( Campbell St W ),24 S,Baker City,97814,Jacksons # 083 ( Shell ),541-523-7812,2015,Baker City,OR,Shell,( Campbell St W ),I-84 Exit 304 ,Exit,304,False,,False,I-84,,None,,
Baker City ( 97814 ) Jacksons # 083 ( Shell ),541-523-7812 I-84 Exit 304 ( Campbell,24 S 24,Baker City,97814,Jacksons # 083 ( Shell ),541-523-7812,2016,Baker City,OR,Shell,( Campbell,I-84 Exit 304 ,Exit,304,False,,False,I-84,,None,,
"Boardman , 97818 Main Street Shell",541-481-6750 I-84 Exit 164 ( Main St N ),TA FRS 24 M24,Boardman,97818,Main Street Shell,541-481-6750,2006,Boardman,OR,Shell,( Main St N ),I-84 Exit 164 ,Exit,164,False,,False,I-84,,None,,
"B Boardman , 97818 Main Street Shell",541-481-6750 I-84 Exit 164 ( Main St N ),FRS 24 XL 24,Boardman,97818,Main Street Shell,541-481-6750,2007,Boardman,OR,Shell,( Main St N ),I-84 Exit 164 ,Exit,164,False,,False,I-84,,None,,
"Boardman , 97818 Main Street Shell",541-481-6750 I-84 Exit 164 ( Main St N ),24 S 00,Boardman,97818,Main Street Shell,541-481-6750,2008,Boardman,OR,Shell,( Main St N ),I-84 Exit 164 ,Exit,164,False,,False,I-84,,None,,
Boardman ( 97818 ) Main Street Shell,541-481-6750 I-84 Exit 164 ( Main St N ),<U+2610> D <U+25A1>,Boardman,97818,Main Street Shell,541-481-6750,2014,Boardman,OR,Shell,( Main St N ),I-84 Exit 164 ,Exit,164,False,,False,I-84,,None,,
B Boardman ( 97818 ) Main Street Sinclair ),541-481-6750 I-84 Exit 164 ( Main St N ),24 <U+25A1>,Boardman,97818,Main Street Sinclair ),541-481-6750,2015,Boardman,OR,Sinclair,( Main St N ),I-84 Exit 164 ,Exit,164,False,,False,I-84,,None,,
Boardman ( 97818 ) Main Street Sinclair ),541-481-6750 I-84 Exit 164 ( Main St N ),24 <U+2610> <U+25A1> <U+25A1> <U+25A1>,Boardman,97818,Main Street Sinclair ),541-481-6750,2016,Boardman,OR,Sinclair,( Main St N ),I-84 Exit 164 ,Exit,164,False,,False,I-84,,None,,
"Boardman , 97818 Devin Oil ( Shell )",541-481-9391 I-84 Exit 164,24 HRS LO,Boardman,97818,Devin Oil ( Shell ),541-481-9391,2006,Boardman,OR,Shell,,I-84 Exit 164,Exit,164,False,,False,I-84,,None,,
"B Boardman , 97818 Devin Oil ( Shell )",541-481-9391 I-84 Exit 164,24 HRS MO,Boardman,97818,Devin Oil ( Shell ),541-481-9391,2007,Boardman,OR,Shell,,I-84 Exit 164,Exit,164,False,,False,I-84,,None,,
"B Boardman , 97818 Devin Oil ( Shell )",541-481-9391 I-84 Exit 164,<U+2610>,Boardman,97818,Devin Oil ( Shell ),541-481-9391,2008,Boardman,OR,Shell,,I-84 Exit 164,Exit,164,False,,False,I-84,,None,,
Boardman ( 97818 ) Devin Oil ( Shell ),541-481-9391 I-84 Exit 164 ( Main St S ),<U+2610> S D,Boardman,97818,Devin Oil ( Shell ),541-481-9391,2014,Boardman,OR,Shell,( Main St S ),I-84 Exit 164 ,Exit,164,False,,False,I-84,,None,,
Boardman ( 97818 ) Devin Oil ( Shell ),541-481-9391 I-84 Exit 164 ( Main St S ),<U+2610> S <U+2610>,Boardman,97818,Devin Oil ( Shell ),541-481-9391,2015,Boardman,OR,Shell,( Main St S ),I-84 Exit 164 ,Exit,164,False,,False,I-84,,None,,
B Boardman ( 97818 ) Boardman Shell St N ),541-481-9391 I-84 Exit 164 ( Main S,<U+2610> S D,Boardman,97818,Boardman Shell St N ),541-481-9391,2016,Boardman,OR,Shell,( Main S,I-84 Exit 164 ,Exit,164,False,,False,I-84,,None,,
"Hermiston , 97838 Space Age Travel Center",3 541-564-6254 I-84 Exit 182,S <U+25A1>,Hermiston,97838,Space Age Travel Center,541-564-6254,2006,Hermiston,OR,,,I-84 Exit 182,Exit,182,False,,False,I-84,,None,,
"Hermiston , 97838 Space Age Travel Center",541-564-6254 I-84 Exit 182,24 S D,Hermiston,97838,Space Age Travel Center,541-564-6254,2007,Hermiston,OR,,,I-84 Exit 182,Exit,182,False,,False,I-84,,None,,
"B Hermiston , 97838 Space Age Travel Center",5 541-564-6254 I-84 Exit 182,HRS 24 L <U+2610> <U+2610> <U+2610> <U+2610> <U+2610> <U+2610>,Hermiston,97838,Space Age Travel Center,541-564-6254,2008,Hermiston,OR,,,I-84 Exit 182,Exit,182,False,,False,I-84,,None,,
B Hermiston ( 97838 ) Space Age Travel Center ( Exxon ),541-564-6254 I-84 Exit 182,12 LO O,Hermiston,97838,Space Age Travel Center ( Exxon ),541-564-6254,2014,Hermiston,OR,Exxon,,I-84 Exit 182,Exit,182,False,,False,I-84,,None,,
B Hermiston ( 97838 ) Space Age Travel Center,541-564-6254 I-84 Exit 182,N L,Hermiston,97838,Space Age Travel Center,541-564-6254,2015,Hermiston,OR,,,I-84 Exit 182,Exit,182,False,,False,I-84,,None,,
Hermiston ( 97838 ) Space Age Travel Center Rd N ),541-564-6254 I-84 Exit 182,24 HRS,Hermiston,97838,Space Age Travel Center Rd N ),541-564-6254,2016,Hermiston,OR,,,I-84 Exit 182,Exit,182,False,,False,I-84,,None,,
"Hermiston , 97838 Western Express ( Shell )",541-567-5900 I-84 Exit 180 ( Westland Rd N ),S 000 <U+25A1>,Hermiston,97838,Western Express ( Shell ),541-567-5900,2006,Hermiston,OR,Shell,( Westland Rd N ),I-84 Exit 180 ,Exit,180,False,,False,I-84,,None,,
"Hermiston , 97838 Western Express ( Shell )",541-567-5900 I-84 Exit 180 ( Westland Rd N ),000,Hermiston,97838,Western Express ( Shell ),541-567-5900,2007,Hermiston,OR,Shell,( Westland Rd N ),I-84 Exit 180 ,Exit,180,False,,False,I-84,,None,,
"B Hermiston , 97838 Western Express ( Shell )",541-567-5900 I-84 Exit 180 ( Westland Rd N ),24 MRS L <U+2610> <U+2610> <U+2610>,Hermiston,97838,Western Express ( Shell ),541-567-5900,2008,Hermiston,OR,Shell,( Westland Rd N ),I-84 Exit 180 ,Exit,180,False,,False,I-84,,None,,
Hermiston ( 97838 ) One Stop Mart,541-567-5900 I-84 Exit 180 ( Westland Rd N ),24 L <U+2610> <U+2610><U+2610>,Hermiston,97838,One Stop Mart,541-567-5900,2014,Hermiston,OR,,( Westland Rd N ),I-84 Exit 180 ,Exit,180,False,,False,I-84,,None,,
B Hermiston ( 97838 ) One Stop Mart,541-567-5900 I-84 Exit 180 ( Westland Rd N ),124 L <U+2610> <U+2610><U+2610>,Hermiston,97838,One Stop Mart,541-567-5900,2015,Hermiston,OR,,( Westland Rd N ),I-84 Exit 180 ,Exit,180,False,,False,I-84,,None,,
Hermiston ( 97838 ) One Stop Mart,541-567-5900 I-84 Exit 180 ( Westland Rd N ),DOL <U+2610> 24 HRS <U+25A1>,Hermiston,97838,One Stop Mart,541-567-5900,2016,Hermiston,OR,,( Westland Rd N ),I-84 Exit 180 ,Exit,180,False,,False,I-84,,None,,
"Irrigon , 97844 Huwe's Has It All ( Shell )",541-922-4221 300 US 730 E ( 6 mi N of I-84 Exit 168 ),24 S 00,Irrigon,97844,Huwe's Has It All ( Shell ),541-922-4221,2006,Irrigon,OR,Shell,( 6 mi N of I-84 Exit 168 ),300 US 730 E,Proper,,False,,False,US 730,,None,,
"Arrigon , 97844 Huwe's Has It All ( Shell )",541-922-4221 300 US 730 E ( 6 mi N of I-84 Exit 168 ),24,Arrigon,97844,Huwe's Has It All ( Shell ),541-922-4221,2007,Irrigon,OR,Shell,( 6 mi N of I-84 Exit 168 ),300 US 730 E,Proper,,False,,False,US 730,,None,,
"Arrigon , 97844 Huwe's Has It All ( Shell )",541-922-4221 300 US 730 E ( 6 mi N of I-84 Exit 168 ),) = 0 <U+25A1>,Arrigon,97844,Huwe's Has It All ( Shell ),541-922-4221,2008,Irrigon,OR,Shell,( 6 mi N of I-84 Exit 168 ),300 US 730 E,Proper,,False,,False,US 730,,None,,
A Trigon ( 97844 ) Shell 395 / OR 20 N,541-922-4221 300 US 730 E ( 6 mi N of I-84 Exit 168 ),) 24 M O,Trigon,97844,Shell 395 / OR 20 N,541-922-4221,2014,Irrigon,OR,Shell,( 6 mi N of I-84 Exit 168 ),300 US 730 E,Proper,,False,,False,US 730,,None,,
A Irrigon ( 97844 ) Shell,5 541-922-4221 300 US 730 E ( 6 mi N of I-84 Exit 168 ),24 MOO O,Irrigon,97844,Shell,541-922-4221,2015,Irrigon,OR,Shell,( 6 mi N of I-84 Exit 168 ),300 US 730 E,Proper,,False,,False,US 730,,None,,
A Irrigon ( 97844 ) Circle K ( Shell ),541-922-4221 300 US 730 E ( 6 mi N of I-84 Exit 168 ),) DOMO O,Irrigon,97844,Circle K ( Shell ),541-922-4221,2016,Irrigon,OR,Circle K,( 6 mi N of I-84 Exit 168 ),300 US 730 E,Proper,,False,,False,US 730,,None,,
"John Day , 97845 Jackson's Shell",541-575-2585 US 26 W,24 M24 <U+2610>,John Day,97845,Jackson's Shell,541-575-2585,2006,John Day,OR,Shell,,US 26 W,empty,,False,,False,US 26,,None,,
"John Day , 97845 Jackson's Shell",541-575-2585 US 26 W,24 48 <U+2610> M 24 FRS,John Day,97845,Jackson's Shell,541-575-2585,2007,John Day,OR,Shell,,US 26 W,empty,,False,,False,US 26,,None,,
"John Day , 97845 Jackson's Shell",541-575-2585 US 26 W,<U+2610> S <U+2610>,John Day,97845,Jackson's Shell,541-575-2585,2008,John Day,OR,Shell,,US 26 W,empty,,False,,False,US 26,,None,,
D John Day ( 97845 ) John Day Shell,541-575-2585 US 26 W,S <U+25A1>,John Day,97845,John Day Shell,541-575-2585,2014,John Day,OR,Shell,,US 26 W,empty,,False,,False,US 26,,None,,
John Day ( 97845 ) John Day Shell,541-575-2585 US 26 W,S <U+25A1>,John Day,97845,John Day Shell,541-575-2585,2015,John Day,OR,Shell,,US 26 W,empty,,False,,False,US 26,,None,,
John Day ( 97845 ) John Day Shell,541-575-2585 US 26 W,<U+2610><U+2610> S D,John Day,97845,John Day Shell,541-575-2585,2016,John Day,OR,Shell,,US 26 W,empty,,False,,False,US 26,,None,,
"Island City , 97850 C & M Country Store ( 76 )",2 541-963-3411 10102 N Hwy 82,24 M24 <U+2610>,Island City,97850,C & M Country Store ( 76 ),541-963-3411,2006,La Grande,OR,,,10102 N Hwy 82,Proper,,False,,False,Hwy 82,,None,,
"Bisland City , 97850 C & M Country Store ( 76 )",541-963-3411 10102 N Hwy 82,24 24 000,Bisland City,97850,C & M Country Store ( 76 ),541-963-3411,2007,La Grande,OR,,,10102 N Hwy 82,Proper,,False,,False,Hwy 82,,None,,
"Island City , 97850 C & M Country Store ( 76 )",541-963-3411 10102 N Hwy 82,<U+2610> <U+2610>,Island City,97850,C & M Country Store ( 76 ),541-963-3411,2008,La Grande,OR,,,10102 N Hwy 82,Proper,,False,,False,Hwy 82,,None,,
B Island City ( 97850 ) C & M Country Store ( 76 ),7 541-963-3411 10102 N Hwy 82,<U+25A1>,Island City,97850,C & M Country Store ( 76 ),541-963-3411,2014,La Grande,OR,,,10102 N Hwy 82,Proper,,False,,False,Hwy 82,,None,,
B Island City ( 97850 ) C & M Country Store ( Chevron ),541-963-3411 10102 N Hwy 82,<U+2610> <U+2610><U+2610><U+2610><U+2610>,Island City,97850,C & M Country Store ( Chevron ),541-963-3411,2015,La Grande,OR,Chevron,,10102 N Hwy 82,Proper,,False,,False,Hwy 82,,None,,
B Island City ( 97850 ) C & M Country Store ( Chevron ),541-963-3411 10102 N Hwy 82,<U+2610><U+2610> <U+2610>,Island City,97850,C & M Country Store ( Chevron ),541-963-3411,2016,La Grande,OR,Chevron,,10102 N Hwy 82,Proper,,False,,False,Hwy 82,,None,,
"LaGrande , 97850",541-963-3432 Flying I-84 Exit J Travel 265 Plaza # 0010120 ( Shell ),,LaGrande,97850,,541-963-3432,2006,La Grande,OR,,( Shell ),Flying I-84 Exit J Travel 265 Plaza # 0010120 ,Exit,,True,unclear address_standardized_OFF_parenthesis,True,I-84,,None,,
"LaGrande , 97850 Flying J Travel Plaza # 0010120",541-963-3432 I-84 Exit 265,,LaGrande,97850,Flying J Travel Plaza # 0010120,541-963-3432,2007,La Grande,OR,Flying J,,I-84 Exit 265,Exit,265,False,,False,I-84,,None,,
"LaGrande , 97850 Flying J Travel Plaza # 0510120",541-963-3432 I-84 Exit 265,M <U+2610> 24,LaGrande,97850,Flying J Travel Plaza # 0510120,541-963-3432,2008,La Grande,OR,Flying J,,I-84 Exit 265,Exit,265,False,,False,I-84,,None,,
LaGrande ( 97850 ) Flying J Travel ( SW Plaza to 2112 # 934 OR ( Shell 82 ) ),7 541-963-3432 I-84 Exit 265,24 M,LaGrande,97850,Flying J Travel ( SW Plaza to 2112 # 934 OR ( Shell 82 ) ),541-963-3432,2014,La Grande,OR,Flying J,,I-84 Exit 265,Exit,265,False,,False,I-84,,None,,
B LaGrande ( 97850 ) Flying J Travel Plaza # 934 ( Shell ),541-963-3432 I-84 Exit 265 FLYING,FLYING J 24 MO <U+2610> <U+2610> <U+25A1>,LaGrande,97850,Flying J Travel Plaza # 934 ( Shell ),541-963-3432,2015,La Grande,OR,Flying J,,I-84 Exit 265 FLYING,Exit,265,False,,False,I-84,,None,,
B LaGrande ( 97850 ) Flying J Travel Plaza # 934 ( Shell ),541-963-3432 I-84 Exit 265,MOO 24,LaGrande,97850,Flying J Travel Plaza # 934 ( Shell ),541-963-3432,2016,La Grande,OR,Flying J,,I-84 Exit 265,Exit,265,False,,False,I-84,,None,,
"LaGrande , 97850 Gem Stop ( Chevron )",541-963-5221 I-84 Exit 261 ( NE to 2706 OR 82 ),,LaGrande,97850,Gem Stop ( Chevron ),541-963-5221,2006,La Grande,OR,Chevron,( NE to 2706 OR 82 ),I-84 Exit 261 ,Exit,261,False,,False,I-84,,None,,
"LaGrande , 97850 Gem Stop ( Chevron )",541-963-5221 I-84 Exit 261 ( NE to 2706 OR 82 ),,LaGrande,97850,Gem Stop ( Chevron ),541-963-5221,2007,La Grande,OR,Chevron,( NE to 2706 OR 82 ),I-84 Exit 261 ,Exit,261,False,,False,I-84,,None,,
"B LaGrande , 97850 Gem Stop ( Chevron )",541-963-5221 I-84 Exit 261 ( NE to 2706 OR 82 ),24 <U+2610> <U+25A1> <U+25A1>,LaGrande,97850,Gem Stop ( Chevron ),541-963-5221,2008,La Grande,OR,Chevron,( NE to 2706 OR 82 ),I-84 Exit 261 ,Exit,261,False,,False,I-84,,None,,
B LaGrande ( 97850 ) Gem Stop ( Chevron ),7 541-963-5221 I-84 Exit 261 ( NE to 2706 OR 82 ),24 <U+2610>,LaGrande,97850,Gem Stop ( Chevron ),541-963-5221,2014,La Grande,OR,Chevron,( NE to 2706 OR 82 ),I-84 Exit 261 ,Exit,261,False,,False,I-84,,None,,
B LaGrande ( 97850 ) Gem Stop ( Chevron ),7 541-963-5221 I-84 Exit 261 ( NE to 2706 OR 82 ),24 <U+2610> <U+2610> <U+25A1> <U+25A1>,LaGrande,97850,Gem Stop ( Chevron ),541-963-5221,2015,La Grande,OR,Chevron,( NE to 2706 OR 82 ),I-84 Exit 261 ,Exit,261,False,,False,I-84,,None,,
B LaGrande ( 97850 ) Gem Stop ( Chevron ),541-963-5221 I-84 Exit 261 ( NE to 2706 OR 82 ),225 24 <U+2610> <U+25A1> <U+2610> <U+2610>,LaGrande,97850,Gem Stop ( Chevron ),541-963-5221,2016,La Grande,OR,Chevron,( NE to 2706 OR 82 ),I-84 Exit 261 ,Exit,261,False,,False,I-84,,None,,
"LaGrande , 97850 Buy Rite Exxon ( Pacific Pride )",541-963-6566 I-84 Exit 261 ( SW to 2112 OR 82 ),,LaGrande,97850,Buy Rite Exxon ( Pacific Pride ),541-963-6566,2006,La Grande,OR,Exxon,( SW to 2112 OR 82 ),I-84 Exit 261 ,Exit,261,False,,False,I-84,,None,,
"LaGrande , 97850 Buy Rite Texaco",541-963-6566 I-84 Exit 261 ( SW to 2112 OR 82 ),,LaGrande,97850,Buy Rite Texaco,541-963-6566,2007,La Grande,OR,Texaco,( SW to 2112 OR 82 ),I-84 Exit 261 ,Exit,261,False,,False,I-84,,None,,
"LaGrande , 97850 Buy Rite Texaco",541-963-6566 I-84 Exit 261 ( SW to 2112 OR 82 ),<U+2610> <U+2610> <U+2610> <U+2610>,LaGrande,97850,Buy Rite Texaco,541-963-6566,2008,La Grande,OR,Texaco,( SW to 2112 OR 82 ),I-84 Exit 261 ,Exit,261,False,,False,I-84,,None,,
B LaGrande ( 97850 ) Buy Rite Texaco to 2706 OR 82 ),541-963-6566 I-84 Exit 261 ( SW to 2112 OR 82 ),<U+2610>,LaGrande,97850,Buy Rite Texaco to 2706 OR 82 ),541-963-6566,2014,La Grande,OR,Texaco,( SW to 2112 OR 82 ),I-84 Exit 261 ,Exit,261,False,,False,I-84,,None,,
B LaGrande ( 97850 ) Buy Rite Texaco,7 541-963-6566 I-84 Exit 261 ( SW to 2112 OR 82 ),<U+2610> <U+2610> <U+25A1> <U+25A1>,LaGrande,97850,Buy Rite Texaco,541-963-6566,2015,La Grande,OR,Texaco,( SW to 2112 OR 82 ),I-84 Exit 261 ,Exit,261,False,,False,I-84,,None,,
B LaGrande ( 97850 ) Buy Rite Texaco,541-963-6566 I-84 Exit 261 ( SW to 2112 OR 82 ),<U+2610>,LaGrande,97850,Buy Rite Texaco,541-963-6566,2016,La Grande,OR,Texaco,( SW to 2112 OR 82 ),I-84 Exit 261 ,Exit,261,False,,False,I-84,,None,,
"Stanfield , 97875 Pilot Travel Center # 390",541-449-1403 I-84 Exit 188 ( US 395 ),24 <U+2610> <U+2610>,Stanfield,97875,Pilot Travel Center # 390,541-449-1403,2006,Stanfield,OR,Pilot,( US 395 ),I-84 Exit 188 ,Exit,188,False,,False,I-84,,None,,
"B Stanfield , 97875 Pilot Travel Center # 390",541-449-1403 I-84 Exit 188 ( US 395 ),24 XL XL -,Stanfield,97875,Pilot Travel Center # 390,541-449-1403,2007,Stanfield,OR,Pilot,( US 395 ),I-84 Exit 188 ,Exit,188,False,,False,I-84,,None,,
"B Stanfield , 97875 Pilot Travel Center # 390",541-449-1403 I-84 Exit 188 ( US 395 ),HAS 24 XL,Stanfield,97875,Pilot Travel Center # 390,541-449-1403,2008,Stanfield,OR,Pilot,( US 395 ),I-84 Exit 188 ,Exit,188,False,,False,I-84,,None,,
B Stanfield ( 97875 ) Pilot Travel Center # 390,5 541-449-1403 I-84 Exit 188 ( US 395 ),124 D <U+25A1>,Stanfield,97875,Pilot Travel Center # 390,541-449-1403,2014,Stanfield,OR,Pilot,( US 395 ),I-84 Exit 188 ,Exit,188,False,,False,I-84,,None,,
B Stanfield ( 97875 ) Pilot Travel Center # 390,5 541-449-1403 I-84 Exit 188 ( US 395 ) pilot,24 L L <U+25A1> <U+25A1>,Stanfield,97875,Pilot Travel Center # 390,541-449-1403,2015,Stanfield,OR,Pilot,( US 395 ) pilot,I-84 Exit 188 ,Exit,188,False,,False,I-84,,None,,
B Stanfield ( 97875 ) Pilot Travel Center # 390 Pilot,5 541-449-1403 I-84 Exit 188 ( US 395 ),L 24 225 24,Stanfield,97875,Pilot Travel Center # 390 Pilot,541-449-1403,2016,Stanfield,OR,Pilot,( US 395 ),I-84 Exit 188 ,Exit,188,False,,False,I-84,,None,,
"A Umatilla , 97882 Crossroads Truck Stop ( Shell )",541-922-3297 I-82 Exit 1 ( US 730 ),XL 24 489,Umatilla,97882,Crossroads Truck Stop ( Shell ),541-922-3297,2006,Umatilla,OR,Shell,( US 730 ),I-82 Exit 1 ,Exit,1,False,,False,I-82,,None,,
"A Umatilla , 97882 Crossroads Truck Stop ( Shell )",541-922-3297 I-82 Exit 1 ( US 730 ),M <U+2610>,Umatilla,97882,Crossroads Truck Stop ( Shell ),541-922-3297,2007,Umatilla,OR,Shell,( US 730 ),I-82 Exit 1 ,Exit,1,False,,False,I-82,,None,,
"A Umatilla , 97882 Crossroads Truck Stop ( Shell )",5 541-922-3297 I-82 Exit 1 ( US 730 ),M,Umatilla,97882,Crossroads Truck Stop ( Shell ),541-922-3297,2008,Umatilla,OR,Shell,( US 730 ),I-82 Exit 1 ,Exit,1,False,,False,I-82,,None,,
A Umatilla ( 97882 ) Crossroads Truck Stop ( Shell ),541-922-3297 I-82 Exit 1 ( US 730 W ),24,Umatilla,97882,Crossroads Truck Stop ( Shell ),541-922-3297,2014,Umatilla,OR,Shell,( US 730 W ),I-82 Exit 1 ,Exit,1,False,,False,I-82,,None,,
A Umatilla ( 97882 ) Crossroads Truck Stop ( Shell ),541-922-3297 I-82 Exit 1 ( US 730 W ),24 M,Umatilla,97882,Crossroads Truck Stop ( Shell ),541-922-3297,2015,Umatilla,OR,Shell,( US 730 W ),I-82 Exit 1 ,Exit,1,False,,False,I-82,,None,,
A Umatilla ( 97882 ) Crossroads Truck Stop ( Shell ),541-922-3297 I-82 Exit 1 ( US 730 W ),24 24 MOD <U+2610> <U+2610> <U+2610> <U+2610>,Umatilla,97882,Crossroads Truck Stop ( Shell ),541-922-3297,2016,Umatilla,OR,Shell,( US 730 W ),I-82 Exit 1 ,Exit,1,False,,False,I-82,,None,,
"Jordan Valley , 97910 Jim's Shell",541-586-2244 801 US 95,,Jordan Valley,97910,Jim's Shell,541-586-2244,2006,Jordan Valley,OR,Shell,,801 US 95,Proper,,False,,False,US 95,,None,,
"Jordan Valley , 97910 Jim's",541-586-2244 801 US Shell 95,,Jordan Valley,97910,Jim's,541-586-2244,2007,Jordan Valley,OR,,,801 US Shell 95,Proper,,False,,False,801 US,,None,,
"Jordan Valley , 97910 Jim's Shell",541-586-2244 801 US 95,24 <U+2610> <U+2610>,Jordan Valley,97910,Jim's Shell,541-586-2244,2008,Jordan Valley,OR,Shell,,801 US 95,Proper,,False,,False,US 95,,None,,
Jordan Valley ( 97910 ) Jim's Shell,541-586-2244 801 US 95,24 <U+25A1>,Jordan Valley,97910,Jim's Shell,541-586-2244,2014,Jordan Valley,OR,Shell,,801 US 95,Proper,,False,,False,US 95,,None,,
Jordan Valley ( 97910 ) Jim's Shell,8 541-586-2244 801 US 95,HRS 24 <U+25A1> <U+2610>,Jordan Valley,97910,Jim's Shell,541-586-2244,2015,Jordan Valley,OR,Shell,,801 US 95,Proper,,False,,False,US 95,,None,,
Jordan Valley ( 97910 ) Jim's Shell,8 541-586-2244 801 US 95,24 <U+2610><U+2610>,Jordan Valley,97910,Jim's Shell,541-586-2244,2016,Jordan Valley,OR,Shell,,801 US 95,Proper,,False,,False,US 95,,None,,
Cheyenne ( 82001 ) Little America Travel Center ( Sinclair ),307-775-8406 I-25 Exit 9 / I-80 Exit 358,24 S <U+2610>,Cheyenne,82001,Little America Travel Center ( Sinclair ),307-775-8406,2014,Cheyenne,WY,Sinclair,,I-25 Exit 9 / I-80 Exit 358,Exit,9,False,,False,I-25,,358,,
Cheyenne ( 82001 ) Little America Travel Center ( Sinclair ),307-775-8406 I-25 Exit 9 / I-80 Exit 358,) PREDEST 24 S,Cheyenne,82001,Little America Travel Center ( Sinclair ),307-775-8406,2015,Cheyenne,WY,Sinclair,,I-25 Exit 9 / I-80 Exit 358,Exit,9,False,,False,I-25,,358,,
Cheyenne ( 82001 ) Little America Travel Center ( Sinclair ),307-775-8406 I-25 Exit 9 / I-80 Exit 358,24 SO <U+25A1>,Cheyenne,82001,Little America Travel Center ( Sinclair ),307-775-8406,2016,Cheyenne,WY,Sinclair,,I-25 Exit 9 / I-80 Exit 358,Exit,9,False,,False,I-25,,358,,
"Cheyenne , 82003 Diamond Shamrock # 4545",307-632-9271 I-25 Exit 7 ( College Dr ),HRS 24,Cheyenne,82003,Diamond Shamrock # 4545,307-632-9271,2006,Cheyenne,WY,Shamrock,( College Dr ),I-25 Exit 7 ,Exit,7,False,,False,I-25,,None,,
"Cheyenne , 82003 Holdings Little America ( Sinclair )",9 307-775-8406 I-25 Exit 9 / I-80 Exit 358 EB / 359 C WB,M <U+2610>,Cheyenne,82003,Holdings Little America ( Sinclair ),307-775-8406,2006,Cheyenne,WY,Sinclair,,I-25 Exit 9 / I-80 Exit 358 EB / 359 C WB,Exit,9,False,,False,I-25,,358,359,
"Cheyenne , 82003 Holdings Little America ( Sinclair )",307-775-8406 I-25 Exit 9 / I-80 Exit 358 EB / 359 C WB,24 HRS XL +9,Cheyenne,82003,Holdings Little America ( Sinclair ),307-775-8406,2007,Cheyenne,WY,Sinclair,,I-25 Exit 9 / I-80 Exit 358 EB / 359 C WB,Exit,9,False,,False,I-25,,358,359,
"Cheyenne , 82003 Little America Truck Stop ) ( Sinclair )",307-775-8406 I-25 Exit 9 / I-80 Exit 358 EB / 359 C WB,24 HRS HRS M O <U+2610>,Cheyenne,82003,Little America Truck Stop ) ( Sinclair ),307-775-8406,2008,Cheyenne,WY,Sinclair,,I-25 Exit 9 / I-80 Exit 358 EB / 359 C WB,Exit,9,False,,False,I-25,,358,359,
"Cheyenne , 82007 Valero # 4545",307-632-9271 I-25 Exit 7 ( College Dr ),224 HRS L,Cheyenne,82007,Valero # 4545,307-632-9271,2007,Cheyenne,WY,Valero,( College Dr ),I-25 Exit 7 ,Exit,7,False,,False,I-25,,None,,
"Cheyenne , 82007 Valero # 4545 )",307-632-9271 I-25 Exit 7 ( College Dr ),24 22 S <U+2610><U+2610> <U+2610> <U+2610>,Cheyenne,82007,Valero # 4545 ),307-632-9271,2008,Cheyenne,WY,Valero,( College Dr ),I-25 Exit 7 ,Exit,7,False,,False,I-25,,None,,
Cheyenne ( 82007 ) Corner Store # 4545 ( Valero ),307-632-9271 I-25 Exit 7 ( College Dr ),24 S O,Cheyenne,82007,Corner Store # 4545 ( Valero ),307-632-9271,2014,Cheyenne,WY,Valero,( College Dr ),I-25 Exit 7 ,Exit,7,False,,False,I-25,,None,,
Cheyenne ( 82007 ) Corner Store # 4545 ( Valero ),9 307-632-9271 I-25 Exit 7 ( College Dr ),24 SO,Cheyenne,82007,Corner Store # 4545 ( Valero ),307-632-9271,2015,Cheyenne,WY,Valero,( College Dr ),I-25 Exit 7 ,Exit,7,False,,False,I-25,,None,,
Cheyenne ( 82007 ) Corner Store # 4545 ( Valero ),307-632-9271 I-25 Exit 7 ( College Dr ),24 RS S,Cheyenne,82007,Corner Store # 4545 ( Valero ),307-632-9271,2016,Cheyenne,WY,Valero,( College Dr ),I-25 Exit 7 ,Exit,7,False,,False,I-25,,None,,
"Buford , 82052 Buford Trading Post",307-632-3999 I-80 Exit 335,XL 24,Buford,82052,Buford Trading Post,307-632-3999,2007,Buford,WY,,,I-80 Exit 335,Exit,335,False,,False,I-80,,None,,
"Buford , 82052 Buford Trading Post (",8 307-632-3999 I-80 Exit 335 Cenex ),M,Buford,82052,Buford Trading Post (,307-632-3999,2008,Buford,WY,,,I-80 Exit 335 Cenex ,Exit,335,False,,False,I-80,,None,,
"Quealy Dome , 82070 Sinclair 4 Gas Stop",307-742-0269 I-80 Exit 290,24 L,Quealy Dome,82070,Sinclair 4 Gas Stop,307-742-0269,2006,Laramie,WY,Sinclair,,I-80 Exit 290,Exit,290,False,,False,I-80,,None,,
"Quealy Dome , 82070 Sinclair",307-742-0269 I-80 Exit 290,24 L <U+2610>,Quealy Dome,82070,Sinclair,307-742-0269,2007,Laramie,WY,Sinclair,,I-80 Exit 290,Exit,290,False,,False,I-80,,None,,
Quealy Dome ( 82070 ) A & C Truck Stop,8 307-745-1653 I-80 Exit 290,<U+25A1> L <U+2610> D,Quealy Dome,82070,A & C Truck Stop,307-745-1653,2014,Laramie,WY,,,I-80 Exit 290,Exit,290,False,,False,I-80,,None,,
Quealy Dome ( 82070 ) A & C Truck Stop,8 307-745-1653 I-80 Exit 290,<U+2610> OL <U+2610> <U+2610>,Quealy Dome,82070,A & C Truck Stop,307-745-1653,2015,Laramie,WY,,,I-80 Exit 290,Exit,290,False,,False,I-80,,None,,
"Pine Bluffs , 82082 Race Track",307-245-3264 I-80 Exit 401 ( Parson St ),24 M L,Pine Bluffs,82082,Race Track,307-245-3264,2006,Pine Bluffs,WY,,( Parson St ),I-80 Exit 401 ,Exit,401,False,,False,I-80,,None,,
"Pine Bluffs , 82082 Race Track",307-245-3264 I-80 Exit 401 ( Parson St ),M,Pine Bluffs,82082,Race Track,307-245-3264,2007,Pine Bluffs,WY,,( Parson St ),I-80 Exit 401 ,Exit,401,False,,False,I-80,,None,,
"Pine Bluffs , 82082 Race Track",307-245-3264 I-80 Exit 401 ( Parson St ),M,Pine Bluffs,82082,Race Track,307-245-3264,2008,Pine Bluffs,WY,,( Parson St ),I-80 Exit 401 ,Exit,401,False,,False,I-80,,None,,
"Wheatland , 82201 Wheatland Co - op Association ( Cenex )",8 307-322-2978 I-25 Exit 79 ( to 16 St ),) 000 D,Wheatland,82201,Wheatland Co - op Association ( Cenex ),307-322-2978,2006,Wheatland,WY,Cenex,( to 16 St ),I-25 Exit 79 ,Exit,79,False,,False,I-25,,None,,
Rawlins ( 82301 ) TA Rawlins # 234 ( Shell ),6 307-324-8722 I-80 Exit 214 ( Higley Blvd ),24 XL 24,Rawlins,82301,TA Rawlins # 234 ( Shell ),307-324-8722,2014,Rawlins,WY,Shell,( Higley Blvd ),I-80 Exit 214 ,Exit,214,False,,False,I-80,,None,,
Rawlins ( 82301 ) TA Rawlins # 234 ( Shell ),307-324-8722 I-80 Exit 214 ( Higley Blvd ) A,A 24 <U+2610> XL 24,Rawlins,82301,TA Rawlins # 234 ( Shell ),307-324-8722,2015,Rawlins,WY,Shell,( Higley Blvd ) A,I-80 Exit 214 ,Exit,214,False,,False,I-80,,None,,
Rawlins ( 82301 ) TA Rawlins # 234 ( Shell ),6 307-324-8722 I-80 Exit 214 ( Higley Blvd ),24 XL,Rawlins,82301,TA Rawlins # 234 ( Shell ),307-324-8722,2016,Rawlins,WY,Shell,( Higley Blvd ),I-80 Exit 214 ,Exit,214,False,,False,I-80,,None,,
"Rawlins , 82301 TravelCenters of America ( Shell )",307-328-2103 I-80 Exit 214 ( Higley Blvd ) TA,24 XL <U+2610>,Rawlins,82301,TravelCenters of America ( Shell ),307-328-2103,2006,Rawlins,WY,TravelCenters,( Higley Blvd ) TA,I-80 Exit 214 ,Exit,214,False,,False,I-80,,None,,
"F Rawlins , 82301 TravelCenters of America ( Shell )",6 307-328-2103 I-80 Exit 214 ( Higley Blvd ) TA,24,Rawlins,82301,TravelCenters of America ( Shell ),307-328-2103,2007,Rawlins,WY,TravelCenters,( Higley Blvd ) TA,I-80 Exit 214 ,Exit,214,False,,False,I-80,,None,,
"Rawlins , 82301 24",6 307-328-2103 TravelCenters I-80 Exit 214 ( of Higley America Blvd ) ( Shell ) TA FORS,FORS 24 X 24,Rawlins,82301,24,307-328-2103,2008,Rawlins,WY,,( of Higley America Blvd ) ( Shell ) TA FORS,TravelCenters I-80 Exit 214 ,Exit,214,False,,False,I-80,,None,,
F Walcott Junction ( 82335 ) Shell Food Mart,307-324-3920 I-80 Exit 235 ( US 30-287 ),<U+2610> S <U+2610>,Walcott Junction,82335,Shell Food Mart,307-324-3920,2014,Walcott,WY,Shell,( US 30-287 ),I-80 Exit 235 ,Exit,235,False,,False,I-80,,None,,
Walcott Junction ( 82335 ) Walcott Service ( Shell ),307-324-3920 I-80 Exit 235 ( US 30-287 ),S O,Walcott Junction,82335,Walcott Service ( Shell ),307-324-3920,2015,Walcott,WY,Shell,( US 30-287 ),I-80 Exit 235 ,Exit,235,False,,False,I-80,,None,,
F Walcott Junction ( 82335 ) Walcott Service ( Shell ),307-324-3920 I-80 Exit 235 ( US 30-287 ),<U+2610> <U+2610>,Walcott Junction,82335,Walcott Service ( Shell ),307-324-3920,2016,Walcott,WY,Shell,( US 30-287 ),I-80 Exit 235 ,Exit,235,False,,False,I-80,,None,,
"5307-324-7188 Wamsutter , 82336 Phillips 66 Travel ( CR Center 23 )",I-80 Exit 173 ( St,M M DOO D,Wamsutter,82336,Phillips 66 Travel ( CR Center 23 ),307-324-7188,2006,Wamsutter,WY,,( St,I-80 Exit 173 ,Exit,173,False,,False,I-80,,None,,
"Wamsutter , 82336 Phillips 66 Travel Center",307-324-7188 I-80 Exit 173 ( McCormick St S ),M <U+2610>,Wamsutter,82336,Phillips 66 Travel Center,307-324-7188,2007,Wamsutter,WY,,( McCormick St S ),I-80 Exit 173 ,Exit,173,False,,False,I-80,,None,,
"Wamsutter , 82336 Phillips 66 Travel CR Center 23 )",5 307-324-7188 I-80 Exit 173 (,<U+2610> M <U+2610>,Wamsutter,82336,Phillips 66 Travel CR Center 23 ),307-324-7188,2008,Wamsutter,WY,,(,I-80 Exit 173 ,Exit,173,False,,False,I-80,,None,,
Wamsutter ( 82336 ) Phillips 66 Travel Center,307-324-7188 I-80 Exit 173 ( McCormick St S ),M <U+2610>,Wamsutter,82336,Phillips 66 Travel Center,307-324-7188,2014,Wamsutter,WY,,( McCormick St S ),I-80 Exit 173 ,Exit,173,False,,False,I-80,,None,,
"Wamsutter , 82336 Sinclair Truck Stop",307-324-7818 I-80 Exit 173,,Wamsutter,82336,Sinclair Truck Stop,307-324-7818,2006,Wamsutter,WY,Sinclair,,I-80 Exit 173,Exit,173,False,,False,I-80,,None,,
"Wamsutter , 82336 Sinclair Truck Stop",307-324-7818 I-80 Exit 173,<U+2610> L,Wamsutter,82336,Sinclair Truck Stop,307-324-7818,2007,Wamsutter,WY,Sinclair,,I-80 Exit 173,Exit,173,False,,False,I-80,,None,,
"Wamsutter , 82336 Sinclair Truck Stop",307-324-7818 I-80 Exit 173,L,Wamsutter,82336,Sinclair Truck Stop,307-324-7818,2008,Wamsutter,WY,Sinclair,,I-80 Exit 173,Exit,173,False,,False,I-80,,None,,
"B Worland , 82401 Go Gas C - Store ( Conoco )",307-347-2875 US 16-20 ( in town ),<U+2610> <U+2610>,Worland,82401,Go Gas C - Store ( Conoco ),307-347-2875,2006,Worland,WY,Conoco,( in town ),US 16-20,empty,,False,,False,US 16-20,,None,,
"Worland , 82401 Go Gas C - Store ( Conoco )",307-347-2875 US 16-20 ( in town ),,Worland,82401,Go Gas C - Store ( Conoco ),307-347-2875,2007,Worland,WY,Conoco,( in town ),US 16-20,empty,,False,,False,US 16-20,,None,,
"B Cody , 82414 Kwik Mart ( Cenex )",307-527-7534 US 14-16-20,000,Cody,82414,Kwik Mart ( Cenex ),307-527-7534,2006,Cody,WY,Kwik,,US 14-16-20,empty,,False,,False,US 14-16,,None,,
"B Cody , 82414 Red Eagle Food Store # 4 ( Cenex )",4 307-587-6200 1200 US 14-20 ( 17th St ),FRS 24 000,Cody,82414,Red Eagle Food Store # 4 ( Cenex ),307-587-6200,2006,Cody,WY,Cenex,( 17th St ),1200 US 14-20,Proper,,False,,False,US 14-20,,None,,
"B Cody , 82414 Red Eagle Food Store # 4 ( Shell )",307-587-6200 1200 US 14-20 ( 17th St ),24 HRS,Cody,82414,Red Eagle Food Store # 4 ( Shell ),307-587-6200,2007,Cody,WY,Shell,( 17th St ),1200 US 14-20,Proper,,False,,False,US 14-20,,None,,
"B Cody , 82414 Red Eagle Food Store # 4 ( Shell",4 307-587-6200 1200 US 14-20 ( 17th St ) ),<U+2610> <U+2610>,Cody,82414,Red Eagle Food Store # 4 ( Shell,307-587-6200,2008,Cody,WY,Shell,( 17th St ) ),1200 US 14-20,Proper,,False,,False,US 14-20,,None,,
"Riverton , 82501 Bailey Tire & Auto Service ( Sinclair )",15307-856-6535 811 S WY 789 ( 4 blks S of US 26 ),24,Riverton,82501,Bailey Tire & Auto Service ( Sinclair ),307-856-6535,2006,Riverton,WY,Sinclair,( 4 blks S of US 26 ),811 S WY 789,Proper,,False,,False,811 S,,None,,
"Riverton , 82501 Bailey Tire & Auto Service ( Sinclair )",307-856-6535 811 S WY 789 ( 4 blks S of US 26 ),),Riverton,82501,Bailey Tire & Auto Service ( Sinclair ),307-856-6535,2007,Riverton,WY,Sinclair,( 4 blks S of US 26 ),811 S WY 789,Proper,,False,,False,811 S,,None,,
"D Riverton , 82501 Bailey Tire & Auto Service ( Sinclair )",307-856-6535 811 <U+015A> WY 789 ( 4 blks S of US 26 ),S <U+25A1> <U+25A1> D,Riverton,82501,Bailey Tire & Auto Service ( Sinclair ),307-856-6535,2008,Riverton,WY,Sinclair,( 4 blks S of US 26 ),811 <U+015A> WY 789,Proper,,False,,False,811 U,,None,,
"Riverton , 82501 789 Car & Truck Stop ( Exxon )",307-856-6789 10369 Hwy 789,<U+2610> 000,Riverton,82501,789 Car & Truck Stop ( Exxon ),307-856-6789,2006,Riverton,WY,Exxon,,10369 Hwy 789,Proper,,False,,False,Hwy 789,,None,,
"Riverton , 82501 789 C - Store ( Exxon )",5 307-856-6789 10369 WY 789,000,Riverton,82501,789 C - Store ( Exxon ),307-856-6789,2007,Riverton,WY,Exxon,,10369 WY 789,Proper,,False,,False,10369 WY,,None,,
D Riverton ( 82501 ) 789 Smoke Shop,307-856-6789 10369 WY 789,24 24 S,Riverton,82501,789 Smoke Shop,307-856-6789,2014,Riverton,WY,,,10369 WY 789,Proper,,False,,False,10369 WY,,None,,
Riverton ( 82501 ) 789 Smoke Shop,307-856-6789 10369 WY 789,224 S O,Riverton,82501,789 Smoke Shop,307-856-6789,2015,Riverton,WY,,,10369 WY 789,Proper,,False,,False,10369 WY,,None,,
Riverton ( 82501 ) 789 Smoke Shop,307-856-6789 10369 WY 789,HRG 24 S,Riverton,82501,789 Smoke Shop,307-856-6789,2016,Riverton,WY,,,10369 WY 789,Proper,,False,,False,10369 WY,,None,,
D Riverton ( 82501 ) Bailey's Pit Stop # 3 ( Sinclair ),5 307-857-7583 819 WY 789 ( S of US 26 ),24 S <U+2610>,Riverton,82501,Bailey's Pit Stop # 3 ( Sinclair ),307-857-7583,2014,Riverton,WY,Sinclair,( S of US 26 ),819 WY 789,Proper,,False,,False,819 WY,,None,,
Riverton ( 82501 ) Bailey's Pit Stop # 3 ( Sinclair ),307-857-7583 819 WY 789 ( S of US 26 ),24 S <U+2610>,Riverton,82501,Bailey's Pit Stop # 3 ( Sinclair ),307-857-7583,2015,Riverton,WY,Sinclair,( S of US 26 ),819 WY 789,Proper,,False,,False,819 WY,,None,,
Riverton ( 82501 ) Bailey's Pit Stop # 3 ( Sinclair ),307-857-7583 819 WY 789 ( S of US 26 ),24 S <U+25A1> <U+25A1>,Riverton,82501,Bailey's Pit Stop # 3 ( Sinclair ),307-857-7583,2016,Riverton,WY,Sinclair,( S of US 26 ),819 WY 789,Proper,,False,,False,819 WY,,None,,
"D Lander , 82520 Stub's Truck Stop",307-332-2566 730 WY 789 E,S <U+2610>,Lander,82520,Stub's Truck Stop,307-332-2566,2006,Lander,WY,,,730 WY 789 E,Proper,,False,,False,730 WY,,None,,
"Evansville , 82636 Loaf N Jug # 127",307-265-9312 I-25 Exit 185 ( Wyoming Blvd ),,Evansville,82636,Loaf N Jug # 127,307-265-9312,2006,Evansville,WY,,( Wyoming Blvd ),I-25 Exit 185 ,Exit,185,False,,False,I-25,,None,,
"Evansville , 82636 Loaf N Jug # 127",307-265-9312 I-25 Exit 185 ( Wyoming Blvd ),24 M <U+25A0><U+25A0>,Evansville,82636,Loaf N Jug # 127,307-265-9312,2007,Evansville,WY,,( Wyoming Blvd ),I-25 Exit 185 ,Exit,185,False,,False,I-25,,None,,
"Evansville , 82636 Loaf N Jug # 127",7 307-265-9312 I-25 Exit 185 ( Wyoming Blvd ),24 MRS HRS,Evansville,82636,Loaf N Jug # 127,307-265-9312,2008,Evansville,WY,,( Wyoming Blvd ),I-25 Exit 185 ,Exit,185,False,,False,I-25,,None,,
D Midwest ( 82643 ) Junction Fuel,307-437-6817 WY 259 & WY 387 ( 5 mi E of I-25 X 227 ),227 ) M,Midwest,82643,Junction Fuel,307-437-6817,2014,Midwest,WY,,( 5 mi E of I-25 X 227 ),WY 259 & WY 387,empty,,False,,False,WY 259,WY 387,None,,
D Midwest ( 82643 ) Big D 270,307-437-6817 WY 259 & WY 387 ( 5 mi E of I -,) M <U+25A1> <U+25A1>,Midwest,82643,Big D 270,307-437-6817,2015,Midwest,WY,,( 5 mi E of I -,WY 259 & WY 387,empty,,False,,False,WY 259,WY 387,None,,
Midwest ( 82643 ) Big D,307-437-6817 WY 259 & WY 387 ( 5 mi E of I-25 X 227 ),) <U+25A1> M <U+2610> <U+2610>,Midwest,82643,Big D,307-437-6817,2016,Midwest,WY,,( 5 mi E of I-25 X 227 ),WY 259 & WY 387,empty,,False,,False,WY 259,WY 387,None,,
"Mills , 82644 Red Eagle Food Store # 14 ( Shell )",307-237-9794 US 20-26 & Wyoming Blvd,<U+25A1> <U+25A1>,Mills,82644,Red Eagle Food Store # 14 ( Shell ),307-237-9794,2006,Mills,WY,Shell,,US 20-26 & Wyoming Blvd,empty,,False,,False,US 20,Wyoming Blvd,None,,
"Shoshoni , 82649 Corner Properties ( Conoco ) )",307-876-2561 US 20 & US 26 / WY 789,FIRS 24,Shoshoni,82649,Corner Properties ( Conoco ) ),307-876-2561,2006,Shoshoni,WY,Conoco,,US 20 & US 26 / WY 789,empty,,False,,False,US 20,US 26,789,,
"IShoshoni , 82649 Country Corner ( Shell of ) Entry )",5 307-876-2561 US 20 & US 26 / WY 789,<U+2610> <U+25A1> <U+25A1>,Shoshoni,82649,Country Corner ( Shell of ) Entry ),307-876-2561,2008,Shoshoni,WY,Shell,,US 20 & US 26 / WY 789,empty,,False,,False,US 20,US 26,789,,
"D Shoshoni , 82649 Country Corner ( Sinclair )",307-879-2561 US 20 & US 26 / WY 789,,Shoshoni,82649,Country Corner ( Sinclair ),307-879-2561,2007,Shoshoni,WY,Sinclair,,US 20 & US 26 / WY 789,empty,,False,,False,US 20,US 26,789,,
B Gillette / Antelope Valley ( 82718 ) Big D # 35 Kwik Shop ( Conoco ),8 307-682-7626 WY 59 ( I-90 Exit 129 - 3 mi S ),<U+25A1> <U+2610>,Gillette / Antelope Valley,82718,Big D # 35 Kwik Shop ( Conoco ),307-682-7626,2014,Gillette,WY,Kwik,( I-90 Exit 129 - 3 mi S ),WY 59,empty,,False,,False,WY 59,,None,,
B Gillette ( S ) ( 82718 ) Big D # 35 Kwik Shop ( Conoco ),307-682-7626 WY 59 ( I-90 Exit 126-3 mi S ),<U+2610> <U+2610> D,Gillette,82718,Big D # 35 Kwik Shop ( Conoco ),307-682-7626,2015,Gillette,WY,Kwik,( I-90 Exit 126-3 mi S ),WY 59,empty,,False,,False,WY 59,,None,,
Gillette ( S ) ( 82718 ) Big D # 35 Kwik Exit Shop 126-3 ( mi S ),307-682-7626 WY 59 ( I-90 102,S D,Gillette,82718,Big D # 35 Kwik Exit Shop 126-3 ( mi S ),307-682-7626,2016,Gillette,WY,Kwik,( I-90 102,WY 59,empty,,False,,False,WY 59,,None,,
Wright ( 82732 ) Big D # 18 ( Exxon ),8 307-464-0625 WY 59 & WY 387 W,<U+25A1> S <U+2610>,Wright,82732,Big D # 18 ( Exxon ),307-464-0625,2014,Wright,WY,Exxon,,WY 59 & WY 387 W,empty,,False,,False,WY 59,WY 387,None,,
Wright ( 82732 ) Big D # 18 ( Exxon ),8 307-464-0625 WY 59 & WY 387 W,D S,Wright,82732,Big D # 18 ( Exxon ),307-464-0625,2015,Wright,WY,Exxon,,WY 59 & WY 387 W,empty,,False,,False,WY 59,WY 387,None,,
Wright ( 82732 ) Big D # 18 ( Exxon ),8 307-464-0625 WY 59 & WY 387 W,<U+25A1> S,Wright,82732,Big D # 18 ( Exxon ),307-464-0625,2016,Wright,WY,Exxon,,WY 59 & WY 387 W,empty,,False,,False,WY 59,WY 387,None,,
"A Sheridan , 82801 Red Eagle Food Store # 17 ( Shell )",307-673-1128 I-90 Exit 20,M,Sheridan,82801,Red Eagle Food Store # 17 ( Shell ),307-673-1128,2006,Sheridan,WY,Shell,,I-90 Exit 20,Exit,20,False,,False,I-90,,None,,
"A Sheridan , 82801 Red Eagle Food Store # 17 ( Shell )",307-673-1128 I-90 Exit 20,,Sheridan,82801,Red Eagle Food Store # 17 ( Shell ),307-673-1128,2007,Sheridan,WY,Shell,,I-90 Exit 20,Exit,20,False,,False,I-90,,None,,
"A Sheridan , 82801 Red Eagle Food Store # 17 ( .",6 307-673-1128 I-90 Exit 20 Shell ),HRS 24 <U+2610> <U+2610> <U+2610>,Sheridan,82801,Red Eagle Food Store # 17 ( .,307-673-1128,2008,Sheridan,WY,,,I-90 Exit 20 Shell ,Exit,20,False,,False,I-90,,None,,
"B Buffalo , 82834 Big Horn Travel Plaza",307-684-5246 I-25 Exit 299 ( US 16 ),124 HRS MOO,Buffalo,82834,Big Horn Travel Plaza,307-684-5246,2006,Buffalo,WY,,( US 16 ),I-25 Exit 299 ,Exit,299,False,,False,I-25,,None,,
"B Buffalo , 82834 Big Horn Travel Plaza",307-684-5246 I-25 Exit 299 ( US 16 ),24 +84 S B,Buffalo,82834,Big Horn Travel Plaza,307-684-5246,2007,Buffalo,WY,,( US 16 ),I-25 Exit 299 ,Exit,299,False,,False,I-25,,None,,
"B Buffalo , 82834 Big Horn Travel Plaza",307-684-5246 I-25 Exit 299 ( US 16 ),NRS S <U+2610><U+2610>,Buffalo,82834,Big Horn Travel Plaza,307-684-5246,2008,Buffalo,WY,,( US 16 ),I-25 Exit 299 ,Exit,299,False,,False,I-25,,None,,
F Rock Springs ( 82901 ) Sunmart # 586 ( Texaco ),307-362-1598 I-80 Exit 104 ( US 191 N ),24 M,Rock Springs,82901,Sunmart # 586 ( Texaco ),307-362-1598,2014,Rock Springs,WY,Texaco,( US 191 N ),I-80 Exit 104 ,Exit,104,False,,False,I-80,,None,,
Rock Springs ( 82901 ) Sunmart # 586 ( Texaco ),307-362-1598 I-80 Exit 104 ( US 191 N ),24 M <U+2610><U+2610>,Rock Springs,82901,Sunmart # 586 ( Texaco ),307-362-1598,2015,Rock Springs,WY,Texaco,( US 191 N ),I-80 Exit 104 ,Exit,104,False,,False,I-80,,None,,
Rock Springs ( 82901 ) Sunmart # 586 ( Texaco ),307-362-1598 I-80 Exit 104 ( US 191 N ),24 MOO <U+2610> <U+2610> <U+2610>,Rock Springs,82901,Sunmart # 586 ( Texaco ),307-362-1598,2016,Rock Springs,WY,Texaco,( US 191 N ),I-80 Exit 104 ,Exit,104,False,,False,I-80,,None,,
"Rock Springs , 82901 Outlaw Sinclair",307-362-6205 I-80 Exit 104 ( US 191 N ),FRS MO,Rock Springs,82901,Outlaw Sinclair,307-362-6205,2006,Rock Springs,WY,Sinclair,( US 191 N ),I-80 Exit 104 ,Exit,104,False,,False,I-80,,None,,
Rock Springs ( 82901 ) North Get N Go ( Exxon ),307-382-9451 I-80 Exit 104 ( US 191 N ),<U+2610>,Rock Springs,82901,North Get N Go ( Exxon ),307-382-9451,2016,Rock Springs,WY,Exxon,( US 191 N ),I-80 Exit 104 ,Exit,104,False,,False,I-80,,None,,
"Pocatello , 83201 Smoking Hot Deals ( Sinclair )",208-232-5141 14367 US 30 W ( 1.5 mi E of I-86 Exit 58 ),24 HRS -,Pocatello,83201,Smoking Hot Deals ( Sinclair ),208-232-5141,2006,Pocatello,ID,Sinclair,( 1.5 mi E of I-86 Exit 58 ),14367 US 30 W,Proper,,False,,False,US 30,,None,,
"Pocatello , 83201 Smoking Hot Deals ( Sinclair )",208-232-5141 14367 US 30 W ( 1.5 mi E of I-86 Exit 58 ),58 ) 000,Pocatello,83201,Smoking Hot Deals ( Sinclair ),208-232-5141,2007,Pocatello,ID,Sinclair,( 1.5 mi E of I-86 Exit 58 ),14367 US 30 W,Proper,,False,,False,US 30,,None,,
"Pocatello , 83201 Forde Johnson Truck Service ( 66 )",208-233-2322 I-15 Exit 67 ( 1/2 mi N on US 30 ),S S <U+2610>,Pocatello,83201,Forde Johnson Truck Service ( 66 ),208-233-2322,2006,Pocatello,ID,,( 1/2 mi N on US 30 ),I-15 Exit 67 ,Exit,67,False,,False,I-15,,None,,
"= 11 HPocatello , 83201 Forde Johnson Truck Stop ( 66 )",208-233-2322 I-15 Exit 67 ( 1 mi N on US 30 ),,Pocatello,83201,Forde Johnson Truck Stop ( 66 ),208-233-2322,2007,Pocatello,ID,,( 1 mi N on US 30 ),I-15 Exit 67 ,Exit,67,False,,False,I-15,,None,,
"Pocatello , 83201 Forde Johnson 45 Truck Stop (",208-233-2322 I-15 Exit 67 ( 1 mi N 66 ),<U+2610> <U+25A1> <U+25A1>,Pocatello,83201,Forde Johnson 45 Truck Stop (,208-233-2322,2008,Pocatello,ID,,( 1 mi N 66 ),I-15 Exit 67 ,Exit,67,False,,False,I-15,,None,,
"Pocatello , 83201 Cowboy West Truck Stop",208-234-0229 I-86 Exit 58 ( 2 mi E on US 30 ),S 0,Pocatello,83201,Cowboy West Truck Stop,208-234-0229,2006,Pocatello,ID,,( 2 mi E on US 30 ),I-86 Exit 58 ,Exit,58,False,,False,I-86,,None,,
"Pocatello , 83201 Cowboy West Truck Stop",208-234-0229 I-86 Exit 58 ( 2 mi E on US 30 ),S240 000,Pocatello,83201,Cowboy West Truck Stop,208-234-0229,2007,Pocatello,ID,,( 2 mi E on US 30 ),I-86 Exit 58 ,Exit,58,False,,False,I-86,,None,,
"Pocatello , 83201 Cowboy West Truck Stop",208-234-0229 I-86 Exit 58 ( 2 mi E on,HAS 24 22 S <U+25A1> <U+25A1> <U+2610>,Pocatello,83201,Cowboy West Truck Stop,208-234-0229,2008,Pocatello,ID,,( 2 mi E on,I-86 Exit 58 ,Exit,58,False,,False,I-86,,None,,
Arco ( 83213 ) Jack's Travel Plaza ( Texaco ),5 208-527-3577 2437 US 20-26 ( 1/2 mi SE of US 93 ),<U+2610> M,Arco,83213,Jack's Travel Plaza ( Texaco ),208-527-3577,2014,Arco,ID,Texaco,( 1/2 mi SE of US 93 ),2437 US 20-26,Proper,,False,,False,US 20-26,,None,,
Arco ( 83213 ) Jack's Exit Travel 52 Plaza ( Texaco ),208-527-3577 2437 US 20-26 ( 1/2 mi SE,M D,Arco,83213,Jack's Exit Travel 52 Plaza ( Texaco ),208-527-3577,2015,Arco,ID,Texaco,( 1/2 mi SE,2437 US 20-26,Proper,,False,,False,US 20-26,,None,,
Arco ( 83213 ) Jack's Travel Plaza ( Texaco ),5 208-527-3577 2437 US 20-26 ( 1/2 mi SE of US 93 ),M O,Arco,83213,Jack's Travel Plaza ( Texaco ),208-527-3577,2016,Arco,ID,Texaco,( 1/2 mi SE of US 93 ),2437 US 20-26,Proper,,False,,False,US 20-26,,None,,
H Blackfoot ( 83221 ) Snake River ( Sinclair ) on US 26 ),6 208-782-1800 I-15 Exit 93 ( US 26 W ),M,Blackfoot,83221,Snake River ( Sinclair ) on US 26 ),208-782-1800,2014,Blackfoot,ID,Sinclair,( US 26 W ),I-15 Exit 93 ,Exit,93,False,,False,I-15,,None,,
Blackfoot ( 83221 ) Snake River ( Sinclair ),208-782-1800 I-15 Exit 93 ( US 26 W ),M,Blackfoot,83221,Snake River ( Sinclair ),208-782-1800,2015,Blackfoot,ID,Sinclair,( US 26 W ),I-15 Exit 93 ,Exit,93,False,,False,I-15,,None,,
Blackfoot ( 83221 ) Snake River ( Sinclair ) on US 26 ),208-782-1800 I-15 Exit 93 ( US 26 W ),M 3,Blackfoot,83221,Snake River ( Sinclair ) on US 26 ),208-782-1800,2016,Blackfoot,ID,Sinclair,( US 26 W ),I-15 Exit 93 ,Exit,93,False,,False,I-15,,None,,
Blackfoot ( 83221 ) Sage Hill Travel Center ( Shell ),208-785-0194 I-15 Exit 89 ( US 91 S ),24 S <U+2610> <U+2610>,Blackfoot,83221,Sage Hill Travel Center ( Shell ),208-785-0194,2014,Blackfoot,ID,Shell,( US 91 S ),I-15 Exit 89 ,Exit,89,False,,False,I-15,,None,,
Blackfoot ( 83221 ) Sage Hill Travel Center ( Shell ),$ 208-785-0194 I-15 Exit 89 ( US 91 S ),24 S B D <U+2610>,Blackfoot,83221,Sage Hill Travel Center ( Shell ),208-785-0194,2015,Blackfoot,ID,Shell,( US 91 S ),I-15 Exit 89 ,Exit,89,False,,False,I-15,,None,,
Blackfoot ( 83221 ) Sage Hill Travel Center ( Sinclair ),208-785-0194 I-15 Exit 89 ( US 91 S ),24 S <U+2610> <U+2610>,Blackfoot,83221,Sage Hill Travel Center ( Sinclair ),208-785-0194,2016,Blackfoot,ID,Sinclair,( US 91 S ),I-15 Exit 89 ,Exit,89,False,,False,I-15,,None,,
"Blackfoot , 83221 Gas & Scrub ( 66 )",208-785-1170 410 W US 26,,Blackfoot,83221,Gas & Scrub ( 66 ),208-785-1170,2006,Blackfoot,ID,,,410 W US 26,Proper,,False,,False,US 26,,None,,
"Blackfoot , 83221 Gas & Scrub ( 66 )",208-785-1170 410 W US 26,000,Blackfoot,83221,Gas & Scrub ( 66 ),208-785-1170,2007,Blackfoot,ID,,,410 W US 26,Proper,,False,,False,US 26,,None,,
"Blackfoot , 83221 Gas & Scrub ( 66 )",6 208-785-1170 410 W US 26,24 MOO,Blackfoot,83221,Gas & Scrub ( 66 ),208-785-1170,2008,Blackfoot,ID,,,410 W US 26,Proper,,False,,False,US 26,,None,,
H Blackfoot ( 83221 ) Gas & Scrub ( 66 ),208-785-1170 I-15 Exit 93 ( 3/4 mi W on US 26 ),<U+2610>,Blackfoot,83221,Gas & Scrub ( 66 ),208-785-1170,2014,Blackfoot,ID,,( 3/4 mi W on US 26 ),I-15 Exit 93 ,Exit,93,False,,False,I-15,,None,,
Blackfoot ( 83221 ) Gas & Scrub ( 66 ),208-785-1170 I-15 Exit 93 ( 3/4 mi W on US 26 ),2025,Blackfoot,83221,Gas & Scrub ( 66 ),208-785-1170,2016,Blackfoot,ID,,( 3/4 mi W on US 26 ),I-15 Exit 93 ,Exit,93,False,,False,I-15,,None,,
Downey ( 83234 ) Valley Oil ( 66 ),6 208-897-5237 114 ID 91 ( N of town ),<U+2610> <U+2610> 11 O,Downey,83234,Valley Oil ( 66 ),208-897-5237,2014,Downey,ID,,( N of town ),114 ID 91,Proper,,False,,False,114 ID,,None,,
Downey ( 83234 ) Valley Oil ( 66 ),208-897-5237 114 ID 91 ( N of town ),<U+2610><U+2610> <U+2610>,Downey,83234,Valley Oil ( 66 ),208-897-5237,2016,Downey,ID,,( N of town ),114 ID 91,Proper,,False,,False,114 ID,,None,,
"McCammon , 83250 Flying J Travel Plaza 30 E )",208-254-3741 I-15 Exit 47 ( # 0500023,,McCammon,83250,Flying J Travel Plaza 30 E ),208-254-3741,2006,Mccammon,ID,Flying J,( # 0500023,I-15 Exit 47 ,Exit,47,False,,False,I-15,,None,,
"McCammon , 83250 Flying J Travel Plaza # 0500023",208-254-3741 I-15 Exit 47 ( US 30 ),24,McCammon,83250,Flying J Travel Plaza # 0500023,208-254-3741,2007,Mccammon,ID,Flying J,( US 30 ),I-15 Exit 47 ,Exit,47,False,,False,I-15,,None,,
"McCammon , 83250 Flying J Travel 47 ( US Plaza 30 E )",208-254-9845 I-15 Exit 47 ( # 0500223,24 MOO 24,McCammon,83250,Flying J Travel 47 ( US Plaza 30 E ),208-254-9845,2008,Mccammon,ID,Flying J,( # 0500223,I-15 Exit 47 ,Exit,47,False,,False,I-15,,None,,
McCammon ( 83250 ) Flying J Travel Plaza # 641,6 208-254-9845 I-15 Exit 47 ( US 30 ),24 MO,McCammon,83250,Flying J Travel Plaza # 641,208-254-9845,2014,Mccammon,ID,Flying J,( US 30 ),I-15 Exit 47 ,Exit,47,False,,False,I-15,,None,,
McCammon ( 83250 ) Flying J Travel Plaza # 641,208-254-9845 I-15 Exit 47 ( US 30 ),FLYING J 24 MO,McCammon,83250,Flying J Travel Plaza # 641,208-254-9845,2015,Mccammon,ID,Flying J,( US 30 ),I-15 Exit 47 ,Exit,47,False,,False,I-15,,None,,
McCammon ( 83250 ) Flying J Travel Plaza # 641 FLYING J,6 208-254-9845 I-15 Exit 47 ( US 30 ) .,J 24 DOMO 24,McCammon,83250,Flying J Travel Plaza # 641 FLYING J,208-254-9845,2016,Mccammon,ID,Flying J,( US 30 ) .,I-15 Exit 47 ,Exit,47,False,,False,I-15,,None,,
Montpelier ( 83254 ) Ranch Hand Trail Stop,208-847-1180 US 30 ( 2 mi N of town ),M 24 23,Montpelier,83254,Ranch Hand Trail Stop,208-847-1180,2014,Montpelier,ID,,( 2 mi N of town ),US 30,empty,,False,,False,US 30,,None,,
Montpelier ( 83254 ) Ranch Hand Trail Stop,208-847-1180 US 30 ( 2 mi N of town ),24 MO DORS 24,Montpelier,83254,Ranch Hand Trail Stop,208-847-1180,2015,Montpelier,ID,,( 2 mi N of town ),US 30,empty,,False,,False,US 30,,None,,
Montpelier ( 83254 ) Ranch Hand Trail Stop,208-847-1180 US 30 ( 2 mi N of town ) .,DR3 24 MO 24 <U+2610>,Montpelier,83254,Ranch Hand Trail Stop,208-847-1180,2016,Montpelier,ID,,( 2 mi N of town ) .,US 30,empty,,False,,False,US 30,,None,,
"Montpelier , 83254 Ranch Hand Truck 30 ) Stop (",208-847-2221 US 30 ( 2 mi N of Sinclair ) .,24 MOO,Montpelier,83254,Ranch Hand Truck 30 ) Stop (,208-847-2221,2006,Montpelier,ID,,( 2 mi N of Sinclair ) .,US 30,empty,,False,,False,US 30,,None,,
"Montpelier , 83254 Ranch Hand Truck Stop ( Sinclair )",208-847-2221 US 30 ( 2 mi N of town ),24 M 24000,Montpelier,83254,Ranch Hand Truck Stop ( Sinclair ),208-847-2221,2007,Montpelier,ID,Sinclair,( 2 mi N of town ),US 30,empty,,False,,False,US 30,,None,,
"Soda Springs , 83276 Jim Fowler Sinclair Truck Stop",208-547-0763 US 30 ( E of town ),,Soda Springs,83276,Jim Fowler Sinclair Truck Stop,208-547-0763,2006,Soda Springs,ID,Sinclair,( E of town ),US 30,empty,,False,,False,US 30,,None,,
"Twin Falls , 83301 United Oil ( Sinclair )",208-734-8089 1992 US 30,# XL,Twin Falls,83301,United Oil ( Sinclair ),208-734-8089,2006,Twin Falls,ID,Sinclair,,1992 US 30,Proper,,False,,False,US 30,,None,,
"Twin Falls , 83301 United Oil ( Sinclair )",208-734-8089 1992 US 30,,Twin Falls,83301,United Oil ( Sinclair ),208-734-8089,2007,Twin Falls,ID,Sinclair,,1992 US 30,Proper,,False,,False,US 30,,None,,
"Twin Falls , 83301 United Oil ( Sinclair )",4 208-734-8089 1992 US 30,24 <U+2610><U+2610> <U+2610> <U+2610> <U+25A1> <U+25A1>,Twin Falls,83301,United Oil ( Sinclair ),208-734-8089,2008,Twin Falls,ID,Sinclair,,1992 US 30,Proper,,False,,False,US 30,,None,,
Twin Falls ( 83301 ) United Oil ( Sinclair ),4 208-734-8089 1992 US 30,<U+25A1>,Twin Falls,83301,United Oil ( Sinclair ),208-734-8089,2015,Twin Falls,ID,Sinclair,,1992 US 30,Proper,,False,,False,US 30,,None,,
Bliss ( 83314 ) Ziggy's Express ( 66 ) W ),3 208-352-1070 I-84 Exit 141 ( 1/4 mi W ),24 S,Bliss,83314,Ziggy's Express ( 66 ) W ),208-352-1070,2014,Bliss,ID,,( 1/4 mi W ),I-84 Exit 141 ,Exit,141,False,,False,I-84,,None,,
Bliss ( 83314 ) Ziggy's Express ( 66 ),208-352-1070 I-84 Exit 141 ( 1/4 mi W ),DOLD 24 S <U+2610> <U+2610>,Bliss,83314,Ziggy's Express ( 66 ),208-352-1070,2015,Bliss,ID,,( 1/4 mi W ),I-84 Exit 141 ,Exit,141,False,,False,I-84,,None,,
Bliss ( 83314 ) Ziggy's Express ( 66 ),208-352-1070 I-84 Exit 141 ( 1/4 mi W ),24 S,Bliss,83314,Ziggy's Express ( 66 ),208-352-1070,2016,Bliss,ID,,( 1/4 mi W ),I-84 Exit 141 ,Exit,141,False,,False,I-84,,None,,
"Hazelton , 83335 R & E Greenwood Store (",4 208-829-5735 I-84 Exit 194 Sinclair ),S <U+2610>,Hazelton,83335,R & E Greenwood Store (,208-829-5735,2006,Hazelton,ID,,,I-84 Exit 194 Sinclair ,Exit,194,False,,False,I-84,,None,,
"Hazelton , 83335 R & E Greenwood Store ( Sinclair )",208-829-5735 I-84 Exit 194,<U+2610>,Hazelton,83335,R & E Greenwood Store ( Sinclair ),208-829-5735,2007,Hazelton,ID,Sinclair,,I-84 Exit 194,Exit,194,False,,False,I-84,,None,,
"Hazelton , 83335 R & E Greenwood Store ( Sinclair )",208-829-5735 I-84 Exit 194,1905 24 XL,Hazelton,83335,R & E Greenwood Store ( Sinclair ),208-829-5735,2008,Hazelton,ID,Sinclair,,I-84 Exit 194,Exit,194,False,,False,I-84,,None,,
"Heyburn , 83336 Love's Travel Stop # 334",208-434-8777 I-84 Exit 211 ( US 30 ),24 S,Heyburn,83336,Love's Travel Stop # 334,208-434-8777,2007,Heyburn,ID,Love's,( US 30 ),I-84 Exit 211 ,Exit,211,False,,False,I-84,,None,,
"Heyburn , 83336 Love's Travel Stop # 334",5 208-434-8777 I-84 Exit 211 ( US 30 ),<U+2610> SO 00,Heyburn,83336,Love's Travel Stop # 334,208-434-8777,2008,Heyburn,ID,Love's,( US 30 ),I-84 Exit 211 ,Exit,211,False,,False,I-84,,None,,
Heyburn ( 83336 ) Love's Travel Stop # 334,5 208-434-8777 I-84 Exit 211 ( US 30 ),24 MOO O,Heyburn,83336,Love's Travel Stop # 334,208-434-8777,2014,Heyburn,ID,Love's,( US 30 ),I-84 Exit 211 ,Exit,211,False,,False,I-84,,None,,
Heyburn ( 83336 ) Love's Travel Stop # 334,5 208-434-8777 I-84 Exit 211 ( US 30 ),24 M,Heyburn,83336,Love's Travel Stop # 334,208-434-8777,2015,Heyburn,ID,Love's,( US 30 ),I-84 Exit 211 ,Exit,211,False,,False,I-84,,None,,
Heyburn ( 83336 ) Love's Travel Stop # 334,208-434-8777 I-84 Exit 211 ( US 30 ),MOO 24,Heyburn,83336,Love's Travel Stop # 334,208-434-8777,2016,Heyburn,ID,Love's,( US 30 ),I-84 Exit 211 ,Exit,211,False,,False,I-84,,None,,
"Heyburn , 83336 Stinker Station # 66 ( Sinclair",208-436-9027 I-84 Exit 211 ( ID ),HRS 24,Heyburn,83336,Stinker Station # 66 ( Sinclair,208-436-9027,2006,Heyburn,ID,Sinclair,( ID ),I-84 Exit 211 ,Exit,211,False,,False,I-84,,None,,
"Heyburn , 83336 Stinker Station # 66 ( Sinclair )",5 208-436-9027 I-84 Exit 211 ( ID 24 N ),24 HRS,Heyburn,83336,Stinker Station # 66 ( Sinclair ),208-436-9027,2007,Heyburn,ID,Sinclair,( ID 24 N ),I-84 Exit 211 ,Exit,211,False,,False,I-84,,None,,
"Heyburn , 83336 Stinker Station # 66 ( Sinclair )",51208-436-9027 I-84 Exit 211 ( ID 24 N ),24 M,Heyburn,83336,Stinker Station # 66 ( Sinclair ),208-436-9027,2008,Heyburn,ID,Sinclair,( ID 24 N ),I-84 Exit 211 ,Exit,211,False,,False,I-84,,None,,
Malta ( 83342 ) Fridall's Mountain View ( Sinclair ),5 208-645-2303 I-84 Exit 245,M <U+25A1>,Malta,83342,Fridall's Mountain View ( Sinclair ),208-645-2303,2014,Malta,ID,Sinclair,,I-84 Exit 245,Exit,245,False,,False,I-84,,None,,
Malta ( 83342 ) Sublift Fuel Stop,5 208-645-2303 I-84 Exit 245,D M <U+2610> <U+25A1>,Malta,83342,Sublift Fuel Stop,208-645-2303,2015,Malta,ID,,,I-84 Exit 245,Exit,245,False,,False,I-84,,None,,
"Malta , 83342 Fridall's Mountain View ( 2 blks W to 6th N )",208-645-2549 I-84 Exit 245 ( Sinclair ),M,Malta,83342,Fridall's Mountain View ( 2 blks W to 6th N ),208-645-2549,2006,Malta,ID,,( Sinclair ),I-84 Exit 245 ,Exit,245,False,,False,I-84,,None,,
"Malta , 83342 Fridall's Mountain View ( Sinclair )",208-645-2549 I-84 Exit 245,M,Malta,83342,Fridall's Mountain View ( Sinclair ),208-645-2549,2007,Malta,ID,Sinclair,,I-84 Exit 245,Exit,245,False,,False,I-84,,None,,
"Malta , 83342 Fridall's Mountain View ( 2 blks W to 6th N )",208-645-2549 I-84 Exit 245 ( Sinclair ),M <U+2610>,Malta,83342,Fridall's Mountain View ( 2 blks W to 6th N ),208-645-2549,2008,Malta,ID,,( Sinclair ),I-84 Exit 245 ,Exit,245,False,,False,I-84,,None,,
Idaho Falls ( 83402 ) Flying J Travel Center # 1043,208-522-4149 I-15 Exit 113 ( US 26 E ),FLYING J 24 DOLO 24,Idaho Falls,83402,Flying J Travel Center # 1043,208-522-4149,2016,Idaho Falls,ID,Flying J,( US 26 E ),I-15 Exit 113 ,Exit,113,False,,False,I-15,,None,,
Idaho Falls ( 83402 ) I-15 Love's Exit Travel 113 ( Stop US 26 # 478 E ),6 208-529-1904 I-15 Exit 113 ( US 26 E ),24 M D,Idaho Falls,83402,I-15 Love's Exit Travel 113 ( Stop US 26 # 478 E ),208-529-1904,2014,Idaho Falls,ID,Love's,( US 26 E ),I-15 Exit 113 ,Exit,113,False,,False,I-15,,None,,
Idaho Falls ( 83402 ) Love's Travel Stop 26 # 478 E ),208-529-1904 I-15 Exit 113 ( US,24 MO,Idaho Falls,83402,Love's Travel Stop 26 # 478 E ),208-529-1904,2015,Idaho Falls,ID,Love's,( US,I-15 Exit 113 ,Exit,113,False,,False,I-15,,None,,
6208-522-4149 Idaho Falls ( 83402 ) I-15 Love's Exit Travel 113 ( Stop US 26 # 478 E ) FLYING J,208-529-1904 I-15 Exit 113 ( US 26 E ),J 24 ME 24,Idaho Falls,83402,I-15 Love's Exit Travel 113 ( Stop US 26 # 478 E ) FLYING J,208-529-1904,2016,Idaho Falls,ID,Love's,( US 26 E ),I-15 Exit 113 ,Exit,113,False,,False,I-15,,None,,
"Idaho Falls , 83402 Yellowstone Truck 24 N )",208-529-8000 I-15 Exit 113 Stop ( Exxon ),24 HRS,Idaho Falls,83402,Yellowstone Truck 24 N ),208-529-8000,2006,Idaho Falls,ID,,( Exxon ),I-15 Exit 113 Stop ,Exit,113,False,,False,I-15,,None,,
"Idaho Falls , 83402 Yellowstone Truck Stop ( Exxon )",208-529-8000 I-15 Exit 113,HRS 24 L HRS,Idaho Falls,83402,Yellowstone Truck Stop ( Exxon ),208-529-8000,2007,Idaho Falls,ID,Exxon,,I-15 Exit 113,Exit,113,False,,False,I-15,,None,,
"Hidaho Falls , 83402 Yellowstone Truck Stop ( Exxon )",6 208-529-8000 I-15 Exit 113,24 24,Hidaho Falls,83402,Yellowstone Truck Stop ( Exxon ),208-529-8000,2008,Idaho Falls,ID,Exxon,,I-15 Exit 113,Exit,113,False,,False,I-15,,None,,
"Idaho Falls , 83402 Dad's Travel Center # 113",208-552-0113 I-15 Exit 113 ( Sinclair ),24 XL,Idaho Falls,83402,Dad's Travel Center # 113,208-552-0113,2006,Idaho Falls,ID,,( Sinclair ),I-15 Exit 113 ,Exit,113,False,,False,I-15,,None,,
"Idaho Falls , 83402 Dad's Travel Center # 113 ( Sinclair )",6 208-552-0113 I-15 Exit 113,24 XL HRS,Idaho Falls,83402,Dad's Travel Center # 113 ( Sinclair ),208-552-0113,2007,Idaho Falls,ID,Sinclair,,I-15 Exit 113,Exit,113,False,,False,I-15,,None,,
"Idaho Falls , 83402 Dad's Travel Center # 113 ( Sinclair )",6 208-552-0113 I-15 Exit 113,,Idaho Falls,83402,Dad's Travel Center # 113 ( Sinclair ),208-552-0113,2008,Idaho Falls,ID,Sinclair,,I-15 Exit 113,Exit,113,False,,False,I-15,,None,,
Idaho Falls ( 83402 ) Dad's 113 Travel Center ( Sinclair ),6 208-552-0113 I-15 Exit 113 ( US 26 E ),XL <U+2610><U+2610>,Idaho Falls,83402,Dad's 113 Travel Center ( Sinclair ),208-552-0113,2014,Idaho Falls,ID,Sinclair,( US 26 E ),I-15 Exit 113 ,Exit,113,False,,False,I-15,,None,,
Idaho Falls ( 83402 ) Dad's 113 Travel Center 30 ) ( Sinclair ),208-552-0113 I-15 Exit 113 ( US E,24 XL,Idaho Falls,83402,Dad's 113 Travel Center 30 ) ( Sinclair ),208-552-0113,2015,Idaho Falls,ID,Sinclair,( US E,I-15 Exit 113 ,Exit,113,False,,False,I-15,,None,,
"C Perry , 83402 LW's Travel Plaza",435-723-9999 I-15 Exit 362,A RS M,Perry,83402,LW's Travel Plaza,435-723-9999,2007,Idaho Falls,ID,,,I-15 Exit 362,Exit,362,False,,False,I-15,,None,,
"Perry , 83402 LW's Travel Plaza",435-723-9999 I-15 Exit 362,S <U+2610><U+2610><U+2610>,Perry,83402,LW's Travel Plaza,435-723-9999,2008,Idaho Falls,ID,,,I-15 Exit 362,Exit,362,False,,False,I-15,,None,,
"Dubois , 83423 Scoggins ' Exxon",208-374-5453 I-15 Exit 167 (,S,Dubois,83423,Scoggins ' Exxon,208-374-5453,2006,Dubois,ID,Exxon,(,I-15 Exit 167 ,Exit,167,False,,False,I-15,,None,,
"Dubois , 83423 Scoggins ' Exxon",208-374-5453 I-15 Exit 167 ( Hwy 22 ),S,Dubois,83423,Scoggins ' Exxon,208-374-5453,2007,Dubois,ID,Exxon,( Hwy 22 ),I-15 Exit 167 ,Exit,167,False,,False,I-15,,None,,
"E Grangeville , 83530 Primeland Co - operative",208-983-0721 US 95 N ( MM ( Cenex ),00 <U+2610>,Grangeville,83530,Primeland Co - operative,208-983-0721,2006,Grangeville,ID,,( MM ( Cenex ),US 95 N,empty,,False,,False,US 95,,None,,
Grangeville ( 83530 ) Zip Trip # 21 ( Cenex ),2 208-983-7508 US 95 & ID 13,32 <U+2610>,Grangeville,83530,Zip Trip # 21 ( Cenex ),208-983-7508,2014,Grangeville,ID,Cenex,,US 95 & ID 13,empty,,False,,False,US 95,ID 13,None,,
Grangeville ( 83530 ) Zip Trip # 21 ( Cenex ),208-983-7508 US 95 & ID 13,24 S,Grangeville,83530,Zip Trip # 21 ( Cenex ),208-983-7508,2015,Grangeville,ID,Cenex,,US 95 & ID 13,empty,,False,,False,US 95,ID 13,None,,
Grangeville ( 83530 ) Zip Trip # 21 ( Cenex ),2 208-983-7508 US 95 & ID 13,24 S,Grangeville,83530,Zip Trip # 21 ( Cenex ),208-983-7508,2016,Grangeville,ID,Cenex,,US 95 & ID 13,empty,,False,,False,US 95,ID 13,None,,
"Mountain Home , 83647 Sunset C Store ( Sinclair )",= 3208-587-7661 I-84 Business & 10th ( betw Exit 90 & 95 ),24 24 <U+2610> <U+2610>,Mountain Home,83647,Sunset C Store ( Sinclair ),208-587-7661,2006,Mountain Home,ID,Sinclair,( betw Exit 90 & 95 ),I-84 Business & 10th,empty,,False,,False,I-84,10th,None,,
"Mountain Home , 83647 Sunset C Store ( Sinclair )",208-587-7661 I-84 Business & 10th ( betw Exit 90 & 95 ),95 ) FRS,Mountain Home,83647,Sunset C Store ( Sinclair ),208-587-7661,2007,Mountain Home,ID,Sinclair,( betw Exit 90 & 95 ),I-84 Business & 10th,empty,,False,,False,I-84,10th,None,,
Mountain Home ( 83647 ) Sunset C Store ( Sinclair ),3 208-587-7661 I-84 Business & 10th ( betw Exit 90 & 95 ),) 24 <U+2610>,Mountain Home,83647,Sunset C Store ( Sinclair ),208-587-7661,2015,Mountain Home,ID,Sinclair,( betw Exit 90 & 95 ),I-84 Business & 10th,empty,,False,,False,I-84,10th,None,,
Nampa ( 83687 ) Maverik # 287,208-442-6446 I-84 Exit 36 ( Franklin Blvd N ),24 22 <U+2610> <U+25A1> <U+25A1>,Nampa,83687,Maverik # 287,208-442-6446,2016,Nampa,ID,,( Franklin Blvd N ),I-84 Exit 36 ,Exit,36,False,,False,I-84,,None,,
"B Bonners Ferry , 83805 Dyck's Oil & Auto ( Exxon )",208-267-3612 US 2-95 ( 1 mi S of town ),<U+2610>,Bonners Ferry,83805,Dyck's Oil & Auto ( Exxon ),208-267-3612,2006,Bonners Ferry,ID,Exxon,( 1 mi S of town ),US 2-95,empty,,False,,False,US 2-95,,None,,
"B Bonners Ferry , 83805 Dyck's Oil & Auto ( Exxon )",208-267-3612 US 2-95 ( 1 mi S of town ),<U+2610>,Bonners Ferry,83805,Dyck's Oil & Auto ( Exxon ),208-267-3612,2007,Bonners Ferry,ID,Exxon,( 1 mi S of town ),US 2-95,empty,,False,,False,US 2-95,,None,,
"B Bonners Ferry , 83805 Dyck's Oil & Auto ( Exxon )",208-267-3612 US 2-95 ( 1 mi S of town ),IRS 24 L <U+2610> <U+2610> <U+2610> <U+2610> <U+2610> <U+2610>,Bonners Ferry,83805,Dyck's Oil & Auto ( Exxon ),208-267-3612,2008,Bonners Ferry,ID,Exxon,( 1 mi S of town ),US 2-95,empty,,False,,False,US 2-95,,None,,
B Bonners Ferry ( 83805 ) Dyck's Oil & Auto ( Chevron ),2 208-267-3612 US 2-95 ( 1 mi S of town ),<U+25A1> <U+25A1>,Bonners Ferry,83805,Dyck's Oil & Auto ( Chevron ),208-267-3612,2016,Bonners Ferry,ID,Chevron,( 1 mi S of town ),US 2-95,empty,,False,,False,US 2-95,,None,,
"Coeur D'Alene , 83814 Tesoro To Go 3 )",2 208-667-0538 I-90 Exit 15,24 HRS 455 S,Coeur Alene,83814,Tesoro To Go 3 ),208-667-0538,2006,Coeur D Alene,ID,Tesoro,,I-90 Exit 15,Exit,15,False,,False,I-90,,None,,
"Coeur D'Alene , 83814 Tesoro To Go",2 208-667-0538 I-90 Exit 15,HRS 24 S,Coeur Alene,83814,Tesoro To Go,208-667-0538,2007,Coeur D Alene,ID,Tesoro,,I-90 Exit 15,Exit,15,False,,False,I-90,,None,,
"Coeur D'Alene , 83814 Tesoro To Go",208-667-0538 I-90 Exit 15,HRS 24 XL 24,Coeur Alene,83814,Tesoro To Go,208-667-0538,2008,Coeur D Alene,ID,Tesoro,,I-90 Exit 15,Exit,15,False,,False,I-90,,None,,
Coeur D'Alene ( 83814 ) Tesoro To Go 3 ),2 208-667-0538 I-90 Exit 15,24 0,Coeur Alene,83814,Tesoro To Go 3 ),208-667-0538,2014,Coeur D Alene,ID,Tesoro,,I-90 Exit 15,Exit,15,False,,False,I-90,,None,,
Coeur D'Alene ( 83814 ) To Go # 62133 ( Tesoro ) - Hwy 3 ),2 208-667-0538 I-90 Exit 15,24 <U+2610>,Coeur Alene,83814,To Go # 62133 ( Tesoro ) - Hwy 3 ),208-667-0538,2015,Coeur D Alene,ID,Tesoro,,I-90 Exit 15,Exit,15,False,,False,I-90,,None,,
Post Falls ( 83854 ) Love's Travel Stop # 301,1 208-773-4577 I-90 Exit 2 ( Pleasant View Rd N ),124 <U+2610> L <U+2610> <U+2610> <U+2610> <U+2610>,Post Falls,83854,Love's Travel Stop # 301,208-773-4577,2014,Post Falls,ID,Love's,( Pleasant View Rd N ),I-90 Exit 2 ,Exit,2,False,,False,I-90,,None,,
C Post Falls ( 83854 ) Love's Travel Stop # 301,208-773-4577 I-90 Exit 2 ( Pleasant View Rd N ),24,Post Falls,83854,Love's Travel Stop # 301,208-773-4577,2015,Post Falls,ID,Love's,( Pleasant View Rd N ),I-90 Exit 2 ,Exit,2,False,,False,I-90,,None,,
Post Falls ( 83854 ) Love's Travel Stop # 301,208-773-4577 I-90 Exit 2 ( Pleasant View Rd N ),24 0240,Post Falls,83854,Love's Travel Stop # 301,208-773-4577,2016,Post Falls,ID,Love's,( Pleasant View Rd N ),I-90 Exit 2 ,Exit,2,False,,False,I-90,,None,,
"Saint Maries , 83861 Saint Maries Oil Company ( Conoco )",208-245-2561 ID 5 ( 1.25 mi W of ID 3 ),S,Saint Maries,83861,Saint Maries Oil Company ( Conoco ),208-245-2561,2006,Saint Maries,ID,Conoco,( 1.25 mi W of ID 3 ),ID 5,empty,,False,,False,ID 5,,None,,
"Saint Maries , 83861 Saint Maries Oil Company ( Conoco )",208-245-2561 ID 5 ( 1.25 mi W of ID 3 ),0,Saint Maries,83861,Saint Maries Oil Company ( Conoco ),208-245-2561,2007,Saint Maries,ID,Conoco,( 1.25 mi W of ID 3 ),ID 5,empty,,False,,False,ID 5,,None,,
"Saint Maries , 83861 Saint Maries Oil Company (",2 208-245-2561 ID 5 ( 1.25 mi W of ID 3 ) Conoco ),<U+2610><U+2610><U+2610>,Saint Maries,83861,Saint Maries Oil Company (,208-245-2561,2008,Saint Maries,ID,,( 1.25 mi W of ID 3 ) Conoco ),ID 5,empty,,False,,False,ID 5,,None,,
"Smelterville , 83868 Silver Valley Car & Truck Stop",208-783-1134 I-90 Exit 48,M 000 <U+25A1>,Smelterville,83868,Silver Valley Car & Truck Stop,208-783-1134,2006,Smelterville,ID,,,I-90 Exit 48,Exit,48,False,,False,I-90,,None,,
"Smelterville , 83868 Silver Valley Car & Truck Stop",208-783-1134 I-90 Exit 48,,Smelterville,83868,Silver Valley Car & Truck Stop,208-783-1134,2007,Smelterville,ID,,,I-90 Exit 48,Exit,48,False,,False,I-90,,None,,
"Smelterville , 83868 Silver Valley Car & Truck mi N of town )",2 208-783-1134 I-90 Exit 48 Stop,24 XL <U+2610><U+2610>,Smelterville,83868,Silver Valley Car & Truck mi N of town ),208-783-1134,2008,Smelterville,ID,,,I-90 Exit 48 Stop,Exit,48,False,,False,I-90,,None,,
"American Fork , 84003 Hart's Fuel Stop ( 66 )",801-756-3620 I-15 Exit 278 ( Main St ),S,American Fork,84003,Hart's Fuel Stop ( 66 ),801-756-3620,2006,American Fork,UT,,( Main St ),I-15 Exit 278 ,Exit,278,False,,False,I-15,,None,,
"American Fork , 84003 Hart's Fuel Stop ( 66 )",801-756-3620 I-15 Exit 278 ( Main St ),HRS S - -,American Fork,84003,Hart's Fuel Stop ( 66 ),801-756-3620,2007,American Fork,UT,,( Main St ),I-15 Exit 278 ,Exit,278,False,,False,I-15,,None,,
"American Fork , 84003 Hart's Fuel Stop ( 66 )",801-756-3620 I-15 Exit 278 ( Main St ),24m S <U+2610>,American Fork,84003,Hart's Fuel Stop ( 66 ),801-756-3620,2008,American Fork,UT,,( Main St ),I-15 Exit 278 ,Exit,278,False,,False,I-15,,None,,
"Woods Cross , 84010 Slim Olson's # 2 ( Chevron )",801-295-8437 I-15 Exit 315 ( 742 W 2600 S ),24 <U+2610> D <U+2610>,Woods Cross,84010,Slim Olson's # 2 ( Chevron ),801-295-8437,2007,Bountiful,UT,Chevron,( 742 W 2600 S ),I-15 Exit 315 ,Exit,315,False,,False,I-15,,None,,
"Woods Cross , 84010 Slim Olson's # 2 ( Chevron )",3 801-295-8437 I-15 Exit 315 ( 742 W 2600 S ),24 MRS <U+2610><U+2610> <U+2610> <U+2610>,Woods Cross,84010,Slim Olson's # 2 ( Chevron ),801-295-8437,2008,Bountiful,UT,Chevron,( 742 W 2600 S ),I-15 Exit 315 ,Exit,315,False,,False,I-15,,None,,
Woods Cross ( 84010 ) Slim Olson's # 2 ( Chevron ),801-295-8437 I-15 Exit 315 ( 742 W 2600 S ),24,Woods Cross,84010,Slim Olson's # 2 ( Chevron ),801-295-8437,2014,Bountiful,UT,Chevron,( 742 W 2600 S ),I-15 Exit 315 ,Exit,315,False,,False,I-15,,None,,
Woods Cross ( 84010 ) Slim Olson's # 2 ( Chevron ),801-295-8437 I-15 Exit 315 ( 742 W 2600 S ),24 <U+2610> <U+2610> <U+25A1> <U+25A1>,Woods Cross,84010,Slim Olson's # 2 ( Chevron ),801-295-8437,2015,Bountiful,UT,Chevron,( 742 W 2600 S ),I-15 Exit 315 ,Exit,315,False,,False,I-15,,None,,
Woods Cross ( 84010 ) Slim Olson's # 2 ( Chevron ),801-295-8437 I-15 Exit 315 ( 742 W 2600 S ),24,Woods Cross,84010,Slim Olson's # 2 ( Chevron ),801-295-8437,2016,Bountiful,UT,Chevron,( 742 W 2600 S ),I-15 Exit 315 ,Exit,315,False,,False,I-15,,None,,
Fort Duchesne ( 84026 ) Ute Petroleum,435-722-3975 7240 US 40-191 E,<U+2610><U+2610> S <U+2610>,Fort Duchesne,84026,Ute Petroleum,435-722-3975,2014,Fort Duchesne,UT,,,7240 US 40-191 E,Proper,,False,,False,US 40-191,,None,,
Fort Duchesne ( 84026 ) Ute Petroleum,S435-722-3975 7240 US 40-191 E,<U+2610><U+2610> S,Fort Duchesne,84026,Ute Petroleum,435-722-3975,2015,Fort Duchesne,UT,,,7240 US 40-191 E,Proper,,False,,False,US 40-191,,None,,
Fort Duchesne ( 84026 ) Ute Petroleum ( Sinclair ),435-722-3975 7240 US 40-191 E,S,Fort Duchesne,84026,Ute Petroleum ( Sinclair ),435-722-3975,2016,Fort Duchesne,UT,Sinclair,,7240 US 40-191 E,Proper,,False,,False,US 40-191,,None,,
E Heber City ( 84032 ) Mountainland One Stop ( Sinclair ) <U+2610>,4 435-654-5530 US 40 & US 189,<U+2610> <U+2610> <U+2610> <U+2610>,Heber City,84032,Mountainland One Stop ( Sinclair ) <U+2610>,435-654-5530,2016,Heber City,UT,Sinclair,,US 40 & US 189,empty,,False,,False,US 40,US 189,None,,
"Woods Cross , 84037 Slim Olson's # 2 ( Chevron )",801-295-8437 I-15 Exit 315 ( 742 West 2600 South ),24,Woods Cross,84037,Slim Olson's # 2 ( Chevron ),801-295-8437,2006,Kaysville,UT,Chevron,( 742 West 2600 South ),I-15 Exit 315 ,Exit,315,False,,False,I-15,,None,,
Myton ( 84052 ) Ute Petroleum,435-646-3519 565 US 40-191 W,<U+2610> <U+25A1>,Myton,84052,Ute Petroleum,435-646-3519,2014,Myton,UT,,,565 US 40-191 W,Proper,,False,,False,US 40-191,,None,,
E Myton ( 84052 ) Ute Petroleum ( Sinclair ),6 435-646-3519 565 US 40-191 W,S <U+2610>,Myton,84052,Ute Petroleum ( Sinclair ),435-646-3519,2015,Myton,UT,Sinclair,,565 US 40-191 W,Proper,,False,,False,US 40-191,,None,,
Myton ( 84052 ) Ute Petroleum ( Sinclair ),435-646-3519 565 US 40-191 W,S,Myton,84052,Ute Petroleum ( Sinclair ),435-646-3519,2016,Myton,UT,Sinclair,,565 US 40-191 W,Proper,,False,,False,US 40-191,,None,,
"E Lindon , 84062 Pirate Petroleum ( Sinclair )",801-225-3377 I-15 Exit 273 ( UT 241 ),,Lindon,84062,Pirate Petroleum ( Sinclair ),801-225-3377,2006,Pleasant Grove,UT,Sinclair,( UT 241 ),I-15 Exit 273 ,Exit,273,False,,False,I-15,,None,,
Roosevelt ( 84066 ) Western Petroleum ( Pilot # 140 ),6 435-722-4468 380 US 40-191 S Pint,Pint <U+25A1> C,Roosevelt,84066,Western Petroleum ( Pilot # 140 ),435-722-4468,2014,Roosevelt,UT,Pilot,,380 US 40-191 S Pint,Proper,,False,,False,US 40-191,,None,,
E Roosevelt ( 84066 ) Western Petroleum ( Pilot # 140 ),6 435-722-4468 380 US 40-191 S Pilot,Pilot 24 <U+2610> <U+2610> <U+2610>,Roosevelt,84066,Western Petroleum ( Pilot # 140 ),435-722-4468,2015,Roosevelt,UT,Pilot,,380 US 40-191 S Pilot,Proper,,False,,False,US 40-191,,None,,
E Roosevelt ( 84066 ) Western Petroleum ( Pilot # 140 ),6 435-722-4468 380 US 40-191 S,Pilot 24 <U+25A1> <U+25A1> <U+25A1>,Roosevelt,84066,Western Petroleum ( Pilot # 140 ),435-722-4468,2016,Roosevelt,UT,Pilot,,380 US 40-191 S,Proper,,False,,False,US 40-191,,None,,
D Vernal ( 84078 ) Split Mountain Travel Plaza ( Sinclair ),435-781-6500 4743 S 4625 E ( US 40 SE ),24 S O,Vernal,84078,Split Mountain Travel Plaza ( Sinclair ),435-781-6500,2014,Vernal,UT,Sinclair,( US 40 SE ),4743 S 4625 E,Proper,,False,,False,4743 S,,None,,
D Vernal ( 84078 ) Split Mountain Travel Plaza ( Sinclair ),6 435-781-6500 4743 S 4625 E ( US 40 SE ),<U+25A1> S <U+25A1> <U+25A1> <U+25A1>,Vernal,84078,Split Mountain Travel Plaza ( Sinclair ),435-781-6500,2015,Vernal,UT,Sinclair,( US 40 SE ),4743 S 4625 E,Proper,,False,,False,4743 S,,None,,
D Vernal ( 84078 ) Split Mountain Travel Plaza ( Sinclair ),435-781-6500 4743 S 4625 E ( US 40 SE ),SO <U+25A1> <U+25A1> <U+2610> <U+2610>,Vernal,84078,Split Mountain Travel Plaza ( Sinclair ),435-781-6500,2016,Vernal,UT,Sinclair,( US 40 SE ),4743 S 4625 E,Proper,,False,,False,4743 S,,None,,
Wendover ( 84083 ) Wendover Truck Stop ( Sinclair ),1 435-665-2243 I-80 Exit 4,24 S <U+25A1>,Wendover,84083,Wendover Truck Stop ( Sinclair ),435-665-2243,2014,Wendover,UT,Sinclair,,I-80 Exit 4,Exit,4,False,,False,I-80,,None,,
Wendover ( 84083 ) Wendover Truck Stop ( Sinclair ),435-665-2243 I-80 Exit 4,24 2 S,Wendover,84083,Wendover Truck Stop ( Sinclair ),435-665-2243,2015,Wendover,UT,Sinclair,,I-80 Exit 4,Exit,4,False,,False,I-80,,None,,
Wendover ( 84083 ) Wendover Truck Stop ( Sinclair ),435-665-2243 I-80 Exit 4,24 SO <U+2610> <U+2610>,Wendover,84083,Wendover Truck Stop ( Sinclair ),435-665-2243,2016,Wendover,UT,Sinclair,,I-80 Exit 4,Exit,4,False,,False,I-80,,None,,
D Wendover ( 84083 ) R Place Truck Plaza ( Shell ),435-665-2635 I-80 Exit 410 ( EB - NV ) / Exit 1 (,) 24 M,Wendover,84083,R Place Truck Plaza ( Shell ),435-665-2635,2014,Wendover,UT,Shell,( EB - NV ) / Exit 1 (,I-80 Exit 410 ,Exit,410,False,,False,I-80,,None,,
Wendover ( 84083 ) R Place Truck Plaza ( Shell ),435-665-2635 I-80 Exit 410 ( EB - NV ) / Exit 1 ( WB - UT ),) 24 M <U+25A1>,Wendover,84083,R Place Truck Plaza ( Shell ),435-665-2635,2015,Wendover,UT,Shell,( EB - NV ) / Exit 1 ( WB - UT ),I-80 Exit 410 ,Exit,410,False,,False,I-80,,None,,
Wendover ( 84083 ) R Place Truck Plaza ( Shell ),435-665-2635 I-80 Exit 410 ( EB - NV ) / Exit 1 ( WB - UT ),) 2.4 M O CO,Wendover,84083,R Place Truck Plaza ( Shell ),435-665-2635,2016,Wendover,UT,Shell,( EB - NV ) / Exit 1 ( WB - UT ),I-80 Exit 410 ,Exit,410,False,,False,I-80,,None,,
"Wendover , 84083 Wendover Truck Stop ( Sinclair",435-665-2929 I-80 Exit 4 ),FORS 24 S <U+25A1> <U+2610>,Wendover,84083,Wendover Truck Stop ( Sinclair,435-665-2929,2008,Wendover,UT,Sinclair,,I-80 Exit 4 ,Exit,4,False,,False,I-80,,None,,
Salt Lake City ( West ) ( 84104 ) Maverick Store,801-975-6527 I-80 Exit 115 ( UT 154 S to California E ),) 24 ZE <U+2610>,Salt Lake City,84104,Maverick Store,801-975-6527,2014,Salt Lake City,UT,,( UT 154 S to California E ),I-80 Exit 115 ,Exit,115,False,,False,I-80,,None,,
Salt Lake City ( W ) ( 84104 ) Maverick # 474,3 801-975-6527 I-80 Exit 115 ( UT 154 S to California E ),24 <U+25A1>,Salt Lake City,84104,Maverick # 474,801-975-6527,2015,Salt Lake City,UT,,( UT 154 S to California E ),I-80 Exit 115 ,Exit,115,False,,False,I-80,,None,,
D Salt Lake City ( W ) ( 84104 ) Maverick # 474,801-975-6527 I-80 Exit 115 ( UT 154 S to California E ),24,Salt Lake City,84104,Maverick # 474,801-975-6527,2016,Salt Lake City,UT,,( UT 154 S to California E ),I-80 Exit 115 ,Exit,115,False,,False,I-80,,None,,
"Salt Lake City , 84116 Pilot Travel Center # 194",31801-239-1100 I-80 Exit 118 ( UT 68 N ),HORS 24 <U+25A1> LO <U+2610><U+2610><U+2610><U+2610><U+2610><U+2610>,Salt Lake City,84116,Pilot Travel Center # 194,801-239-1100,2008,Salt Lake City,UT,Pilot,( UT 68 N ),I-80 Exit 118 ,Exit,118,False,,False,I-80,,None,,
Salt Lake City ( 84116 ) Love's Travel Stop # 436,801-239-1100 I-80 Exit 118 ( UT 68 N ),24 M,Salt Lake City,84116,Love's Travel Stop # 436,801-239-1100,2014,Salt Lake City,UT,Love's,( UT 68 N ),I-80 Exit 118 ,Exit,118,False,,False,I-80,,None,,
D Salt Lake City ( 84116 ) Love's Travel Stop # 436,801-239-1100 I-80 Exit 118 ( UT 68 N ),24 <U+2610> MO,Salt Lake City,84116,Love's Travel Stop # 436,801-239-1100,2015,Salt Lake City,UT,Love's,( UT 68 N ),I-80 Exit 118 ,Exit,118,False,,False,I-80,,None,,
Salt Lake City ( 84116 ) Love's Travel Stop # 436,801-239-1100 I-80 Exit 118 ( UT 68 N ),24 <U+25A1> MO,Salt Lake City,84116,Love's Travel Stop # 436,801-239-1100,2016,Salt Lake City,UT,Love's,( UT 68 N ),I-80 Exit 118 ,Exit,118,False,,False,I-80,,None,,
"West Valley City , 84128 JoAnn's Gearjammer Truck Stop ( Sinclair )",801-952-0606 UT 201 Exit 11 ( 1 mi W on S service rd ),) ) 24 HRS 48,West Valley City,84128,JoAnn's Gearjammer Truck Stop ( Sinclair ),801-952-0606,2006,Salt Lake City,UT,Sinclair,( 1 mi W on S service rd ),UT 201 Exit 11 ,Exit,11,False,,False,UT 201,,None,,
"Valley City , 84128 JoAnn's Gearjammer Truck Stop (",DWest 3801-952-0606 UT 201 Exit 11 ( 1 mi W on S service,Sinclair rd ) ) FRS,Valley City,84128,JoAnn's Gearjammer Truck Stop (,801-952-0606,2007,Salt Lake City,UT,,( 1 mi W on S service,UT 201 Exit 11 ,Exit,11,False,,False,UT 201,,None,,
"West Valley City , 84128 JoAnn's Gearjammer Truck Stop (",801-952-0606 UT 201 Exit 11 ( 1 mi W on S service rd,rd ) ) 24 L <U+2610><U+2610>,West Valley City,84128,JoAnn's Gearjammer Truck Stop (,801-952-0606,2008,Salt Lake City,UT,,( 1 mi W on S service rd,UT 201 Exit 11 ,Exit,11,False,,False,UT 201,,None,,
Brigham City ( 84302 ) LW's Travel Plaza ( Pilot # 508 ),435-723-9999 I-15-84 Exit 362 ( West side ),PUDE 24 MO,Brigham City,84302,LW's Travel Plaza ( Pilot # 508 ),435-723-9999,2014,Brigham City,UT,Pilot,( West side ),I-15-84 Exit 362 ,Exit,362,False,,False,I-15-84,,None,,
Brigham City ( 84302 ) LW's Travel Plaza ( Pilot # 508 ),435-723-9999 I-15-84 Exit 362 ( West side ),Pilat 24 MO,Brigham City,84302,LW's Travel Plaza ( Pilot # 508 ),435-723-9999,2015,Brigham City,UT,Pilot,( West side ),I-15-84 Exit 362 ,Exit,362,False,,False,I-15-84,,None,,
Brigham City ( 84302 ) LW's Travel Plaza ( Pilot # 508 ) pilot,3 435-723-9999 I-15-84 Exit 362 ( West side ),24 MOO,Brigham City,84302,LW's Travel Plaza ( Pilot # 508 ) pilot,435-723-9999,2016,Brigham City,UT,Pilot,( West side ),I-15-84 Exit 362 ,Exit,362,False,,False,I-15-84,,None,,
Corinne ( 84307 ) Bear River Valley Co - Op,435-744-2211 UT 83 ( W of UT 13 ),<U+2610> S,Corinne,84307,Bear River Valley Co - Op,435-744-2211,2014,Corinne,UT,,( W of UT 13 ),UT 83,empty,,False,,False,UT 83,,None,,
Corinne ( 84307 ) Bear River Valley Co - Op,435-744-2211 UT 83 ( W of UT 13 ),<U+2610> SO <U+2610> <U+2610>,Corinne,84307,Bear River Valley Co - Op,435-744-2211,2015,Corinne,UT,,( W of UT 13 ),UT 83,empty,,False,,False,UT 83,,None,,
Corinne ( 84307 ) Bear River Valley Co - Op,435-744-2211 UT 83 ( W of UT 13 ),S <U+25A1> D,Corinne,84307,Bear River Valley Co - Op,435-744-2211,2016,Corinne,UT,,( W of UT 13 ),UT 83,empty,,False,,False,UT 83,,None,,
Logan ( 84321 ) Thomas Petroleum ( Sinclair ),435-753-4930 1070 UT 30 W & UT 252,<U+2610><U+2610> <U+2610> <U+2610> D,Logan,84321,Thomas Petroleum ( Sinclair ),435-753-4930,2014,Logan,UT,Sinclair,,1070 UT 30 W & UT 252,Proper,,False,,False,UT 30,UT 252,None,,
Logan ( 84321 ) Thomas Petroleum ( Sinclair ),435-753-4930 1070 UT 30 W & UT 252,<U+25A1>,Logan,84321,Thomas Petroleum ( Sinclair ),435-753-4930,2015,Logan,UT,Sinclair,,1070 UT 30 W & UT 252,Proper,,False,,False,UT 30,UT 252,None,,
Logan ( 84321 ) Thomas Petroleum,435-753-4930 1070 UT 30 W & UT 252,,Logan,84321,Thomas Petroleum,435-753-4930,2016,Logan,UT,,,1070 UT 30 W & UT 252,Proper,,False,,False,UT 30,UT 252,None,,
"B Plymouth , 84330 Fast - Stop ( Chevron )",435-458-3634 I-15 Exit 392 ( Nucor Rd ),S S,Plymouth,84330,Fast - Stop ( Chevron ),435-458-3634,2007,Plymouth,UT,Chevron,( Nucor Rd ),I-15 Exit 392 ,Exit,392,False,,False,I-15,,None,,
"Plymouth , 84330 Fast - Stop ( Chevron )",435-458-3634 I-15 Exit 392 ( Nucor Rd ),S,Plymouth,84330,Fast - Stop ( Chevron ),435-458-3634,2008,Plymouth,UT,Chevron,( Nucor Rd ),I-15 Exit 392 ,Exit,392,False,,False,I-15,,None,,
B Plymouth ( 84330 ) Fast - Stop ( Sinclair ),435-458-3634 I-15 Exit 392 ( Nucor Rd ),<U+25A1> M <U+2610>,Plymouth,84330,Fast - Stop ( Sinclair ),435-458-3634,2014,Plymouth,UT,Sinclair,( Nucor Rd ),I-15 Exit 392 ,Exit,392,False,,False,I-15,,None,,
"Plymouth , 84330 Fast - Stop ( Chevron )",435-458-3816 I-15 Exit 392 ( Nucor Rd ),,Plymouth,84330,Fast - Stop ( Chevron ),435-458-3816,2006,Plymouth,UT,Chevron,( Nucor Rd ),I-15 Exit 392 ,Exit,392,False,,False,I-15,,None,,
"Tremonton , 84337 Jim & Dave's ( Sinclair )",435-257-5455 I-84 Exit 40,OO,Tremonton,84337,Jim & Dave's ( Sinclair ),435-257-5455,2006,Tremonton,UT,Sinclair,,I-84 Exit 40,Exit,40,False,,False,I-84,,None,,
"C Tremonton , 84337 Jim & Dave's ( Sinclair )",435-257-5455 I-84 Exit 40,D,Tremonton,84337,Jim & Dave's ( Sinclair ),435-257-5455,2007,Tremonton,UT,Sinclair,,I-84 Exit 40,Exit,40,False,,False,I-84,,None,,
"Tremonton , 84337 Jim & Dave's ( Sinclair )",435-257-5455 I-84 Exit 40 ( 1 mi E to 327 W Main ),<U+2610>,Tremonton,84337,Jim & Dave's ( Sinclair ),435-257-5455,2008,Tremonton,UT,Sinclair,( 1 mi E to 327 W Main ),I-84 Exit 40 ,Exit,40,False,,False,I-84,,None,,
"Tremonton , 84337 Lowell Archibald & Sons ( 66 )",31435-257-5661 I-84 Exit 40 ( 1 mi E to 925 W Main ),,Tremonton,84337,Lowell Archibald & Sons ( 66 ),435-257-5661,2008,Tremonton,UT,,( 1 mi E to 925 W Main ),I-84 Exit 40 ,Exit,40,False,,False,I-84,,None,,
West Haven ( 84401 ) Maverik # 844,801-731-8597 2577 UT 126 S,24 S <U+25A1> <U+25A1>,West Haven,84401,Maverik # 844,801-731-8597,2016,Ogden,UT,,,2577 UT 126 S,Proper,,False,,False,UT 126,,None,,
"Ogden , 84403 Wilson Lane Chevron W )",3 801-392-5010 I-15-84 Exit 343 (,,Ogden,84403,Wilson Lane Chevron W ),801-392-5010,2006,Ogden,UT,Chevron,(,I-15-84 Exit 343 ,Exit,343,False,,False,I-15-84,,None,,
"Ogden , 84403 Wilson Lane Chevron",801-392-5010 I-15-84 Exit 343 ( UT 104 E ),24 S,Ogden,84403,Wilson Lane Chevron,801-392-5010,2007,Ogden,UT,Chevron,( UT 104 E ),I-15-84 Exit 343 ,Exit,343,False,,False,I-15-84,,None,,
"Ogden , 84403 Wilson Lane Chevron",3 801-392-5010 I-15-84 Exit 343 ( UT 104 E ),24 S,Ogden,84403,Wilson Lane Chevron,801-392-5010,2008,Ogden,UT,Chevron,( UT 104 E ),I-15-84 Exit 343 ,Exit,343,False,,False,I-15-84,,None,,
Ogden ( 84403 ) West Haven 66 E ),3 801-648-7909 I-15-84 Exit 343 ( UT 104 E ),S,Ogden,84403,West Haven 66 E ),801-648-7909,2014,Ogden,UT,,( UT 104 E ),I-15-84 Exit 343 ,Exit,343,False,,False,I-15-84,,None,,
Blanding ( 84511 ) Out West Food & Fuel # 22 ( Shell ),435-678-2991 861 US 191 S,<U+25A1> S,Blanding,84511,Out West Food & Fuel # 22 ( Shell ),435-678-2991,2014,Blanding,UT,Shell,,861 US 191 S,Proper,,False,,False,US 191,,None,,
Blanding ( 84511 ) 7 - Eleven ( Shell ),435-678-2991 861 US 191 S,<U+2610> S,Blanding,84511,7 - Eleven ( Shell ),435-678-2991,2015,Blanding,UT,Eleven,,861 US 191 S,Proper,,False,,False,US 191,,None,,
Blanding ( 84511 ) 7 - Eleven ( Shell ),6 435-678-2991 861 US 191 S,24 S O,Blanding,84511,7 - Eleven ( Shell ),435-678-2991,2016,Blanding,UT,Eleven,,861 US 191 S,Proper,,False,,False,US 191,,None,,
Thompson Springs ( 84540 ) Out West Food & Fuel # 34 ( Shell ),435-285-2230 I-70 Exit 187 ( Rogers Rd ),S,Thompson Springs,84540,Out West Food & Fuel # 34 ( Shell ),435-285-2230,2014,Thompson,UT,Shell,( Rogers Rd ),I-70 Exit 187 ,Exit,187,False,,False,I-70,,None,,
Thompson Springs ( 84540 ) 7 - Eleven ( Shell ),435-285-2230 I-70 Exit 187 ( Rogers Rd ),24 S <U+2610>,Thompson Springs,84540,7 - Eleven ( Shell ),435-285-2230,2015,Thompson,UT,Eleven,( Rogers Rd ),I-70 Exit 187 ,Exit,187,False,,False,I-70,,None,,
Thompson Springs ( 84540 ) 7 - Eleven ( Shell ),6 435-285-2230 I-70 Exit 187 ( Rogers Rd ),24 SO <U+25A1>,Thompson Springs,84540,7 - Eleven ( Shell ),435-285-2230,2016,Thompson,UT,Eleven,( Rogers Rd ),I-70 Exit 187 ,Exit,187,False,,False,I-70,,None,,
Wellington ( 84542 ) Miller's,5 435-636-0380 2195 US 6-191 E,HR3 24 MO DOO,Wellington,84542,Miller's,435-636-0380,2015,Wellington,UT,,,2195 US 6-191 E,Proper,,False,,False,US 6-191,,None,,
Wellington ( 84542 ) Miller's ( Chevron ),435-636-0380 2195 US 6-191 E,24 M O,Wellington,84542,Miller's ( Chevron ),435-636-0380,2016,Wellington,UT,Chevron,,2195 US 6-191 E,Proper,,False,,False,US 6-191,,None,,
"Wellington , 84542 Gas - N - Go # 17 ( Conoco )",435-637-9523 1010 E Main,S 0,Wellington,84542,Gas - N - Go # 17 ( Conoco ),435-637-9523,2006,Wellington,UT,Conoco,,1010 E Main,Proper,,False,,False,1010 E,,None,,
"Wellington , 84542 Gas - N - Go # 17 ( Conoco )",435-637-9523 1010 E Main,""" SOO",Wellington,84542,Gas - N - Go # 17 ( Conoco ),435-637-9523,2007,Wellington,UT,Conoco,,1010 E Main,Proper,,False,,False,1010 E,,None,,
"Wellington , 84542 Gas - N - Go # 17 ( Conoco",435-637-9523 1010 E Main ),S <U+2610> <U+2610>,Wellington,84542,Gas - N - Go # 17 ( Conoco,435-637-9523,2008,Wellington,UT,Conoco,,1010 E Main ,Proper,,False,,False,1010 E,,None,,
Wellington ( 84542 ) Gas - N - Go # 17 ( Conoco ),435-637-9523 1010 E Main,S,Wellington,84542,Gas - N - Go # 17 ( Conoco ),435-637-9523,2014,Wellington,UT,Conoco,,1010 E Main,Proper,,False,,False,1010 E,,None,,
"Wellington , Food & Fuel ( Chevron )",435-637-9767 84542 Walker's US 6 & US 191 ( 2195 E Main ),481,Wellington,84542,,435-637-9767,2006,Wellington,UT,,( 2195 E Main ),Walker's US 6 & US 191,empty,,False,,False,US 6,US 191,None,,
"Wellington , Walker's Food & Fuel ( Chevron )",435-637-9767 84542 US 6 & US 191 ( 2195 E Main ),MOO,Wellington,84542,,435-637-9767,2007,Wellington,UT,,( 2195 E Main ),US 6 & US 191,empty,,False,,False,US 6,US 191,None,,
"Wellington , 84542 Walker's Food & Fuel ( Chevron )",435-637-9767 US 6 & US 191 ( 2195 E Main ),24 M,Wellington,84542,Walker's Food & Fuel ( Chevron ),435-637-9767,2008,Wellington,UT,Chevron,( 2195 E Main ),US 6 & US 191,empty,,False,,False,US 6,US 191,None,,
Wellington ( 84542 ) 7-11 # 36409,435-637-9767 2195 US 6-191 E,+12 M,Wellington,84542,7-11 # 36409,435-637-9767,2014,Wellington,UT,,,2195 US 6-191 E,Proper,,False,,False,US 6-191,,None,,
"Fillmore , 84631 Fillmore Shell",435-743-6328 I-15 Exit 167 ( 1/2 mi to N Main St ),000,Fillmore,84631,Fillmore Shell,435-743-6328,2006,Fillmore,UT,Shell,( 1/2 mi to N Main St ),I-15 Exit 167 ,Exit,167,False,,False,I-15,,None,,
Fillmore Shell,"EGFillmore 3435-743-6328 , 84631 I-15 Exit 167 ( 1/2 mi to N Main St )",,,84631,,435-743-6328,2007,Fillmore,UT,,( 1/2 mi to N Main St ),I-15 Exit 167,Exit,167,False,,False,I-15,,None,,
"Fillmore , 84631 Fillmore Shell",3 435-743-6328 I-15 Exit 167 ( 1/2 mi to N Main St ),<U+2610> <U+25A1> <U+25A1> <U+2610> <U+2610>,Fillmore,84631,Fillmore Shell,435-743-6328,2008,Fillmore,UT,Shell,( 1/2 mi to N Main St ),I-15 Exit 167 ,Exit,167,False,,False,I-15,,None,,
"E Payson , 84651 Flying J Travel Plaza # 0011198",801-465-9281 I-15 Exit 250 ( UT 115 ) .,HRS 24 <U+2610> <U+2610>,Payson,84651,Flying J Travel Plaza # 0011198,801-465-9281,2006,Payson,UT,Flying J,( UT 115 ) .,I-15 Exit 250 ,Exit,250,False,,False,I-15,,None,,
"Payson , 84651 J Travel Plaza # 0011198",41801-465-9281 Flying I-15 Exit 250 ( UT 115 ),HRS 24 M HRS 429,Payson,84651,J Travel Plaza # 0011198,801-465-9281,2007,Payson,UT,,( UT 115 ),Flying I-15 Exit 250 ,Exit,250,True,unclear address_standardized_OFF_parenthesis,True,I-15,,None,,
"Payson , 84651 Flying J Travel Plaza # 0011198",801-465-9281 I-15 Exit 250 ( UT 115 ),FIRS 24 M 24,Payson,84651,Flying J Travel Plaza # 0011198,801-465-9281,2008,Payson,UT,Flying J,( UT 115 ),I-15 Exit 250 ,Exit,250,False,,False,I-15,,None,,
Salina ( 84654 ) Love's Travel Stop # 581,3 435-287-0460 I-70 Exit 56 ( US 50-89 S ),24 MO 020,Salina,84654,Love's Travel Stop # 581,435-287-0460,2016,Salina,UT,Love's,( US 50-89 S ),I-70 Exit 56 ,Exit,56,False,,False,I-70,,None,,
Scipio ( 84656 ) Eagles Landing ( Flying J # 510 ),3 435-758-2345 I-15 Exit 188,24 M,Scipio,84656,Eagles Landing ( Flying J # 510 ),435-758-2345,2014,Scipio,UT,Flying J,,I-15 Exit 188,Exit,188,False,,False,I-15,,None,,
F Scipio ( 84656 ) Eagles Landing ( Flying J # 510 ),435-758-2345 I-15 Exit 188 FLYING J,FLYING J 24 M,Scipio,84656,Eagles Landing ( Flying J # 510 ),435-758-2345,2015,Scipio,UT,Flying J,,I-15 Exit 188 FLYING J,Exit,188,False,,False,I-15,,None,,
F 801-975-6527 Scipio ( 84656 ) I-80 Eagles Exit Landing 115 ( UT ( Flying 154 S J to # California 510 ) E ),435-758-2345 I-15 Exit 188 FLYING,) FLYING J 24 D M,Scipio,84656,I-80 Eagles Exit Landing 115 ( UT ( Flying 154 S J to # California 510 ) E ),435-758-2345,2016,Scipio,UT,,,I-15 Exit 188 FLYING,Exit,188,False,,False,I-15,,None,,
E Springville ( 84663 ) Love's Travel Stop # 518,4 801-489-8746 I-15 Exit 260,24 MO,Springville,84663,Love's Travel Stop # 518,801-489-8746,2015,Springville,UT,Love's,,I-15 Exit 260,Exit,260,False,,False,I-15,,None,,
Springville ( 84663 ) Love's Travel Stop # 518,801-489-8746 I-15 Exit 260,24 MO 024 0,Springville,84663,Love's Travel Stop # 518,801-489-8746,2016,Springville,UT,Love's,,I-15 Exit 260,Exit,260,False,,False,I-15,,None,,
"Beaver , 84713 High Country Chevron",435-438-5306 I-15 Exit 112 ( 1 blk E ),,Beaver,84713,High Country Chevron,435-438-5306,2006,Beaver,UT,Chevron,( 1 blk E ),I-15 Exit 112 ,Exit,112,False,,False,I-15,,None,,
"B HBeaver , 84713 High Country Chevron",435-438-5306 I-15 Exit 112 ( 1 blk E ),S,Beaver,84713,High Country Chevron,435-438-5306,2007,Beaver,UT,Chevron,( 1 blk E ),I-15 Exit 112 ,Exit,112,False,,False,I-15,,None,,
"Beaver , 84713 High Country Shell",3 435-438-5306 I-15 Exit 112 ( 1 blk E ),S 0 <U+2610> <U+2610>,Beaver,84713,High Country Shell,435-438-5306,2008,Beaver,UT,Shell,( 1 blk E ),I-15 Exit 112 ,Exit,112,False,,False,I-15,,None,,
"C Cedar City , 84720 Love's Travel Stop",435-867-9888 I-15 Exit 62 ( Canyon Ranch Dr ),24 +8 M,Cedar City,84720,Love's Travel Stop,435-867-9888,2007,Cedar City,UT,Love's,( Canyon Ranch Dr ),I-15 Exit 62 ,Exit,62,False,,False,I-15,,None,,
"Cedar City , 84720 Love's Travel Stop # 335",435-867-9888 I-15 Exit 62 ( Canyon Ranch Dr ),HOS 24 M,Cedar City,84720,Love's Travel Stop # 335,435-867-9888,2008,Cedar City,UT,Love's,( Canyon Ranch Dr ),I-15 Exit 62 ,Exit,62,False,,False,I-15,,None,,
Cedar City ( 84721 ) Love's Travel Stop # 335,435-867-9888 I-15 Exit 62 ( Canyon Ranch Dr ),24 M <U+2610>,Cedar City,84721,Love's Travel Stop # 335,435-867-9888,2014,Cedar City,UT,Love's,( Canyon Ranch Dr ),I-15 Exit 62 ,Exit,62,False,,False,I-15,,None,,
Cedar City ( 84721 ) Love's Travel Stop # 335,2 435-867-9888 I-15 Exit 62 ( Canyon Ranch Dr ),24 M <U+2610>,Cedar City,84721,Love's Travel Stop # 335,435-867-9888,2015,Cedar City,UT,Love's,( Canyon Ranch Dr ),I-15 Exit 62 ,Exit,62,False,,False,I-15,,None,,
Cedar City ( 84721 ) Love's Travel Stop # 335,435-867-9888 I-15 Exit 62 ( Canyon Ranch Dr ),24 <U+2610> MOO 25 24 HAS,Cedar City,84721,Love's Travel Stop # 335,435-867-9888,2016,Cedar City,UT,Love's,( Canyon Ranch Dr ),I-15 Exit 62 ,Exit,62,False,,False,I-15,,None,,
Hurricane ( 84737 ) Coral Canyon Market,435-628-4858 I-15 Exit 16 ( 1 mi E on UT 9 ),<U+2610> SO,Hurricane,84737,Coral Canyon Market,435-628-4858,2014,Hurricane,UT,,( 1 mi E on UT 9 ),I-15 Exit 16 ,Exit,16,False,,False,I-15,,None,,
Hurricane ( 84737 ) Coral Canyon Market ( Chevron ),435-628-4858 I-15 Exit 16 ( 1 mi E on UT 9 ),SO,Hurricane,84737,Coral Canyon Market ( Chevron ),435-628-4858,2015,Hurricane,UT,Chevron,( 1 mi E on UT 9 ),I-15 Exit 16 ,Exit,16,False,,False,I-15,,None,,
Hurricane ( 84737 ) Coral Canyon Market ( Chevron ),435-628-4858 I-15 Exit 16 ( 1 mi E on UT 9 ),<U+2610> S,Hurricane,84737,Coral Canyon Market ( Chevron ),435-628-4858,2016,Hurricane,UT,Chevron,( 1 mi E on UT 9 ),I-15 Exit 16 ,Exit,16,False,,False,I-15,,None,,
"J Kanab , 84741 Kanab Truck Stop",435-644-5706 US 89 & US 89A ( 217 S,S <U+2610>,Kanab,84741,Kanab Truck Stop,435-644-5706,2006,Kanab,UT,,( 217 S,US 89 & US 89A,empty,,False,,False,US 89,US 89,None,,
"J Kanab , 84741 Kanab Truck Stop",435-644-5706 US 89 & US 89A ( 217 S 100 E ),<U+2610>,Kanab,84741,Kanab Truck Stop,435-644-5706,2007,Kanab,UT,,( 217 S 100 E ),US 89 & US 89A,empty,,False,,False,US 89,US 89,None,,
"Ruby's Inn , 84764 Bryce Canyon Chevron",435-834-5222 UT 63 ( 1 mi S of UT 12 ),<U+2610>,Rubys Inn,84764,Bryce Canyon Chevron,435-834-5222,2006,Bryce,UT,Chevron,( 1 mi S of UT 12 ),UT 63,empty,,False,,False,UT 63,,None,,
"Ruby's Inn , 84764 Bryce Canyon Chevron",435-834-5222 UT 63 ( 1 mi S of UT 12 ),,Rubys Inn,84764,Bryce Canyon Chevron,435-834-5222,2007,Bryce,UT,Chevron,( 1 mi S of UT 12 ),UT 63,empty,,False,,False,UT 63,,None,,
"Ruby's Inn , 84764 Bryce Canyon Chevron",3 435-834-5222 UT 63 ( 1 mi S of UT 12 ),<U+2610><U+2610>,Rubys Inn,84764,Bryce Canyon Chevron,435-834-5222,2008,Bryce,UT,Chevron,( 1 mi S of UT 12 ),UT 63,empty,,False,,False,UT 63,,None,,
Bryce Canyon City ( 84764 ) Bryce Canyon Sinclair,435-834-5232 UT 63 ( 1 mi S of UT 12 ),S O,Bryce Canyon City,84764,Bryce Canyon Sinclair,435-834-5232,2014,Bryce,UT,Sinclair,( 1 mi S of UT 12 ),UT 63,empty,,False,,False,UT 63,,None,,
Bryce Canyon City ( 84764 ) Bryce Canyon Sinclair,435-834-5232 UT 63 ( 1 mi S of UT 12 ),<U+2610><U+2610> SO,Bryce Canyon City,84764,Bryce Canyon Sinclair,435-834-5232,2015,Bryce,UT,Sinclair,( 1 mi S of UT 12 ),UT 63,empty,,False,,False,UT 63,,None,,
Bryce Canyon City ( 84764 ) Bryce Canyon Sinclair,3 435-834-5232 UT 63 ( 1 mi S of UT 12 ),<U+2610><U+2610> S <U+25A1>,Bryce Canyon City,84764,Bryce Canyon Sinclair,435-834-5232,2016,Bryce,UT,Sinclair,( 1 mi S of UT 12 ),UT 63,empty,,False,,False,UT 63,,None,,
"Saint George , 84770 Premium Oil ( Sinclair )",435-628-7204 181 UT 18 N & UT 34,24 000 <U+2610>,Saint George,84770,Premium Oil ( Sinclair ),435-628-7204,2006,Saint George,UT,Sinclair,,181 UT 18 N & UT 34,Proper,,False,,False,UT 18,UT 34,None,,
"J Saint George , 84770 Premium Oil",435-628-7204 181 UT 18 N & UT 34,<U+2610> D <U+2610>,Saint George,84770,Premium Oil,435-628-7204,2007,Saint George,UT,,,181 UT 18 N & UT 34,Proper,,False,,False,UT 18,UT 34,None,,
"Saint George , 84770 Premium Oil",435-628-7204 181 UT 18 N & UT 34,FRS 24 00 <U+25A1> <U+25A1> <U+2610>,Saint George,84770,Premium Oil,435-628-7204,2008,Saint George,UT,,,181 UT 18 N & UT 34,Proper,,False,,False,UT 18,UT 34,None,,
"Summit , 84772 Sunshine Truck Stop",435-586-3893 I-15 Exit 71,L,Summit,84772,Sunshine Truck Stop,435-586-3893,2006,Summit,UT,,,I-15 Exit 71,Exit,71,False,,False,I-15,,None,,
"Summit , 84772 Sunshine Truck Stop",435-586-3893 I-15 Exit 71,L,Summit,84772,Sunshine Truck Stop,435-586-3893,2007,Summit,UT,,,I-15 Exit 71,Exit,71,False,,False,I-15,,None,,
"Summit , 84772 Sunshine Truck Stop",435-586-3893 I-15 Exit 71,L,Summit,84772,Sunshine Truck Stop,435-586-3893,2008,Summit,UT,,,I-15 Exit 71,Exit,71,False,,False,I-15,,None,,
F Phoenix ( 85007 ) Discount Zone ( Shell ),4 602-253-9717 I-17 Exit 196 ( 7th Ave S ),24 <U+25A1>,Phoenix,85007,Discount Zone ( Shell ),602-253-9717,2014,Phoenix,AZ,Shell,( 7th Ave S ),I-17 Exit 196 ,Exit,196,False,,False,I-17,,None,,
Phoenix ( 85007 ) Discount Zone ( Shell ),4 602-253-9717 I-17 Exit 196 ( 7th Ave S ),24 <U+2610>,Phoenix,85007,Discount Zone ( Shell ),602-253-9717,2015,Phoenix,AZ,Shell,( 7th Ave S ),I-17 Exit 196 ,Exit,196,False,,False,I-17,,None,,
Phoenix ( 85007 ) Discount Zone ( Shell ),602-253-9717 I-17 Exit 196 ( 7th Ave S ),<U+2610> <U+25A1> <U+2610>,Phoenix,85007,Discount Zone ( Shell ),602-253-9717,2016,Phoenix,AZ,Shell,( 7th Ave S ),I-17 Exit 196 ,Exit,196,False,,False,I-17,,None,,
F Phoenix ( 85009 ) Circle K # 2885,4 602-269-8482 AZ 85 & 35th Ave,24 XL D,Phoenix,85009,Circle K # 2885,602-269-8482,2014,Phoenix,AZ,Circle K,,AZ 85 & 35th Ave,empty,,False,,False,AZ 85,35th Ave,None,,
Phoenix ( 85009 ) Circle K # 2885,4 602-269-8482 AZ 85 & 35th Ave,24 XL D,Phoenix,85009,Circle K # 2885,602-269-8482,2015,Phoenix,AZ,Circle K,,AZ 85 & 35th Ave,empty,,False,,False,AZ 85,35th Ave,None,,
Phoenix ( 85009 ) Circle K # 2885,602-269-8482 AZ 85 & 35th Ave,24 XL D <U+25A1> <U+25A1>,Phoenix,85009,Circle K # 2885,602-269-8482,2016,Phoenix,AZ,Circle K,,AZ 85 & 35th Ave,empty,,False,,False,AZ 85,35th Ave,None,,
"F Phoenix , 85009 Circle K # 2885",4 602-278-6383 AZ 85 & 35th Ave,HRS S 0,Phoenix,85009,Circle K # 2885,602-278-6383,2006,Phoenix,AZ,Circle K,,AZ 85 & 35th Ave,empty,,False,,False,AZ 85,35th Ave,None,,
"F Phoenix , 85009 Circle K # 2885",602-278-6383 AZ 85 & 35th Ave,HRS 24 L <U+2610> <U+2610>,Phoenix,85009,Circle K # 2885,602-278-6383,2007,Phoenix,AZ,Circle K,,AZ 85 & 35th Ave,empty,,False,,False,AZ 85,35th Ave,None,,
"Phoenix , 85009 Circle K # 2885",4 602-278-6383 AZ 85 & 35th Ave,24 HRS <U+2610> <U+2610>,Phoenix,85009,Circle K # 2885,602-278-6383,2008,Phoenix,AZ,Circle K,,AZ 85 & 35th Ave,empty,,False,,False,AZ 85,35th Ave,None,,
"F Phoenix , 85043 Quick Trip # 444 ( QT )",602-269-1714 I-10 Exit 139,24 M,Phoenix,85043,Quick Trip # 444 ( QT ),602-269-1714,2007,Phoenix,AZ,,,I-10 Exit 139,Exit,139,False,,False,I-10,,None,,
"F Phoenix , 85043 Quick Trip # 444 ( QT )",4 602-269-1714 I-10 Exit 139,24 HRS M,Phoenix,85043,Quick Trip # 444 ( QT ),602-269-1714,2008,Phoenix,AZ,,,I-10 Exit 139,Exit,139,False,,False,I-10,,None,,
Phoenix ( 85043 ) QuikTrip # 444 ( QT ),602-269-1714 I-10 Exit 139 ( S on N 51st ),124,Phoenix,85043,QuikTrip # 444 ( QT ),602-269-1714,2014,Phoenix,AZ,,( S on N 51st ),I-10 Exit 139 ,Exit,139,False,,False,I-10,,None,,
F Phoenix ( 85043 ) QuikTrip # 444 ( QT ),4 602-269-1714 I-10 Exit 139 ( S on N 51st ),24 <U+2610><U+2610>,Phoenix,85043,QuikTrip # 444 ( QT ),602-269-1714,2015,Phoenix,AZ,,( S on N 51st ),I-10 Exit 139 ,Exit,139,False,,False,I-10,,None,,
Phoenix ( 85043 ) QuikTrip # 444 ( QT ),4 602-269-1714 I-10 Exit 139 ( S on N 51st ),24 <U+25A1> S 02400,Phoenix,85043,QuikTrip # 444 ( QT ),602-269-1714,2016,Phoenix,AZ,,( S on N 51st ),I-10 Exit 139 ,Exit,139,False,,False,I-10,,None,,
F Phoenix ( 85043 ) Discount Zone # 1 ( Shell ),4 602-278-0714 I-10 Exit 139 ( S on N 51st ),<U+25A1>,Phoenix,85043,Discount Zone # 1 ( Shell ),602-278-0714,2014,Phoenix,AZ,Shell,( S on N 51st ),I-10 Exit 139 ,Exit,139,False,,False,I-10,,None,,
F Phoenix ( 85043 ) Discount Zone # 1 ( Shell ),602-278-0714 I-10 Exit 139 ( S on N 51st ),24 <U+2610> <U+2610>,Phoenix,85043,Discount Zone # 1 ( Shell ),602-278-0714,2015,Phoenix,AZ,Shell,( S on N 51st ),I-10 Exit 139 ,Exit,139,False,,False,I-10,,None,,
Phoenix ( 85043 ) Discount Zone # 1 ( Shell ),602-278-0714 I-10 Exit 139 ( S on N 51st ),24 <U+2610> <U+25A1>,Phoenix,85043,Discount Zone # 1 ( Shell ),602-278-0714,2016,Phoenix,AZ,Shell,( S on N 51st ),I-10 Exit 139 ,Exit,139,False,,False,I-10,,None,,
Eloy ( 85131 ) Love's Travel Stop # 265,520-423-2015 I-10 Exit 200 ( Sunland Gin Rd S ),24 M O,Eloy,85131,Love's Travel Stop # 265,520-423-2015,2014,Eloy,AZ,Love's,( Sunland Gin Rd S ),I-10 Exit 200 ,Exit,200,False,,False,I-10,,None,,
Eloy ( 85131 ) Love's Travel Stop # 265,520-423-2015 I-10 Exit 200 ( Sunland Gin Rd S ),24 <U+2610> M,Eloy,85131,Love's Travel Stop # 265,520-423-2015,2015,Eloy,AZ,Love's,( Sunland Gin Rd S ),I-10 Exit 200 ,Exit,200,False,,False,I-10,,None,,
Eloy ( 85131 ) Love's Travel Stop # 265,4 520-423-2015 I-10 Exit 200 ( S on Sunland Gin ),24 MO 24,Eloy,85131,Love's Travel Stop # 265,520-423-2015,2016,Eloy,AZ,Love's,( S on Sunland Gin ),I-10 Exit 200 ,Exit,200,False,,False,I-10,,None,,
Eloy ( 85131 ) Circle K # 2947 ( Valero ),4 520-466-7361 I-10 Exit 203 ( Toltec Rd N ),24 MOO <U+25A1> <U+25A1>,Eloy,85131,Circle K # 2947 ( Valero ),520-466-7361,2014,Eloy,AZ,Circle K,( Toltec Rd N ),I-10 Exit 203 ,Exit,203,False,,False,I-10,,None,,
Eloy ( 85131 ) Circle K # 2947,4 520-466-7361 I-10 Exit 203 ( Toltec Rd N ),24 M <U+25A1> <U+2610> <U+2610>,Eloy,85131,Circle K # 2947,520-466-7361,2015,Eloy,AZ,Circle K,( Toltec Rd N ),I-10 Exit 203 ,Exit,203,False,,False,I-10,,None,,
Eloy ( 85131 ) Circle K # 2947 ( 66 ),520-466-7361 I-10 Exit 203 ( Toltec Rd N ),24 M <U+25A1>,Eloy,85131,Circle K # 2947 ( 66 ),520-466-7361,2016,Eloy,AZ,Circle K,( Toltec Rd N ),I-10 Exit 203 ,Exit,203,False,,False,I-10,,None,,
Eloy ( 85131 ) TA Eloy # 007,4 520-466-7363 I-10 Exit 203 ( Toltec Rd S ),<U+25A1> XL 24 D,Eloy,85131,TA Eloy # 007,520-466-7363,2014,Eloy,AZ,,( Toltec Rd S ),I-10 Exit 203 ,Exit,203,False,,False,I-10,,None,,
Eloy ( 85131 ) TA Eloy # 007,4 520-466-7363 I-10 Exit 203 ( Toltec Rd S ),24 XL 124,Eloy,85131,TA Eloy # 007,520-466-7363,2015,Eloy,AZ,,( Toltec Rd S ),I-10 Exit 203 ,Exit,203,False,,False,I-10,,None,,
Eloy ( 85131 ) TA Eloy # 007 ( Sinclair ),4 520-466-7363 I-10 Exit 203 ( Toltec Rd S ),M24 <U+2610> XL 24,Eloy,85131,TA Eloy # 007 ( Sinclair ),520-466-7363,2016,Eloy,AZ,Sinclair,( Toltec Rd S ),I-10 Exit 203 ,Exit,203,False,,False,I-10,,None,,
Eloy ( 85131 ) Pilot Travel Center # 458,4 520-466-7550 I-10 Exit 208 ( Sunshine Blvd N ) Pila,24 <U+25A1> XL <U+2610>,Eloy,85131,Pilot Travel Center # 458,520-466-7550,2014,Eloy,AZ,Pilot,( Sunshine Blvd N ) Pila,I-10 Exit 208 ,Exit,208,False,,False,I-10,,None,,
Eloy ( 85131 ) Pilot Travel Center # 458,4 520-466-7550 I-10 Exit 208 ( Sunshine Blvd N ),24 <U+2610> XL <U+2610> <U+2610>,Eloy,85131,Pilot Travel Center # 458,520-466-7550,2015,Eloy,AZ,Pilot,( Sunshine Blvd N ),I-10 Exit 208 ,Exit,208,False,,False,I-10,,None,,
Eloy ( 85131 ) Pilot Travel Center # 458,4 520-466-7550 I-10 Exit 208 ( N on Sunshine ),24 XL 24,Eloy,85131,Pilot Travel Center # 458,520-466-7550,2016,Eloy,AZ,Pilot,( N on Sunshine ),I-10 Exit 208 ,Exit,208,False,,False,I-10,,None,,
Eloy ( 85131 ) Flying J Travel Plaza # 609,4 520-466-9204 I-10 Exit 208 A ( Sunshine Blvd S ),XL,Eloy,85131,Flying J Travel Plaza # 609,520-466-9204,2014,Eloy,AZ,Flying J,( Sunshine Blvd S ),I-10 Exit 208 A ,Exit,208,False,,False,I-10,,None,,
Eloy ( 85131 ) Flying J Travel Plaza # 609,4 520-466-9204 I-10 Exit 208 A ( Sunshine Blvd S ) FLYING J,FLYING J 24 XL 24,Eloy,85131,Flying J Travel Plaza # 609,520-466-9204,2015,Eloy,AZ,Flying J,( Sunshine Blvd S ) FLYING J,I-10 Exit 208 A ,Exit,208,False,,False,I-10,,None,,
Eloy ( 85131 ) Flying J Travel Plaza # 609,4 520-466-9204 I-10 Exit 208 ( S on Sunshine ) FLYING,24 X 24,Eloy,85131,Flying J Travel Plaza # 609,520-466-9204,2016,Eloy,AZ,Flying J,( S on Sunshine ) FLYING,I-10 Exit 208 ,Exit,208,False,,False,I-10,,None,,
Eloy ( 85131 ) Petro Eloy # 306,520-836-3983 I-10 Exit 200 ( Sunland Gin Rd N ),PETRO 24 XL 22,Eloy,85131,Petro Eloy # 306,520-836-3983,2014,Eloy,AZ,,( Sunland Gin Rd N ),I-10 Exit 200 ,Exit,200,False,,False,I-10,,None,,
Eloy ( 85131 ) Petro Eloy # 306,4 520-836-3983 I-10 Exit 200 ( Sunland Gin Rd N ) PETRO,<U+25A1> XL 24,Eloy,85131,Petro Eloy # 306,520-836-3983,2015,Eloy,AZ,,( Sunland Gin Rd N ) PETRO,I-10 Exit 200 ,Exit,200,False,,False,I-10,,None,,
Eloy ( 85131 ) Petro Eloy # 306 ( Shell ),520-836-3983 I-10 Exit 200 ( N on Sunland Gin ) PETRO,PETRO 24 XL 24 24,Eloy,85131,Petro Eloy # 306 ( Shell ),520-836-3983,2016,Eloy,AZ,Shell,( N on Sunland Gin ) PETRO,I-10 Exit 200 ,Exit,200,False,,False,I-10,,None,,
Eloy ( 85131 ) Pride Travel Center,4 520-836-9681 I-10 Exit 200 ( Sunland Gin Rd N ),MOO,Eloy,85131,Pride Travel Center,520-836-9681,2014,Eloy,AZ,,( Sunland Gin Rd N ),I-10 Exit 200 ,Exit,200,False,,False,I-10,,None,,
Eloy ( 85131 ) Pride Travel Center,4 520-836-9681 I-10 Exit 200 ( Sunland Gin Rd N ),24 22 M,Eloy,85131,Pride Travel Center,520-836-9681,2015,Eloy,AZ,,( Sunland Gin Rd N ),I-10 Exit 200 ,Exit,200,False,,False,I-10,,None,,
Eloy ( 85131 ) Pride Travel Center,520-836-9681 I-10 Exit 200 ( N on Sunland Gin ),M 24,Eloy,85131,Pride Travel Center,520-836-9681,2016,Eloy,AZ,,( N on Sunland Gin ),I-10 Exit 200 ,Exit,200,False,,False,I-10,,None,,
"Casa Grande , 85222 Love's Travel Stop # 265",520-423-2015 I-10 Exit 200 op # 265,24 HRS XL 240,Casa Grande,85222,Love's Travel Stop # 265,520-423-2015,2006,Casa Grande,AZ,Love's,,I-10 Exit 200 op # 265,Exit,200,False,,False,I-10,,None,,
"Casa Grande , 85222 Love's Travel Stop # 265 )",520-423-2015 I-10 Exit 200,MOO,Casa Grande,85222,Love's Travel Stop # 265 ),520-423-2015,2007,Casa Grande,AZ,Love's,,I-10 Exit 200,Exit,200,False,,False,I-10,,None,,
"Casa Grande , 85222 Love's Travel Stop # 265",4 520-423-2015 I-10 Exit 200,24 HRS 24 M,Casa Grande,85222,Love's Travel Stop # 265,520-423-2015,2008,Casa Grande,AZ,Love's,,I-10 Exit 200,Exit,200,False,,False,I-10,,None,,
"Casa Grande , 85222 Petro Stopping Center # 6",520-836-3983 I-10 Exit 200 ( Sunland Gin Rd N ),24,Casa Grande,85222,Petro Stopping Center # 6,520-836-3983,2006,Casa Grande,AZ,,( Sunland Gin Rd N ),I-10 Exit 200 ,Exit,200,False,,False,I-10,,None,,
"Casa Grande , 85222 Petro Stopping",520-836-3983 I-10 Exit 200 ( Sunland Center # 6 PETRO,XL 2400,Casa Grande,85222,Petro Stopping,520-836-3983,2007,Casa Grande,AZ,,( Sunland Center # 6 PETRO,I-10 Exit 200 ,Exit,200,False,,False,I-10,,None,,
"Casa Grande , 85222 Petro Stopping Center # 6 PETRO",4 520-836-3983 I-10 Exit 200 ( Sunland Gin Rd N ),24 HRS XL 240,Casa Grande,85222,Petro Stopping Center # 6 PETRO,520-836-3983,2008,Casa Grande,AZ,,( Sunland Gin Rd N ),I-10 Exit 200 ,Exit,200,False,,False,I-10,,None,,
"Casa Grande , 85222 Pride Travel Center",520-836-9681 I-10 Exit 200 ( Sunland Gin Rd N ),S000 000,Casa Grande,85222,Pride Travel Center,520-836-9681,2006,Casa Grande,AZ,,( Sunland Gin Rd N ),I-10 Exit 200 ,Exit,200,False,,False,I-10,,None,,
"Casa Grande , 85222 Pride Travel Center N",520-836-9681 I-10 Exit 200 ( Sunland Gin N,HRS 24 MOO,Casa Grande,85222,Pride Travel Center N,520-836-9681,2007,Casa Grande,AZ,,( Sunland Gin N,I-10 Exit 200 ,Exit,200,False,,False,I-10,,None,,
"Casa Grande , 85222 Pride Travel Center",4 520-836-9681 I-10 Exit 200 ( Sunland Gin Rd N ),24 HRS M <U+2610><U+2610>,Casa Grande,85222,Pride Travel Center,520-836-9681,2008,Casa Grande,AZ,,( Sunland Gin Rd N ),I-10 Exit 200 ,Exit,200,False,,False,I-10,,None,,
"Eloy , 85231 Circle K # 2947",520-466-7361 I-10 Exit 203 ( Toltec Rd N ),,Eloy,85231,Circle K # 2947,520-466-7361,2006,Eloy,AZ,Circle K,( Toltec Rd N ),I-10 Exit 203 ,Exit,203,False,,False,I-10,,None,,
"Eloy , 85231 Circle K # 2947",520-466-7361 I-10 Exit 203 ( Toltec Rd N ),24 MOOO,Eloy,85231,Circle K # 2947,520-466-7361,2007,Eloy,AZ,Circle K,( Toltec Rd N ),I-10 Exit 203 ,Exit,203,False,,False,I-10,,None,,
", 85231 Circle K # 2947",GEloy 4 520-466-7361 I-10 Exit 203 ( Toltec Rd N ),24 HRS M <U+2610> <U+2610> <U+2610><U+2610>,,85231,Circle K # 2947,520-466-7361,2008,Eloy,AZ,Circle K,( Toltec Rd N ),I-10 Exit 203 ,Exit,203,False,,False,I-10,,None,,
"Eloy , 85231 TravelCenters of America ( Exxon )",520-466-7363 I-10 Exit 203 ( Toltec Rd S ),,Eloy,85231,TravelCenters of America ( Exxon ),520-466-7363,2006,Eloy,AZ,TravelCenters,( Toltec Rd S ),I-10 Exit 203 ,Exit,203,False,,False,I-10,,None,,
"Eloy , 85231 TravelCenters of America ( Exxon )",520-466-7363 I-10 Exit 203 ( Toltec Rd S ),24 XL 24,Eloy,85231,TravelCenters of America ( Exxon ),520-466-7363,2007,Eloy,AZ,TravelCenters,( Toltec Rd S ),I-10 Exit 203 ,Exit,203,False,,False,I-10,,None,,
"Eloy , 85231",4 520-466-7363 I-10 TravelCenters Exit 203 ( Toltec of America Rd S ) ( Exxon ) A,24 HRS XL <U+2610> 24,Eloy,85231,,520-466-7363,2008,Eloy,AZ,,( Toltec of America Rd S ) ( Exxon ) A,I-10 TravelCenters Exit 203 ,Exit,203,False,,False,I-10,,None,,
"Eloy , 85231 Pilot Travel Center # 458",520-466-7550 I-10 Exit 208,24,Eloy,85231,Pilot Travel Center # 458,520-466-7550,2006,Eloy,AZ,Pilot,,I-10 Exit 208,Exit,208,False,,False,I-10,,None,,
"Eloy , 85231 Pilot Travel Center # 458",520-466-7550 101-10 Exit 208,,Eloy,85231,Pilot Travel Center # 458,520-466-7550,2007,Eloy,AZ,Pilot,,101-10 Exit 208,Exit,208,False,,False,101 10,,None,,
"Eloy , 85231 Pilot Travel Center # 458",4 520-466-7550 I-10 Exit 208,24 HRS L,Eloy,85231,Pilot Travel Center # 458,520-466-7550,2008,Eloy,AZ,Pilot,,I-10 Exit 208,Exit,208,False,,False,I-10,,None,,
"Eloy , 85231 J Travel Plaza # 0500310",520-466-9204 Flying I-10 Exit 208 A ( Sunshine Blvd S ) #,HRS 24,Eloy,85231,J Travel Plaza # 0500310,520-466-9204,2006,Eloy,AZ,,( Sunshine Blvd S ) #,Flying I-10 Exit 208 A ,Exit,208,True,unclear address_standardized_OFF_parenthesis,True,I-10,,None,,
"Eloy , 85231 Flying J Travel Plaza # 0500310",520-466-9204 I-10 Exit 208 A ( Sunshine Blvd S ),FRS XL 24,Eloy,85231,Flying J Travel Plaza # 0500310,520-466-9204,2007,Eloy,AZ,Flying J,( Sunshine Blvd S ),I-10 Exit 208 A ,Exit,208,False,,False,I-10,,None,,
"Eloy , 85231 Flying J Travel Plaza # 0500310",520-466-9204 I-10 Exit 208 A ( Sunshine Blvd S ),24 HRS XL24 <U+25A0><U+25A0>,Eloy,85231,Flying J Travel Plaza # 0500310,520-466-9204,2008,Eloy,AZ,Flying J,( Sunshine Blvd S ),I-10 Exit 208 A ,Exit,208,False,,False,I-10,,None,,
G Stanfield ( 85272 ) Vija Truck Stop,520-424-3175 I-8 Exit 151 ( AZ 84 ),<U+2610> M,Stanfield,85272,Vija Truck Stop,520-424-3175,2014,Stanfield,AZ,,( AZ 84 ),I-8 Exit 151 ,Exit,151,False,,False,I-8,,None,,
G Stanfield ( 85272 ) Vija Truck Stop,4 520-424-3175 I-8 Exit 151 ( AZ 84 ),<U+2610> D,Stanfield,85272,Vija Truck Stop,520-424-3175,2015,Stanfield,AZ,,( AZ 84 ),I-8 Exit 151 ,Exit,151,False,,False,I-8,,None,,
G Stanfield ( 85272 ) Vija Truck Stop,520-424-3175 I-8 Exit 151 ( AZ 84 ),"M D """,Stanfield,85272,Vija Truck Stop,520-424-3175,2016,Stanfield,AZ,,( AZ 84 ),I-8 Exit 151 ,Exit,151,False,,False,I-8,,None,,
Buckeye ( 85326 ) QuikTrip I-10 Exit # 114 492 ( Miller ( QT ) Rd S ),3 623-386-8855 I-10 Exit 114 (,24 <U+2610> M,Buckeye,85326,QuikTrip I-10 Exit # 114 492 ( Miller ( QT ) Rd S ),623-386-8855,2015,Buckeye,AZ,,(,I-10 Exit 114 ,Exit,114,False,,False,I-10,,None,,
Buckeye ( 85326 ) QuikTrip # 492 ( QT ),623-386-8855 I-10 Exit 114 ( Miller Rd S ),D MO D <U+25A1>,Buckeye,85326,QuikTrip # 492 ( QT ),623-386-8855,2016,Buckeye,AZ,,( Miller Rd S ),I-10 Exit 114 ,Exit,114,False,,False,I-10,,None,,
Buckeye ( 85326 ) Speedsmart ( Chevron ),3 623-474-6262 I-10 Exit 114 ( Miller Rd S ),24 SO DO,Buckeye,85326,Speedsmart ( Chevron ),623-474-6262,2014,Buckeye,AZ,Chevron,( Miller Rd S ),I-10 Exit 114 ,Exit,114,False,,False,I-10,,None,,
Buckeye ( 85326 ) Speedsmart 114 ( ( Chevron Miller Rd ) S ),3 623-474-6262 I-10 Exit 114 ( Miller Rd S ),24 S D,Buckeye,85326,Speedsmart 114 ( ( Chevron Miller Rd ) S ),623-474-6262,2015,Buckeye,AZ,Chevron,( Miller Rd S ),I-10 Exit 114 ,Exit,114,False,,False,I-10,,None,,
Buckeye ( 85326 ) Speedsmart ( Chevron ),623-474-6262 I-10 Exit 114 ( Miller Rd S ),24 m S 0240,Buckeye,85326,Speedsmart ( Chevron ),623-474-6262,2016,Buckeye,AZ,Chevron,( Miller Rd S ),I-10 Exit 114 ,Exit,114,False,,False,I-10,,None,,
"Ehrenberg , 85334 Sunmart # 640",928-927-6568 I-10 Exit 5 ( Tom Wells Rd ),24 M,Ehrenberg,85334,Sunmart # 640,928-927-6568,2007,Ehrenberg,AZ,,( Tom Wells Rd ),I-10 Exit 5 ,Exit,5,False,,False,I-10,,None,,
", 85334 Sunmart # 640 ( Texaco )",FEhrenberg 1928-927-6568 I-10 Exit 5 ( Tom Wells Rd ),"24 HRS M """,,85334,Sunmart # 640 ( Texaco ),928-927-6568,2008,Ehrenberg,AZ,Texaco,( Tom Wells Rd ),I-10 Exit 5 ,Exit,5,False,,False,I-10,,None,,
Ehrenberg ( 85334 ) Sunmart # 640 ( Texaco ),928-927-6568 I-10 Exit 5 ( Tom Wells Rd ),M,Ehrenberg,85334,Sunmart # 640 ( Texaco ),928-927-6568,2014,Ehrenberg,AZ,Texaco,( Tom Wells Rd ),I-10 Exit 5 ,Exit,5,False,,False,I-10,,None,,
Ehrenberg ( 85334 ) Sunmart # 640 ( Texaco ),928-927-6568 I-10 Exit 5 ( Tom Wells Rd ),24 M B <U+2610>,Ehrenberg,85334,Sunmart # 640 ( Texaco ),928-927-6568,2015,Ehrenberg,AZ,Texaco,( Tom Wells Rd ),I-10 Exit 5 ,Exit,5,False,,False,I-10,,None,,
Ehrenberg ( 85334 ) Sunmart # 640 ( Texaco ),928-927-6568 I-10 Exit 5 ( Tom Wells Rd ),2 M,Ehrenberg,85334,Sunmart # 640 ( Texaco ),928-927-6568,2016,Ehrenberg,AZ,Texaco,( Tom Wells Rd ),I-10 Exit 5 ,Exit,5,False,,False,I-10,,None,,
"Gila Bend , 85337 Minute Mart # 20 ( Chevron )",928-683-2299 942 E AZ 85,FRS S,Gila Bend,85337,Minute Mart # 20 ( Chevron ),928-683-2299,2006,Gila Bend,AZ,Chevron,,942 E AZ 85,Proper,,False,,False,AZ 85,,None,,
"Gila Bend , 85337 Minute Mart # 20 ( Chevron )",928-683-2992 942 E AZ 85,48 MOD,Gila Bend,85337,Minute Mart # 20 ( Chevron ),928-683-2992,2007,Gila Bend,AZ,Chevron,,942 E AZ 85,Proper,,False,,False,AZ 85,,None,,
"G Gila Bend , 85337 Minute Mart # 20 ( Chevron )",928-683-2992 942 E AZ 85,24 HRS S,Gila Bend,85337,Minute Mart # 20 ( Chevron ),928-683-2992,2008,Gila Bend,AZ,Chevron,,942 E AZ 85,Proper,,False,,False,AZ 85,,None,,
G Gila Bend ( 85337 ) Minute Mart # 20 ( Shell ),3 928-683-2992 I-8 Exit 115 ( AZ 85 N ),124 24 MO,Gila Bend,85337,Minute Mart # 20 ( Shell ),928-683-2992,2014,Gila Bend,AZ,Shell,( AZ 85 N ),I-8 Exit 115 ,Exit,115,False,,False,I-8,,None,,
Gila Bend ( 85337 ) Minute Mart # 20 ( Shell ),928-683-2992 I-8 Exit 115 ( AZ 85 N ),24 MO O,Gila Bend,85337,Minute Mart # 20 ( Shell ),928-683-2992,2015,Gila Bend,AZ,Shell,( AZ 85 N ),I-8 Exit 115 ,Exit,115,False,,False,I-8,,None,,
G Gila Bend ( 85337 ) Minute Mart # 20 ( Shell ),928-683-2992 I-8 Exit 115 ( AZ 85 N ),24 <U+25A1><U+25A1> MO,Gila Bend,85337,Minute Mart # 20 ( Shell ),928-683-2992,2016,Gila Bend,AZ,Shell,( AZ 85 N ),I-8 Exit 115 ,Exit,115,False,,False,I-8,,None,,
"Gila Bend , 85337 Bill Henry's Food Mart ( Texaco )",928-683-6324 I-8 Exit 115 ( AZ 85 ),M,Gila Bend,85337,Bill Henry's Food Mart ( Texaco ),928-683-6324,2006,Gila Bend,AZ,Texaco,( AZ 85 ),I-8 Exit 115 ,Exit,115,False,,False,I-8,,None,,
"Gila Bend , 85337 Bill Henry's Food Mart ( Texaco )",928-683-6324 I-8 Exit 115 ( AZ 85 ),FRS 24 S 0,Gila Bend,85337,Bill Henry's Food Mart ( Texaco ),928-683-6324,2007,Gila Bend,AZ,Texaco,( AZ 85 ),I-8 Exit 115 ,Exit,115,False,,False,I-8,,None,,
"Gila Bend , 85337 Bill Henry's Food Mart ( Texaco )",928-683-6324 I-8 Exit 115 ( AZ 85 ),24 HRS S <U+2610>,Gila Bend,85337,Bill Henry's Food Mart ( Texaco ),928-683-6324,2008,Gila Bend,AZ,Texaco,( AZ 85 ),I-8 Exit 115 ,Exit,115,False,,False,I-8,,None,,
"fVicksburg , 85348 Zip Travel Center",2 928-859-3165 I-10 Exit 45,124 HRS M <U+2610>,fVicksburg,85348,Zip Travel Center,928-859-3165,2008,Salome,AZ,,,I-10 Exit 45,Exit,45,False,,False,I-10,,None,,
Vicksburg ( 85348 ) Zip Travel Center ( Chevron ),928-859-3165 I-10 Exit 45,24 M <U+25A1>,Vicksburg,85348,Zip Travel Center ( Chevron ),928-859-3165,2014,Salome,AZ,Chevron,,I-10 Exit 45,Exit,45,False,,False,I-10,,None,,
Vicksburg ( 85348 ) Zip Travel Center ( Chevron ) ),928-859-3165 I-10 Exit 45,MODEST 24 M <U+25A1> <U+25A1>,Vicksburg,85348,Zip Travel Center ( Chevron ) ),928-859-3165,2015,Salome,AZ,Chevron,,I-10 Exit 45,Exit,45,False,,False,I-10,,None,,
Vicksburg ( 85348 ) Zip Travel Center ( Chevron ),928-859-3165 I-10 Exit 45,24 MO,Vicksburg,85348,Zip Travel Center ( Chevron ),928-859-3165,2016,Salome,AZ,Chevron,,I-10 Exit 45,Exit,45,False,,False,I-10,,None,,
"San Luis , 85349 Circle K # 8691",928-627-3720 23260 Hwy 95,,San Luis,85349,Circle K # 8691,928-627-3720,2006,San Luis,AZ,Circle K,,23260 Hwy 95,Proper,,False,,False,Hwy 95,,None,,
"San Luis , 85349 Circle K # 8691",928-627-3720 23260 Hwy 95,HRS 24 <U+25A1>,San Luis,85349,Circle K # 8691,928-627-3720,2007,San Luis,AZ,Circle K,,23260 Hwy 95,Proper,,False,,False,Hwy 95,,None,,
"San Luis , 85349 Circle K # 8691",928-627-3720 23260 Hwy 95,24 HRS S <U+2610> <U+2610> <U+2610> <U+2610>,San Luis,85349,Circle K # 8691,928-627-3720,2008,San Luis,AZ,Circle K,,23260 Hwy 95,Proper,,False,,False,Hwy 95,,None,,
Wikieup ( 85360 ) Carioca # 11 ( ( Vicksburg Shell ) Rd ) .,928-765-2255 18183 US 93 S,2015 24 S <U+25A1>,Wikieup,85360,Carioca # 11 ( ( Vicksburg Shell ) Rd ) .,928-765-2255,2015,Wikieup,AZ,Shell,,18183 US 93 S,Proper,,False,,False,US 93,,None,,
Wikieup ( 85360 ) Carioca # 11 ( Shell ),928-765-2255 18183 US 93 S,24 S D,Wikieup,85360,Carioca # 11 ( Shell ),928-765-2255,2016,Wikieup,AZ,Shell,,18183 US 93 S,Proper,,False,,False,US 93,,None,,
"Yuma , 85364 Circle K # 1948 ( Conoco )",928-344-0960 I-8 Exit 7 ( Arbay ),,Yuma,85364,Circle K # 1948 ( Conoco ),928-344-0960,2006,Yuma,AZ,Circle K,( Arbay ),I-8 Exit 7 ,Exit,7,False,,False,I-8,,None,,
"Yuma , 85364 Circle K # 1948",928-344-0960 I-8 Exit 7 ( Arbay ),24 S,Yuma,85364,Circle K # 1948,928-344-0960,2007,Yuma,AZ,Circle K,( Arbay ),I-8 Exit 7 ,Exit,7,False,,False,I-8,,None,,
"Yuma , 85365 Love's Travel Stop # 349",928-341-9100 I-8 Exit 3,24 HRS M,Yuma,85365,Love's Travel Stop # 349,928-341-9100,2008,Yuma,AZ,Love's,,I-8 Exit 3,Exit,3,False,,False,I-8,,None,,
H Yuma ( 85365 ) Love's Travel Stop # 349 Rd ),928-341-9100 I-8 Exit 3,24 M,Yuma,85365,Love's Travel Stop # 349 Rd ),928-341-9100,2014,Yuma,AZ,Love's,,I-8 Exit 3,Exit,3,False,,False,I-8,,None,,
Yuma ( 85365 ) Love's Travel Stop # 349,928-341-9100 I-8 Exit 3,M,Yuma,85365,Love's Travel Stop # 349,928-341-9100,2015,Yuma,AZ,Love's,,I-8 Exit 3,Exit,3,False,,False,I-8,,None,,
Yuma ( 85365 ) Love's Travel Stop # 349,928-341-9100 I-8 Exit 3,24 ze <U+25A1> M 240,Yuma,85365,Love's Travel Stop # 349,928-341-9100,2016,Yuma,AZ,Love's,,I-8 Exit 3,Exit,3,False,,False,I-8,,None,,
"Benson , 85602 Gas City # 90 ( Coastal )",520-586-7151 I-10 Exit 302 ( AZ 90 ),FRS XL M,Benson,85602,Gas City # 90 ( Coastal ),520-586-7151,2006,Benson,AZ,,( AZ 90 ),I-10 Exit 302 ,Exit,302,False,,False,I-10,,None,,
"Benson , 85602 Gas City # 90 ( Coastal )",520-586-7151 I-10 Exit 302 ( AZ 90 ),24,Benson,85602,Gas City # 90 ( Coastal ),520-586-7151,2007,Benson,AZ,,( AZ 90 ),I-10 Exit 302 ,Exit,302,False,,False,I-10,,None,,
"Benson , 85602 Gas City # 90 ( Coastal )",6 520-586-7151 I-10 Exit 302 ( AZ 90 ),24 HRS XL,Benson,85602,Gas City # 90 ( Coastal ),520-586-7151,2008,Benson,AZ,,( AZ 90 ),I-10 Exit 302 ,Exit,302,False,,False,I-10,,None,,
Benson ( 85602 ) Love's Travel Stop # 460,520-586-8702 I-10 Exit 302 ( AZ 90 ),24 O,Benson,85602,Love's Travel Stop # 460,520-586-8702,2014,Benson,AZ,Love's,( AZ 90 ),I-10 Exit 302 ,Exit,302,False,,False,I-10,,None,,
Benson ( 85602 ) Love's I-40 Exit Travel 185 Stop # 460 Pilot,520-586-8702 I-10 Exit 302 ( AZ 90 ),24 L <U+2610>,Benson,85602,Love's I-40 Exit Travel 185 Stop # 460 Pilot,520-586-8702,2015,Benson,AZ,Love's,( AZ 90 ),I-10 Exit 302 ,Exit,302,False,,False,I-10,,None,,
Benson ( 85602 ) Love's Travel Stop # 460,520-586-8702 I-10 Exit 302 ( AZ 90 ),24 24,Benson,85602,Love's Travel Stop # 460,520-586-8702,2016,Benson,AZ,Love's,( AZ 90 ),I-10 Exit 302 ,Exit,302,False,,False,I-10,,None,,
"Nogales , 85621 Nogales Truck Stop",520-281-0865 I-19 Exit 4 NB / 8 SB ( to 2651 N Grand ),HRS,Nogales,85621,Nogales Truck Stop,520-281-0865,2006,Nogales,AZ,,( to 2651 N Grand ),I-19 Exit 4 NB / 8 SB ,Exit,4,False,,False,I-19,,8,,
Nogales ( 85621 ) Zarro Shell,5 520-287-4800 AZ 189 ( at border ),<U+2610> <U+2610>,Nogales,85621,Zarro Shell,520-287-4800,2014,Nogales,AZ,Shell,( at border ),AZ 189,empty,,False,,False,AZ 189,,None,,
Nogales ( 85621 ) Zarro Shell,5 520-287-4800 AZ 189 ( at border ),m B,Nogales,85621,Zarro Shell,520-287-4800,2015,Nogales,AZ,Shell,( at border ),AZ 189,empty,,False,,False,AZ 189,,None,,
Nogales ( 85621 ) Zarro Shell,5 520-287-4800 AZ 189 ( at border ),<U+2610> S,Nogales,85621,Zarro Shell,520-287-4800,2016,Nogales,AZ,Shell,( at border ),AZ 189,empty,,False,,False,AZ 189,,None,,
Sierra Vista ( 85635 ) Corner Store # 1670 ( Valero ),520-458-0300 AZ 90 & AZ 92,24 <U+25A1>,Sierra Vista,85635,Corner Store # 1670 ( Valero ),520-458-0300,2016,Sierra Vista,AZ,Valero,,AZ 90 & AZ 92,empty,,False,,False,AZ 90,AZ 92,None,,
"Willcox , 85643 Freeway Chevron",6 520-384-4375 I-10 Exit 336,,Willcox,85643,Freeway Chevron,520-384-4375,2008,Willcox,AZ,Chevron,,I-10 Exit 336,Exit,336,False,,False,I-10,,None,,
Willcox ( 85643 ) Freeway Chevron,520-384-4375 I-10 Exit 336,,Willcox,85643,Freeway Chevron,520-384-4375,2014,Willcox,AZ,Chevron,,I-10 Exit 336,Exit,336,False,,False,I-10,,None,,
Willcox ( 85643 ) Freeway Chevron 93 S,520-384-4375 I-10 Exit 336,<U+2610>,Willcox,85643,Freeway Chevron 93 S,520-384-4375,2015,Willcox,AZ,Chevron,,I-10 Exit 336,Exit,336,False,,False,I-10,,None,,
Willcox ( 85643 ) Freeway Chevron,520-384-4375 I-10 Exit 336,<U+2610>,Willcox,85643,Freeway Chevron,520-384-4375,2016,Willcox,AZ,Chevron,,I-10 Exit 336,Exit,336,False,,False,I-10,,None,,
"Willcox , 85644 Freeway Chevron",6 520-384-4375 I-10 Exit 336,) HR $ 481 L24000,Willcox,85644,Freeway Chevron,520-384-4375,2006,Willcox,AZ,Chevron,,I-10 Exit 336,Exit,336,False,,False,I-10,,None,,
"Willcox , 85644 Freeway Chevron",6 520-384-4375 I-10 Exit 336,,Willcox,85644,Freeway Chevron,520-384-4375,2007,Willcox,AZ,Chevron,,I-10 Exit 336,Exit,336,False,,False,I-10,,None,,
"Tucson , 85735 Superstop # 619 ( Mobil )",5 520-883-2700 6225 AZ 86 ( 7 mi W of I-19 Exit 99 ),HRS M2400,Tucson,85735,Superstop # 619 ( Mobil ),520-883-2700,2006,Tucson,AZ,Mobil,( 7 mi W of I-19 Exit 99 ),6225 AZ 86,Proper,,False,,False,AZ 86,,None,,
"Tucson , 85735 Superstop # 619 ( Mobil )",520-883-2700 6225 AZ 86 ( 7 mi W of I-19 Exit 99 ),,Tucson,85735,Superstop # 619 ( Mobil ),520-883-2700,2007,Tucson,AZ,Mobil,( 7 mi W of I-19 Exit 99 ),6225 AZ 86,Proper,,False,,False,AZ 86,,None,,
"Tucson , 85735 Superstop # 619 ( Mobil )",5 520-883-2700 6225 AZ 86 ( 7 mi W of I-19 Exit 99 ),<U+2610>,Tucson,85735,Superstop # 619 ( Mobil ),520-883-2700,2008,Tucson,AZ,Mobil,( 7 mi W of I-19 Exit 99 ),6225 AZ 86,Proper,,False,,False,AZ 86,,None,,
Tucson ( 85756 ) Pilot Travel Center # 593,520-663-3348 I-10 Exit 268 ( Craycroft ),plot 24 O,Tucson,85756,Pilot Travel Center # 593,520-663-3348,2014,Tucson,AZ,Pilot,( Craycroft ),I-10 Exit 268 ,Exit,268,False,,False,I-10,,None,,
Tucson ( 85756 ) Pilot Travel Center # 593 ),5 520-663-3348 I-10 Exit 268 ( pilot,pilot 24 MO,Tucson,85756,Pilot Travel Center # 593 ),520-663-3348,2015,Tucson,AZ,Pilot,( pilot,I-10 Exit 268 ,Exit,268,False,,False,I-10,,None,,
Tucson ( 85756 ) Pilot Travel Center # 593,520-663-3348 I-10 Exit 268 ( Craycroft ) Pilat,24 024 0,Tucson,85756,Pilot Travel Center # 593,520-663-3348,2016,Tucson,AZ,Pilot,( Craycroft ) Pilat,I-10 Exit 268 ,Exit,268,False,,False,I-10,,None,,
"Bellemont , 86015 Pilot Travel Center # 180",4 928-773-0180 I-40 Exit 185,24 HRS M,Bellemont,86015,Pilot Travel Center # 180,928-773-0180,2008,Bellemont,AZ,Pilot,,I-40 Exit 185,Exit,185,False,,False,I-40,,None,,
Bellemont ( 86015 ) Pilot Travel Center # 180,928-773-0180 I-40 Exit 185,pilot 24 M O,Bellemont,86015,Pilot Travel Center # 180,928-773-0180,2014,Bellemont,AZ,Pilot,,I-40 Exit 185,Exit,185,False,,False,I-40,,None,,
D Bellemont ( 86015 ) Pilot Exit Travel 133 Center A # 180 pilot,928-773-0180 I-40 Exit 185 Pilot,m M DO<U+2610>,Bellemont,86015,Pilot Exit Travel 133 Center A # 180 pilot,928-773-0180,2015,Bellemont,AZ,Pilot,,I-40 Exit 185 Pilot,Exit,185,False,,False,I-40,,None,,
D Bellemont ( 86015 ) Pilot Travel Center # 180,928-773-0180 I-40 Exit 185 pilat,<U+25A1> M,Bellemont,86015,Pilot Travel Center # 180,928-773-0180,2016,Bellemont,AZ,Pilot,,I-40 Exit 185 pilat,Exit,185,False,,False,I-40,,None,,
"Bellemont , 86015 Bellemont Travel Center ( Conoco )",928-774-2762 I-40 Exit 185,FRS HRS XL,Bellemont,86015,Bellemont Travel Center ( Conoco ),928-774-2762,2006,Bellemont,AZ,Conoco,,I-40 Exit 185,Exit,185,False,,False,I-40,,None,,
"Munds Park , 86017 Woody's MO",928-286-1310 I-17 Exit 322 ( Mormon Lake Rd ),<U+2610>,Munds Park,86017,Woody's MO,928-286-1310,2006,Munds Park,AZ,,( Mormon Lake Rd ),I-17 Exit 322 ,Exit,322,False,,False,I-17,,None,,
"E Munds Park , 86017 Woody's",928-286-1310 I-17 Exit 322 ( Mormon Lake Rd ),D,Munds Park,86017,Woody's,928-286-1310,2007,Munds Park,AZ,,( Mormon Lake Rd ),I-17 Exit 322 ,Exit,322,False,,False,I-17,,None,,
"Munds Park , 86017 Woody's",4 928-286-1310 I-17 Exit 322 ( Mormon Lake Rd ),<U+2610> <U+2610>,Munds Park,86017,Woody's,928-286-1310,2008,Munds Park,AZ,,( Mormon Lake Rd ),I-17 Exit 322 ,Exit,322,False,,False,I-17,,None,,
Holbrook ( 86025 ) Bradco Cardlock ( Pac Pride ),6 928-524-3976 12th Ave ( 1 blk S of US 180 ),<U+2610> <U+25A1> 0,Holbrook,86025,Bradco Cardlock ( Pac Pride ),928-524-3976,2014,Holbrook,AZ,,( 1 blk S of US 180 ),12th Ave,empty,,False,,False,12th Ave,,None,,
Holbrook ( 86025 ) Bradco Cardlock ( Pac Pride ),6 928-524-3976 12th Ave ( 1 blk S of US 180 ),""" <U+2610> D",Holbrook,86025,Bradco Cardlock ( Pac Pride ),928-524-3976,2015,Holbrook,AZ,,( 1 blk S of US 180 ),12th Ave,empty,,False,,False,12th Ave,,None,,
D Holbrook ( 86025 ) Bradco Cardlock ( Pac Pride ),928-524-3976 12th Ave ( 1 blk S of US 180 ),<U+2610> <U+25A1> 0,Holbrook,86025,Bradco Cardlock ( Pac Pride ),928-524-3976,2016,Holbrook,AZ,,( 1 blk S of US 180 ),12th Ave,empty,,False,,False,12th Ave,,None,,
B Kayenta ( 86033 ) 7 - Eleven,6 928-697-3766 US 160 & US 163 ( SE Corner ),<U+25A1> S,Kayenta,86033,7 - Eleven,928-697-3766,2015,Kayenta,AZ,Eleven,( SE Corner ),US 160 & US 163,empty,,False,,False,US 160,US 163,None,,
B Kayenta ( 86033 ) 7 - Eleven,6 928-697-3766 US 160 & US 163 ( SE Corner ),S,Kayenta,86033,7 - Eleven,928-697-3766,2016,Kayenta,AZ,Eleven,( SE Corner ),US 160 & US 163,empty,,False,,False,US 160,US 163,None,,
"Kayenta , 86033 Speedy's # 508",928-697-8149 US 160 & US 163 ( SE Corner ),,Kayenta,86033,Speedy's # 508,928-697-8149,2006,Kayenta,AZ,,( SE Corner ),US 160 & US 163,empty,,False,,False,US 160,US 163,None,,
"Kayenta , 86033 Speedy's # 508",928-697-8149 US 160 & US 163 ( SE Corner ),24 S <U+2610> O,Kayenta,86033,Speedy's # 508,928-697-8149,2007,Kayenta,AZ,,( SE Corner ),US 160 & US 163,empty,,False,,False,US 160,US 163,None,,
"B Kayenta , 86033 Speedy's # 508",6 928-697-8149 US 160 & US 163 ( SE Corner ),<U+2022>,Kayenta,86033,Speedy's # 508,928-697-8149,2008,Kayenta,AZ,,( SE Corner ),US 160 & US 163,empty,,False,,False,US 160,US 163,None,,
B Kayenta ( 86033 ) Speedy's,6 928-697-8149 US 160 & US 163 ( SE Corner ),D S D,Kayenta,86033,Speedy's,928-697-8149,2014,Kayenta,AZ,,( SE Corner ),US 160 & US 163,empty,,False,,False,US 160,US 163,None,,
Williams ( 86046 ) Love's Travel Stop # 553,928-635-9958 I-40 Exit 163,LO 2400,Williams,86046,Love's Travel Stop # 553,928-635-9958,2016,Williams,AZ,Love's,,I-40 Exit 163,Exit,163,False,,False,I-40,,None,,
"Winslow , 86047 Super American Truck Stop",5 928-289-9532 I-40 Exit 253,,Winslow,86047,Super American Truck Stop,928-289-9532,2006,Winslow,AZ,,,I-40 Exit 253,Exit,253,False,,False,I-40,,None,,
"Winslow , 86047 USA Travel Center",928-289-9532 I-40 Exit 253,HRS 24,Winslow,86047,USA Travel Center,928-289-9532,2007,Winslow,AZ,,,I-40 Exit 253,Exit,253,False,,False,I-40,,None,,
"Winslow , 86047 USA Travel Center",5 928-289-9532 I-40 Exit 253,24 HRS HRS 24 0,Winslow,86047,USA Travel Center,928-289-9532,2008,Winslow,AZ,,,I-40 Exit 253,Exit,253,False,,False,I-40,,None,,
"Chino Valley , 86323 Petro Products",928-636-1020 1080 AZ 89 ( 15 mi N of Prescott ),,Chino Valley,86323,Petro Products,928-636-1020,2006,Chino Valley,AZ,,( 15 mi N of Prescott ),1080 AZ 89,Proper,,False,,False,AZ 89,,None,,
"E Chino Valley , 86323 Petro Products",928-636-1020 1080 AZ 89 ( 15 mi N of Prescott ),00 <U+2610>,Chino Valley,86323,Petro Products,928-636-1020,2007,Chino Valley,AZ,,( 15 mi N of Prescott ),1080 AZ 89,Proper,,False,,False,AZ 89,,None,,
"E Chino Valley , 86323 Petro Products",3 928-636-1020 1080 AZ 89 ( 15 mi N of Prescott ),<U+2610> <U+25A1> <U+25A1> <U+2022>,Chino Valley,86323,Petro Products,928-636-1020,2008,Chino Valley,AZ,,( 15 mi N of Prescott ),1080 AZ 89,Proper,,False,,False,AZ 89,,None,,
"E Cordes Jct , 86333 Shell Travel Center # 323 )",928-632-4521 I-17 Exit 262 ( AZ 69 ),24,Cordes Jct,86333,Shell Travel Center # 323 ),928-632-4521,2007,Mayer,AZ,Shell,( AZ 69 ),I-17 Exit 262 ,Exit,262,False,,False,I-17,,None,,
"E Cordes Junction , 86333 Shell Travel Center # 323",4 928-632-4521 I-17 Exit 262 ( AZ 69 ),24 HRS M <U+2610> <U+2610>,Cordes Junction,86333,Shell Travel Center # 323,928-632-4521,2008,Mayer,AZ,Shell,( AZ 69 ),I-17 Exit 262 ,Exit,262,False,,False,I-17,,None,,
Cordes Junction ( 86333 ) Shell Travel Center # 323,928-632-4521 I-17 Exit 262 ( AZ 69 ),24,Cordes Junction,86333,Shell Travel Center # 323,928-632-4521,2014,Mayer,AZ,Shell,( AZ 69 ),I-17 Exit 262 ,Exit,262,False,,False,I-17,,None,,
Cordes Junction ( 86333 ) Shell Travel Center # 323,928-632-4521 I-17 Exit 262 NB / 263 SB,24 M D,Cordes Junction,86333,Shell Travel Center # 323,928-632-4521,2015,Mayer,AZ,Shell,,I-17 Exit 262 NB / 263 SB,Exit,262,False,,False,I-17,,263,,
Cordes Junction ( 86333 ) Shell Travel Center # 323,928-632-4521 I-17 Exit 262 NB / 263 SB,24 MOO,Cordes Junction,86333,Shell Travel Center # 323,928-632-4521,2016,Mayer,AZ,Shell,,I-17 Exit 262 NB / 263 SB,Exit,262,False,,False,I-17,,263,,
"Kingman , 86401 USA Travel Center",928-753-1818 I-40 Exit 48 ( US 93 N ),HRS <U+2610> <U+2610>,Kingman,86401,USA Travel Center,928-753-1818,2006,Kingman,AZ,,( US 93 N ),I-40 Exit 48 ,Exit,48,False,,False,I-40,,None,,
"Kingman , 86401 USA Travel Center",928-753-1818 I-40 Exit 48 ( US 93 N ),MOO,Kingman,86401,USA Travel Center,928-753-1818,2007,Kingman,AZ,,( US 93 N ),I-40 Exit 48 ,Exit,48,False,,False,I-40,,None,,
"Kingman , 86401 USA Travel Center",2 928-753-1818 I-40 Exit 48 ( US 93 N ),24 HRS S,Kingman,86401,USA Travel Center,928-753-1818,2008,Kingman,AZ,,( US 93 N ),I-40 Exit 48 ,Exit,48,False,,False,I-40,,None,,
D Kingman ( 86401 ) USA Travel Center,2 928-753-1818 I-40 Exit 48 ( US 93 N ),24 M,Kingman,86401,USA Travel Center,928-753-1818,2014,Kingman,AZ,,( US 93 N ),I-40 Exit 48 ,Exit,48,False,,False,I-40,,None,,
D Kingman ( 86401 ) USA Travel Center,928-753-1818 I-40 Exit 48 ( US 93 N ),24 85 M <U+25A1>,Kingman,86401,USA Travel Center,928-753-1818,2015,Kingman,AZ,,( US 93 N ),I-40 Exit 48 ,Exit,48,False,,False,I-40,,None,,
E Lake Havasu City ( 86404 ) Love's Travel Stop # 386,928-764-1505 I-40 Exit 9 ( AZ 95 S ),,Lake Havasu City,86404,Love's Travel Stop # 386,928-764-1505,2014,Lake Havasu City,AZ,Love's,( AZ 95 S ),I-40 Exit 9 ,Exit,9,False,,False,I-40,,None,,
E Lake Havasu City ( 86404 ) Love's Travel Stop # 386,928-764-1505 I-40 Exit 9 ( AZ 95 S ),24 L <U+2610> <U+2610>,Lake Havasu City,86404,Love's Travel Stop # 386,928-764-1505,2015,Lake Havasu City,AZ,Love's,( AZ 95 S ),I-40 Exit 9 ,Exit,9,False,,False,I-40,,None,,
E Lake Havasu City ( 86404 ) Love's Travel Stop # 386,928-764-1505 I-40 Exit 9 ( AZ 95 S ),124 S LO 25,Lake Havasu City,86404,Love's Travel Stop # 386,928-764-1505,2016,Lake Havasu City,AZ,Love's,( AZ 95 S ),I-40 Exit 9 ,Exit,9,False,,False,I-40,,None,,
Cuba ( 87013 ) Circle K ( Shell ),575-289-2301 6401 US 550 S,S,Cuba,87013,Circle K ( Shell ),575-289-2301,2014,Cuba,NM,Circle K,,6401 US 550 S,Proper,,False,,False,US 550,,None,,
C Cuba ( 87013 ) Circle K ( Shell ),575-289-2301 6401 US 550 S,24 S,Cuba,87013,Circle K ( Shell ),575-289-2301,2015,Cuba,NM,Circle K,,6401 US 550 S,Proper,,False,,False,US 550,,None,,
C Cuba ( 87013 ) Circle K ( Shell ),575-289-2301 6401 US 550 S,24 <U+25A1> SO,Cuba,87013,Circle K ( Shell ),575-289-2301,2016,Cuba,NM,Circle K,,6401 US 550 S,Proper,,False,,False,US 550,,None,,
C Cuba ( 87013 ) Apache Nugget Travel Center & Casino,575-289-2486 US 550 & NM 537 ( 22 mi W of,M <U+25A1>,Cuba,87013,Apache Nugget Travel Center & Casino,575-289-2486,2016,Cuba,NM,,( 22 mi W of,US 550 & NM 537,empty,,False,,False,US 550,NM 537,None,,
E Grants ( 87020 ) Ramsey's Shell,2 505-287-2152 I-40 Exit 85 ( NM 117 N ),<U+2610> <U+2610>,Grants,87020,Ramsey's Shell,505-287-2152,2014,Grants,NM,Shell,( NM 117 N ),I-40 Exit 85 ,Exit,85,False,,False,I-40,,None,,
Grants ( 87020 ) Ramsey's Shell,2 505-287-2152 I-40 Exit 85 ( NM 117 N ),<U+2610> <U+2610>,Grants,87020,Ramsey's Shell,505-287-2152,2015,Grants,NM,Shell,( NM 117 N ),I-40 Exit 85 ,Exit,85,False,,False,I-40,,None,,
Grants ( 87020 ) Ramsey's Shell,505-287-2152 I-40 Exit 85 ( NM 117 N ),<U+2610> S,Grants,87020,Ramsey's Shell,505-287-2152,2016,Grants,NM,Shell,( NM 117 N ),I-40 Exit 85 ,Exit,85,False,,False,I-40,,None,,
E Los Lunas ( 87031 ) 66 Fuel Stop,505-866-5643 I-25 Exit 203 ( NM 6 W ),<U+2610> <U+2610>,Los Lunas,87031,66 Fuel Stop,505-866-5643,2014,Los Lunas,NM,,( NM 6 W ),I-25 Exit 203 ,Exit,203,False,,False,I-25,,None,,
E Los Lunas ( 87031 ) 66 Fuel Stop,505-866-5643 I-25 Exit 203 ( NM 6 W ),<U+2610>,Los Lunas,87031,66 Fuel Stop,505-866-5643,2015,Los Lunas,NM,,( NM 6 W ),I-25 Exit 203 ,Exit,203,False,,False,I-25,,None,,
E Los Lunas ( 87031 ) 66 Fuel Stop,505-866-5643 I-25 Exit 203 ( NM 6 W ),<U+2610> <U+25A1>,Los Lunas,87031,66 Fuel Stop,505-866-5643,2016,Los Lunas,NM,,( NM 6 W ),I-25 Exit 203 ,Exit,203,False,,False,I-25,,None,,
"Pueblo of Acoma , 87034 Sky City Travel Center",505-552-5700 I-40 Exit 102,24 K,Pueblo of Acoma,87034,Sky City Travel Center,505-552-5700,2007,Pueblo Of Acoma,NM,,,I-40 Exit 102,Exit,102,False,,False,I-40,,None,,
"Pueblo of Acoma , 87034 Sky City Travel Center",2 505-552-5700 I-40 Exit 102,24 XL <U+2610><U+2610>,Pueblo of Acoma,87034,Sky City Travel Center,505-552-5700,2008,Pueblo Of Acoma,NM,,,I-40 Exit 102,Exit,102,False,,False,I-40,,None,,
D Pueblo of Acoma ( 87034 ) Sky City Travel Center,2 505-552-5700 I-40 Exit 102,24 <U+2610> XL,Pueblo of Acoma,87034,Sky City Travel Center,505-552-5700,2014,Pueblo Of Acoma,NM,,,I-40 Exit 102,Exit,102,False,,False,I-40,,None,,
D Pueblo of Acoma ( 87034 ) Sky City Travel Center AMDEST,2 505-552-5700 I-40 Exit 102,24 <U+2610> XL D,Pueblo of Acoma,87034,Sky City Travel Center AMDEST,505-552-5700,2015,Pueblo Of Acoma,NM,,,I-40 Exit 102,Exit,102,False,,False,I-40,,None,,
Pueblo of Acoma ( 87034 ) Sky City Travel Center,2 505-552-5700 I-40 Exit 102,<U+25A1> XL 24,Pueblo of Acoma,87034,Sky City Travel Center,505-552-5700,2016,Pueblo Of Acoma,NM,,,I-40 Exit 102,Exit,102,False,,False,I-40,,None,,
"Acoma , 87034 Sky City Travel Center",505-552-6681 I-40 Exit 102,HRS 24 XL <U+25A1>,Acoma,87034,Sky City Travel Center,505-552-6681,2006,Pueblo Of Acoma,NM,,,I-40 Exit 102,Exit,102,False,,False,I-40,,None,,
E Moriarty ( 87035 ) Pilot Travel Center # 475,505-832-4954 I-40 Exit 196 ( NM 41 N ),tert 24 [ M,Moriarty,87035,Pilot Travel Center # 475,505-832-4954,2014,Moriarty,NM,Pilot,( NM 41 N ),I-40 Exit 196 ,Exit,196,False,,False,I-40,,None,,
E Moriarty ( 87035 ) Pilot Travel Center # 475,505-832-4954 I-40 Exit 196 ( NM 41 N ),24 <U+25A1> M,Moriarty,87035,Pilot Travel Center # 475,505-832-4954,2015,Moriarty,NM,Pilot,( NM 41 N ),I-40 Exit 196 ,Exit,196,False,,False,I-40,,None,,
Moriarty ( 87035 ) Pilot Travel Center # 475,505-832-4954 I-40 Exit 196 ( NM 41 N ),Pilat 24 D M 24,Moriarty,87035,Pilot Travel Center # 475,505-832-4954,2016,Moriarty,NM,Pilot,( NM 41 N ),I-40 Exit 196 ,Exit,196,False,,False,I-40,,None,,
Albuquerque ( 87105 ) Duke City ( Cardlock ),505-379-7441 3203 NM 47 SB ( W of I-25 Exit 222 B ),) <U+25A1> <U+2610>,Albuquerque,87105,Duke City ( Cardlock ),505-379-7441,2014,Albuquerque,NM,,( W of I-25 Exit 222 B ),3203 NM 47 SB,Proper,,False,,False,3203 NM,,None,,
Albuquerque ( 87105 ) Duke City ( Cardlock ),505-379-7441 3203 NM 47 SB ( W of I -,) <U+2610> D <U+25A1>,Albuquerque,87105,Duke City ( Cardlock ),505-379-7441,2015,Albuquerque,NM,,( W of I -,3203 NM 47 SB,Proper,,False,,False,3203 NM,,None,,
Albuquerque ( 87105 ) Duke City ( Cardlock ),505-379-7441 3203 NM 47 SB ( W of I,D D D,Albuquerque,87105,Duke City ( Cardlock ),505-379-7441,2016,Albuquerque,NM,,( W of I,3203 NM 47 SB,Proper,,False,,False,3203 NM,,None,,
"Albuquerque , 87105 Duke City Cardlock ( CFN )",3 505-899-7507 3203 NM 47 SB ( W of I-25 Exit 222 ),<U+2610>,Albuquerque,87105,Duke City Cardlock ( CFN ),505-899-7507,2006,Albuquerque,NM,,( W of I-25 Exit 222 ),3203 NM 47 SB,Proper,,False,,False,3203 NM,,None,,
"Albuquerque , 87121 Nine Mile Hill Chevron",505-831-3448 I-40 Exit 149 ( Central Ave S ),M <U+2610>,Albuquerque,87121,Nine Mile Hill Chevron,505-831-3448,2006,Albuquerque,NM,Chevron,( Central Ave S ),I-40 Exit 149 ,Exit,149,False,,False,I-40,,None,,
"Albuquerque , 87121 Nine Mile Hill Chevron",505-831-3448 I-40 Exit 149 ( Central Ave S ),24 480 M,Albuquerque,87121,Nine Mile Hill Chevron,505-831-3448,2007,Albuquerque,NM,Chevron,( Central Ave S ),I-40 Exit 149 ,Exit,149,False,,False,I-40,,None,,
"Albuquerque , 87121 Nine Mile Hill Chevron",505-831-3448 I-40 Exit 149 ( Central Ave S ),HRS 24 M <U+2610>,Albuquerque,87121,Nine Mile Hill Chevron,505-831-3448,2008,Albuquerque,NM,Chevron,( Central Ave S ),I-40 Exit 149 ,Exit,149,False,,False,I-40,,None,,
"D Gallup , 87301 Texaco Travel Center",505-863-6700 I-40 Exit 16 ( US 66 W ),464 MOO,Gallup,87301,Texaco Travel Center,505-863-6700,2006,Gallup,NM,Texaco,( US 66 W ),I-40 Exit 16 ,Exit,16,False,,False,I-40,,None,,
"Gallup , 87301 Texaco Travel Center",505-863-6700 I-40 Exit 16 ( US 66 W ),24 HRS 42 MOO,Gallup,87301,Texaco Travel Center,505-863-6700,2007,Gallup,NM,Texaco,( US 66 W ),I-40 Exit 16 ,Exit,16,False,,False,I-40,,None,,
"Gallup , 87301 Texaco Travel Center",505-863-6700 I-40 Exit 16 ( US 66 W ),24 M,Gallup,87301,Texaco Travel Center,505-863-6700,2008,Gallup,NM,Texaco,( US 66 W ),I-40 Exit 16 ,Exit,16,False,,False,I-40,,None,,
Gallup ( 87301 ) NKS Truck Stop,505-863-8008 I-40 Exit 16 ( US 66 W ),24 M 24 <U+25A1>,Gallup,87301,NKS Truck Stop,505-863-8008,2014,Gallup,NM,,( US 66 W ),I-40 Exit 16 ,Exit,16,False,,False,I-40,,None,,
D Gallup ( 87301 ) NKS Truck Stop,505-863-8008 I-40 Exit 16 ( US 66 W ),24 MO <U+2610>,Gallup,87301,NKS Truck Stop,505-863-8008,2015,Gallup,NM,,( US 66 W ),I-40 Exit 16 ,Exit,16,False,,False,I-40,,None,,
Gallup ( 87301 ) NKS Truck 64 Stop E,505-863-8008 I-40 Exit 16 ( US 66 W ),24 D M,Gallup,87301,NKS Truck 64 Stop E,505-863-8008,2016,Gallup,NM,,( US 66 W ),I-40 Exit 16 ,Exit,16,False,,False,I-40,,None,,
Farmington ( 87401 ) Giant # 701 ( Conoco ),505-325-9288 2615 US 550 E,24 <U+2610>,Farmington,87401,Giant # 701 ( Conoco ),505-325-9288,2014,Farmington,NM,Conoco,,2615 US 550 E,Proper,,False,,False,US 550,,None,,
B Farmington ( 87401 ) Giant # 701,2 505-325-9288 2615 US 550 E,<U+25A1>,Farmington,87401,Giant # 701,505-325-9288,2015,Farmington,NM,,,2615 US 550 E,Proper,,False,,False,US 550,,None,,
B Farmington ( 87401 ) Giant # 701 ( 66 ),505-325-9288 2615 US 550 E,24 <U+2610> D,Farmington,87401,Giant # 701 ( 66 ),505-325-9288,2016,Farmington,NM,,,2615 US 550 E,Proper,,False,,False,US 550,,None,,
"B Farmington , 87401 Bubble City Truck Stop (",505-326-4668 3125 US 64 Conoco ),24 M 24,Farmington,87401,Bubble City Truck Stop (,505-326-4668,2006,Farmington,NM,,,3125 US 64 Conoco ,Proper,,False,,False,US 64,,None,,
"B Farmington , 87401 Bubble City Truck Stop",505-326-4668 3125 US 64,24 HRS,Farmington,87401,Bubble City Truck Stop,505-326-4668,2007,Farmington,NM,,,3125 US 64,Proper,,False,,False,US 64,,None,,
"Farmington , 87401 Bubble City Truck Stop",2 505-326-4668 3125 US 64,HRS 24 M 24,Farmington,87401,Bubble City Truck Stop,505-326-4668,2008,Farmington,NM,,,3125 US 64,Proper,,False,,False,US 64,,None,,
Aztec ( 87410 ) Road Runner Fuels,2 505-333-3990 US 550 ( 1 mi S of NM 516 ),SO,Aztec,87410,Road Runner Fuels,505-333-3990,2014,Aztec,NM,,( 1 mi S of NM 516 ),US 550,empty,,False,,False,US 550,,None,,
Aztec ( 87410 ) Road Runner & Fuels NM 574,2 505-333-3990 US 550 ( 1 mi S of,S,Aztec,87410,Road Runner & Fuels NM 574,505-333-3990,2015,Aztec,NM,,( 1 mi S of,US 550,empty,,False,,False,US 550,,None,,
B Aztec ( 87410 ) Road Runner Fuels,505-333-3990 US 550 ( 1 mi S of NM 516 ),SO,Aztec,87410,Road Runner Fuels,505-333-3990,2016,Aztec,NM,,( 1 mi S of NM 516 ),US 550,empty,,False,,False,US 550,,None,,
"Santa Fe , 87501 Polk Oil ( Shamrock )",505-471-2666 3624 NM 14 ( 3 mi N of I-25 Exit 278 ),N ) O,Santa Fe,87501,Polk Oil ( Shamrock ),505-471-2666,2006,Santa Fe,NM,Shamrock,( 3 mi N of I-25 Exit 278 ),3624 NM 14,Proper,,False,,False,3624 NM,,None,,
"Santa Fe , 87505 Giant Station # 6046",505-473-9744 I-25 Exit 282 NB / 282 B SB ( US 84-285 N ),N ) HRS XL 469 <U+2610>,Santa Fe,87505,Giant Station # 6046,505-473-9744,2006,Santa Fe,NM,,( US 84-285 N ),I-25 Exit 282 NB / 282 B SB ,Exit,282,False,,False,I-25,,282,,
"Santa Fe , 87505 Giant Station # 6046",505-473-9744 I-25 Exit 282 NB / 282 B SB ( US 84-285,N ) RS,Santa Fe,87505,Giant Station # 6046,505-473-9744,2007,Santa Fe,NM,,( US 84-285,I-25 Exit 282 NB / 282 B SB ,Exit,282,False,,False,I-25,,282,,
"Santa Fe , 87505 Giant Station # 6046",41505-473-9744 I-25 Exit 282 NB / 282 B SB ( US 84-285 N,N ) 24 <U+2610> <U+2610>,Santa Fe,87505,Giant Station # 6046,505-473-9744,2008,Santa Fe,NM,,( US 84-285 N,I-25 Exit 282 NB / 282 B SB ,Exit,282,False,,False,I-25,,282,,
D Santa Fe ( 87506 ) Nambe Falls Travel Center,505-455-5525 US 84 Exit 176 NB / 177 SB ( E Frontage ),) S,Santa Fe,87506,Nambe Falls Travel Center,505-455-5525,2014,Santa Fe,NM,,( E Frontage ),US 84 Exit 176 NB / 177 SB ,Exit,176,False,,False,US 84,,177,,
D Santa Fe ( 87506 ) Nambe Falls Travel Center,505-455-5525 US 84 Exit 176 NB / 177 SB ( E Frontage ),) <U+2610> S,Santa Fe,87506,Nambe Falls Travel Center,505-455-5525,2015,Santa Fe,NM,,( E Frontage ),US 84 Exit 176 NB / 177 SB ,Exit,176,False,,False,US 84,,177,,
D Santa Fe ( 87506 ) Nambe Falls Travel 469 Center ),505-455-5525 US 84 Exit 176 NB /,) SO,Santa Fe,87506,Nambe Falls Travel 469 Center ),505-455-5525,2016,Santa Fe,NM,,,US 84 Exit 176 NB /,Exit,176,False,,False,US 84,,None,,
"Raton , 87740 Hooter Brown Truck Stop ( Shamrock )",505-445-3102 I-25 Exit 451 ( US 87-64 ),),Raton,87740,Hooter Brown Truck Stop ( Shamrock ),505-445-3102,2007,Raton,NM,Shamrock,( US 87-64 ),I-25 Exit 451 ,Exit,451,False,,False,I-25,,None,,
"Raton , 87740 Pendleton's 66",505-445-3121 I-25 Exit 450 ( US 85 ),S - 000,Raton,87740,Pendleton's 66,505-445-3121,2006,Raton,NM,,( US 85 ),I-25 Exit 450 ,Exit,450,False,,False,I-25,,None,,
"Raton , 87740 Pendleton's 66",505-445-3121 I-25 Exit 450 ( US 85 ),000 000,Raton,87740,Pendleton's 66,505-445-3121,2007,Raton,NM,,( US 85 ),I-25 Exit 450 ,Exit,450,False,,False,I-25,,None,,
"Raton , 87740 Pendleton's 66",505-445-3121 I-25 Exit 450 ( US 85 ),,Raton,87740,Pendleton's 66,505-445-3121,2008,Raton,NM,,( US 85 ),I-25 Exit 450 ,Exit,450,False,,False,I-25,,None,,
"Raton , 87740 Hooter Brown Truck Stop",505-445-7051 I-25 Exit 451 ( US 87-64 ),- <U+2610> XL,Raton,87740,Hooter Brown Truck Stop,505-445-7051,2006,Raton,NM,,( US 87-64 ),I-25 Exit 451 ,Exit,451,False,,False,I-25,,None,,
"Raton , 87740 Hooter Brown Truck Stop ( Shamrock )",505-445-7051 I-25 Exit 451 ( US 87-64 ),<U+2610> S <U+2610>,Raton,87740,Hooter Brown Truck Stop ( Shamrock ),505-445-7051,2008,Raton,NM,Shamrock,( US 87-64 ),I-25 Exit 451 ,Exit,451,False,,False,I-25,,None,,
"Raton , 87740 Raton Truck Stop ( Shell )",505-445-9300 I-25 Exit 451 ( US 87 ),- S - 00,Raton,87740,Raton Truck Stop ( Shell ),505-445-9300,2006,Raton,NM,Shell,( US 87 ),I-25 Exit 451 ,Exit,451,False,,False,I-25,,None,,
"Raton , 87740 Raton Truck Stop ( Shell )",505-445-9300 I-25 Exit 451 ( US 87 ),24,Raton,87740,Raton Truck Stop ( Shell ),505-445-9300,2007,Raton,NM,Shell,( US 87 ),I-25 Exit 451 ,Exit,451,False,,False,I-25,,None,,
"B Raton , 87740 Raton Truck Stop ( Shell )",6 505-445-9300 I-25 Exit 451 ( US 87 ),24,Raton,87740,Raton Truck Stop ( Shell ),505-445-9300,2008,Raton,NM,Shell,( US 87 ),I-25 Exit 451 ,Exit,451,False,,False,I-25,,None,,
B Raton ( 87740 ) Crossroads Truck Stop,575-445-9300 I-25 Exit 451 ( US 87 ),24 S <U+2610>,Raton,87740,Crossroads Truck Stop,575-445-9300,2014,Raton,NM,,( US 87 ),I-25 Exit 451 ,Exit,451,False,,False,I-25,,None,,
B Raton ( 87740 ) Crossroads Truck Stop,6 575-445-9300 I-25 Exit 451 ( US 87 ),24 24 S D,Raton,87740,Crossroads Truck Stop,575-445-9300,2015,Raton,NM,,( US 87 ),I-25 Exit 451 ,Exit,451,False,,False,I-25,,None,,
B Raton ( 87740 ) Crossroads Truck Stop,6 575-445-9300 I-25 Exit 451 ( US 87 ),S,Raton,87740,Crossroads Truck Stop,575-445-9300,2016,Raton,NM,,( US 87 ),I-25 Exit 451 ,Exit,451,False,,False,I-25,,None,,
"Springer , 87747 Russell Truck & Travel ( Shell )",505-483-5004 I-25 Exit 419 ( NM 58 ),S HRS <U+25A0> 0 <U+2610>,Springer,87747,Russell Truck & Travel ( Shell ),505-483-5004,2006,Springer,NM,Shell,( NM 58 ),I-25 Exit 419 ,Exit,419,False,,False,I-25,,None,,
"Springer , 87747 Russell Truck & Travel ( Shell )",505-483-5004 I-25 Exit 419 ( NM 58 ),24 M 24 24,Springer,87747,Russell Truck & Travel ( Shell ),505-483-5004,2007,Springer,NM,Shell,( NM 58 ),I-25 Exit 419 ,Exit,419,False,,False,I-25,,None,,
"Springer , 87747 Russell Truck & Travel ( Shell )",5 505-483-5004 I-25 Exit 419 ( NM 58 ),HRS 24 M 24 <U+2610>,Springer,87747,Russell Truck & Travel ( Shell ),505-483-5004,2008,Springer,NM,Shell,( NM 58 ),I-25 Exit 419 ,Exit,419,False,,False,I-25,,None,,
Springer ( 87747 ) Russell Truck & Travel ( Chevron ),575-483-5004 I-25 Exit 419 ( NM 58 ),24 M,Springer,87747,Russell Truck & Travel ( Chevron ),575-483-5004,2014,Springer,NM,Chevron,( NM 58 ),I-25 Exit 419 ,Exit,419,False,,False,I-25,,None,,
Springer ( 87747 ) Russell Truck & Travel ( Chevron ) of town ),575-483-5004 I-25 Exit 419 ( NM 58 ),M,Springer,87747,Russell Truck & Travel ( Chevron ) of town ),575-483-5004,2015,Springer,NM,Chevron,( NM 58 ),I-25 Exit 419 ,Exit,419,False,,False,I-25,,None,,
Springer ( 87747 ) Russell Truck & Travel 107 ) ( Chevron ( 35 mi S ) of town ),575-483-5004 I-25 Exit 419 ( NM 58 ),M <U+2610><U+2610>,Springer,87747,Russell Truck & Travel 107 ) ( Chevron ( 35 mi S ) of town ),575-483-5004,2016,Springer,NM,Chevron,( NM 58 ),I-25 Exit 419 ,Exit,419,False,,False,I-25,,None,,
"Socorro , 87801 Santa Fe Diner & Truck Stop",505-854-2784 I-25 Exit 115 ( NM 107 ),<U+2610> M HRS 24 24,Socorro,87801,Santa Fe Diner & Truck Stop,505-854-2784,2006,Socorro,NM,,( NM 107 ),I-25 Exit 115 ,Exit,115,False,,False,I-25,,None,,
"Socorro , 87801 Santa Fe Diner & Truck Stop",505-854-2784 I-25 Exit 115 ( NM 107 ),24 HRS M 24,Socorro,87801,Santa Fe Diner & Truck Stop,505-854-2784,2007,Socorro,NM,,( NM 107 ),I-25 Exit 115 ,Exit,115,False,,False,I-25,,None,,
"F Socorro , 87801 Santa Fe Diner & Truck ) Stop",3 505-854-2784 I-25 Exit 115 ( NM 107 ),HRS 24 M <U+2610> 24 <U+2610><U+2610>,Socorro,87801,Santa Fe Diner & Truck ) Stop,505-854-2784,2008,Socorro,NM,,( NM 107 ),I-25 Exit 115 ,Exit,115,False,,False,I-25,,None,,
Socorro ( 87801 ) Santa Fe Diner & Truck Stop,575-854-2784 I-25 Exit 115 ( NM 107 ) ( 35 mi S of town ),) 24 M <U+2610> 24 B,Socorro,87801,Santa Fe Diner & Truck Stop,575-854-2784,2014,Socorro,NM,,( NM 107 ) ( 35 mi S of town ),I-25 Exit 115 ,Exit,115,False,,False,I-25,,None,,
F Socorro ( 87801 ) Santa Fe Diner & Truck Stop,3 575-854-2784 I-25 Exit 115 ( NM 107 ) ( 35 mi S of town ),) 24 24 M <U+25A1> 47 24 <U+2610> <U+2610>,Socorro,87801,Santa Fe Diner & Truck Stop,575-854-2784,2015,Socorro,NM,,( NM 107 ) ( 35 mi S of town ),I-25 Exit 115 ,Exit,115,False,,False,I-25,,None,,
3 FSocorro 575-854-2784 ( 87801 ) Santa Fe Diner & Truck 84 S ) Stop 24 22,I-25 Exit 115 ( NM ),24 22 M 24 D,Socorro,87801,Santa Fe Diner & Truck 84 S ) Stop 24 22,575-854-2784,2016,Socorro,NM,,( NM ),I-25 Exit 115 ,Exit,115,False,,False,I-25,,None,,
"Lemitar , 87823 Roadrunner Travel Center ( 66 )",505-838-1400 I-25 Exit 156,S <U+2610>,Lemitar,87823,Roadrunner Travel Center ( 66 ),505-838-1400,2006,Lemitar,NM,,,I-25 Exit 156,Exit,156,False,,False,I-25,,None,,
"Lemitar , 87823 Roadrunner Travel Center ( 66 )",505-838-1400 I-25 Exit 156,24 HRS L,Lemitar,87823,Roadrunner Travel Center ( 66 ),505-838-1400,2007,Lemitar,NM,,,I-25 Exit 156,Exit,156,False,,False,I-25,,None,,
"Lemitar , 87823 Roadrunner Travel Center ( 66 )",505-838-1400 I-25 Exit 156,HRS 24 L <U+2610> <U+2610><U+2610>,Lemitar,87823,Roadrunner Travel Center ( 66 ),505-838-1400,2008,Lemitar,NM,,,I-25 Exit 156,Exit,156,False,,False,I-25,,None,,
F Lemitar ( 87823 ) Roadrunner Travel Center ( 66 ),3 575-838-1400 I-25 Exit 156,24 <U+2610>,Lemitar,87823,Roadrunner Travel Center ( 66 ),575-838-1400,2014,Lemitar,NM,,,I-25 Exit 156,Exit,156,False,,False,I-25,,None,,
Lemitar ( 87823 ) Roadrunner Travel Center ( 66 ),575-838-1400 I-25 Exit 156,24 L <U+2610>,Lemitar,87823,Roadrunner Travel Center ( 66 ),575-838-1400,2015,Lemitar,NM,,,I-25 Exit 156,Exit,156,False,,False,I-25,,None,,
Lemitar ( 87823 ) Roadrunner Travel Center ( 66 ),575-838-1400 I-25 Exit 156,24 BLOO <U+25A1>,Lemitar,87823,Roadrunner Travel Center ( 66 ),575-838-1400,2016,Lemitar,NM,,,I-25 Exit 156,Exit,156,False,,False,I-25,,None,,
"Williamsburg , 87942 Fast Stop ( Shell )",505-894-1782 I-25 Exit 76 ( US 85 S ),,Williamsburg,87942,Fast Stop ( Shell ),505-894-1782,2006,Williamsburg,NM,Shell,( US 85 S ),I-25 Exit 76 ,Exit,76,False,,False,I-25,,None,,
"Williamsburg , 87942 Fast",505-894-1782 I-25 Exit Stop 75 ( Shell ( US ) 85 S ),,Williamsburg,87942,Fast,505-894-1782,2007,Williamsburg,NM,,( Shell ( US ) 85 S ),I-25 Exit Stop 75 ,Exit,,False,,False,I-25,,None,,
"Williamsburg , 87942 Fast Stop ( Shell )",2 505-894-1782 I-25 Exit 75 ( US 85 S ),<U+2610>,Williamsburg,87942,Fast Stop ( Shell ),505-894-1782,2008,Williamsburg,NM,Shell,( US 85 S ),I-25 Exit 75 ,Exit,75,False,,False,I-25,,None,,
Williamsburg ( 87942 ) Fast Stop ( Shell ),575-894-1782 I-25 Exit 75 ( US 85 S ),<U+2610> <U+2610>,Williamsburg,87942,Fast Stop ( Shell ),575-894-1782,2014,Williamsburg,NM,Shell,( US 85 S ),I-25 Exit 75 ,Exit,75,False,,False,I-25,,None,,
Williamsburg ( 87942 ) Fast Stop ( Shell ),575-894-1782 I-25 Exit 75 ( US 85 S ),,Williamsburg,87942,Fast Stop ( Shell ),575-894-1782,2015,Williamsburg,NM,Shell,( US 85 S ),I-25 Exit 75 ,Exit,75,False,,False,I-25,,None,,
Williamsburg ( 87942 ) Fast Stop ( Shell ) scale ),575-894-1782 I-25 Exit 75 ( US 85 S ),<U+2610>,Williamsburg,87942,Fast Stop ( Shell ) scale ),575-894-1782,2016,Williamsburg,NM,Shell,( US 85 S ),I-25 Exit 75 ,Exit,75,False,,False,I-25,,None,,
"Las Cruces , 88004 Love's Travel Stop # 259",505-527-5102 I-10 Exit 132 ( Airport Rd ),- K 49 <U+2610>,Las Cruces,88004,Love's Travel Stop # 259,505-527-5102,2006,Las Cruces,NM,Love's,( Airport Rd ),I-10 Exit 132 ,Exit,132,False,,False,I-10,,None,,
"Las Cruces , 88004 Love's Travel Stop # 259",505-527-5102 I-10 Exit 132 ( Airport Rd ),24 HRS 489 S,Las Cruces,88004,Love's Travel Stop # 259,505-527-5102,2007,Las Cruces,NM,Love's,( Airport Rd ),I-10 Exit 132 ,Exit,132,False,,False,I-10,,None,,
"Las Cruces , 88004 Love's Travel Stop # 259",3 505-527-5102 I-10 Exit 132 ( Airport Rd ),24 S,Las Cruces,88004,Love's Travel Stop # 259,505-527-5102,2008,Las Cruces,NM,Love's,( Airport Rd ),I-10 Exit 132 ,Exit,132,False,,False,I-10,,None,,
H Las Cruces ( 88004 ) Love's Travel Stop # 259,3 575-527-5102 I-10 Exit 132 ( Airport Rd ),124 <U+2610> MO <U+2610>,Las Cruces,88004,Love's Travel Stop # 259,575-527-5102,2014,Las Cruces,NM,Love's,( Airport Rd ),I-10 Exit 132 ,Exit,132,False,,False,I-10,,None,,
Las Cruces ( 88004 ) Love's Travel Stop # 259,575-527-5102 I-10 Exit 132 ( Airport Rd ),24 <U+2610> MOO <U+25A1>,Las Cruces,88004,Love's Travel Stop # 259,575-527-5102,2015,Las Cruces,NM,Love's,( Airport Rd ),I-10 Exit 132 ,Exit,132,False,,False,I-10,,None,,
Las Cruces ( 88004 ) Love's Travel Stop # 259,575-527-5102 I-10 Exit 132 ( S ),24 <U+2610> MO 24,Las Cruces,88004,Love's Travel Stop # 259,575-527-5102,2016,Las Cruces,NM,Love's,( S ),I-10 Exit 132 ,Exit,132,False,,False,I-10,,None,,
"Las Cruces , 88005 Pilot Travel Center # 266",505-523-2700 I-10 Exit 139 ( NM 292 N ),<U+2610> <U+2610> MU,Las Cruces,88005,Pilot Travel Center # 266,505-523-2700,2006,Las Cruces,NM,Pilot,( NM 292 N ),I-10 Exit 139 ,Exit,139,False,,False,I-10,,None,,
"Las Cruces , 88005 Pilot Travel Center # 266",505-523-2700 I-10 Exit 139 ( NM 292 N ),HRS 24 MOO HRS,Las Cruces,88005,Pilot Travel Center # 266,505-523-2700,2007,Las Cruces,NM,Pilot,( NM 292 N ),I-10 Exit 139 ,Exit,139,False,,False,I-10,,None,,
"Las Cruces , 88005 Pilot Travel Center # 266",3 505-523-2700 I-10 Exit 139 ( NM 292 N ),24 M,Las Cruces,88005,Pilot Travel Center # 266,505-523-2700,2008,Las Cruces,NM,Pilot,( NM 292 N ),I-10 Exit 139 ,Exit,139,False,,False,I-10,,None,,
H Las Cruces ( 88005 ) Pilot Travel Center # 266,3 575-523-2700 I-10 Exit 139 ( NM 292 N ),Pilot 24 M,Las Cruces,88005,Pilot Travel Center # 266,575-523-2700,2014,Las Cruces,NM,Pilot,( NM 292 N ),I-10 Exit 139 ,Exit,139,False,,False,I-10,,None,,
Las Cruces ( 88005 ) Pilot Travel Center # 266,3 575-523-2700 I-10 Exit 139 ( NM 292 N ) Pilot,Pilot 24 <U+2610> MO,Las Cruces,88005,Pilot Travel Center # 266,575-523-2700,2015,Las Cruces,NM,Pilot,( NM 292 N ) Pilot,I-10 Exit 139 ,Exit,139,False,,False,I-10,,None,,
Las Cruces ( 88005 ) Pilot Travel Center # 266,575-523-2700 I-10 Exit 139 ( NM 292 N ),Pilot 24 <U+2610> MOO,Las Cruces,88005,Pilot Travel Center # 266,575-523-2700,2016,Las Cruces,NM,Pilot,( NM 292 N ),I-10 Exit 139 ,Exit,139,False,,False,I-10,,None,,
"Las Cruces , 88007 TravelCenters of America",505-527-7400 I-10 Exit 139 ( N Motel Blvd ) TA,481 <U+2610> <U+2610> M <U+2610>,Las Cruces,88007,TravelCenters of America,505-527-7400,2006,Las Cruces,NM,TravelCenters,( N Motel Blvd ) TA,I-10 Exit 139 ,Exit,139,False,,False,I-10,,None,,
"Las Cruces , 88007 TravelCenters of America ( Shell )",505-527-7400 I-10 Exit 139 ( N Motel Blvd ),24 HRS XL HRS,Las Cruces,88007,TravelCenters of America ( Shell ),505-527-7400,2007,Las Cruces,NM,TravelCenters,( N Motel Blvd ),I-10 Exit 139 ,Exit,139,False,,False,I-10,,None,,
"Las Cruces , 88007",3 505-527-7400 TravelCenters I-10 Exit 139 ( of N America Motel Blvd ( Shell ) ) A,24 HAS <U+2610> 24,Las Cruces,88007,,505-527-7400,2008,Las Cruces,NM,,( of N America Motel Blvd ( Shell ) ) A,TravelCenters I-10 Exit 139 ,Exit,139,False,,False,I-10,,None,,
H Las Cruces ( 88007 ) TA Las Cruces # 014 ( Shell ),575-527-7400 I-10 Exit 139 ( N Motel Blvd ),ZA 24 <U+25A1> XL 24,Las Cruces,88007,TA Las Cruces # 014 ( Shell ),575-527-7400,2014,Las Cruces,NM,Shell,( N Motel Blvd ),I-10 Exit 139 ,Exit,139,False,,False,I-10,,None,,
Las Cruces ( 88007 ) TA Las Cruces # 014 ( Shell ),3 575-527-7400 I-10 Exit 139 ( N Motel Blvd ) ZA,ZA 24 <U+25A1> XL 24,Las Cruces,88007,TA Las Cruces # 014 ( Shell ),575-527-7400,2015,Las Cruces,NM,Shell,( N Motel Blvd ) ZA,I-10 Exit 139 ,Exit,139,False,,False,I-10,,None,,
Las Cruces ( 88007 ) TA Las Cruces # 014 ( Shell ),3 575-527-7400 I-10 Exit 139 ( N Motel Blvd ),24 <U+25A1> XL 24 O,Las Cruces,88007,TA Las Cruces # 014 ( Shell ),575-527-7400,2016,Las Cruces,NM,Shell,( N Motel Blvd ),I-10 Exit 139 ,Exit,139,False,,False,I-10,,None,,
"Deming , 88030 Deming Truck Terminal # 801 ( USA )",505-546-8833 I-10 Exit 81 ( Spruce St ),HRS HRS,Deming,88030,Deming Truck Terminal # 801 ( USA ),505-546-8833,2006,Deming,NM,,( Spruce St ),I-10 Exit 81 ,Exit,81,False,,False,I-10,,None,,
"Deming , 88030 Deming Truck Terminal # 801 ( USA )",505-546-8833 I-10 Exit 81 ( Spruce St ),) 24 XL,Deming,88030,Deming Truck Terminal # 801 ( USA ),505-546-8833,2007,Deming,NM,,( Spruce St ),I-10 Exit 81 ,Exit,81,False,,False,I-10,,None,,
"Deming , 88030 Deming Truck Terminal # 801 ( USA of ) town )",2 505-546-8833 I-10 Exit 81 ( Spruce St ),) 24 HRS XL 240,Deming,88030,Deming Truck Terminal # 801 ( USA of ) town ),505-546-8833,2008,Deming,NM,,( Spruce St ),I-10 Exit 81 ,Exit,81,False,,False,I-10,,None,,
H Deming ( 88030 ) Deming Truck Terminal,575-544-2222 I-10 Exit 81 ( Spruce St ),24 XL D HR3 24,Deming,88030,Deming Truck Terminal,575-544-2222,2014,Deming,NM,,( Spruce St ),I-10 Exit 81 ,Exit,81,False,,False,I-10,,None,,
Deming ( 88030 ) Deming Truck Terminal ),2 575-544-2222 I-10 Exit 81 ( Spruce,R XL <U+2610> HRO,Deming,88030,Deming Truck Terminal ),575-544-2222,2015,Deming,NM,,( Spruce,I-10 Exit 81 ,Exit,81,False,,False,I-10,,None,,
Deming ( 88030 ) 5R Travel Center ( Valero ),575-544-7725 1695 US 180 N ( S of NM 26 ),24 <U+25A1> MO <U+25A1>,Deming,88030,5R Travel Center ( Valero ),575-544-7725,2016,Deming,NM,Valero,( S of NM 26 ),1695 US 180 N,Proper,,False,,False,US 180,,None,,
Deming ( 88030 ) Corner Store # 1286 ( Valero ),575-546-0590 3825 NM 11 S,<U+2610>,Deming,88030,Corner Store # 1286 ( Valero ),575-546-0590,2016,Deming,NM,Valero,,3825 NM 11 S,Proper,,False,,False,3825 NM,,None,,
"Deming , 88031 Savoy Truck Stop",505-546-7070 I-10 Exit 68 ( NM 418 - 13 mi W of town ),) 24 HRS <U+2610> 24 HRS <U+2610><U+2610>,Deming,88031,Savoy Truck Stop,505-546-7070,2006,Deming,NM,,( NM 418 - 13 mi W of town ),I-10 Exit 68 ,Exit,68,False,,False,I-10,,None,,
"Deming , 88031 Savoy Travel Center",505-546-7070 I-10 Exit 68 ( NM 418 13 mi W of,town ) 24 24 HRS,Deming,88031,Savoy Travel Center,505-546-7070,2007,Deming,NM,,( NM 418 13 mi W of,I-10 Exit 68 ,Exit,68,False,,False,I-10,,None,,
"Deming , 88031 Savoy Travel Center",2 505-546-7070 I-10 Exit 68 ( NM 418 13 mi W of town ),) 24 24 <U+2610><U+2610>,Deming,88031,Savoy Travel Center,505-546-7070,2008,Deming,NM,,( NM 418 13 mi W of town ),I-10 Exit 68 ,Exit,68,False,,False,I-10,,None,,
Deming ( 88031 ) Petro Deming # 385,575-546-7070 I-10 Exit 68 ( NM 418 - 13 mi W of town ),) PETRO 24 XL HR3 24,Deming,88031,Petro Deming # 385,575-546-7070,2014,Deming,NM,,( NM 418 - 13 mi W of town ),I-10 Exit 68 ,Exit,68,False,,False,I-10,,None,,
Deming ( 88031 ) Petro Deming # 385,575-546-7070 I-10 Exit 68 ( NM 418 - 13 mi W of,) PETRO 24 <U+25A1> XL HRO 24,Deming,88031,Petro Deming # 385,575-546-7070,2015,Deming,NM,,( NM 418 - 13 mi W of,I-10 Exit 68 ,Exit,68,False,,False,I-10,,None,,
Deming ( 88031 ) Petro Deming # 385,575-546-7070 I-10 Exit 68 ( NM 418 - 13 mi W of town ),) PETRO 24 <U+25A1> XL 24,Deming,88031,Petro Deming # 385,575-546-7070,2016,Deming,NM,,( NM 418 - 13 mi W of town ),I-10 Exit 68 ,Exit,68,False,,False,I-10,,None,,
"Lordsburg , 88045 Pilot Travel Center # 163",505-542-3100 I-10 Exit 24,S,Lordsburg,88045,Pilot Travel Center # 163,505-542-3100,2006,Lordsburg,NM,Pilot,,I-10 Exit 24,Exit,24,False,,False,I-10,,None,,
"Lordsburg , 88045 Pilot Travel Center # 163",T505-542-3100 I-10 Exit 24,124,Lordsburg,88045,Pilot Travel Center # 163,505-542-3100,2007,Lordsburg,NM,Pilot,,I-10 Exit 24,Exit,24,False,,False,I-10,,None,,
", 88045 Pilot Travel Center # 163",HLordsburg 1505-542-3100 I-10 Exit 24,24 L DO,,88045,Pilot Travel Center # 163,505-542-3100,2008,Lordsburg,NM,Pilot,,I-10 Exit 24,Exit,24,False,,False,I-10,,None,,
", 88045 Flying J Travel Plaza # 0500129",HLordsburg 1505-542-3320 I-10 Exit 24,24 XL 24 <U+2610> <U+2610>,,88045,Flying J Travel Plaza # 0500129,505-542-3320,2008,Lordsburg,NM,Flying J,,I-10 Exit 24,Exit,24,False,,False,I-10,,None,,
", 88045 Love's Travel Stop # 276",Lordsburg 505-542-8462 I-10 Exit 20 B ( Motel Dr ),n,,88045,Love's Travel Stop # 276,505-542-8462,2006,Lordsburg,NM,Love's,( Motel Dr ),I-10 Exit 20 B ,Exit,20,False,,False,I-10,,None,,
"Lordsburg , 88045 Love's Travel Stop # 276",505-542-8462 I-10 Exit 20 B ( Motel Dr ),24,Lordsburg,88045,Love's Travel Stop # 276,505-542-8462,2007,Lordsburg,NM,Love's,( Motel Dr ),I-10 Exit 20 B ,Exit,20,False,,False,I-10,,None,,
"Lordsburg , 88045 Love's Travel Stop # 276",505-542-8462 I-10 Exit 20 B ( Motel Dr ),HRS 24 S,Lordsburg,88045,Love's Travel Stop # 276,505-542-8462,2008,Lordsburg,NM,Love's,( Motel Dr ),I-10 Exit 20 B ,Exit,20,False,,False,I-10,,None,,
"Road Forks , 88045 USA Petroleum # 802",505-542-9079 I-10 Exit 5 ( US 80 ),24 HRS <U+2610> 000,Road Forks,88045,USA Petroleum # 802,505-542-9079,2006,Lordsburg,NM,,( US 80 ),I-10 Exit 5 ,Exit,5,False,,False,I-10,,None,,
"Road Forks , 88045 USA Petroleum # 802",505-542-9079 I-10 Exit 5 ( US 80 ),24 XL,Road Forks,88045,USA Petroleum # 802,505-542-9079,2007,Lordsburg,NM,,( US 80 ),I-10 Exit 5 ,Exit,5,False,,False,I-10,,None,,
"Road Forks , 88045 USA Petroleum # 802",505-542-9079 I-10 Exit 5 ( US 80 ),195 24 TX <U+2610>,Road Forks,88045,USA Petroleum # 802,505-542-9079,2008,Lordsburg,NM,,( US 80 ),I-10 Exit 5 ,Exit,5,False,,False,I-10,,None,,
Lordsburg ( 88045 ) Pilot Travel Center # 163,575-542-3100 I-10 Exit 24,Pont 24 2 <U+25A1> L,Lordsburg,88045,Pilot Travel Center # 163,575-542-3100,2014,Lordsburg,NM,Pilot,,I-10 Exit 24,Exit,24,False,,False,I-10,,None,,
Lordsburg ( 88045 ) Pilot Travel Center # 163,575-542-3100 I-10 Exit 24,pilot 24 L,Lordsburg,88045,Pilot Travel Center # 163,575-542-3100,2015,Lordsburg,NM,Pilot,,I-10 Exit 24,Exit,24,False,,False,I-10,,None,,
Lordsburg ( 88045 ) Pilot Travel Center # 163,575-542-3100 I-10 Exit 24,24 <U+2610> 024 0,Lordsburg,88045,Pilot Travel Center # 163,575-542-3100,2016,Lordsburg,NM,Pilot,,I-10 Exit 24,Exit,24,False,,False,I-10,,None,,
Lordsburg ( 88045 ) Flying J Travel Plaza # 690,575-542-3320 I-10 Exit 24 ( E on Old Hwy 70 ),24 XL 24,Lordsburg,88045,Flying J Travel Plaza # 690,575-542-3320,2014,Lordsburg,NM,Flying J,( E on Old Hwy 70 ),I-10 Exit 24 ,Exit,24,False,,False,I-10,,None,,
Lordsburg ( 88045 ) Flying J Travel Plaza # 690,575-542-3320 I-10 Exit 24 ( E on Old Hwy 70 ),FLYING J 24 XL 24,Lordsburg,88045,Flying J Travel Plaza # 690,575-542-3320,2015,Lordsburg,NM,Flying J,( E on Old Hwy 70 ),I-10 Exit 24 ,Exit,24,False,,False,I-10,,None,,
Lordsburg ( 88045 ) Flying J Travel Plaza # 690 ( Conoco ),575-542-3320 I-10 Exit 24 ( E on Old Hwy 70 ) FLYING,FLYING J 24 XL 24 24,Lordsburg,88045,Flying J Travel Plaza # 690 ( Conoco ),575-542-3320,2016,Lordsburg,NM,Flying J,( E on Old Hwy 70 ) FLYING,I-10 Exit 24 ,Exit,24,False,,False,I-10,,None,,
Lordsburg ( 88045 ) Love's Travel Stop # 276,575-542-8462 I-10 Exit 20 B ( Motel Dr ),24 S,Lordsburg,88045,Love's Travel Stop # 276,575-542-8462,2014,Lordsburg,NM,Love's,( Motel Dr ),I-10 Exit 20 B ,Exit,20,False,,False,I-10,,None,,
Lordsburg ( 88045 ) Love's Travel Stop # 276,575-542-8462 I-10 Exit 20 B ( Motel Dr ),24 S,Lordsburg,88045,Love's Travel Stop # 276,575-542-8462,2015,Lordsburg,NM,Love's,( Motel Dr ),I-10 Exit 20 B ,Exit,20,False,,False,I-10,,None,,
Lordsburg ( 88045 ) Love's Travel Stop # 276,575-542-8462 I-10 Exit 20 B ( Motel Dr ),24 LOO 20,Lordsburg,88045,Love's Travel Stop # 276,575-542-8462,2016,Lordsburg,NM,Love's,( Motel Dr ),I-10 Exit 20 B ,Exit,20,False,,False,I-10,,None,,
"Vado , 88072 Vado Travel City ( Shell )",505-233-2988 I-10 Exit 155,) M <U+2610>,Vado,88072,Vado Travel City ( Shell ),505-233-2988,2006,Vado,NM,Shell,,I-10 Exit 155,Exit,155,False,,False,I-10,,None,,
"Vado , 88072 Sun Mart ( Texaco )",505-233-2988 I-10 Exit 155,L,Vado,88072,Sun Mart ( Texaco ),505-233-2988,2007,Vado,NM,Texaco,,I-10 Exit 155,Exit,155,False,,False,I-10,,None,,
"Vado , 88072 Sun Mart ( Texaco )",3 505-233-2988 I-10 Exit 155,HRS 24 <U+2610> LOO <U+2610><U+2610> <U+2610><U+2610>,Vado,88072,Sun Mart ( Texaco ),505-233-2988,2008,Vado,NM,Texaco,,I-10 Exit 155,Exit,155,False,,False,I-10,,None,,
"Vado , 88072 National Truck Stop # 305 ( Fina )",505-233-3695 I-10 Exit 155,<U+2610> <U+2610>,Vado,88072,National Truck Stop # 305 ( Fina ),505-233-3695,2006,Vado,NM,,,I-10 Exit 155,Exit,155,False,,False,I-10,,None,,
"Vado , 88072 National Truck Stop # 305 ( Fina )",505-233-3695 I-10 Exit 155,HRS 24 49 L,Vado,88072,National Truck Stop # 305 ( Fina ),505-233-3695,2007,Vado,NM,,,I-10 Exit 155,Exit,155,False,,False,I-10,,None,,
"Vado , 88072 National Truck Stop # 305",3 505-233-3695 I-10 Exit 155,24 <U+2610><U+2610>,Vado,88072,National Truck Stop # 305,505-233-3695,2008,Vado,NM,,,I-10 Exit 155,Exit,155,False,,False,I-10,,None,,
Vado ( 88072 ) Sunmart # 675 ( Texaco ),3 575-233-2988 I-10 Exit 155,24 LOO,Vado,88072,Sunmart # 675 ( Texaco ),575-233-2988,2014,Vado,NM,Texaco,,I-10 Exit 155,Exit,155,False,,False,I-10,,None,,
Vado ( 88072 ) Sunmart # 675 ( Texaco ),575-233-2988 I-10 Exit 155,24,Vado,88072,Sunmart # 675 ( Texaco ),575-233-2988,2015,Vado,NM,Texaco,,I-10 Exit 155,Exit,155,False,,False,I-10,,None,,
Vado ( 88072 ) Sunmart # 675 ( Texaco ),575-233-2988 I-10 Exit 155,24,Vado,88072,Sunmart # 675 ( Texaco ),575-233-2988,2016,Vado,NM,Texaco,,I-10 Exit 155,Exit,155,False,,False,I-10,,None,,
Vado ( 88072 ) National Truck Stop,575-233-3695 I-10 Exit 155,24 23 24,Vado,88072,National Truck Stop,575-233-3695,2014,Vado,NM,,,I-10 Exit 155,Exit,155,False,,False,I-10,,None,,
Vado ( 88072 ) National Truck Stop,575-233-3695 I-10 Exit 155,24 10 24,Vado,88072,National Truck Stop,575-233-3695,2015,Vado,NM,,,I-10 Exit 155,Exit,155,False,,False,I-10,,None,,
Vado ( 88072 ) National Truck S ( MM Stop 78 ),575-233-3695 I-10 Exit 155,2.4 24 22,Vado,88072,National Truck S ( MM Stop 78 ),575-233-3695,2016,Vado,NM,,,I-10 Exit 155,Exit,155,False,,False,I-10,,None,,
"E Clovis , 88101 Love's Travel Stop # 329 ( Conoco )",505-762-2966 4700 US 60-70-84 E,24 HRS XLOO,Clovis,88101,Love's Travel Stop # 329 ( Conoco ),505-762-2966,2006,Clovis,NM,Love's,,4700 US 60-70-84 E,Proper,,False,,False,US 60-70,,None,,
"E Clovis , 88101 Love's Travel Stop # 329",505-762-2966 4700 US 60-70-84 E,24 HRS XLOO,Clovis,88101,Love's Travel Stop # 329,505-762-2966,2007,Clovis,NM,Love's,,4700 US 60-70-84 E,Proper,,False,,False,US 60-70,,None,,
"Clovis , 88101 Love's Travel Stop # 329",7 505-762-2966 4700 US 60-70-84 E,HPS 24 2 XL <U+2610> <U+2610> <U+2610> <U+2610> <U+2610> <U+2610>,Clovis,88101,Love's Travel Stop # 329,505-762-2966,2008,Clovis,NM,Love's,,4700 US 60-70-84 E,Proper,,False,,False,US 60-70,,None,,
"E Clovis , 88101 Bell Gas # 10 ( Fina )","505-763-7850 US 60-84 W & W , 7th",HRS S,Clovis,88101,Bell Gas # 10 ( Fina ),505-763-7850,2006,Clovis,NM,,,"US 60-84 W & W , 7th",empty,,False,,False,US 60,W 7th,None,,
E Clovis ( 88101 ) Adoc Oil # 143 ( Conoco ),7 575-762-0862 2207 US 70 S ( 1.5 mi S of US 60-84 ),) S <U+25A1>,Clovis,88101,Adoc Oil # 143 ( Conoco ),575-762-0862,2014,Clovis,NM,Conoco,( 1.5 mi S of US 60-84 ),2207 US 70 S,Proper,,False,,False,US 70,,None,,
Clovis ( 88101 ) Adoc Oil # 143 ( Conoco ),7 575-762-0862 2207 US 70 S ( 1.5 mi S of,<U+2610><U+2610> S <U+2610> <U+2610>,Clovis,88101,Adoc Oil # 143 ( Conoco ),575-762-0862,2015,Clovis,NM,Conoco,( 1.5 mi S of,2207 US 70 S,Proper,,False,,False,US 70,,None,,
Clovis ( 88101 ) Cortez Gas ( Conoco ) 412 ),575-762-0862 2207 US 70 S ( 1.5 mi S,S <U+25A1> <U+25A1>,Clovis,88101,Cortez Gas ( Conoco ) 412 ),575-762-0862,2016,Clovis,NM,Conoco,( 1.5 mi S,2207 US 70 S,Proper,,False,,False,US 70,,None,,
Clovis ( 88101 ) Love's Travel Stop # 329,575-762-2966 4700 US 60-70-84 E,24 MO,Clovis,88101,Love's Travel Stop # 329,575-762-2966,2014,Clovis,NM,Love's,,4700 US 60-70-84 E,Proper,,False,,False,US 60-70,,None,,
E Clovis ( 88101 ) Love's Travel Stop # 329 ),575-762-2966 4700 US 60-70-84 E,24 M O,Clovis,88101,Love's Travel Stop # 329 ),575-762-2966,2015,Clovis,NM,Love's,,4700 US 60-70-84 E,Proper,,False,,False,US 60-70,,None,,
E Clovis ( 88101 ) Love's Travel Stop # 329 S of US 60-84 ),7 575-762-2966 4700 US 60-70-84 E,24 M 024,Clovis,88101,Love's Travel Stop # 329 S of US 60-84 ),575-762-2966,2016,Clovis,NM,Love's,,4700 US 60-70-84 E,Proper,,False,,False,US 60-70,,None,,
E Melrose ( 88124 ) Allsup's # 246,6 575-253-4701 US 60-84 & 5th,10 24 : 3 S <U+25A1>,Melrose,88124,Allsup's # 246,575-253-4701,2016,Melrose,NM,,,US 60-84 & 5th,empty,,False,,False,US 60,5th,None,,
"Texico , 88135 Allsup's ( Shell )",505-482-9300 US 60-70-84 at Port of Entry,24 - S,Texico,88135,Allsup's ( Shell ),505-482-9300,2006,Texico,NM,Shell,,US 60-70-84 at Port of Entry,empty,,False,,False,US 60-70,,None,,
"Texico , 88135 Allsup's # 333 ( Shell )",505-482-9300 US 60-70-84 at Port of Entry,HRS 24 M,Texico,88135,Allsup's # 333 ( Shell ),505-482-9300,2007,Texico,NM,Shell,,US 60-70-84 at Port of Entry,empty,,False,,False,US 60-70,,None,,
"Texico , 88135 Allsup's # 333 ( Shell )",505-482-9300 US 60-70-84 at Port of Entry,24 MOO,Texico,88135,Allsup's # 333 ( Shell ),505-482-9300,2008,Texico,NM,Shell,,US 60-70-84 at Port of Entry,empty,,False,,False,US 60-70,,None,,
"Texico , 88135 Town & Country # 150",505-482-9313 US 60-70-84,- MO,Texico,88135,Town & Country # 150,505-482-9313,2006,Texico,NM,,,US 60-70-84,empty,,False,,False,US 60-70,,None,,
"Texico , 88135 Town & Country # 150",505-482-9313 US 60-70-84,24 S,Texico,88135,Town & Country # 150,505-482-9313,2007,Texico,NM,,,US 60-70-84,empty,,False,,False,US 60-70,,None,,
"Texico , 88135 Town & Country # 150",505-482-9313 US 60-70-84,24 22 S <U+25A1> <U+25A1> <U+2610> <U+2610>,Texico,88135,Town & Country # 150,505-482-9313,2008,Texico,NM,,,US 60-70-84,empty,,False,,False,US 60-70,,None,,
E Texico ( 88135 ) Allsup's # 333 ( 66 ),575-482-9300 US 60-70-84 at Port of Entry,24 S 1,Texico,88135,Allsup's # 333 ( 66 ),575-482-9300,2014,Texico,NM,,,US 60-70-84 at Port of Entry,empty,,False,,False,US 60-70,,None,,
E Texico ( 88135 ) Allsup's # 333 ( 66 ),575-482-9300 US 60-70-84 at Port of Entry,24 4 S <U+25A1>,Texico,88135,Allsup's # 333 ( 66 ),575-482-9300,2015,Texico,NM,,,US 60-70-84 at Port of Entry,empty,,False,,False,US 60-70,,None,,
E Texico ( 88135 ) Allsup's # 333 ( 66 ),7 575-482-9300 US 60-70-84 at Port of,24 SO 24 <U+2610>,Texico,88135,Allsup's # 333 ( 66 ),575-482-9300,2016,Texico,NM,,,US 60-70-84 at Port of,empty,,False,,False,US 60-70,,None,,
Texico ( 88135 ) Stripes # 0150 ( Conoco ),575-482-9313 US 60-70-84,24 M,Texico,88135,Stripes # 0150 ( Conoco ),575-482-9313,2014,Texico,NM,Conoco,,US 60-70-84,empty,,False,,False,US 60-70,,None,,
Texico ( 88135 ) Stripes # 0150 ( Conoco ),575-482-9313 US 60-70-84,24 M,Texico,88135,Stripes # 0150 ( Conoco ),575-482-9313,2015,Texico,NM,Conoco,,US 60-70-84,empty,,False,,False,US 60-70,,None,,
E Texico ( 88135 ) Stripes 380 # 0150 E & ( Conoco NM 206 ),575-482-9313 US 60-70-84,24 M,Texico,88135,Stripes 380 # 0150 E & ( Conoco NM 206 ),575-482-9313,2016,Texico,NM,Conoco,,US 60-70-84,empty,,False,,False,US 60-70,,None,,
"Roswell , 88201 Price's Truck Stop",505-623-1450 5500 N US 70-285,HRS +9 L,Roswell,88201,Price's Truck Stop,505-623-1450,2006,Roswell,NM,,,5500 N US 70-285,Proper,,False,,False,US 70-285,,None,,
"Roswell , 88201 Price's Truck Stop",505-623-1450 5500 N US 70-285,24 XL <U+25A1> O <U+2610> 00,Roswell,88201,Price's Truck Stop,505-623-1450,2007,Roswell,NM,,,5500 N US 70-285,Proper,,False,,False,US 70-285,,None,,
"Roswell , 88201 Price's Truck Stop",505-623-1450 5500 N US 70-285,24 XL O,Roswell,88201,Price's Truck Stop,505-623-1450,2008,Roswell,NM,,,5500 N US 70-285,Proper,,False,,False,US 70-285,,None,,
Roswell ( 88201 ) Chisum Travel Center # 30,575-623-9930 5500 N US 70-285,24 22 XL D,Roswell,88201,Chisum Travel Center # 30,575-623-9930,2014,Roswell,NM,,,5500 N US 70-285,Proper,,False,,False,US 70-285,,None,,
Roswell ( 88201 ) Chisum Travel Center # 30,575-623-9930 5500 N US 70-285,24 XL <U+2610>,Roswell,88201,Chisum Travel Center # 30,575-623-9930,2015,Roswell,NM,,,5500 N US 70-285,Proper,,False,,False,US 70-285,,None,,
Roswell ( 88201 ) Chisum Travel Center # 30 ( Alon,6 575-623-9930 5500 N US 70-285 ) 24,24 XL,Roswell,88201,Chisum Travel Center # 30 ( Alon,575-623-9930,2016,Roswell,NM,,,5500 N US 70-285  24,Proper,,False,,False,US 70-285,,None,,
"Carlsbad , 88220 Northgate Chevron",6 505-885-0167 1311 US 285 N,<U+25A1>,Carlsbad,88220,Northgate Chevron,505-885-0167,2006,Carlsbad,NM,Chevron,,1311 US 285 N,Proper,,False,,False,US 285,,None,,
"Carlsbad , 88220 Northgate Chevron",505-885-0167 1311 US 285 N,000,Carlsbad,88220,Northgate Chevron,505-885-0167,2007,Carlsbad,NM,Chevron,,1311 US 285 N,Proper,,False,,False,US 285,,None,,
"Carlsbad , 88220 Northgate Chevron",6 505-885-0167 1311 US 285 N,<U+2610> <U+2610> 00,Carlsbad,88220,Northgate Chevron,505-885-0167,2008,Carlsbad,NM,Chevron,,1311 US 285 N,Proper,,False,,False,US 285,,None,,
"Carlsbad , 88220 Queen Truck Stop ( Conoco )",6 505-885-6130 3202 US 285 S,MO 0000,Carlsbad,88220,Queen Truck Stop ( Conoco ),505-885-6130,2006,Carlsbad,NM,Conoco,,3202 US 285 S,Proper,,False,,False,US 285,,None,,
"Carlsbad , 88220 Eddins Walcher # 611",505-885-6130 3202 US 285 S,MO,Carlsbad,88220,Eddins Walcher # 611,505-885-6130,2007,Carlsbad,NM,,,3202 US 285 S,Proper,,False,,False,US 285,,None,,
"Carlsbad , 88220 United Fuel Truck Stop",505-885-6130 3202 US 285 S ( S of S jct US 62 ),M 0,Carlsbad,88220,United Fuel Truck Stop,505-885-6130,2008,Carlsbad,NM,,( S of S jct US 62 ),3202 US 285 S,Proper,,False,,False,US 285,,None,,
"H Carlsbad , 88220 Windmill Chevron",505-885-9761 US 62-180-285 ( 1 mi S of jct ),,Carlsbad,88220,Windmill Chevron,505-885-9761,2006,Carlsbad,NM,Chevron,( 1 mi S of jct ),US 62-180-285,empty,,False,,False,US 62-180,,None,,
"Carlsbad , 88220 Windmill Chevron",505-885-9761 US 62-180-285 ( 1 mi S of jct ),O <U+25A1>,Carlsbad,88220,Windmill Chevron,505-885-9761,2007,Carlsbad,NM,Chevron,( 1 mi S of jct ),US 62-180-285,empty,,False,,False,US 62-180,,None,,
"Carlsbad , 88220 Windmill Chevron",505-885-9761 US 62-180-285 ( 1 mi S of jct ),<U+2610>,Carlsbad,88220,Windmill Chevron,505-885-9761,2008,Carlsbad,NM,Chevron,( 1 mi S of jct ),US 62-180-285,empty,,False,,False,US 62-180,,None,,
"Carlsbad , 88220 Fiesta Chevron",6 505-887-0496 US 285,,Carlsbad,88220,Fiesta Chevron,505-887-0496,2006,Carlsbad,NM,Chevron,,US 285,empty,,False,,False,US 285,,None,,
"Carlsbad , 88220 Fiesta Chevron",505-887-0496 1725 US 62-180-285 S,<U+2610> <U+25A1>,Carlsbad,88220,Fiesta Chevron,505-887-0496,2007,Carlsbad,NM,Chevron,,1725 US 62-180-285 S,Proper,,False,,False,US 62-180,,None,,
"Carlsbad , 88220 Fiesta Chevron",6 505-887-0496 1725 US 62-180-285 S,<U+2610>,Carlsbad,88220,Fiesta Chevron,505-887-0496,2008,Carlsbad,NM,Chevron,,1725 US 62-180-285 S,Proper,,False,,False,US 62-180,,None,,
H Carlsbad ( 88220 ) Western Petroleum ( Pilot # 490 ),575-885-6130 3202 US 285 S ( S of jct US 62-180 ),) plot S,Carlsbad,88220,Western Petroleum ( Pilot # 490 ),575-885-6130,2014,Carlsbad,NM,Pilot,( S of jct US 62-180 ),3202 US 285 S,Proper,,False,,False,US 285,,None,,
H Carlsbad ( 88220 ) Western Petroleum ( Pilot S # 490,575-885-6130 3202 US 285 S ( S ),Pilat 24 S 0,Carlsbad,88220,Western Petroleum ( Pilot S # 490,575-885-6130,2015,Carlsbad,NM,Pilot,( S ),3202 US 285 S,Proper,,False,,False,US 285,,None,,
H Carlsbad ( 88220 ) Pilot Fuel Center # 490 ),575-885-6130 3202 US 285 S ( S of jct US ),pilot 24 S <U+25A1>,Carlsbad,88220,Pilot Fuel Center # 490 ),575-885-6130,2016,Carlsbad,NM,Pilot,( S of jct US ),3202 US 285 S,Proper,,False,,False,US 285,,None,,
H Carlsbad ( 88220 ) Windmill Chevron,575-885-9761 US 62-180-285 ( 1 mi S of jct ),<U+2610> <U+2610>,Carlsbad,88220,Windmill Chevron,575-885-9761,2014,Carlsbad,NM,Chevron,( 1 mi S of jct ),US 62-180-285,empty,,False,,False,US 62-180,,None,,
H Carlsbad ( 88220 ) Windmill Chevron,575-885-9761 US 62-180-285 ( 1 mi S,<U+2610> <U+2610> <U+25A1>,Carlsbad,88220,Windmill Chevron,575-885-9761,2015,Carlsbad,NM,Chevron,( 1 mi S,US 62-180-285,empty,,False,,False,US 62-180,,None,,
Carlsbad ( 88220 ) Windmill Chevron,575-885-9761 US 62-180-285 ( 1 mi S of jct ),<U+25A1> <U+25A1>,Carlsbad,88220,Windmill Chevron,575-885-9761,2016,Carlsbad,NM,Chevron,( 1 mi S of jct ),US 62-180-285,empty,,False,,False,US 62-180,,None,,
H Carlsbad ( 88220 ) Fiesta # 1270 ( Chevron ),575-887-0496 1725 US 62-180-285 S,<U+25A1> <U+2610> <U+25A1> <U+25A1>,Carlsbad,88220,Fiesta # 1270 ( Chevron ),575-887-0496,2014,Carlsbad,NM,Chevron,,1725 US 62-180-285 S,Proper,,False,,False,US 62-180,,None,,
H Carlsbad ( 88220 ) Fiesta # 1270 ( Chevron ) ),575-887-0496 1725 US 62-180-285 S,<U+2610> <U+2610>,Carlsbad,88220,Fiesta # 1270 ( Chevron ) ),575-887-0496,2015,Carlsbad,NM,Chevron,,1725 US 62-180-285 S,Proper,,False,,False,US 62-180,,None,,
"H Carlsbad , 88221 Southwest LP Gas",6 505-885-6303 US 62-180,M 000,Carlsbad,88221,Southwest LP Gas,505-885-6303,2006,Carlsbad,NM,,,US 62-180,empty,,False,,False,US 62-180,,None,,
"Carlsbad , 88221 Southwest LP Gas",505-885-6303 US 62-180,""" M <U+2610>",Carlsbad,88221,Southwest LP Gas,505-885-6303,2007,Carlsbad,NM,,,US 62-180,empty,,False,,False,US 62-180,,None,,
"Carlsbad , 88221 Southwest LP Gas",505-885-6303 US 62-180,S <U+2610>,Carlsbad,88221,Southwest LP Gas,505-885-6303,2008,Carlsbad,NM,,,US 62-180,empty,,False,,False,US 62-180,,None,,
H Carlsbad ( 88221 ) Southwest LP Gas,575-885-6303 US 62-180,<U+2610> <U+2610> S,Carlsbad,88221,Southwest LP Gas,575-885-6303,2014,Carlsbad,NM,,,US 62-180,empty,,False,,False,US 62-180,,None,,
H Carlsbad ( 88221 ) Southwest LP Gas US 62-180 ),6 575-885-6303 US 62-180,S D <U+2610>,Carlsbad,88221,Southwest LP Gas US 62-180 ),575-885-6303,2015,Carlsbad,NM,,,US 62-180,empty,,False,,False,US 62-180,,None,,
Carlsbad ( 88221 ) Southwest LP Gas US 62-180 ),575-885-6303 US 62-180,<U+2610> <U+2610> S <U+25A1>,Carlsbad,88221,Southwest LP Gas US 62-180 ),575-885-6303,2016,Carlsbad,NM,,,US 62-180,empty,,False,,False,US 62-180,,None,,
"Eunice , 88231 JD's Fina",7 505-394-2742 1205 Main St ( NM 18 Loop ),<U+25A1>,Eunice,88231,JD's Fina,505-394-2742,2006,Eunice,NM,,( NM 18 Loop ),1205 Main St,Proper,,False,,False,Main St,,None,,
"Eunice , 88231 JD's Fina",505-394-2742 1205 Main St ( NM 18 Loop ),O,Eunice,88231,JD's Fina,505-394-2742,2007,Eunice,NM,,( NM 18 Loop ),1205 Main St,Proper,,False,,False,Main St,,None,,
"Eunice , 88231 JD's Final",7 505-394-2742 1205 Main St ( NM 18 Loop ),<U+2610> <U+2610><U+2610>,Eunice,88231,JD's Final,505-394-2742,2008,Eunice,NM,,( NM 18 Loop ),1205 Main St,Proper,,False,,False,Main St,,None,,
"Hobbs , 88240 Town & Country # 183 ( 66 )",505-392-5283 US 62-180,. 000,Hobbs,88240,Town & Country # 183 ( 66 ),505-392-5283,2006,Hobbs,NM,,,US 62-180,empty,,False,,False,US 62-180,,None,,
"Hobbs , 88240 Town & Country # 183 ( 66 )",505-392-5283 3400 NM 132 N ( S of Joe Harvey,Blvd ),Hobbs,88240,Town & Country # 183 ( 66 ),505-392-5283,2007,Hobbs,NM,,( S of Joe Harvey,3400 NM 132 N,Proper,,False,,False,3400 NM,,None,,
"Hobbs , 88240 Town & Country # 183",505-392-5283 3400 NM 132 N ( S of Joe Harvey Blvd,Blvd ) <U+2610> <U+25A1> <U+25A1> <U+25A1> <U+25A1>,Hobbs,88240,Town & Country # 183,505-392-5283,2008,Hobbs,NM,,( S of Joe Harvey Blvd,3400 NM 132 N,Proper,,False,,False,3400 NM,,None,,
"H Hobbs , 88240 Diamond Shamrock",505-393-3064 600 US 180 W,<U+2610>,Hobbs,88240,Diamond Shamrock,505-393-3064,2006,Hobbs,NM,Shamrock,,600 US 180 W,Proper,,False,,False,US 180,,None,,
"Hobbs , 88240 Diamond Shamrock",505-393-3064 600 US 180 W,000,Hobbs,88240,Diamond Shamrock,505-393-3064,2007,Hobbs,NM,Shamrock,,600 US 180 W,Proper,,False,,False,US 180,,None,,
"H Hobbs , 88240 Diamond Shamrock",505-393-3064 600 US 180 W,<U+25A1> <U+25A1>,Hobbs,88240,Diamond Shamrock,505-393-3064,2008,Hobbs,NM,Shamrock,,600 US 180 W,Proper,,False,,False,US 180,,None,,
"Hobbs , 88240 Town & Country # 59 ( 66 )",505-397-3821 808 US 62-180 E,. 48 -,Hobbs,88240,Town & Country # 59 ( 66 ),505-397-3821,2006,Hobbs,NM,,,808 US 62-180 E,Proper,,False,,False,US 62-180,,None,,
"Hobbs , 88240 Town & Country # 59",505-397-3821 808 US 62-180 E,24,Hobbs,88240,Town & Country # 59,505-397-3821,2007,Hobbs,NM,,,808 US 62-180 E,Proper,,False,,False,US 62-180,,None,,
"Hobbs , 88240 Town & Country # 59",505-397-3821 808 US 62-180 E,S<U+2610><U+2610> <U+25A1> <U+25A1> <U+2610> <U+2610>,Hobbs,88240,Town & Country # 59,505-397-3821,2008,Hobbs,NM,,,808 US 62-180 E,Proper,,False,,False,US 62-180,,None,,
H Hobbs ( 88240 ) Pilot Travel Center # 557,575-391-0120 1US 80 & W Bypass,Pilot 24 <U+2610> MO <U+2610>,Hobbs,88240,Pilot Travel Center # 557,575-391-0120,2015,Hobbs,NM,Pilot,,1US 80 & W Bypass,empty,,False,,False,1US 80,W Bypass,None,,
Hobbs ( 88240 ) Pilot Travel Center # 557,575-391-0120 1US 80 & W Bypass pilat,pilat 24 <U+2610> MO 24 224 <U+25A1>,Hobbs,88240,Pilot Travel Center # 557,575-391-0120,2016,Hobbs,NM,Pilot,,1US 80 & W Bypass pilat,empty,,False,,False,1US 80,W Bypass,None,,
Hobbs ( 88240 ) Stripes # 0183 ( Conoco ),575-392-5283 3400 NM 132 N ( S of Joe Harvey Blvd ),Blvd ) D <U+25A1> <U+25A1>,Hobbs,88240,Stripes # 0183 ( Conoco ),575-392-5283,2014,Hobbs,NM,Conoco,( S of Joe Harvey Blvd ),3400 NM 132 N,Proper,,False,,False,3400 NM,,None,,
Hobbs ( 88240 ) Stripes # 0183 ( Conoco ),575-392-5283 3400 NM 132 N ( S of Joe Harvey Blvd ),) <U+2610> <U+2610> <U+25A1>,Hobbs,88240,Stripes # 0183 ( Conoco ),575-392-5283,2015,Hobbs,NM,Conoco,( S of Joe Harvey Blvd ),3400 NM 132 N,Proper,,False,,False,3400 NM,,None,,
Hobbs ( 88240 ) Stripes # 0183 ( Conoco ),575-392-5283 3400 NM 132 N ( S of Joe Harvey Blvd ),<U+2610> <U+2610>,Hobbs,88240,Stripes # 0183 ( Conoco ),575-392-5283,2016,Hobbs,NM,Conoco,( S of Joe Harvey Blvd ),3400 NM 132 N,Proper,,False,,False,3400 NM,,None,,
H Hobbs ( 88240 ) Diamond Shamrock # 136,575-393-3064 600 US 180 W,<U+2610>,Hobbs,88240,Diamond Shamrock # 136,575-393-3064,2014,Hobbs,NM,Shamrock,,600 US 180 W,Proper,,False,,False,US 180,,None,,
Hobbs ( 88240 ) Corner Store # 0136 ( Valero ),575-393-3064 600 US 180 W,<U+25A1> <U+25A1> <U+25A1>,Hobbs,88240,Corner Store # 0136 ( Valero ),575-393-3064,2015,Hobbs,NM,Valero,,600 US 180 W,Proper,,False,,False,US 180,,None,,
H Hobbs ( 88240 ) Diamond Shamrock # 0136 ( Valero ),575-393-3064 600 US 180 W,<U+2610> D <U+25A1>,Hobbs,88240,Diamond Shamrock # 0136 ( Valero ),575-393-3064,2016,Hobbs,NM,Shamrock,,600 US 180 W,Proper,,False,,False,US 180,,None,,
H Hobbs ( 88240 ) Stripes # 0250 ( Conoco ),7 575-393-4467 US 62-180 & W Bypass,24 <U+2610>,Hobbs,88240,Stripes # 0250 ( Conoco ),575-393-4467,2014,Hobbs,NM,Conoco,,US 62-180 & W Bypass,empty,,False,,False,US 62,W Bypass,None,,
H Hobbs ( 88240 ) Stripes # 0250 ( Conoco ),575-393-4467 US 62-180 & W Bypass,24 <U+2610>,Hobbs,88240,Stripes # 0250 ( Conoco ),575-393-4467,2015,Hobbs,NM,Conoco,,US 62-180 & W Bypass,empty,,False,,False,US 62,W Bypass,None,,
Hobbs ( 88240 ) Stripes # 0250 ( Conoco ),575-393-4467 US 62-180 & W Bypass,24 <U+2610>,Hobbs,88240,Stripes # 0250 ( Conoco ),575-393-4467,2016,Hobbs,NM,Conoco,,US 62-180 & W Bypass,empty,,False,,False,US 62,W Bypass,None,,
H Hobbs ( 88240 ) Stripes # 0059 ( Conoco ),575-397-3821 808 US 62-180 E,SO,Hobbs,88240,Stripes # 0059 ( Conoco ),575-397-3821,2014,Hobbs,NM,Conoco,,808 US 62-180 E,Proper,,False,,False,US 62-180,,None,,
H Hobbs ( 88240 ) Stripes # 0059 ( Conoco ),575-397-3821 808 US 62-180 E,S,Hobbs,88240,Stripes # 0059 ( Conoco ),575-397-3821,2015,Hobbs,NM,Conoco,,808 US 62-180 E,Proper,,False,,False,US 62-180,,None,,
H Loving ( 88256 ) Loving Truck Stop ( Chevron ),575-745-2370 100 US 285 N & Cedar St,<U+2610>,Loving,88256,Loving Truck Stop ( Chevron ),575-745-2370,2014,Loving,NM,Chevron,,100 US 285 N & Cedar St,Proper,,False,,False,US 285,Cedar St,None,,
Loving ( 88256 ) Brewer Chevron,575-745-2370 100 US 285 N & Cedar St,<U+2610> <U+2610>,Loving,88256,Brewer Chevron,575-745-2370,2015,Loving,NM,Chevron,,100 US 285 N & Cedar St,Proper,,False,,False,US 285,Cedar St,None,,
Loving ( 88256 ) Brewer Chevron,6 575-745-2370 100 US 285 N & Cedar St,<U+2610> <U+25A1> <U+25A1> <U+2610>,Loving,88256,Brewer Chevron,575-745-2370,2016,Loving,NM,Chevron,,100 US 285 N & Cedar St,Proper,,False,,False,US 285,Cedar St,None,,
"Tatum , 88267 Town & Country # 236",505-398-2432 US 380 & NM 206,SOO O,Tatum,88267,Town & Country # 236,505-398-2432,2006,Tatum,NM,,,US 380 & NM 206,empty,,False,,False,US 380,NM 206,None,,
"Tatum , 88267 Town & Country # 236",505-398-2432 US 380 & NM 206,HRS 24 <U+2610> S,Tatum,88267,Town & Country # 236,505-398-2432,2007,Tatum,NM,,,US 380 & NM 206,empty,,False,,False,US 380,NM 206,None,,
"Tatum , 88267 Town & Country # 236",505-398-2432 10 US 380 E & NM 206,24 S,Tatum,88267,Town & Country # 236,505-398-2432,2008,Tatum,NM,,,10 US 380 E & NM 206,Proper,,False,,False,US 380,NM 206,None,,
Tatum ( 88267 ) Stripes # 0236 ( Conoco ) ),575-398-2432 10 US 380 E & NM 206,24 S,Tatum,88267,Stripes # 0236 ( Conoco ) ),575-398-2432,2014,Tatum,NM,Conoco,,10 US 380 E & NM 206,Proper,,False,,False,US 380,NM 206,None,,
G Tatum ( 88267 ) Stripes # 0236 ( Conoco ),575-398-2432 10 US 380 E & NM 206,24 S,Tatum,88267,Stripes # 0236 ( Conoco ),575-398-2432,2015,Tatum,NM,Conoco,,10 US 380 E & NM 206,Proper,,False,,False,US 380,NM 206,None,,
Tatum ( 88267 ) Stripes # 0236 ( NM ( Conoco 58 ) ),575-398-2432 10 US 380 E & NM 206,24 S 24,Tatum,88267,Stripes # 0236 ( NM ( Conoco 58 ) ),575-398-2432,2016,Tatum,NM,Conoco,,10 US 380 E & NM 206,Proper,,False,,False,US 380,NM 206,None,,
"Carrizozo , 88301 Carrizozo Texaco",505-648-2707 US 54 & US 380,<U+2610>,Carrizozo,88301,Carrizozo Texaco,505-648-2707,2008,Carrizozo,NM,Texaco,,US 54 & US 380,empty,,False,,False,US 54,US 380,None,,
Carrizozo ( 88301 ) Carrizozo Valero,575-648-2707 US 54 & US 380,<U+2610> <U+25A1>,Carrizozo,88301,Carrizozo Valero,575-648-2707,2014,Carrizozo,NM,Valero,,US 54 & US 380,empty,,False,,False,US 54,US 380,None,,
Carrizozo ( 88301 ) Carrizozo Valero S of jct ),575-648-2707 US 54 & US 380,<U+2610> <U+25A1>,Carrizozo,88301,Carrizozo Valero S of jct ),575-648-2707,2015,Carrizozo,NM,Valero,,US 54 & US 380,empty,,False,,False,US 54,US 380,None,,
F Carrizozo ( 88301 ) Carrizozo Valero of jct ),4 575-648-2707 US 54 & US 380,D,Carrizozo,88301,Carrizozo Valero of jct ),575-648-2707,2016,Carrizozo,NM,Valero,,US 54 & US 380,empty,,False,,False,US 54,US 380,None,,
"Alamogordo , 88310 J & J Mini Market # 11 ( Exxon )",505-434-4317 901 US 70 W ( MM 212 ),HRS <U+2610> M,Alamogordo,88310,J & J Mini Market # 11 ( Exxon ),505-434-4317,2006,Alamogordo,NM,Exxon,( MM 212 ),901 US 70 W,Proper,,False,,False,US 70,,None,,
"Alamogordo , 88310 J & J Mini Market # 11 ( Exxon )",505-434-4317 901 US 70 W ( MM 212 ),24 HRS <U+25A1>,Alamogordo,88310,J & J Mini Market # 11 ( Exxon ),505-434-4317,2007,Alamogordo,NM,Exxon,( MM 212 ),901 US 70 W,Proper,,False,,False,US 70,,None,,
", 88310 J & J Mini Market # 11 ( Exxon ) )",Alamogordo 505-434-4317 901 US 70 W ( MM 212 ),1015 HIRS 24 Sm,,88310,J & J Mini Market # 11 ( Exxon ) ),505-434-4317,2008,Alamogordo,NM,Exxon,( MM 212 ),901 US 70 W,Proper,,False,,False,US 70,,None,,
"Alamogordo , 88310 Timeout Travel Center ( Shamrock )",4 505-437-0000 3500 US 82 N ( S of N Jct US 54-70 ),M 244 4F,Alamogordo,88310,Timeout Travel Center ( Shamrock ),505-437-0000,2006,Alamogordo,NM,Shamrock,( S of N Jct US 54-70 ),3500 US 82 N,Proper,,False,,False,US 82,,None,,
"Alamogordo , 88310 Timeout Travel Center ( Shamrock )",505-437-0000 3500 US 82 N ( S of N Jct US 54-70 ),) ) HRS 24 00,Alamogordo,88310,Timeout Travel Center ( Shamrock ),505-437-0000,2007,Alamogordo,NM,Shamrock,( S of N Jct US 54-70 ),3500 US 82 N,Proper,,False,,False,US 82,,None,,
"Alamogordo , 88310 Timeout Travel Center ( Valero )",505-437-0000 3500 US 82 N ( S of N Jct US 54-70 ),HIRS 24,Alamogordo,88310,Timeout Travel Center ( Valero ),505-437-0000,2008,Alamogordo,NM,Valero,( S of N Jct US 54-70 ),3500 US 82 N,Proper,,False,,False,US 82,,None,,
"Alamogordo , 88310 Chevron Food Mart",4 505-437-4464 US 70 W MM 212,<U+2610> S,Alamogordo,88310,Chevron Food Mart,505-437-4464,2006,Alamogordo,NM,Chevron,,US 70 W MM 212,empty,,False,,False,US 70,,None,,
"Alamogordo , 88310 Brewer Chevron",505-437-4464 US 70 W MM 212,,Alamogordo,88310,Brewer Chevron,505-437-4464,2007,Alamogordo,NM,Chevron,,US 70 W MM 212,empty,,False,,False,US 70,,None,,
"Alamogordo , 88310 Brewer Chevron",505-437-4464 US 70 W MM 212,1015 S <U+2610><U+2610> <U+2610> <U+2610>,Alamogordo,88310,Brewer Chevron,505-437-4464,2008,Alamogordo,NM,Chevron,,US 70 W MM 212,empty,,False,,False,US 70,,None,,
"Tularosa , 88310 Alamo - Rosa Fuel Stop ( Fina )",505-585-2103 US 54-70 MM 74,L <U+2610>,Tularosa,88310,Alamo - Rosa Fuel Stop ( Fina ),505-585-2103,2006,Alamogordo,NM,,,US 54-70 MM 74,empty,,False,,False,US 54-70,,None,,
"Tularosa , 88310 Alamo - Rosa Fuel Stop ( Fina )",505-585-2103 US 54-70 MM 74,M,Tularosa,88310,Alamo - Rosa Fuel Stop ( Fina ),505-585-2103,2007,Alamogordo,NM,,,US 54-70 MM 74,empty,,False,,False,US 54-70,,None,,
"Tularosa , 88310 Alamo - Rosa Fuel Stop",505-585-2103 US 54-70 MM 74,24 M <U+2610> <U+2610>,Tularosa,88310,Alamo - Rosa Fuel Stop,505-585-2103,2008,Alamogordo,NM,,,US 54-70 MM 74,empty,,False,,False,US 54-70,,None,,
Alamogordo ( 88310 ) Giant,575-434-4317 901 US 70 W ( MM 212 ),24 <U+2610> O,Alamogordo,88310,Giant,575-434-4317,2014,Alamogordo,NM,,( MM 212 ),901 US 70 W,Proper,,False,,False,US 70,,None,,
G Alamogordo ( 88310 ) Giant N Jct US 54-70 ),575-434-4317 901 US 70 W ( MM 212 ),NG 24 D,Alamogordo,88310,Giant N Jct US 54-70 ),575-434-4317,2015,Alamogordo,NM,,( MM 212 ),901 US 70 W,Proper,,False,,False,US 70,,None,,
G Alamogordo ( 88310 ) Giant # 31 ),575-434-4317 901 US 70 W ( MM 212 ),24 <U+2610> D,Alamogordo,88310,Giant # 31 ),575-434-4317,2016,Alamogordo,NM,,( MM 212 ),901 US 70 W,Proper,,False,,False,US 70,,None,,
Alamogordo ( 88310 ) Kent Travel Center # 501 ( Texaco ),4 / 575-437-0000 3500 US 54-70 Bus ( S of N Jct US 54-70 ),) 24 M 24 22,Alamogordo,88310,Kent Travel Center # 501 ( Texaco ),575-437-0000,2014,Alamogordo,NM,Texaco,( S of N Jct US 54-70 ),3500 US 54-70 Bus,Proper,,False,,False,US 54-70,,None,,
Alamogordo ( 88310 ) Kent Travel Center # 501 ( Texaco ),575-437-0000 3500 US 54-70 Bus ( S of N Jct US ),) 24 M 24,Alamogordo,88310,Kent Travel Center # 501 ( Texaco ),575-437-0000,2015,Alamogordo,NM,Texaco,( S of N Jct US ),3500 US 54-70 Bus,Proper,,False,,False,US 54-70,,None,,
Alamogordo ( 88310 ) Kent Travel Center # 501 ( Texaco ),575-437-0000 3500 US 54-70 Bus ( S of N Jct US 54-70 ),) 24 MOD 24,Alamogordo,88310,Kent Travel Center # 501 ( Texaco ),575-437-0000,2016,Alamogordo,NM,Texaco,( S of N Jct US 54-70 ),3500 US 54-70 Bus,Proper,,False,,False,US 54-70,,None,,
Alamogordo ( 88310 ) Brewer Chevron,575-437-4464 US 70 W MM 212,<U+2610> S,Alamogordo,88310,Brewer Chevron,575-437-4464,2014,Alamogordo,NM,Chevron,,US 70 W MM 212,empty,,False,,False,US 70,,None,,
Alamogordo ( 88310 ) Brewer Chevron ( 212 ),575-437-4464 US 70 W MM 212,NG D <U+25A1> S,Alamogordo,88310,Brewer Chevron ( 212 ),575-437-4464,2015,Alamogordo,NM,Chevron,,US 70 W MM 212,empty,,False,,False,US 70,,None,,
Alamogordo ( 88310 ) Brewer Chevron,4 575-437-4464 US 70 W MM 212,<U+25A1> S D,Alamogordo,88310,Brewer Chevron,575-437-4464,2016,Alamogordo,NM,Chevron,,US 70 W MM 212,empty,,False,,False,US 70,,None,,
"Encino ( North ) , 88321 D & R Chevron",505-472-5410 I-40 Exit 243,S,Encino,88321,D & R Chevron,505-472-5410,2006,Encino,NM,Chevron,,I-40 Exit 243,Exit,243,False,,False,I-40,,None,,
"Encino ( North ) , 88321 D & R Chevron",505-472-5410 I-40 Exit 243,S <U+2610> <U+2610>,Encino,88321,D & R Chevron,505-472-5410,2007,Encino,NM,Chevron,,I-40 Exit 243,Exit,243,False,,False,I-40,,None,,
"Encino ( North ) , 88321 D & R Chevron",5 505-472-5410 I-40 Exit 243,HRS S,Encino,88321,D & R Chevron,505-472-5410,2008,Encino,NM,Chevron,,I-40 Exit 243,Exit,243,False,,False,I-40,,None,,
"Encino , 88321 Rio Pecos Fuel Stop ( Mustang )",505-584-2955 US 60-285 & NM 3,,Encino,88321,Rio Pecos Fuel Stop ( Mustang ),505-584-2955,2006,Encino,NM,,,US 60-285 & NM 3,empty,,False,,False,US 60,NM 3,None,,
"Encino , 88321 Rio Pecos Fuel Stop ( Mustang )",505-584-2955 US 60-285 & NM 3,S,Encino,88321,Rio Pecos Fuel Stop ( Mustang ),505-584-2955,2007,Encino,NM,,,US 60-285 & NM 3,empty,,False,,False,US 60,NM 3,None,,
E Encino ( North ) ( 88321 ) D & R 66,575-472-5410 I-40 Exit 243,<U+2610> S SO,Encino,88321,D & R 66,575-472-5410,2014,Encino,NM,,,I-40 Exit 243,Exit,243,False,,False,I-40,,None,,
"Mescalero , 88340 Casino Apache Travel Center ( Conoco )",505-464-7931 25845 US 70,24 XL,Mescalero,88340,Casino Apache Travel Center ( Conoco ),505-464-7931,2006,Mescalero,NM,Conoco,,25845 US 70,Proper,,False,,False,US 70,,None,,
"Mescalero , 88340 Casino Apache Travel Center",505-464-7931 25845 US 70 ( Conoco ),) 24,Mescalero,88340,Casino Apache Travel Center,505-464-7931,2007,Mescalero,NM,,( Conoco ),25845 US 70,Proper,,False,,False,US 70,,None,,
"Mescalero , 88340 Casino Apache Travel Center ( Conoco )",505-464-7931 25845 US 70,) <U+2610> S,Mescalero,88340,Casino Apache Travel Center ( Conoco ),505-464-7931,2008,Mescalero,NM,Conoco,,25845 US 70,Proper,,False,,False,US 70,,None,,
Mescalero ( 88340 ) Casino Apache Travel Center,575-464-7931 25845 US 70 ( 2 mi SW of NM 48 ),<U+2610> S,Mescalero,88340,Casino Apache Travel Center,575-464-7931,2014,Mescalero,NM,,( 2 mi SW of NM 48 ),25845 US 70,Proper,,False,,False,US 70,,None,,
G Mescalero ( 88340 ) Casino Apache Travel Center,4 575-464-7931 25845 US 70 ( 2 mi SW of NM 48 ),MO <U+2610> <U+25A1>,Mescalero,88340,Casino Apache Travel Center,575-464-7931,2015,Mescalero,NM,,( 2 mi SW of NM 48 ),25845 US 70,Proper,,False,,False,US 70,,None,,
Mescalero ( 88340 ) Casino Apache Travel Center ( Alon ),575-464-7931 25845 US 70 ( 2 mi SW of NM 48 ),24 MO <U+2610> <U+2610>,Mescalero,88340,Casino Apache Travel Center ( Alon ),575-464-7931,2016,Mescalero,NM,,( 2 mi SW of NM 48 ),25845 US 70,Proper,,False,,False,US 70,,None,,
"Tularosa , 88352 Tularosa Travel Center",575-585-3522 US 70 MM 78,<U+2610> SO <U+2610> <U+2610>,Tularosa,88352,Tularosa Travel Center,575-585-3522,2008,Tularosa,NM,,,US 70 MM 78,empty,,False,,False,US 70,,None,,
G Tularosa ( 88352 ) Tularosa Travel Center ( Shell ),575-585-3522 US 54-70 S ( MM 78 ),<U+2610> SO <U+2610>,Tularosa,88352,Tularosa Travel Center ( Shell ),575-585-3522,2014,Tularosa,NM,Shell,( MM 78 ),US 54-70 S,empty,,False,,False,US 54-70,,None,,
Tularosa ( 88352 ) Tularosa Travel Center ( Shell ),575-585-3522 US 54-70 S ( MM 78 ),<U+2610> S <U+2610>,Tularosa,88352,Tularosa Travel Center ( Shell ),575-585-3522,2015,Tularosa,NM,Shell,( MM 78 ),US 54-70 S,empty,,False,,False,US 54-70,,None,,
Tularosa ( 88352 ) Tularosa Travel Center ( Shell ),575-585-3522 US 54-70 S ( MM 78 ),D SO <U+25A1> <U+25A1>,Tularosa,88352,Tularosa Travel Center ( Shell ),575-585-3522,2016,Tularosa,NM,Shell,( MM 78 ),US 54-70 S,empty,,False,,False,US 54-70,,None,,
"Vaughn , 88353 Lalo's Cash & Carry ( Chevron )",51505-584-2614 US 54-60 & E Jct US 285 ( @state scale ),),Vaughn,88353,Lalo's Cash & Carry ( Chevron ),505-584-2614,2006,Vaughn,NM,Chevron,( @state scale ),US 54-60 & E Jct US 285,empty,,False,,False,US 54,US 285,None,,
"Vaughn , 88353 Lalo's Cash & Carry ( Chevron )",15505-584-2614 US 54-60 & E Jct US 285 ( @state,scale ) M,Vaughn,88353,Lalo's Cash & Carry ( Chevron ),505-584-2614,2007,Vaughn,NM,Chevron,( @state,US 54-60 & E Jct US 285,empty,,False,,False,US 54,US 285,None,,
"Vaughn , 88353 Lalo's Cash & Carry ( Conoco )",5 505-584-2614 US 54-60 & E Jct US 285 ( @state scale ),) <U+2610> M D,Vaughn,88353,Lalo's Cash & Carry ( Conoco ),505-584-2614,2008,Vaughn,NM,Conoco,( @state scale ),US 54-60 & E Jct US 285,empty,,False,,False,US 54,US 285,None,,
E Vaughn ( 88353 ) Lalo's Cash & Carry ( Conoco ),575-584-2614 US 54-60 & E Jct US 285 ( @state scale,) M,Vaughn,88353,Lalo's Cash & Carry ( Conoco ),575-584-2614,2014,Vaughn,NM,Conoco,( @state scale,US 54-60 & E Jct US 285,empty,,False,,False,US 54,US 285,None,,
Vaughn ( 88353 ) Lalo's Cash & Carry ( Conoco ),575-584-2614 US 54-60 & E Jct US 285 ( @ state scale ),) M,Vaughn,88353,Lalo's Cash & Carry ( Conoco ),575-584-2614,2015,Vaughn,NM,Conoco,( @ state scale ),US 54-60 & E Jct US 285,empty,,False,,False,US 54,US 285,None,,
E Vaughn ( 88353 ) Lalo's Cash & Carry ( Conoco ),575-584-2614 US 54-60 & E Jct US 285 (,) MO <U+25A1>,Vaughn,88353,Lalo's Cash & Carry ( Conoco ),575-584-2614,2016,Vaughn,NM,Conoco,(,US 54-60 & E Jct US 285,empty,,False,,False,US 54,US 285,None,,
"Tucumcari , 88401 MC Stop",505-461-3841 I-40 Exit 332 ( Hwy 209 ),124 HRS 485 S,Tucumcari,88401,MC Stop,505-461-3841,2006,Tucumcari,NM,,( Hwy 209 ),I-40 Exit 332 ,Exit,332,False,,False,I-40,,None,,
"Tucumcari , 88401 Circle K",505-461-3841 I-40 Exit 332 ( Hwy 209 ),24 S,Tucumcari,88401,Circle K,505-461-3841,2007,Tucumcari,NM,Circle K,( Hwy 209 ),I-40 Exit 332 ,Exit,332,False,,False,I-40,,None,,
"Tucumcari , 88401 Circle K ( Chevron )",505-461-3841 I-40 Exit 332 ( Hwy 209 ),NOS 24 S <U+2610><U+2610> 0,Tucumcari,88401,Circle K ( Chevron ),505-461-3841,2008,Tucumcari,NM,Circle K,( Hwy 209 ),I-40 Exit 332 ,Exit,332,False,,False,I-40,,None,,
"Tucumcari , 88401 Love's Travel Stop # 262",505-461-4990 I-40 Exit 333,HRS M <U+2610>,Tucumcari,88401,Love's Travel Stop # 262,505-461-4990,2006,Tucumcari,NM,Love's,,I-40 Exit 333,Exit,333,False,,False,I-40,,None,,
"Tucumcari , 88401 Love's Travel Stop # 262",505-461-4990 I-40 Exit 333,HRS 24,Tucumcari,88401,Love's Travel Stop # 262,505-461-4990,2007,Tucumcari,NM,Love's,,I-40 Exit 333,Exit,333,False,,False,I-40,,None,,
"Tucumcari , 88401 Love's Travel Stop # 262",505-461-4990 I-40 Exit 333,HORS 24 S,Tucumcari,88401,Love's Travel Stop # 262,505-461-4990,2008,Tucumcari,NM,Love's,,I-40 Exit 333,Exit,333,False,,False,I-40,,None,,
D Tucumcari ( 88401 ) Love's Travel Stop # 262,575-461-1900 I-40 Exit 333,24 XL,Tucumcari,88401,Love's Travel Stop # 262,575-461-1900,2014,Tucumcari,NM,Love's,,I-40 Exit 333,Exit,333,False,,False,I-40,,None,,
D Tucumcari ( 88401 ) Love's Travel Stop # 262,575-461-1900 I-40 Exit 333,24 XL,Tucumcari,88401,Love's Travel Stop # 262,575-461-1900,2015,Tucumcari,NM,Love's,,I-40 Exit 333,Exit,333,False,,False,I-40,,None,,
Tucumcari ( 88401 ) Love's Travel Stop # 262,575-461-1900 I-40 Exit 333,24 <U+2610> XL 24,Tucumcari,88401,Love's Travel Stop # 262,575-461-1900,2016,Tucumcari,NM,Love's,,I-40 Exit 333,Exit,333,False,,False,I-40,,None,,
D Tucumcari ( 88401 ) Circle K # 8931 ( Shell ),575-461-4101 I-40 Exit 332 ( Hwy 209 ),24 M,Tucumcari,88401,Circle K # 8931 ( Shell ),575-461-4101,2014,Tucumcari,NM,Circle K,( Hwy 209 ),I-40 Exit 332 ,Exit,332,False,,False,I-40,,None,,
D Tucumcari ( 88401 ) Circle K # 8931 ( Shell ),575-461-4101 I-40 Exit 332 ( Hwy 209 ),24 12 M,Tucumcari,88401,Circle K # 8931 ( Shell ),575-461-4101,2015,Tucumcari,NM,Circle K,( Hwy 209 ),I-40 Exit 332 ,Exit,332,False,,False,I-40,,None,,
D Tucumcari ( 88401 ) Circle K # 8931 at ( Shell Port of ) Entry,575-461-4101 I-40 Exit 332 ( Hwy 209 ),24 MO,Tucumcari,88401,Circle K # 8931 at ( Shell Port of ) Entry,575-461-4101,2016,Tucumcari,NM,Circle K,( Hwy 209 ),I-40 Exit 332 ,Exit,332,False,,False,I-40,,None,,
D Tucumcari ( 88401 ) Flying J Travel Plaza 209 # 691 ),575-461-6590 I-40 Exit 333,24XL 24,Tucumcari,88401,Flying J Travel Plaza 209 # 691 ),575-461-6590,2014,Tucumcari,NM,Flying J,,I-40 Exit 333,Exit,333,False,,False,I-40,,None,,
D Tucumcari ( 88401 ) Flying J Travel Plaza # 691,6 575-461-6590 I-40 Exit 333 FLYING J,J 124 X 24,Tucumcari,88401,Flying J Travel Plaza # 691,575-461-6590,2015,Tucumcari,NM,Flying J,,I-40 Exit 333 FLYING J,Exit,333,False,,False,I-40,,None,,
D Tucumcari ( 88401 ) Flying J Travel ( Plaza Hwy 209 # 691 ),575-461-6590 I-40 Exit 333,FLYING24 XL 24 24,Tucumcari,88401,Flying J Travel ( Plaza Hwy 209 # 691 ),575-461-6590,2016,Tucumcari,NM,Flying J,,I-40 Exit 333,Exit,333,False,,False,I-40,,None,,
"Clayton , 88415 Love's Country Store # 022",505-374-9548 703 US 87 ( S of US 412 ),HRS 24 D,Clayton,88415,Love's Country Store # 022,505-374-9548,2006,Clayton,NM,Love's,( S of US 412 ),703 US 87,Proper,,False,,False,US 87,,None,,
"Clayton , 88415 Love's Country Store # 022",505-374-9548 703 US 87 ( S of US 412 ),HRS 24 S,Clayton,88415,Love's Country Store # 022,505-374-9548,2007,Clayton,NM,Love's,( S of US 412 ),703 US 87,Proper,,False,,False,US 87,,None,,
"Clayton , 88415 Love's Country Store # 022",7 505-374-9548 703 US 87 ( S of US 412 ),HPS HRS 24 S,Clayton,88415,Love's Country Store # 022,505-374-9548,2008,Clayton,NM,Love's,( S of US 412 ),703 US 87,Proper,,False,,False,US 87,,None,,
Clayton ( 88415 ) Love's Travel Stop # 022,575-374-9548 703 US 87 ( S of US 412 ),24 2 SO,Clayton,88415,Love's Travel Stop # 022,575-374-9548,2014,Clayton,NM,Love's,( S of US 412 ),703 US 87,Proper,,False,,False,US 87,,None,,
Clayton ( 88415 ) Love's Travel Stop # 022,575-374-9548 703 US 87 ( S of US 412 ),NP3 24 <U+25A1> S,Clayton,88415,Love's Travel Stop # 022,575-374-9548,2015,Clayton,NM,Love's,( S of US 412 ),703 US 87,Proper,,False,,False,US 87,,None,,
Clayton ( 88415 ) Love's Travel Stop # 022,575-374-9548 703 US 87 ( S of US 412 ),24 R SO 24,Clayton,88415,Love's Travel Stop # 022,575-374-9548,2016,Clayton,NM,Love's,( S of US 412 ),703 US 87,Proper,,False,,False,US 87,,None,,
"D Nara Visa , 88430 Nara Visa Truck Terminal",505-633-2940 US 54 E,<U+2610> 000 <U+2610> 000,Nara Visa,88430,Nara Visa Truck Terminal,505-633-2940,2006,Nara Visa,NM,,,US 54 E,empty,,False,,False,US 54,,None,,
"San Jon , 88434 Drivers Travelmart # 408 ( Citgo )",505-576-2444 I-40 Exit 356 ( NM 469 ),HRS,San Jon,88434,Drivers Travelmart # 408 ( Citgo ),505-576-2444,2006,San Jon,NM,Citgo,( NM 469 ),I-40 Exit 356 ,Exit,356,False,,False,I-40,,None,,
"San Jon , 88434 Drivers Travelmart # 240 ( Citgo )",505-576-2444 I-40 Exit 356 ( NM 469 ),24 XL,San Jon,88434,Drivers Travelmart # 240 ( Citgo ),505-576-2444,2007,San Jon,NM,Citgo,( NM 469 ),I-40 Exit 356 ,Exit,356,False,,False,I-40,,None,,
"San Jon , 88434 Sunmix Fuels",505-576-2444 I-40 Exit 356 ( NM 469 ),24,San Jon,88434,Sunmix Fuels,505-576-2444,2008,San Jon,NM,,( NM 469 ),I-40 Exit 356 ,Exit,356,False,,False,I-40,,None,,
"San Jon , 88434 Fast Stop # 24 ( 66 )",505-576-9252 I-40 Exit 356 ( NM 469 ),<U+25A1> <U+25A1>,San Jon,88434,Fast Stop # 24 ( 66 ),505-576-9252,2006,San Jon,NM,,( NM 469 ),I-40 Exit 356 ,Exit,356,False,,False,I-40,,None,,
"San Jon , 88434 Fast Stop # 24 ( 66 )",505-576-9252 I-40 Exit 356 ( NM 469 ),T,San Jon,88434,Fast Stop # 24 ( 66 ),505-576-9252,2007,San Jon,NM,,( NM 469 ),I-40 Exit 356 ,Exit,356,False,,False,I-40,,None,,
"ISan Jon , 88434 Fast Stop # 24 ( 66 )",505-576-9252 I-40 Exit 356 ( NM 469 ),,San Jon,88434,Fast Stop # 24 ( 66 ),505-576-9252,2008,San Jon,NM,,( NM 469 ),I-40 Exit 356 ,Exit,356,False,,False,I-40,,None,,
D Glenrio ( 88434 ) Russell's Truck & Travel Center (,575-576-8700 I-40 Exit 369,) 24 XLO <U+2610><U+2610>,Glenrio,88434,Russell's Truck & Travel Center (,575-576-8700,2014,San Jon,NM,,,I-40 Exit 369,Exit,369,False,,False,I-40,,None,,
D Glenrio ( 88434 ) Russell's Truck & Travel Center ( Chevron ),7 575-576-8700 I-40 Exit 369,) BEST 24 <U+2610> XL,Glenrio,88434,Russell's Truck & Travel Center ( Chevron ),575-576-8700,2015,San Jon,NM,Chevron,,I-40 Exit 369,Exit,369,False,,False,I-40,,None,,
D Glenrio ( 88434 ) Russell's Truck & Travel Center ( Chevron ),575-576-8700 I-40 Exit 369,) 24 XL O <U+2610> <U+2610>,Glenrio,88434,Russell's Truck & Travel Center ( Chevron ),575-576-8700,2016,San Jon,NM,Chevron,,I-40 Exit 369,Exit,369,False,,False,I-40,,None,,
D San Jon ( 88434 ) Chisum Travel Center # 24 ( Valero ),575-576-9252 I-40 Exit 356 ( NM 469 ),M,San Jon,88434,Chisum Travel Center # 24 ( Valero ),575-576-9252,2014,San Jon,NM,Valero,( NM 469 ),I-40 Exit 356 ,Exit,356,False,,False,I-40,,None,,
San Jon ( 88434 ) Chisum Travel Center # 24 ( Valero ),575-576-9252 I-40 Exit 356 ( NM 469 ),M,San Jon,88434,Chisum Travel Center # 24 ( Valero ),575-576-9252,2015,San Jon,NM,Valero,( NM 469 ),I-40 Exit 356 ,Exit,356,False,,False,I-40,,None,,
D San Jon ( 88434 ) Chisum Travel Center # 24 ( Valero ),575-576-9252 I-40 Exit 356 ( NM 469 ),M,San Jon,88434,Chisum Travel Center # 24 ( Valero ),575-576-9252,2016,San Jon,NM,Valero,( NM 469 ),I-40 Exit 356 ,Exit,356,False,,False,I-40,,None,,
"ISanta Rosa , 88435 Love's Travel Stop # 285",505-472-1160 I-40 Exit 277 ( US 84 ),<U+2610> M 24 <U+2610>,Santa Rosa,88435,Love's Travel Stop # 285,505-472-1160,2006,Santa Rosa,NM,Love's,( US 84 ),I-40 Exit 277 ,Exit,277,False,,False,I-40,,None,,
"Santa Rosa , 88435 Love's Travel Stop # 285",505-472-1160 I-40 Exit 277 ( US 84 ),24 HRS MOO,Santa Rosa,88435,Love's Travel Stop # 285,505-472-1160,2007,Santa Rosa,NM,Love's,( US 84 ),I-40 Exit 277 ,Exit,277,False,,False,I-40,,None,,
"D Santa Rosa , 88435 Love's Travel Stop # 285",505-472-1160 I-40 Exit 277 ( US 84 ),24 HAS,Santa Rosa,88435,Love's Travel Stop # 285,505-472-1160,2008,Santa Rosa,NM,Love's,( US 84 ),I-40 Exit 277 ,Exit,277,False,,False,I-40,,None,,
"Santa Rosa , 88435 TravelCenters of America ( Shell )",505-472-3432 I-40 Exit 277 ( US 54-66-84 S ) TA,HRS MOO <U+2610>,Santa Rosa,88435,TravelCenters of America ( Shell ),505-472-3432,2006,Santa Rosa,NM,TravelCenters,( US 54-66-84 S ) TA,I-40 Exit 277 ,Exit,277,False,,False,I-40,,None,,
"Santa Rosa , 88435 TravelCenters of America ( Shell )",505-472-3432 I-40 Exit 277 ( US 54-66-84 S ) TA,24 HRS XLO,Santa Rosa,88435,TravelCenters of America ( Shell ),505-472-3432,2007,Santa Rosa,NM,TravelCenters,( US 54-66-84 S ) TA,I-40 Exit 277 ,Exit,277,False,,False,I-40,,None,,
"D Santa Rosa , 88435 TravelCenters",6 505-472-3432 I-40 Exit 277 ( of US America 54-66-84 ( Shell S ) ),24 LO 123 24,Santa Rosa,88435,TravelCenters,505-472-3432,2008,Santa Rosa,NM,TravelCenters,( of US America 54-66-84 ( Shell S ) ),I-40 Exit 277 ,Exit,277,False,,False,I-40,,None,,
D Santa Rosa ( 88435 ) Love's Travel Stop # 285,575-472-1160 I-40 Exit 277 ( US 84 S ),24 <U+25A1> XL,Santa Rosa,88435,Love's Travel Stop # 285,575-472-1160,2014,Santa Rosa,NM,Love's,( US 84 S ),I-40 Exit 277 ,Exit,277,False,,False,I-40,,None,,
Santa Rosa ( 88435 ) Love's Travel Stop # 285 S ),575-472-1160 I-40 Exit 277 ( US 84 S ),m XL,Santa Rosa,88435,Love's Travel Stop # 285 S ),575-472-1160,2015,Santa Rosa,NM,Love's,( US 84 S ),I-40 Exit 277 ,Exit,277,False,,False,I-40,,None,,
D Santa Rosa ( 88435 ) Love's Travel Stop 54-66-84 # 285 S ),6 575-472-1160 I-40 Exit 277 ( US 84 S ) 24,24 XL 24,Santa Rosa,88435,Love's Travel Stop 54-66-84 # 285 S ),575-472-1160,2016,Santa Rosa,NM,Love's,( US 84 S ) 24,I-40 Exit 277 ,Exit,277,False,,False,I-40,,None,,
D Santa Rosa ( 88435 ) TA Santa Rosa # 023 ( Shell ),6 575-472-3432 I-40 Exit 277 ( US 54-66-84 S ),ZA 24 <U+25A1> XL,Santa Rosa,88435,TA Santa Rosa # 023 ( Shell ),575-472-3432,2014,Santa Rosa,NM,Shell,( US 54-66-84 S ),I-40 Exit 277 ,Exit,277,False,,False,I-40,,None,,
D Santa Rosa ( 88435 ) TA Santa Rosa # 023 ( Shell ) ( E Frontage ),6 575-472-3432 I-40 Exit 277 ( US 54-66-84 S ) TA,TA 24 <U+2610> XL,Santa Rosa,88435,TA Santa Rosa # 023 ( Shell ) ( E Frontage ),575-472-3432,2015,Santa Rosa,NM,Shell,( US 54-66-84 S ) TA,I-40 Exit 277 ,Exit,277,False,,False,I-40,,None,,
D Santa Rosa ( 88435 ) TA Santa Rosa # 023 ( Shell ( E Frontage ),575-472-3432 I-40 Exit 277 ( US ) A,A 24 XL,Santa Rosa,88435,TA Santa Rosa # 023 ( Shell ( E Frontage ),575-472-3432,2016,Santa Rosa,NM,Shell,( US ) A,I-40 Exit 277 ,Exit,277,False,,False,I-40,,None,,
"Alamo , 89001 Alamo Truck Stop",775-725-3337 US 93 N ( MM 39 ),24 HRS,Alamo,89001,Alamo Truck Stop,775-725-3337,2006,Alamo,NV,,( MM 39 ),US 93 N,empty,,False,,False,US 93,,None,,
"Alamo , 89001 Alamo Truck Stop",775-725-3337 US 93 N ( MM 39 ),24 HRS S,Alamo,89001,Alamo Truck Stop,775-725-3337,2007,Alamo,NV,,( MM 39 ),US 93 N,empty,,False,,False,US 93,,None,,
"Alamo , 89001 Alamo Truck ( MM 38.5 Stop ) & Broadway",775-725-3337 US 93 N ( MM,24 S <U+2610>,Alamo,89001,Alamo Truck ( MM 38.5 Stop ) & Broadway,775-725-3337,2008,Alamo,NV,,( MM,US 93 N,empty,,False,,False,US 93,,None,,
"Henderson , 89002 Paradise Shell",702-558-9044 I-515 Exit 56 /,S ) <U+2610> <U+2610>,Henderson,89002,Paradise Shell,702-558-9044,2008,Henderson,NV,Shell,,I-515 Exit 56 /,Exit,56,False,,False,I-515,,None,,
"Henderson , 89015 Paradise Shell",6 702-558-9044 I-515 Exit 56,<U+25A1> <U+25A1>,Henderson,89015,Paradise Shell,702-558-9044,2006,Henderson,NV,Shell,,I-515 Exit 56,Exit,56,False,,False,I-515,,None,,
"Henderson , 89015 Paradise Shell",6 702-558-9044 I-515 Exit 56,,Henderson,89015,Paradise Shell,702-558-9044,2007,Henderson,NV,Shell,,I-515 Exit 56,Exit,56,False,,False,I-515,,None,,
,"HAmargosa 5775-372-1177 Valley , 89020 US Fort 95 Amargosa ( MM 30 ) ( & Exxon NV 373 )",HRS 24 49 M,,89020,,775-372-1177,2006,Amargosa Valley,NV,,( MM 30 ) ( & Exxon NV 373 ),"Valley, US Fort 95 Amargosa",empty,,False,,False,Valley US,,None,,
", Fort Amargosa ( Texaco )",HAmargosa 5775-372-1177 Valley 89020 US 95 ( MM 30 ) & NV 373,24 HR $ M <U+2610>,,89020,,775-372-1177,2007,Amargosa Valley,NV,,( MM 30 ) & NV 373,Valley US 95,empty,,False,,False,US 95,NV 373,None,,
"Amargosa Valley , 89020 Fort Amargosa ( Texaco 30 ) & NV 373",775-372-1177 US 95 ( MM 30 ) & NV ),24 S,Amargosa Valley,89020,Fort Amargosa ( Texaco 30 ) & NV 373,775-372-1177,2008,Amargosa Valley,NV,Texaco,( MM 30 ) & NV ),US 95,empty,,False,,False,US 95,,None,,
"Mesquite , 89024 Virgin Valley Food Mart ( 76 )",702-346-8881 I-15 Exit 122,HRS 24 0,Mesquite,89024,Virgin Valley Food Mart ( 76 ),702-346-8881,2006,Mesquite,NV,,,I-15 Exit 122,Exit,122,False,,False,I-15,,None,,
"Moapa , 89025 Moapa Paiute Travel Plaza ( Sinclair )",702-864-2600 I-15 Exit 75,HRS 24 XL <U+2610>,Moapa,89025,Moapa Paiute Travel Plaza ( Sinclair ),702-864-2600,2006,Moapa,NV,Sinclair,,I-15 Exit 75,Exit,75,False,,False,I-15,,None,,
"Moapa , 89025 Moapa Paiute Travel Plaza ( Sinclair )",702-864-2600 I-15 Exit 75,) 24 HRS XL,Moapa,89025,Moapa Paiute Travel Plaza ( Sinclair ),702-864-2600,2007,Moapa,NV,Sinclair,,I-15 Exit 75,Exit,75,False,,False,I-15,,None,,
"Moapa , 89025 Moapa Paiute Travel Plaza (",6 702-864-2600 I-15 Exit 75 Sinclair ),100 24 XL,Moapa,89025,Moapa Paiute Travel Plaza (,702-864-2600,2008,Moapa,NV,,,I-15 Exit 75 Sinclair ,Exit,75,False,,False,I-15,,None,,
Moapa ( 89025 ) Moapa Paiute Travel Plaza ( Sinclair ),702-864-2602 I-15 Exit 75,) 24 <U+2610>,Moapa,89025,Moapa Paiute Travel Plaza ( Sinclair ),702-864-2602,2014,Moapa,NV,Sinclair,,I-15 Exit 75,Exit,75,False,,False,I-15,,None,,
Moapa ( 89025 ) Moapa Paiute Travel Plaza ( Chevron ),702-864-2602 I-15 Exit 75,24 <U+2610> <U+2610> <U+2610> <U+2610> <U+2610> <U+2610> <U+2610>,Moapa,89025,Moapa Paiute Travel Plaza ( Chevron ),702-864-2602,2015,Moapa,NV,Chevron,,I-15 Exit 75,Exit,75,False,,False,I-15,,None,,
Moapa ( 89025 ) Moapa Paiute Travel Plaza ( Chevron ),702-864-2602 I-15 Exit 75,) 85 LOO D,Moapa,89025,Moapa Paiute Travel Plaza ( Chevron ),702-864-2602,2016,Moapa,NV,Chevron,,I-15 Exit 75,Exit,75,False,,False,I-15,,None,,
"Mesquite , 89027 Virgin Valley Food Mart ( 76 )",702-346-8881 I-15 Exit 122,HRS,Mesquite,89027,Virgin Valley Food Mart ( 76 ),702-346-8881,2007,Mesquite,NV,,,I-15 Exit 122,Exit,122,False,,False,I-15,,None,,
"Mesquite , 89027 Virgin Valley",702-346-8881 I-15 Exit 122 Food Mart ( Rebel ),24 <U+25A1> <U+25A1>,Mesquite,89027,Virgin Valley,702-346-8881,2008,Mesquite,NV,,( Rebel ),I-15 Exit 122 Food Mart ,Exit,122,False,,False,I-15,,None,,
Mesquite ( 89027 ) Virgin Valley Food Mart ( Rebel ),702-346-8881 I-15 Exit 122,24 O,Mesquite,89027,Virgin Valley Food Mart ( Rebel ),702-346-8881,2014,Mesquite,NV,,,I-15 Exit 122,Exit,122,False,,False,I-15,,None,,
Mesquite ( 89027 ) Virgin I-80 Exit Valley 106 Food Mart ( Rebel ),702-346-8881 I-15 Exit 122,24 HORS LO,Mesquite,89027,Virgin I-80 Exit Valley 106 Food Mart ( Rebel ),702-346-8881,2015,Mesquite,NV,,,I-15 Exit 122,Exit,122,False,,False,I-15,,None,,
Mesquite ( 89027 ) Virgin Valley Food Mart ( Rebel ),702-346-8881 I-15 Exit 122,24 D,Mesquite,89027,Virgin Valley Food Mart ( Rebel ),702-346-8881,2016,Mesquite,NV,,,I-15 Exit 122,Exit,122,False,,False,I-15,,None,,
"Las Vegas ( N ) , 89030 Hallmark Truck Center",702-212-3500 I-15 Exit 46 ( W to Losee & 1/4 mi N ),,Las Vegas,89030,Hallmark Truck Center,702-212-3500,2006,North Las Vegas,NV,,( W to Losee & 1/4 mi N ),I-15 Exit 46 ,Exit,46,False,,False,I-15,,None,,
"Vegas ( N ) , 89030 Hallmark Truck Center",702-212-3500 Las I-15 Exit 46 ( W to Losee & 1/4 mi N ),) HRS 24 S,Vegas,89030,Hallmark Truck Center,702-212-3500,2007,North Las Vegas,NV,,( W to Losee & 1/4 mi N ),Las I-15 Exit 46 ,Exit,46,False,,False,I-15,,None,,
"Las Vegas ( N ) , 89115 Petro Stopping Center # 31",6 702-632-2636 I-15 Exit 54 ( Speedway Blvd ) PETRO,24 XL,Las Vegas,89115,Petro Stopping Center # 31,702-632-2636,2006,Las Vegas,NV,,( Speedway Blvd ) PETRO,I-15 Exit 54 ,Exit,54,False,,False,I-15,,None,,
"Vegas ( N ) , 89115 Petro Stopping Center # 31",702-632-2636 Las I-15 Exit 54 ( Speedway Blvd ),24 XL 24,Vegas,89115,Petro Stopping Center # 31,702-632-2636,2007,Las Vegas,NV,,( Speedway Blvd ),Las I-15 Exit 54 ,Exit,54,False,,False,I-15,,None,,
Rd ),"6 702-632-2636 Las Vegas ( N ) , 89115 Petro Stopping Center # 31",24 XL 24 <U+2610><U+2610>,,89115,,702-632-2636,2008,Las Vegas,NV,,"( N ) , 89115 Petro Stopping Center # 31",Las Vegas,empty,,False,,False,Las Vegas,,None,,
Las Vegas ( North ) ( 89115 ) Petro North Las Vegas # 331,6 702-632-2640 I-15 Exit 54 ( Speedway Blvd ),PETRO 24 <U+25A1> XL 24 <U+2610>,Las Vegas,89115,Petro North Las Vegas # 331,702-632-2640,2014,Las Vegas,NV,,( Speedway Blvd ),I-15 Exit 54 ,Exit,54,False,,False,I-15,,None,,
Las Vegas ( North ) ( 89115 ) Petro North Las Vegas # 331 ( Valero ),702-632-2640 I-15 Exit 54 ( Speedway Blvd ) PETRO,24 RS XL 24,Las Vegas,89115,Petro North Las Vegas # 331 ( Valero ),702-632-2640,2015,Las Vegas,NV,Valero,( Speedway Blvd ) PETRO,I-15 Exit 54 ,Exit,54,False,,False,I-15,,None,,
Las Vegas ( North ) ( 89115 ) Petro North Las Vegas # 331 ( Valero ),6 702-632-2640 I-15 Exit 54 ( Speedway Blvd ),PETRO XL 24 MRS,Las Vegas,89115,Petro North Las Vegas # 331 ( Valero ),702-632-2640,2016,Las Vegas,NV,Valero,( Speedway Blvd ),I-15 Exit 54 ,Exit,54,False,,False,I-15,,None,,
"Las Vegas ( N ) , 89115 Maverick Truck Stop ( Rebel )",6 702-644-1000 3225 NV 604 ( 1.5 mi E of I-15 Exit 46 ),M 00,Las Vegas,89115,Maverick Truck Stop ( Rebel ),702-644-1000,2006,Las Vegas,NV,,( 1.5 mi E of I-15 Exit 46 ),3225 NV 604,Proper,,False,,False,NV 604,,None,,
"( N ) , 89115 Maverick Truck Stop ( Rebel )",702-644-1001 Las Vegas 3225 NV 604 ( 1.5 mi <U+00C8> of I-15 Exit 46 ),46 ) HRS 24 M 00,,89115,Maverick Truck Stop ( Rebel ),702-644-1001,2007,Las Vegas,NV,,( 1.5 mi <U+00C8> of I-15 Exit 46 ),Las Vegas 3225 NV 604,empty,,False,,False,NV 604,,None,,
"Las Vegas ( N ) , 89115 Maverick Truck Stop / 2 blks ( Rebel W on Tropicana )",702-644-1001 3225 NV 604 ( 1.5 mi E ),) HRS 24 S <U+2610> <U+2610><U+2610> <U+2610>,Las Vegas,89115,Maverick Truck Stop / 2 blks ( Rebel W on Tropicana ),702-644-1001,2008,Las Vegas,NV,,( 1.5 mi E ),3225 NV 604,Proper,,False,,False,NV 604,,None,,
Las Vegas ( North ) ( 89115 ) Rebel # 8 ( Maverick Truck Stop ),6 702-644-1001 3225 NV 604 ( 1.5 mi E of I-15 Exit 46 ),) 24 SO <U+2610> <U+2610>,Las Vegas,89115,Rebel # 8 ( Maverick Truck Stop ),702-644-1001,2014,Las Vegas,NV,,( 1.5 mi E of I-15 Exit 46 ),3225 NV 604,Proper,,False,,False,NV 604,,None,,
Las Vegas ( North ) ( 89115 ) Rebel # 8 ( Maverick Truck Stop ) ),702-644-1001 3225 NV 604 ( 1.5 mi E of I-15 Exit 46 ),24 25 S,Las Vegas,89115,Rebel # 8 ( Maverick Truck Stop ) ),702-644-1001,2015,Las Vegas,NV,,( 1.5 mi E of I-15 Exit 46 ),3225 NV 604,Proper,,False,,False,NV 604,,None,,
Las Vegas ( North ) ( 89115 ) Rebel # 8 ( Maverick Truck Stop ),702-644-1001 3235 NV 604 ( 1.5 mi E of I-15 46 ),) 24 SO <U+25A1>,Las Vegas,89115,Rebel # 8 ( Maverick Truck Stop ),702-644-1001,2016,Las Vegas,NV,,( 1.5 mi E of I-15 46 ),3235 NV 604,Proper,,False,,False,NV 604,,None,,
"Las Vegas ( W ) , 89124 Vegas Valley Travel Center",702-407-9034 I-15 Exit 27 ( SW Quadrant ),24,Las Vegas,89124,Vegas Valley Travel Center,702-407-9034,2006,Las Vegas,NV,,( SW Quadrant ),I-15 Exit 27 ,Exit,27,False,,False,I-15,,None,,
"Las Vegas ( W ) , 89124 Vegas Valley Travel Center ( Arco )",702-407-9034 I-15 Exit 27 ( SW Quadrant ),HRS AS,Las Vegas,89124,Vegas Valley Travel Center ( Arco ),702-407-9034,2007,Las Vegas,NV,,( SW Quadrant ),I-15 Exit 27 ,Exit,27,False,,False,I-15,,None,,
Las Vegas ( North ) ( 89165 ) Love's Travel Stop # 340,702-643-7398 I-15 Exit 64,24 2 <U+25A1> MO <U+25A1>,Las Vegas,89165,Love's Travel Stop # 340,702-643-7398,2014,Las Vegas,NV,Love's,,I-15 Exit 64,Exit,64,False,,False,I-15,,None,,
Las Vegas ( North ) ( 89165 ) Love's Travel Stop # 340 Blvd ) RS,702-643-7398 I-15 Exit 64 24,24 <U+2610> M <U+25A1>,Las Vegas,89165,Love's Travel Stop # 340 Blvd ) RS,702-643-7398,2015,Las Vegas,NV,Love's,,I-15 Exit 64 24,Exit,64,False,,False,I-15,,None,,
Las Vegas ( North ) ( 89165 ) Love's Travel Stop # 340,6 702-643-7398 I-15 Exit 64,<U+25A1> MO,Las Vegas,89165,Love's Travel Stop # 340,702-643-7398,2016,Las Vegas,NV,Love's,,I-15 Exit 64,Exit,64,False,,False,I-15,,None,,
Ely ( 89301 ) Silver Sage Travel Center ( Chevron ),775-289-6550 760 US 6-50 SE,24 MOO,Ely,89301,Silver Sage Travel Center ( Chevron ),775-289-6550,2014,Ely,NV,Chevron,,760 US 6-50 SE,Proper,,False,,False,US 6-50,,None,,
Ely ( 89301 ) Silver Sage Travel Center ( Chevron ),775-289-6550 760 US 6-50 SE,24 M,Ely,89301,Silver Sage Travel Center ( Chevron ),775-289-6550,2015,Ely,NV,Chevron,,760 US 6-50 SE,Proper,,False,,False,US 6-50,,None,,
E Ely ( 89301 ) Silver Sage Travel Center ( Chevron ),775-289-6550 763 US 6-50 SE,24 M O,Ely,89301,Silver Sage Travel Center ( Chevron ),775-289-6550,2016,Ely,NV,Chevron,,763 US 6-50 SE,Proper,,False,,False,US 6-50,,None,,
"Fallon , 89406 Smedley's Chevron",775-423-5500 1755 W US 50,S T,Fallon,89406,Smedley's Chevron,775-423-5500,2006,Fallon,NV,Chevron,,1755 W US 50,Proper,,False,,False,US 50,,None,,
"Fallon , 89406 Smedley's Chevron",775-423-5500 1755 W US 50,24 HRS 485,Fallon,89406,Smedley's Chevron,775-423-5500,2007,Fallon,NV,Chevron,,1755 W US 50,Proper,,False,,False,US 50,,None,,
"Fallon , 89406 Smedley's Chevron US 6 )",775-423-5500 1755 W US 50,MRS 24 SO 00 O <U+2610> <U+2610>,Fallon,89406,Smedley's Chevron US 6 ),775-423-5500,2008,Fallon,NV,Chevron,,1755 W US 50,Proper,,False,,False,US 50,,None,,
Fallon ( 89406 ) Smedley's Chevron,775-423-5500 1755 W US 50,<U+25A1> S,Fallon,89406,Smedley's Chevron,775-423-5500,2014,Fallon,NV,Chevron,,1755 W US 50,Proper,,False,,False,US 50,,None,,
Fallon ( 89406 ) Golden Gate Petroleum,775-423-5500 1755 W US 50,S 0,Fallon,89406,Golden Gate Petroleum,775-423-5500,2015,Fallon,NV,,,1755 W US 50,Proper,,False,,False,US 50,,None,,
"Fernley , 89408 Fernley Truck Inn",775-351-1000 I-80 Exit 48,48 49 <U+2610>,Fernley,89408,Fernley Truck Inn,775-351-1000,2006,Fernley,NV,,,I-80 Exit 48,Exit,48,False,,False,I-80,,None,,
", 89408 Fernley Truck Inn",DFernley 2775-351-1000 I-80 Exit 48,24 HRS XL,,89408,Fernley Truck Inn,775-351-1000,2007,Fernley,NV,,,I-80 Exit 48,Exit,48,False,,False,I-80,,None,,
"D Fernley , 89408 Fernley Truck Inn )",775-351-1000 I-80 Exit 48,24 XLO 24,Fernley,89408,Fernley Truck Inn ),775-351-1000,2008,Fernley,NV,,,I-80 Exit 48,Exit,48,False,,False,I-80,,None,,
"Fernley , 89408 Winners Corner # 50",775-575-1990 I-80 Exit 48,S,Fernley,89408,Winners Corner # 50,775-575-1990,2006,Fernley,NV,,,I-80 Exit 48,Exit,48,False,,False,I-80,,None,,
"Fernley , 89408 Winners Corner # 50 ( Texaco )",775-575-1990 I-80 Exit 48,24 HRS S 000,Fernley,89408,Winners Corner # 50 ( Texaco ),775-575-1990,2007,Fernley,NV,Texaco,,I-80 Exit 48,Exit,48,False,,False,I-80,,None,,
"Fernley , 89408 Big Wheel Truck",775-575-1990 I-80 Exit 48 Stop # 50 ( Texaco ),HAS 24 S <U+2610> <U+2610>,Fernley,89408,Big Wheel Truck,775-575-1990,2008,Fernley,NV,,( Texaco ),I-80 Exit 48 Stop # 50 ,Exit,48,False,,False,I-80,,None,,
Fernley ( 89408 ) Terrible's Travel Center,775-575-5919 I-80 Exit 48,24 M <U+25A1> <U+2610>,Fernley,89408,Terrible's Travel Center,775-575-5919,2014,Fernley,NV,,,I-80 Exit 48,Exit,48,False,,False,I-80,,None,,
D Fernley ( 89408 ) Flying J Travel Plaza # 1005,775-575-5919 I-80 Exit 48 pilot,24 MO 24,Fernley,89408,Flying J Travel Plaza # 1005,775-575-5919,2015,Fernley,NV,Flying J,,I-80 Exit 48 pilot,Exit,48,False,,False,I-80,,None,,
D Fernley ( 89408 ) Flying J Travel Plaza # 1005,775-575-5919 I-80 Exit 48,FLYING J 24 L 24 24,Fernley,89408,Flying J Travel Plaza # 1005,775-575-5919,2016,Fernley,NV,Flying J,,I-80 Exit 48,Exit,48,False,,False,I-80,,None,,
Hawthorne ( 89415 ) Golden Gate ( 76 ),775-316-8737 US 95 Bypass N & F St,24 M,Hawthorne,89415,Golden Gate ( 76 ),775-316-8737,2016,Hawthorne,NV,,,US 95 Bypass N & F St,empty,,False,,False,US 95,F St,None,,
"Mill City , 89418 TravelCenters of America ( Arco )",775-538-7306 I-80 Exit 149 EB / 151 WB TA,FIRS XL,Mill City,89418,TravelCenters of America ( Arco ),775-538-7306,2006,Imlay,NV,TravelCenters,,I-80 Exit 149 EB / 151 WB TA,Exit,149,False,,False,I-80,,151,,
", 89418 TravelCenters of America # 181",CMill 3775-538-7306 City I-80 Exit 149 EB / 151 WB,XL,,89418,TravelCenters of America # 181,775-538-7306,2007,Imlay,NV,TravelCenters,,City I-80 Exit 149 EB / 151 WB,Exit,149,False,,False,I-80,,151,,
"C / Mill City , 89418 I-15 TravelCenters Exit 122 of America # 181",31775-538-7306 I-80 Exit 149 EB / 151 WB,24 XL 24 <U+25A1> <U+25A1>,/ Mill City,89418,I-15 TravelCenters Exit 122 of America # 181,775-538-7306,2008,Imlay,NV,TravelCenters,,I-80 Exit 149 EB / 151 WB,Exit,149,False,,False,I-80,,151,,
Mill City ( 89418 ) I-15 TA Mill Exit City 122 # 181 ( Valero ),775-538-7311 I-80 Exit 149 EB / 151 WB,24 D XL,Mill City,89418,I-15 TA Mill Exit City 122 # 181 ( Valero ),775-538-7311,2014,Imlay,NV,Valero,,I-80 Exit 149 EB / 151 WB,Exit,149,False,,False,I-80,,151,,
Mill City ( 89418 ) I-15 TA Mill Exit City 122 # 181 ( Valero ) 24 HORS,775-538-7311 I-80 Exit 149 EB / 151 WB A PARD,HORS PARD XL <U+25A1>,Mill City,89418,I-15 TA Mill Exit City 122 # 181 ( Valero ) 24 HORS,775-538-7311,2015,Imlay,NV,Valero,,I-80 Exit 149 EB / 151 WB A PARD,Exit,149,False,,False,I-80,,151,,
7702-346-8881 CMill City ( 89418 ) I-15 TA Mill Exit City 122 # 181 ( Valero ),775-538-7311 I-80 Exit 149 EB / 151 WB,24 XL D <U+25A1>,Mill City,89418,I-15 TA Mill Exit City 122 # 181 ( Valero ),775-538-7311,2016,Imlay,NV,Valero,,I-80 Exit 149 EB / 151 WB,Exit,149,False,,False,I-80,,151,,
Lovelock ( 89419 ) Golden Gate,775-273-7700 I-80 Exit 106,24 SO,Lovelock,89419,Golden Gate,775-273-7700,2015,Lovelock,NV,,,I-80 Exit 106,Exit,106,False,,False,I-80,,None,,
Lovelock ( 89419 ) Golden Gate ( Conoco ),775-273-7700 I-80 Exit 106,24 SO D,Lovelock,89419,Golden Gate ( Conoco ),775-273-7700,2016,Lovelock,NV,Conoco,,I-80 Exit 106,Exit,106,False,,False,I-80,,None,,
Lovelock ( 89419 ) Golden Gate,775-273-7800 I-80 Exit 106,24 S,Lovelock,89419,Golden Gate,775-273-7800,2014,Lovelock,NV,,,I-80 Exit 106,Exit,106,False,,False,I-80,,None,,
Clark Station ( 89434 ) Golden Gate Auto Truck Plaza,775-473-6800 I-80 Exit 32 ( USA Pkwy - 1.5 mi SE ),24 M,Clark Station,89434,Golden Gate Auto Truck Plaza,775-473-6800,2014,Sparks,NV,,( USA Pkwy - 1.5 mi SE ),I-80 Exit 32 ,Exit,32,False,,False,I-80,,None,,
D Clark Station ( 89434 ) Golden Gate Auto Truck Plaza,775-473-6800 I-80 Exit 32 ( USA Pkwy - 1.5 mi ) AMBEST,IN MOO <U+2610> <U+2610>,Clark Station,89434,Golden Gate Auto Truck Plaza,775-473-6800,2015,Sparks,NV,,( USA Pkwy - 1.5 mi ) AMBEST,I-80 Exit 32 ,Exit,32,False,,False,I-80,,None,,
D Clark Station ( 89434 ) Golden Gate Auto Truck Plaza,775-473-6800 I-80 Exit 32 ( USA Pkwy - 1.5 mi,DRS 24 MO <U+25A1>,Clark Station,89434,Golden Gate Auto Truck Plaza,775-473-6800,2016,Sparks,NV,,( USA Pkwy - 1.5 mi,I-80 Exit 32 ,Exit,32,False,,False,I-80,,None,,
"Verdi , 89439 Boomtown Casino / Truck Stop",775-345-8672 I-80 Exit 4 ( Boomtown - Garson Rd ),L O,Verdi,89439,Boomtown Casino / Truck Stop,775-345-8672,2006,Verdi,NV,,( Boomtown - Garson Rd ),I-80 Exit 4 ,Exit,4,False,,False,I-80,,None,,
"Verdi , 89439 Boomtown Casino / Truck Stop",775-345-8672 I-80 Exit 4 ( Boomtown - Garson Rd ),24 XL,Verdi,89439,Boomtown Casino / Truck Stop,775-345-8672,2007,Verdi,NV,,( Boomtown - Garson Rd ),I-80 Exit 4 ,Exit,4,False,,False,I-80,,None,,
B Winnemucca ( 89445 ) Pilot Travel Center # 485,775-625-2800 I-80 Exit 173 ( W Interchange ),<U+2610> XL,Winnemucca,89445,Pilot Travel Center # 485,775-625-2800,2014,Winnemucca,NV,Pilot,( W Interchange ),I-80 Exit 173 ,Exit,173,False,,False,I-80,,None,,
B Winnemucca ( 89445 ) Pilot Travel Center # 485 plot,3 775-625-2800 I-80 Exit 173 ( W Interchange ),24 XL,Winnemucca,89445,Pilot Travel Center # 485 plot,775-625-2800,2015,Winnemucca,NV,Pilot,( W Interchange ),I-80 Exit 173 ,Exit,173,False,,False,I-80,,None,,
Winnemucca ( 89445 ) Pilot Travel Center # 485,775-625-2800 I-80 Exit 173 ( W Interchange ),Pos 24 XL 24,Winnemucca,89445,Pilot Travel Center # 485,775-625-2800,2016,Winnemucca,NV,Pilot,( W Interchange ),I-80 Exit 173 ,Exit,173,False,,False,I-80,,None,,
D Reno ( 89506 ) Golden Gate,775-971-3801 US 395 Exit 73 ( Golden Valley W ),24 <U+2610> <U+2610>,Reno,89506,Golden Gate,775-971-3801,2014,Reno,NV,,( Golden Valley W ),US 395 Exit 73 ,Exit,73,False,,False,US 395,,None,,
D Reno ( 89506 ) Golden Gate,775-971-3801 US 395 Exit 73 ( Golden Valley W ),24 <U+2610> <U+25A1> <U+25A1>,Reno,89506,Golden Gate,775-971-3801,2015,Reno,NV,,( Golden Valley W ),US 395 Exit 73 ,Exit,73,False,,False,US 395,,None,,
D Reno ( 89506 ) Golden Gate,775-971-3801 US 395 Exit 73 ( Golden Valley W ),24 <U+2610> <U+25A1>,Reno,89506,Golden Gate,775-971-3801,2016,Reno,NV,,( Golden Valley W ),US 395 Exit 73 ,Exit,73,False,,False,US 395,,None,,
"Reno , 89512 Nite -N - Day",775-329-4015 2500 E 4th St,HRS,Reno,89512,Nite -N - Day,775-329-4015,2006,Reno,NV,,,2500 E 4th St,Proper,,False,,False,4th St,,None,,
"Reno , 89512 Nite -N - Day ( Shell )",775-329-4015 2500 E 4th St,,Reno,89512,Nite -N - Day ( Shell ),775-329-4015,2007,Reno,NV,Shell,,2500 E 4th St,Proper,,False,,False,4th St,,None,,
"Reno , 89512 Nite -N- Day ( Shell )",775-329-4015 2500 E 4th St,<U+2610> <U+2610> <U+2610><U+2610>,Reno,89512,Nite -N- Day ( Shell ),775-329-4015,2008,Reno,NV,Shell,,2500 E 4th St,Proper,,False,,False,4th St,,None,,
D Reno ( 89512 ) Nite -N - Day ( Valero ),775-329-4015 2500 E 4th St,<U+2610> <U+2610>,Reno,89512,Nite -N - Day ( Valero ),775-329-4015,2014,Reno,NV,Valero,,2500 E 4th St,Proper,,False,,False,4th St,,None,,
B Wells ( 89835 ) Love's Travel Stop # 365,775-752-9915 I-80 Exit 352 ( US 93 S ),M,Wells,89835,Love's Travel Stop # 365,775-752-9915,2014,Wells,NV,Love's,( US 93 S ),I-80 Exit 352 ,Exit,352,False,,False,I-80,,None,,
B Wells ( 89835 ) Love's Travel Stop # 365,6 775-752-9915 I-80 Exit 352 ( US 93 S ),24 <U+2610> M,Wells,89835,Love's Travel Stop # 365,775-752-9915,2015,Wells,NV,Love's,( US 93 S ),I-80 Exit 352 ,Exit,352,False,,False,I-80,,None,,
B Wells ( 89835 ) Love's Travel Stop # 365,775-752-9915 I-80 Exit 352 ( US 93 S ),24 MO 024 0,Wells,89835,Love's Travel Stop # 365,775-752-9915,2016,Wells,NV,Love's,( US 93 S ),I-80 Exit 352 ,Exit,352,False,,False,I-80,,None,,
Los Angeles ( 90021 ) DeWitt Fuel Stop / Blue Beacon ( CFN ),213-477-1060 I-10 Exit 15 B ( 3 blks S on Alameda ),24 24 <U+25A1> <U+2610>,Los Angeles,90021,DeWitt Fuel Stop / Blue Beacon ( CFN ),213-477-1060,2015,Los Angeles,CA,,( 3 blks S on Alameda ),I-10 Exit 15 B ,Exit,15,False,,False,I-10,,None,,
Los Angeles ( 90021 ) DeWitt Fuel Stop / Blue Beacon ( CFN ),213-477-1060 I-10 Exit 15 B ( 3 blks S on Alameda ),24 225 <U+25A1> <U+25A1>,Los Angeles,90021,DeWitt Fuel Stop / Blue Beacon ( CFN ),213-477-1060,2016,Los Angeles,CA,,( 3 blks S on Alameda ),I-10 Exit 15 B ,Exit,15,False,,False,I-10,,None,,
Los Angeles ( 90021 ) CT Fuel Stop,5 213-749-7667 I-10 Exit 15 B ( Alameda & 14th ),24 <U+2610>,Los Angeles,90021,CT Fuel Stop,213-749-7667,2014,Los Angeles,CA,,( Alameda & 14th ),I-10 Exit 15 B ,Exit,15,False,,False,I-10,,None,,
Los Angeles ( 90021 ) DeWitt Fuel Stop ( CFN Cardlock ),5 626-444-2691 I-10 Exit 15 B ( 3 blks S on Alameda ),24 38 <U+2610> <U+25A1> <U+2610>,Los Angeles,90021,DeWitt Fuel Stop ( CFN Cardlock ),626-444-2691,2014,Los Angeles,CA,,( 3 blks S on Alameda ),I-10 Exit 15 B ,Exit,15,False,,False,I-10,,None,,
"Vernon , 90028 West Coast Petroleum",323-267-0706 3308 Bandini ( 2 mi W of I -,24 HRS +91 <U+2610>,Vernon,90028,West Coast Petroleum,323-267-0706,2006,Los Angeles,CA,,( 2 mi W of I -,3308 Bandini,Proper,,False,,False,3308 Bandini,,None,,
"Vernon , 90028 Vernon Truck Wash",5 323-267-0706 3308 Bandini ( 2 mi W of I-710 ),24,Vernon,90028,Vernon Truck Wash,323-267-0706,2007,Los Angeles,CA,,( 2 mi W of I-710 ),3308 Bandini,Proper,,False,,False,3308 Bandini,,None,,
"Vernon , 90028 Vernon Truck Wash",323-267-0706 3308 Bandini ( 2 mi W of I-710 ) .,HRS 24 S 00,Vernon,90028,Vernon Truck Wash,323-267-0706,2008,Los Angeles,CA,,( 2 mi W of I-710 ) .,3308 Bandini,Proper,,False,,False,3308 Bandini,,None,,
Vernon ( 90058 ) Vernon Truck Wash ( Speedy Fuel ),323-267-0706 3308 Bandini ( 2 mi W of I-710 ),24 24 S,Vernon,90058,Vernon Truck Wash ( Speedy Fuel ),323-267-0706,2014,Los Angeles,CA,,( 2 mi W of I-710 ),3308 Bandini,Proper,,False,,False,3308 Bandini,,None,,
Vernon ( 90058 ) Vernon Truck Wash W ( Speedy of I-710 Fuel ) ),323-267-0706 3308 Bandini ( 2 mi W I -,<U+25A1>,Vernon,90058,Vernon Truck Wash W ( Speedy of I-710 Fuel ) ),323-267-0706,2015,Los Angeles,CA,,( 2 mi W I -,3308 Bandini,Proper,,False,,False,3308 Bandini,,None,,
Vernon ( 90058 ) Vernon Truck Wash ( Speedy - Fuel ) ),323-267-0706 3308 Bandini ( 2 mi W of I - ),SOO <U+25A1>,Vernon,90058,Vernon Truck Wash ( Speedy - Fuel ) ),323-267-0706,2016,Los Angeles,CA,,( 2 mi W of I - ),3308 Bandini,Proper,,False,,False,3308 Bandini,,None,,
Bell Gardens ( 90201 ) Webb's Chevron,"323-771-1932 I-710 X 15 ( E to Eastern , N to Gage )",HRS 24 D,Bell Gardens,90201,Webb's Chevron,323-771-1932,2016,Bell Gardens,CA,Chevron,"( E to Eastern , N to Gage )",I-710 X 15 ,Exit,15,False,,False,I-710,,None,,
"Bell Gardens , 90201 Webb Truck Service ( Chevron )",323-773-2673 I-710 Ex 15 ( Florence to Gage Ave ),<U+2610>,Bell Gardens,90201,Webb Truck Service ( Chevron ),323-773-2673,2006,Bell Gardens,CA,Chevron,( Florence to Gage Ave ),I-710 Ex 15 ,Exit,15,False,,False,I-710,,None,,
"Bell Gardens , 90201 Webb Truck Service ( Chevron )",323-773-2673 I-710 Ex 15 ( Florence to Gage Ave ),24 000,Bell Gardens,90201,Webb Truck Service ( Chevron ),323-773-2673,2007,Bell Gardens,CA,Chevron,( Florence to Gage Ave ),I-710 Ex 15 ,Exit,15,False,,False,I-710,,None,,
"Bell Gardens , 90201 Webb Truck Service ( Chevron )",323-773-2673 I-710 Ex 15 ( Florence to Gage Ave ),) HIRUS 24 D,Bell Gardens,90201,Webb Truck Service ( Chevron ),323-773-2673,2008,Bell Gardens,CA,Chevron,( Florence to Gage Ave ),I-710 Ex 15 ,Exit,15,False,,False,I-710,,None,,
C Bell Gardens ( 90201 ) Webb's Auto & Truck Service ( Chevron ),"323-773-2673 I-710 X 15 ( E to Eastern , N to Gage )",) 24 D,Bell Gardens,90201,Webb's Auto & Truck Service ( Chevron ),323-773-2673,2014,Bell Gardens,CA,Chevron,"( E to Eastern , N to Gage )",I-710 X 15 ,Exit,15,False,,False,I-710,,None,,
C Bell Gardens ( 90201 ) Webb's Auto & Truck Service ) ( Chevron ),"4 323-773-2673 I-710 X 15 ( E to Eastern , N to",24 32 D,Bell Gardens,90201,Webb's Auto & Truck Service ) ( Chevron ),323-773-2673,2015,Bell Gardens,CA,Chevron,"( E to Eastern , N to",I-710 X 15 ,Exit,15,False,,False,I-710,,None,,
"Huntington Park , 90255 Slauson Shell",323-589-3576 2400 E Slauson,S,Huntington Park,90255,Slauson Shell,323-589-3576,2006,Huntington Park,CA,Shell,,2400 E Slauson,Proper,,False,,False,2400 E,,None,,
"Huntington Park , 90255 Slauson Shell",323-589-3576 2400 E Slauson,24,Huntington Park,90255,Slauson Shell,323-589-3576,2007,Huntington Park,CA,Shell,,2400 E Slauson,Proper,,False,,False,2400 E,,None,,
"Huntington Park , 90255 Slauson Shell",323-589-3576 2400 E Slauson,24 <U+2610>,Huntington Park,90255,Slauson Shell,323-589-3576,2008,Huntington Park,CA,Shell,,2400 E Slauson,Proper,,False,,False,2400 E,,None,,
"H Buena Park , 90621 Buena Park Star Mart ( Shell )",714-739-4777 I-5 Exit 117 ( Artesia E to Manchester ),24 489 XL 24 <U+25A1>,Buena Park,90621,Buena Park Star Mart ( Shell ),714-739-4777,2006,Buena Park,CA,Shell,( Artesia E to Manchester ),I-5 Exit 117 ,Exit,117,False,,False,I-5,,None,,
"C Montebello , 90640 Dewitt Petroleum","323-725-1659 I-5 Exit 126 B ( Slausen E , N on Chapin )",) 24 00,Montebello,90640,Dewitt Petroleum,323-725-1659,2008,Montebello,CA,,"( Slausen E , N on Chapin )",I-5 Exit 126 B ,Exit,126,False,,False,I-5,,None,,
C Montebello ( 90640 ) DeWitt Fuel Stop,"5 323-725-1659 I-5 Exit 126 B ( Slauson E , N on Chapin )",) 1,Montebello,90640,DeWitt Fuel Stop,323-725-1659,2014,Montebello,CA,,"( Slauson E , N on Chapin )",I-5 Exit 126 B ,Exit,126,False,,False,I-5,,None,,
Montebello ( 90640 ) DeWitt Fuel ( W Stop jct ),323-725-1659 I-5 Exit 126 B (,) B D,Montebello,90640,DeWitt Fuel ( W Stop jct ),323-725-1659,2015,Montebello,CA,,(,I-5 Exit 126 B ,Exit,126,False,,False,I-5,,None,,
Montebello ( 90640 ) SC Fuels,"5 / 323-725-1659 I-5 Exit 126 B ( Slauson E , N on Chapin )",<U+2610> <U+2610> <U+2610> 0 <U+2610> <U+2610>,Montebello,90640,SC Fuels,323-725-1659,2016,Montebello,CA,,"( Slauson E , N on Chapin )",I-5 Exit 126 B ,Exit,126,False,,False,I-5,,None,,
"Commerce , 90640 Unified Gas","5 323-726-1474 I-5 Exit 128B ( Washington , 5 blks E )",,Commerce,90640,Unified Gas,323-726-1474,2006,Montebello,CA,,"( Washington , 5 blks E )",I-5 Exit 128B ,Exit,128B,False,,False,I-5,,None,,
"Commerce , 90640 Valero",323-726-1474 I-5 Exit 128 B ( E to 1436 W Washington ),),Commerce,90640,Valero,323-726-1474,2007,Montebello,CA,Valero,( E to 1436 W Washington ),I-5 Exit 128 B ,Exit,128,False,,False,I-5,,None,,
"Commerce , 90640 Valero",5 323-726-1474 I-5 Exit 128 B ( E to 1436 W Washington ),) 24 HRS 00,Commerce,90640,Valero,323-726-1474,2008,Montebello,CA,Valero,( E to 1436 W Washington ),I-5 Exit 128 B ,Exit,128,False,,False,I-5,,None,,
Montebello ( 90640 ) CAT Scale & Fuel,323-726-1474 I-5 Exit 128 B ( E to 1436 W Washington ),24 <U+2610> <U+2610> D,Montebello,90640,CAT Scale & Fuel,323-726-1474,2016,Montebello,CA,,( E to 1436 W Washington ),I-5 Exit 128 B ,Exit,128,False,,False,I-5,,None,,
"C Montebello , 90640 AMF Distributors","323-887-7000 I-5 Exit 126B ( Slausen E , N on Chapin )",) HR $ -,Montebello,90640,AMF Distributors,323-887-7000,2006,Montebello,CA,,"( Slausen E , N on Chapin )",I-5 Exit 126B ,Exit,126B,False,,False,I-5,,None,,
"C Montebello , 90640 AMF Distributors","323-887-7000 I-5 Exit 126 B ( Slausen E , N on",) HRS 24,Montebello,90640,AMF Distributors,323-887-7000,2007,Montebello,CA,,"( Slausen E , N on",I-5 Exit 126 B ,Exit,126,False,,False,I-5,,None,,
"Long Beach , 90802 Port Petroleum ( Chevron )",562-437-0122 I-710 Ex 1 B SB ( Pico Ave ),) HRS 24,Long Beach,90802,Port Petroleum ( Chevron ),562-437-0122,2006,Long Beach,CA,Chevron,( Pico Ave ),I-710 Ex 1 B SB ,Exit,1,False,,False,I-710,,None,,
"Long Beach , 90802 Port Petroleum",562-437-0122 I-710 Ex 1 B SB ( Pico Ave - Pier D ),000,Long Beach,90802,Port Petroleum,562-437-0122,2007,Long Beach,CA,,( Pico Ave - Pier D ),I-710 Ex 1 B SB ,Exit,1,False,,False,I-710,,None,,
"Long Beach , 90802 Port Petroleum",51562-437-0122 I-710 Exit 1 B SB ( Pico Ave - Pier D ),<U+2610>,Long Beach,90802,Port Petroleum,562-437-0122,2008,Long Beach,CA,,( Pico Ave - Pier D ),I-710 Exit 1 B SB ,Exit,1,False,,False,I-710,,None,,
D Long Beach ( 90805 ) Viva,562-984-9231 I-710 Exit 7 NB / 7 B SB ( 1 blk N ),24 FR <U+2610>,Long Beach,90805,Viva,562-984-9231,2014,Long Beach,CA,,( 1 blk N ),I-710 Exit 7 NB / 7 B SB ,Exit,7,False,,False,I-710,,7,,
"Long Beach , 90810 Long Beach Travel Center ( Shell )",562-432-0505 I-710 Ex 2 ( CA 14 blks E to 1670 W PCH ),PCH ) ) 24 <U+2610>,Long Beach,90810,Long Beach Travel Center ( Shell ),562-432-0505,2006,Long Beach,CA,Shell,( CA 14 blks E to 1670 W PCH ),I-710 Ex 2 ,Exit,2,False,,False,I-710,,None,,
"Long Beach , 90810 Long Beach Travel Center ( Shell )",562-432-0505 I-710 Ex 2 ( 2 blks W to 1670 W CA 1 ),) HRS 24 000,Long Beach,90810,Long Beach Travel Center ( Shell ),562-432-0505,2007,Long Beach,CA,Shell,( 2 blks W to 1670 W CA 1 ),I-710 Ex 2 ,Exit,2,False,,False,I-710,,None,,
"Long Beach , 90810 Long Beach Travel Center ( Shell ) ( CA 1 )",562-432-0505 I-710 Ex 2 ( 2 blks W to 1670 PCH ( CA 1 ),1 ) ) 24 <U+2610>,Long Beach,90810,Long Beach Travel Center ( Shell ) ( CA 1 ),562-432-0505,2008,Long Beach,CA,Shell,( 2 blks W to 1670 PCH ( CA 1 ),I-710 Ex 2 ,Exit,2,False,,False,I-710,,None,,
D Long Beach ( 90810 ) Long Beach Travel Center ( Shell ),5 562-432-0505 I-710 Exit 2 ( 2 blks W to 1670 W PCH ),) 24 <U+2610>,Long Beach,90810,Long Beach Travel Center ( Shell ),562-432-0505,2014,Long Beach,CA,Shell,( 2 blks W to 1670 W PCH ),I-710 Exit 2 ,Exit,2,False,,False,I-710,,None,,
D Long Beach ( 90810 ) Long Beach Travel Center ( Shell ),562-432-0505 I-710 Exit 2 ( 2 blks W to 1670 W PCH ),) 24 24 <U+2610>,Long Beach,90810,Long Beach Travel Center ( Shell ),562-432-0505,2015,Long Beach,CA,Shell,( 2 blks W to 1670 W PCH ),I-710 Exit 2 ,Exit,2,False,,False,I-710,,None,,
Long Beach ( 90810 ) PCH Truck Stop ( Chevron ),5 562-980-1700 I-710 Ex 2 ( CA 13 blks E to 1603 W PCH ),) 24 <U+2610> <U+25A1> DO,Long Beach,90810,PCH Truck Stop ( Chevron ),562-980-1700,2014,Long Beach,CA,Chevron,( CA 13 blks E to 1603 W PCH ),I-710 Ex 2 ,Exit,2,False,,False,I-710,,None,,
D Long Beach ( 90810 ) PCH Truck Stop ( Chevron ),5 562-980-1700 I-710 Ex 2 ( CA 13 blks E to 1603 W PCH ) .,) . 24 24 <U+2610>,Long Beach,90810,PCH Truck Stop ( Chevron ),562-980-1700,2015,Long Beach,CA,Chevron,( CA 13 blks E to 1603 W PCH ) .,I-710 Ex 2 ,Exit,2,False,,False,I-710,,None,,
Long Beach ( 90810 ) PCH Truck Stop,562-980-1700 I-710 Ex 2 ( CA 13 blks E to 1603 W PCH ),) 24,Long Beach,90810,PCH Truck Stop,562-980-1700,2016,Long Beach,CA,,( CA 13 blks E to 1603 W PCH ),I-710 Ex 2 ,Exit,2,False,,False,I-710,,None,,
"San Fernando , 91340 Truman Prena",818-898-9225 1601 Truman St ( S of Hubbard St ),""" <U+2610>",San Fernando,91340,Truman Prena,818-898-9225,2006,San Fernando,CA,,( S of Hubbard St ),1601 Truman St,Proper,,False,,False,Truman St,,None,,
"San Fernando , 91340 Truman Fuel ( Valero )",818-898-9225 1601 Truman St ( S of Hubbard St ),,San Fernando,91340,Truman Fuel ( Valero ),818-898-9225,2007,San Fernando,CA,Valero,( S of Hubbard St ),1601 Truman St,Proper,,False,,False,Truman St,,None,,
"San Fernando , 91340 Truman Fuel ( Valero ) , 1 mi E )",4 818-898-9225 1601 Truman St ( S of Hubbard St ),MRS <U+2610> <U+2610><U+2610>,San Fernando Truman Fuel,91340,"Truman Fuel ( Valero ) , 1 mi E )",818-898-9225,2008,San Fernando,CA,Valero,( S of Hubbard St ),1601 Truman St,Proper,,False,,False,Truman St,,None,,
"Valencia , 91355 Rye Canyon Starmart ( Shell ) )",4 661-294-0571 I-5 Exit 171 SB ( Rye ),HRS 24 000,Valencia,91355,Rye Canyon Starmart ( Shell ) ),661-294-0571,2006,Valencia,CA,Shell,( Rye ),I-5 Exit 171 SB ,Exit,171,False,,False,I-5,,None,,
"Valencia , 91355 Rye Canyon Starmart ( Chevron )",661-294-0571 I-5 Exit 171 SB ( Rye Canyon ),000,Valencia,91355,Rye Canyon Starmart ( Chevron ),661-294-0571,2007,Valencia,CA,Chevron,( Rye Canyon ),I-5 Exit 171 SB ,Exit,171,False,,False,I-5,,None,,
"Valencia , 91355 Rye Canyon Starmart ( Chevron )",4 661-294-0571 . I-5 Exit 171 SB ( Rye Canyon ),tois 24 <U+2610> <U+2610>,Valencia,91355,Rye Canyon Starmart ( Chevron ),661-294-0571,2008,Valencia,CA,Chevron,( Rye Canyon ),. I-5 Exit 171 SB ,Exit,171,False,,False,I-5,,None,,
"Thousand Oaks , 91360 Oaks Shell Center",4 805-496-8464 US 101 ( Ventura Fwy ) & Moor Park Rd,24 000 O,Thousand Oaks,91360,Oaks Shell Center,805-496-8464,2006,Thousand Oaks,CA,Shell,( Ventura Fwy ) & Moor Park Rd,US 101,empty,,False,,False,US 101,,None,,
"Azusa , 91702 David Texaco","61626-334-2477 I-210 Exit 38 ( N , 1 blk E on Foothill )",M,Azusa,91702,David Texaco,626-334-2477,2006,Azusa,CA,Texaco,"( N , 1 blk E on Foothill )",I-210 Exit 38 ,Exit,38,False,,False,I-210,,None,,
"Azusa , 91702 Shell","626-334-2477 I-210 Exit 38 ( N , 1 blk E on",24 000,Azusa,91702,Shell,626-334-2477,2007,Azusa,CA,Shell,"( N , 1 blk E on",I-210 Exit 38 ,Exit,38,False,,False,I-210,,None,,
"Azusa , 91702 Shell","6 626-812-9020 I-210 Exit 38 ( N , 1 blk E on Foothill )",24 <U+25A1> <U+25A1> <U+25A1>,Azusa,91702,Shell,626-812-9020,2008,Azusa,CA,Shell,"( N , 1 blk E on Foothill )",I-210 Exit 38 ,Exit,38,False,,False,I-210,,None,,
Chino ( 91710 ) DeWitt Fuel Stop ( CFN Cardlock ),6 909-464-1114 5415 Schaefer ( 1 blk E of Central ),<U+2610><U+2610> D,Chino,91710,DeWitt Fuel Stop ( CFN Cardlock ),909-464-1114,2014,Chino,CA,,( 1 blk E of Central ),5415 Schaefer,Proper,,False,,False,5415 Schaefer,,None,,
"South El Monte , 91733 Santa Anita Chevron",626-579-6874 CA 60 & Santa Anita Ave N,<U+2610> <U+2610>,South El Monte,91733,Santa Anita Chevron,626-579-6874,2006,South El Monte,CA,Chevron,,CA 60 & Santa Anita Ave N,empty,,False,,False,CA 60,Ave N,None,,
"South El Monte , 91733 Santa Anita Chevron",626-579-6874 CA 60 & Santa Anita Ave N,C,South El Monte,91733,Santa Anita Chevron,626-579-6874,2007,South El Monte,CA,Chevron,,CA 60 & Santa Anita Ave N,empty,,False,,False,CA 60,Ave N,None,,
"South El Monte , 91733 Santa Anita Chevron",5 626-579-6874 CA 60 & Santa Anita Ave N,HRS 24 <U+2610> 00 <U+2610> <U+2610>,South El Monte,91733,Santa Anita Chevron,626-579-6874,2008,South El Monte,CA,Chevron,,CA 60 & Santa Anita Ave N,empty,,False,,False,CA 60,Ave N,None,,
"Alpine , 91901 Tavern Road Fuel Stop",619-445-5118 I-8 Exit 30 ( Tavern Rd ),000 000,Alpine,91901,Tavern Road Fuel Stop,619-445-5118,2006,Alpine,CA,,( Tavern Rd ),I-8 Exit 30 ,Exit,30,False,,False,I-8,,None,,
"J Alpine , 91901 Tavern Road Fuel Stop",619-445-5118 I-8 Exit 30 ( Tavern Rd ),,Alpine,91901,Tavern Road Fuel Stop,619-445-5118,2007,Alpine,CA,,( Tavern Rd ),I-8 Exit 30 ,Exit,30,False,,False,I-8,,None,,
"Alpine , 91901 Alpine Valero",619-445-5260 I-8 Exit 30 ( Tavern Rd ),O,Alpine,91901,Alpine Valero,619-445-5260,2006,Alpine,CA,Valero,( Tavern Rd ),I-8 Exit 30 ,Exit,30,False,,False,I-8,,None,,
"Alpine , 91901 Alpine Chevron N",619-445-5260 0 I-8 Exit 30 ( Tavern ),FRS 24 000 0,Alpine,91901,Alpine Chevron N,619-445-5260,2007,Alpine,CA,Chevron,( Tavern ),0 I-8 Exit 30 ,Exit,30,False,,False,I-8,,None,,
"Alpine , 91901 Alpine Chevron",6 619-445-5260 I-8 Exit 30 ( Tavern Rd ),24 HRS,Alpine,91901,Alpine Chevron,619-445-5260,2008,Alpine,CA,Chevron,( Tavern Rd ),I-8 Exit 30 ,Exit,30,False,,False,I-8,,None,,
Jacumba ( 91934 ) Jacumba Shell,619-766-0029 I-8 Exit 73,24 MO,Jacumba,91934,Jacumba Shell,619-766-0029,2014,Jacumba,CA,Shell,,I-8 Exit 73,Exit,73,False,,False,I-8,,None,,
Jacumba ( 91934 ) Jacumba Shell S to Indio Blvd E ),619-766-0029 I-8 Exit 73,24 MO <U+2610><U+2610><U+2610>,Jacumba,91934,Jacumba Shell S to Indio Blvd E ),619-766-0029,2015,Jacumba,CA,Shell,,I-8 Exit 73,Exit,73,False,,False,I-8,,None,,
Jacumba ( 91934 ) Jacumba Shell S to Indio Blvd E ),6 619-766-0029 I-8 Exit 73,24 MO 02400,Jacumba,91934,Jacumba Shell S to Indio Blvd E ),619-766-0029,2016,Jacumba,CA,Shell,,I-8 Exit 73,Exit,73,False,,False,I-8,,None,,
"Carlsbad , 92008 Palomar Shell",760-438-3656 I-5 Exit 47 ( Palomar Airport Rd W ),24 <U+2610> <U+2610>,Carlsbad,92008,Palomar Shell,760-438-3656,2006,Carlsbad,CA,Shell,( Palomar Airport Rd W ),I-5 Exit 47 ,Exit,47,False,,False,I-5,,None,,
"Carlsbad , 92008 Palomar Shell",760-438-3656 I-5 Exit 47 ( Palomar Airport Rd W ),24,Carlsbad,92008,Palomar Shell,760-438-3656,2007,Carlsbad,CA,Shell,( Palomar Airport Rd W ),I-5 Exit 47 ,Exit,47,False,,False,I-5,,None,,
"Carlsbad , 92008 Palomar Shell",5 760-438-3656 I-5 Exit 47 ( Palomar Airport Rd W ),24 HRS <U+2610> <U+2610>,Carlsbad,92008,Palomar Shell,760-438-3656,2008,Carlsbad,CA,Shell,( Palomar Airport Rd W ),I-5 Exit 47 ,Exit,47,False,,False,I-5,,None,,
Carlsbad ( 92008 ) Palomar Shell,5 760-438-3656 I-5 Exit 47 ( Palomar Airport Rd W ),24 <U+25A1> <U+25A1> <U+25A1>,Carlsbad,92008,Palomar Shell,760-438-3656,2014,Carlsbad,CA,Shell,( Palomar Airport Rd W ),I-5 Exit 47 ,Exit,47,False,,False,I-5,,None,,
Carlsbad ( 92008 ) Palomar Shell E of town ),5 760-438-3656 I-5 Exit 47 ( Palomar,24 <U+25A1>,Carlsbad,92008,Palomar Shell E of town ),760-438-3656,2015,Carlsbad,CA,Shell,( Palomar,I-5 Exit 47 ,Exit,47,False,,False,I-5,,None,,
"Santee , 92071 El Capitan Oil",619-448-5891 Hwy 67 & Riverford Rd,484 <U+2610> SO,Santee,92071,El Capitan Oil,619-448-5891,2006,Santee,CA,,,Hwy 67 & Riverford Rd,empty,,False,,False,Hwy 67,Riverford Rd,None,,
"Santee , 92071 El Capitan Oil",619-448-5891 Hwy 67 & Riverford Rd,24 000,Santee,92071,El Capitan Oil,619-448-5891,2007,Santee,CA,,,Hwy 67 & Riverford Rd,empty,,False,,False,Hwy 67,Riverford Rd,None,,
"Santee , 92071 El Capitan Oil",5 619-448-5891 Hwy 67 & Riverford Rd,00,Santee,92071,El Capitan Oil,619-448-5891,2008,Santee,CA,,,Hwy 67 & Riverford Rd,empty,,False,,False,Hwy 67,Riverford Rd,None,,
J Santee ( 92071 ) Dion & Sons Cardlock ( Pac Pride ),5 619-448-5891 CA 67 N & Riverford Rd,<U+2610> <U+2610> <U+2610> <U+2610>,Santee,92071,Dion & Sons Cardlock ( Pac Pride ),619-448-5891,2014,Santee,CA,,,CA 67 N & Riverford Rd,empty,,False,,False,CA 67,Riverford Rd,None,,
J Santee ( 92071 ) Dion & Sons Cardlock ( Pac Pride ),5 619-448-5891 CA 67 N & Riverford Rd,<U+2610>,Santee,92071,Dion & Sons Cardlock ( Pac Pride ),619-448-5891,2015,Santee,CA,,,CA 67 N & Riverford Rd,empty,,False,,False,CA 67,Riverford Rd,None,,
Otay Mesa ( 92154 ) Pilot Travel Center # 343,619-661-9558 CA 905 & CA 125,Pilot 24 XL <U+25A1>,Otay Mesa,92154,Pilot Travel Center # 343,619-661-9558,2014,San Diego,CA,Pilot,,CA 905 & CA 125,empty,,False,,False,CA 905,CA 125,None,,
Otay Mesa ( 92154 ) Pilot Travel Center # 343 E,619-661-9558 CA 905 & CA 125,pilot 24 <U+25A1> XL <U+2610>,Otay Mesa,92154,Pilot Travel Center # 343 E,619-661-9558,2015,San Diego,CA,Pilot,,CA 905 & CA 125,empty,,False,,False,CA 905,CA 125,None,,
Otay Mesa ( 92154 ) Pilot Travel Center # 343 E,619-661-9558 CA 905 Exit 7 ( N to Otay Mesa E ),pitot 24 <U+2610> XL D 24,Otay Mesa,92154,Pilot Travel Center # 343 E,619-661-9558,2016,San Diego,CA,Pilot,( N to Otay Mesa E ),CA 905 Exit 7 ,Exit,7,False,,False,CA 905,,None,,
Otay Mesa ( 92154 ) La Media Travel Center ( Chevron Mesa Rd ) E ),619-671-0700 CA 905 Exit 7 ( N to Otay,pitot 24 S,Otay Mesa,92154,La Media Travel Center ( Chevron Mesa Rd ) E ),619-671-0700,2016,San Diego,CA,Chevron,( N to Otay,CA 905 Exit 7 ,Exit,7,False,,False,CA 905,,None,,
"Coachella , 92201 Texaco Truck Stop","6 760-342-3999 I-10 Exit 146 ( Dillon Rd , 1.5 mi S )",M 0,Coachella,92201,Texaco Truck Stop,760-342-3999,2006,Indio,CA,Texaco,"( Dillon Rd , 1.5 mi S )",I-10 Exit 146 ,Exit,146,False,,False,I-10,,None,,
"Coachella , 92201 Indio Truck Stop","6 760-342-3999 I-10 Exit 146 ( Dillon Rd , 1.5 mi S )",MOOD <U+25A1> <U+2610>,Coachella,92201,Indio Truck Stop,760-342-3999,2007,Indio,CA,,"( Dillon Rd , 1.5 mi S )",I-10 Exit 146 ,Exit,146,False,,False,I-10,,None,,
"Coachella , 92201 Indio Truck Stop","6 760-342-3999 I-10 Exit 146 ( Dillon Rd , 1.5 mi S )",M <U+2610> <U+2610>,Coachella,92201,Indio Truck Stop,760-342-3999,2008,Indio,CA,,"( Dillon Rd , 1.5 mi S )",I-10 Exit 146 ,Exit,146,False,,False,I-10,,None,,
Coachella ( 92201 ) Indio Truck Stop,"6 760-342-3999 I-10 Exit 146 ( Dillon Rd , 1.5 mi S )",<U+25A1> <U+2610>,Coachella,92201,Indio Truck Stop,760-342-3999,2014,Indio,CA,,"( Dillon Rd , 1.5 mi S )",I-10 Exit 146 ,Exit,146,False,,False,I-10,,None,,
Coachella ( 92201 ) Indio Truck Stop,"760-342-3999 I-10 Exit 146 ( Dillon Rd , 1.5 mi S )",<U+2610> [ ] 0,Coachella,92201,Indio Truck Stop,760-342-3999,2015,Indio,CA,,"( Dillon Rd , 1.5 mi S )",I-10 Exit 146 ,Exit,146,False,,False,I-10,,None,,
"Banning , 92220 Royal Service",951-845-4391 I-10 Exit 96 ( Highland Springs Ave ),24,Banning,92220,Royal Service,951-845-4391,2006,Banning,CA,,( Highland Springs Ave ),I-10 Exit 96 ,Exit,96,False,,False,I-10,,None,,
Calexico USA Gasoline # 870,760-357-9391 CA 7 ( S of CA 98-4 mi E of town ),FRS 24 M,,92231,,760-357-9391,2007,Calexico,CA,,( S of CA 98-4 mi E of town ),CA 7,empty,,False,,False,CA 7,,None,,
"Calexico , 92231 USA Gasoline # 870",760-357-9391 CA 7 ( S of CA 98 -4 mi E of town ),24 HRS M,Calexico,92231,USA Gasoline # 870,760-357-9391,2008,Calexico,CA,,( S of CA 98 -4 mi E of town ),CA 7,empty,,False,,False,CA 7,,None,,
Calexico ( 92231 ) USA Gasoline # 68114,760-357-9391 CA 98 & CA 7 S ( 4 mi E of town ),24 <U+25A1> <U+25A1> D,Calexico,92231,USA Gasoline # 68114,760-357-9391,2014,Calexico,CA,,( 4 mi E of town ),CA 98 & CA 7 S,empty,,False,,False,CA 98,CA 7,None,,
Calexico ( 92231 ) USA Gasoline # 68114 St ),760-357-9391 CA 98 & CA 7 S ( 4 mi E,24 R <U+2610>,Calexico,92231,USA Gasoline # 68114 St ),760-357-9391,2015,Calexico,CA,,( 4 mi E,CA 98 & CA 7 S,empty,,False,,False,CA 98,CA 7,None,,
Calexico ( 92231 ) USA Gasoline # 68114,7 760-357-9391 CA 98 & CA 7 S ( 4 mi E of town ),24 R <U+25A1> <U+25A1> <U+2610> <U+25A1>,Calexico,92231,USA Gasoline # 68114,760-357-9391,2016,Calexico,CA,,( 4 mi E of town ),CA 98 & CA 7 S,empty,,False,,False,CA 98,CA 7,None,,
"EI Centro , 92243 7-11 Food Store ( Citgo )",6 760-352-4383 I-8 Exit 115 ( 4th Ave ),000,Centro,92243,7-11 Food Store ( Citgo ),760-352-4383,2006,El Centro,CA,Citgo,( 4th Ave ),I-8 Exit 115 ,Exit,115,False,,False,I-8,,None,,
"EI Centro , 92243 7-11 Food Store",6 760-352-4383 I-8 Exit 115 ( 4th Ave ),24 - 0,Centro,92243,7-11 Food Store,760-352-4383,2007,El Centro,CA,,( 4th Ave ),I-8 Exit 115 ,Exit,115,False,,False,I-8,,None,,
"EI Centro , 92243 7-11 Food Store",6 760-352-4383 I-8 Exit 115 ( 4th Ave ),HRS 24,Centro,92243,7-11 Food Store,760-352-4383,2008,El Centro,CA,,( 4th Ave ),I-8 Exit 115 ,Exit,115,False,,False,I-8,,None,,
"EI Centro , 92243 Truck Stop 111","760-353-3303 I-8 Exit 118 B ( CA 111 , 1/4 mi N )",MO <U+2610>,Centro,92243,Truck Stop 111,760-353-3303,2006,El Centro,CA,,"( CA 111 , 1/4 mi N )",I-8 Exit 118 B ,Exit,118,False,,False,I-8,,None,,
"EI Centro , 92243 Truck Stop 111 ( Shell )","760-353-3303 I-8 Exit 118 B ( CA 111 , 1/4 mi N )",SM <U+25A1>,Centro,92243,Truck Stop 111 ( Shell ),760-353-3303,2007,El Centro,CA,Shell,"( CA 111 , 1/4 mi N )",I-8 Exit 118 B ,Exit,118,False,,False,I-8,,None,,
"EI Centro , 92243 Truck Stop 111 ( Shell )","6 760-353-3303 I-8 Exit 118 B ( CA 111 , 1/4 mi N )",HRS 24 M,Centro,92243,Truck Stop 111 ( Shell ),760-353-3303,2008,El Centro,CA,Shell,"( CA 111 , 1/4 mi N )",I-8 Exit 118 B ,Exit,118,False,,False,I-8,,None,,
EI Centro ( 92243 ) Truck Stop 111 ( Shell ),6 760-353-3303 I-8 Exit 118 B ( 1 mi N on CA 111 ),24 M,Centro,92243,Truck Stop 111 ( Shell ),760-353-3303,2014,El Centro,CA,Shell,( 1 mi N on CA 111 ),I-8 Exit 118 B ,Exit,118,False,,False,I-8,,None,,
"Ocotillo , 92259 OTU Fuel Mart",6 760-358-7324 I-8 Exit 89 ( Imperial Hwy N ),<U+2610> - <U+25A1>,Ocotillo,92259,OTU Fuel Mart,760-358-7324,2006,Ocotillo,CA,,( Imperial Hwy N ),I-8 Exit 89 ,Exit,89,False,,False,I-8,,None,,
"Ocotillo , 92259 OTU Fuel Mart )",6 760-358-7324 I-8 Exit 89 ( Imperial Hwy N ),<U+25A1> <U+2610>,Ocotillo,92259,OTU Fuel Mart ),760-358-7324,2007,Ocotillo,CA,,( Imperial Hwy N ),I-8 Exit 89 ,Exit,89,False,,False,I-8,,None,,
"Ocotillo , 92259 Desert Fuel Stop ( 76 )",6 760-358-7731 I-8 Exit 89 ( Imperial Hwy S ),M D,Ocotillo,92259,Desert Fuel Stop ( 76 ),760-358-7731,2006,Ocotillo,CA,,( Imperial Hwy S ),I-8 Exit 89 ,Exit,89,False,,False,I-8,,None,,
"Ocotillo , 92259 Desert Fuel Stop S )",760-358-7731 I-8 Exit 89 ( Imperial ( 76 ),24 HRS +181 M O,Ocotillo,92259,Desert Fuel Stop S ),760-358-7731,2007,Ocotillo,CA,,( Imperial ( 76 ),I-8 Exit 89 ,Exit,89,False,,False,I-8,,None,,
Salton City ( 92274 ) Salton Sea Truck Stop ( BP ),6 760-394-1024 CA 86 & Marina Dr,24 R MOO,Salton City,92274,Salton Sea Truck Stop ( BP ),760-394-1024,2014,Thermal,CA,BP,,CA 86 & Marina Dr,empty,,False,,False,CA 86,Marina Dr,None,,
Salton City ( 92274 ) AM / PM ( Arco ),6 760-394-1024 CA 86 & Marina Dr,24,Salton City,92274,AM / PM ( Arco ),760-394-1024,2015,Thermal,CA,,,CA 86 & Marina Dr,empty,,False,,False,CA 86,Marina Dr,None,,
Salton City ( 92274 ) AM / PM ( Arco ),6 760-394-1024 CA 86 & Marina Dr,24 MOO 24,Salton City,92274,AM / PM ( Arco ),760-394-1024,2016,Thermal,CA,,,CA 86 & Marina Dr,empty,,False,,False,CA 86,Marina Dr,None,,
"Salton Sea Bch , 92274 Torres Martinez Travel Center ( 76 )",760-395-1404 33095 CA 86,HRS 24 M,Salton Sea Bch,92274,Torres Martinez Travel Center ( 76 ),760-395-1404,2007,Thermal,CA,,,33095 CA 86,Proper,,False,,False,CA 86,,None,,
"Salton Sea Beach , 92274 Torres Martinez Travel Center W to Terven S )",6 760-395-1404 3095 CA 86 ( 76 ),HORS 24 24,Salton Sea Beach,92274,Torres Martinez Travel Center W to Terven S ),760-395-1404,2008,Thermal,CA,,( 76 ),3095 CA 86,Proper,,False,,False,CA 86,,None,,
Salton Sea Beach ( 92274 ) Torres Martinez Travel Center,6 760-395-1404 3095 CA 86,24,Salton Sea Beach,92274,Torres Martinez Travel Center,760-395-1404,2014,Thermal,CA,,,3095 CA 86,Proper,,False,,False,CA 86,,None,,
Salton Sea Beach ( 92274 ) Torres Martinez Travel Center,6 760-395-1404 3095 CA 86,24 LOO,Salton Sea Beach,92274,Torres Martinez Travel Center,760-395-1404,2015,Thermal,CA,,,3095 CA 86,Proper,,False,,False,CA 86,,None,,
Salton Sea Beach ( 92274 ) Torres Martinez Travel Center,6 760-395-1404 3095 CA 86,24 LOO,Salton Sea Beach,92274,Torres Martinez Travel Center,760-395-1404,2016,Thermal,CA,,,3095 CA 86,Proper,,False,,False,CA 86,,None,,
"Baker , 92309 Baker Shell",760-733-4753 I-15 Exit 245 ( Baker Rd - 1 mi W ),24 HRS 485 S,Baker,92309,Baker Shell,760-733-4753,2007,Baker,CA,Shell,( Baker Rd - 1 mi W ),I-15 Exit 245 ,Exit,245,False,,False,I-15,,None,,
"Baker , 92309 Baker Shell",6 760-733-4753 I-15 Exit 245 ( Baker Rd 1 mi W ),HRS 24 S <U+25A1>,Baker,92309,Baker Shell,760-733-4753,2008,Baker,CA,Shell,( Baker Rd 1 mi W ),I-15 Exit 245 ,Exit,245,False,,False,I-15,,None,,
Baker ( 92309 ) Baker Shell,6 760-733-4753 I-15 Exit 246 ( Baker Blvd N ),24 S,Baker,92309,Baker Shell,760-733-4753,2014,Baker,CA,Shell,( Baker Blvd N ),I-15 Exit 246 ,Exit,246,False,,False,I-15,,None,,
H Baker ( 92309 ) Baker Shell Rd ),760-733-4753 I-15 Exit 246 ( Baker Blvd N ),S <U+2610>,Baker,92309,Baker Shell Rd ),760-733-4753,2015,Baker,CA,Shell,( Baker Blvd N ),I-15 Exit 246 ,Exit,246,False,,False,I-15,,None,,
Baker ( 92309 ) Baker Shell,6 760-733-4753 I-15 Exit 246 ( Baker Blvd N ),24 S <U+25A1>,Baker,92309,Baker Shell,760-733-4753,2016,Baker,CA,Shell,( Baker Blvd N ),I-15 Exit 246 ,Exit,246,False,,False,I-15,,None,,
"Barstow , 92311 Pilot Travel Center # 282",760-253-2861 I-15 Exit 178 ( Lenwood Rd NE ),24 XL,Barstow,92311,Pilot Travel Center # 282,760-253-2861,2006,Barstow,CA,Pilot,( Lenwood Rd NE ),I-15 Exit 178 ,Exit,178,False,,False,I-15,,None,,
"Barstow , 92311 Pilot Travel Center # 282",760-253-2861 I-15 Exit 178 ( Lenwood Rd NE ),MO,Barstow,92311,Pilot Travel Center # 282,760-253-2861,2007,Barstow,CA,Pilot,( Lenwood Rd NE ),I-15 Exit 178 ,Exit,178,False,,False,I-15,,None,,
H Barstow ( 92311 ) Pilot Travel Center # 282,5 760-253-2861 I-15 Exit 178 ( Lenwood Rd NE ),PROE 24 <U+25A1> Ma,Barstow,92311,Pilot Travel Center # 282,760-253-2861,2014,Barstow,CA,Pilot,( Lenwood Rd NE ),I-15 Exit 178 ,Exit,178,False,,False,I-15,,None,,
Barstow ( 92311 ) Pilot Travel Center # 282 ),760-253-2861 I-15 Exit 178 ( Lenwood Rd NE ) pilot,pilot 24 M,Barstow,92311,Pilot Travel Center # 282 ),760-253-2861,2015,Barstow,CA,Pilot,( Lenwood Rd NE ) pilot,I-15 Exit 178 ,Exit,178,False,,False,I-15,,None,,
Barstow ( 92311 ) Pilot Travel Center # 282,5 760-253-2861 I-15 Exit 178 ( Lenwood Rd NE ) pilot,24 M FORS,Barstow,92311,Pilot Travel Center # 282,760-253-2861,2016,Barstow,CA,Pilot,( Lenwood Rd NE ) pilot,I-15 Exit 178 ,Exit,178,False,,False,I-15,,None,,
Barstow ( 92311 ) Love's Travel Stop # 374,5 760-253-4080 I-15 Exit 178 ( Lenwood Rd ),,Barstow,92311,Love's Travel Stop # 374,760-253-4080,2014,Barstow,CA,Love's,( Lenwood Rd ),I-15 Exit 178 ,Exit,178,False,,False,I-15,,None,,
H Barstow ( 92311 ) Love's Travel Stop # 374 Rd SE ) FLYING J,5 760-253-4080 I-15 Exit 178 ( Lenwood Rd ),24 DOOD <U+2610>,Barstow,92311,Love's Travel Stop # 374 Rd SE ) FLYING J,760-253-4080,2015,Barstow,CA,Love's,( Lenwood Rd ),I-15 Exit 178 ,Exit,178,False,,False,I-15,,None,,
Barstow ( 92311 ) Love's Travel Stop # 374,5 760-253-4080 I-15 Exit 178 ( Lenwood Rd ),24 FORS,Barstow,92311,Love's Travel Stop # 374,760-253-4080,2016,Barstow,CA,Love's,( Lenwood Rd ),I-15 Exit 178 ,Exit,178,False,,False,I-15,,None,,
"Barstow , 92311 American Travel Center","760-256-5642 I-15 Exit 181 ( L St , W Main )",24 000,Barstow,92311,American Travel Center,760-256-5642,2006,Barstow,CA,,"( L St , W Main )",I-15 Exit 181 ,Exit,181,False,,False,I-15,,None,,
"Barstow , 92311 American Travel Center","760-256-5642 I-15 Exit 181 ( L St , W Main )",4443 XL 225,Barstow,92311,American Travel Center,760-256-5642,2007,Barstow,CA,,"( L St , W Main )",I-15 Exit 181 ,Exit,181,False,,False,I-15,,None,,
"Barstow , 92311 American Travel Center","5 760-256-5642 I-15 Exit 181 ( L St , W Main )",24 XL 24,Barstow,92311,American Travel Center,760-256-5642,2008,Barstow,CA,,"( L St , W Main )",I-15 Exit 181 ,Exit,181,False,,False,I-15,,None,,
"Rialto , 92316 Rialto Travel Center ( Valero ) )",951-680-9615 3610 S Riverside & Agua,HRS 24 MO <U+2610>,Rialto,92316,Rialto Travel Center ( Valero ) ),951-680-9615,2007,Bloomington,CA,Valero,,3610 S Riverside & Agua,Proper,,False,,False,3610 S,Agua,None,,
Rialto ( 92316 ) Rialto Travel Center ( 76 ),951-683-5387 3610 S Riverside & Agua Mansa,24 M,Rialto,92316,Rialto Travel Center ( 76 ),951-683-5387,2014,Bloomington,CA,,,3610 S Riverside & Agua Mansa,Proper,,False,,False,3610 S,Agua Mansa,None,,
Rialto ( 92316 ) Rialto Travel Center,951-683-5387 3610 S Riverside & Agua Mansa,24 M,Rialto,92316,Rialto Travel Center,951-683-5387,2015,Bloomington,CA,,,3610 S Riverside & Agua Mansa,Proper,,False,,False,3610 S,Agua Mansa,None,,
Rialto ( 92316 ) Rialto Travel Center,951-683-5387 3610 S Riverside & Agua Mansa,24 MOO,Rialto,92316,Rialto Travel Center,951-683-5387,2016,Bloomington,CA,,,3610 S Riverside & Agua Mansa,Proper,,False,,False,3610 S,Agua Mansa,None,,
"Rialto , 92324 Rialto Travel Center",951-680-9615 3610 S Riverside & Agua Mansa,24,Rialto,92324,Rialto Travel Center,951-680-9615,2006,Colton,CA,,,3610 S Riverside & Agua Mansa,Proper,,False,,False,3610 S,Agua Mansa,None,,
"Fenner , 92332 Hi - Sierra Oasis",760-733-4032 I-40 Exit 107 ( Goffs Rd N ),HRS 24 M,Fenner,92332,Hi - Sierra Oasis,760-733-4032,2006,Essex,CA,,( Goffs Rd N ),I-40 Exit 107 ,Exit,107,False,,False,I-40,,None,,
"Fenner , 92332 Hi - Sierra Oasis",760-733-4032 I-40 Exit 107 ( Goffs Rd N ),24 HRS M <U+2610>,Fenner,92332,Hi - Sierra Oasis,760-733-4032,2007,Essex,CA,,( Goffs Rd N ),I-40 Exit 107 ,Exit,107,False,,False,I-40,,None,,
"Fontana , 92335 A - Z Fuel Stop",909-356-5556 I-10 Exit 61 ( Cherry 3/4 mi N ),HRS 24 S 000,Fontana,92335,A - Z Fuel Stop,909-356-5556,2006,Fontana,CA,,( Cherry 3/4 mi N ),I-10 Exit 61 ,Exit,61,False,,False,I-10,,None,,
"Fontana , 92335 A - Z Fuel Stop",909-356-5556 I-10 Exit 61 ( Cherry 3/4 mi N ),24 HRS S O,Fontana,92335,A - Z Fuel Stop,909-356-5556,2007,Fontana,CA,,( Cherry 3/4 mi N ),I-10 Exit 61 ,Exit,61,False,,False,I-10,,None,,
"Fontana , 92335 A - Z Fuel Stop",909-356-5556 I-10 Exit 61 ( Cherry 3/4 mi N ),HRS 24 S <U+2610> <U+2610> <U+2610>,Fontana,92335,A - Z Fuel Stop,909-356-5556,2008,Fontana,CA,,( Cherry 3/4 mi N ),I-10 Exit 61 ,Exit,61,False,,False,I-10,,None,,
Fontana ( 92335 ) A I-5 - Z Exit Fuel 385 Stop ( Nees Ave ),909-356-5556 I-10 Exit,"24 S """,Fontana,92335,A I-5 - Z Exit Fuel 385 Stop ( Nees Ave ),909-356-5556,2015,Fontana,CA,,,I-10 Exit,Exit,,False,,False,I-10,,None,,
Fontana ( 92335 ) A - Z Fuel Stop,71909-356-5556 I-10 Exit 61 ( Cherry 3/4 mi N ),24 <U+25A1>,Fontana,92335,A - Z Fuel Stop,909-356-5556,2016,Fontana,CA,,( Cherry 3/4 mi N ),I-10 Exit 61 ,Exit,61,False,,False,I-10,,None,,
"Fontana , 92335 Fontana Chevron",909-822-2552 I-10 Exit 61 ( Cherry N to 14455 Valley ),) 124 HRS,Fontana,92335,Fontana Chevron,909-822-2552,2006,Fontana,CA,Chevron,( Cherry N to 14455 Valley ),I-10 Exit 61 ,Exit,61,False,,False,I-10,,None,,
"Fontana , 92335 Fontana Chevron",909-822-2552 I-10 Exit 61 ( Cherry N to 14455 Valley ),HRS 24 HRS D <U+25A1>,Fontana,92335,Fontana Chevron,909-822-2552,2007,Fontana,CA,Chevron,( Cherry N to 14455 Valley ),I-10 Exit 61 ,Exit,61,False,,False,I-10,,None,,
"Fontana , 92335 Fontana Chevron",909-822-2552 I-10 Exit 61 ( Cherry N to 14455 Valley ),HRS 24 <U+2610> <U+2610><U+2610>,Fontana,92335,Fontana Chevron,909-822-2552,2008,Fontana,CA,Chevron,( Cherry N to 14455 Valley ),I-10 Exit 61 ,Exit,61,False,,False,I-10,,None,,
Fontana ( 92335 ) Fontana Chevron,909-822-2552 I-10 Exit 61 ( Cherry N to 14455 Valley ),<U+2610> O,Fontana,92335,Fontana Chevron,909-822-2552,2014,Fontana,CA,Chevron,( Cherry N to 14455 Valley ),I-10 Exit 61 ,Exit,61,False,,False,I-10,,None,,
"Fontana , 92335 Truck Town Truck & Travel Plaza",909-823-0635 I-10 Exit 61 ( Cherry NW corner ),HRS 24,Fontana,92335,Truck Town Truck & Travel Plaza,909-823-0635,2006,Fontana,CA,,( Cherry NW corner ),I-10 Exit 61 ,Exit,61,False,,False,I-10,,None,,
"Fontana , 92335 Truck Town Truck & Travel Plaza",909-823-0635 I-10 Exit 61 ( Cherry NW corner ),) HRS 24 HRS XL,Fontana,92335,Truck Town Truck & Travel Plaza,909-823-0635,2007,Fontana,CA,,( Cherry NW corner ),I-10 Exit 61 ,Exit,61,False,,False,I-10,,None,,
"Fontana , 92335 Truck Town Truck & Travel Plaza",909-823-0635 I-10 Exit 61 ( Cherry NW corner ),HRS 24 XL 240,Fontana,92335,Truck Town Truck & Travel Plaza,909-823-0635,2008,Fontana,CA,,( Cherry NW corner ),I-10 Exit 61 ,Exit,61,False,,False,I-10,,None,,
C Fontana ( 92335 ) Truck Town Truck Stop,909-823-0635 I-10 Exit 61 ( Cherry NW corner ),24 XL <U+2610>,Fontana,92335,Truck Town Truck Stop,909-823-0635,2014,Fontana,CA,,( Cherry NW corner ),I-10 Exit 61 ,Exit,61,False,,False,I-10,,None,,
"Needles , 92363 East Side Chevron",760-326-3795 I-40 Exit 144 ( E Broadway ),<U+2610>,Needles,92363,East Side Chevron,760-326-3795,2006,Needles,CA,Chevron,( E Broadway ),I-40 Exit 144 ,Exit,144,False,,False,I-40,,None,,
"Needles , 92363 East Side Chevron )",760-326-3795 I-40 Exit 144 ( E,0,Needles,92363,East Side Chevron ),760-326-3795,2007,Needles,CA,Chevron,( E,I-40 Exit 144 ,Exit,144,False,,False,I-40,,None,,
"Needles , 92363 East Side Chevron",760-326-3795 I-40 Exit 144 ( E Broadway ),<U+2610> S 00 <U+2610> <U+2610>,Needles,92363,East Side Chevron,760-326-3795,2008,Needles,CA,Chevron,( E Broadway ),I-40 Exit 144 ,Exit,144,False,,False,I-40,,None,,
"Newberry Sprgs , 92365 Calico Petroleum # 2",6 760-257-1262 I-40 Exit 18,<U+2610>,Newberry Sprgs,92365,Calico Petroleum # 2,760-257-1262,2006,Newberry Springs,CA,,,I-40 Exit 18,Exit,18,False,,False,I-40,,None,,
"Newberry Sprgs , 92365 Calico Petroleum # 2",760-257-1262 I-40 Exit 18,24,Newberry Sprgs,92365,Calico Petroleum # 2,760-257-1262,2007,Newberry Springs,CA,,,I-40 Exit 18,Exit,18,False,,False,I-40,,None,,
"Newberry Sprgs , 92365 Soko Petroleum",6 760-257-1262 I-40 Exit 18,24,Newberry Sprgs,92365,Soko Petroleum,760-257-1262,2008,Newberry Springs,CA,,,I-40 Exit 18,Exit,18,False,,False,I-40,,None,,
"Newberry Sprgs , 92365 Wesco Truck Stop",760-257-3003 I-40 Exit 23 ( Fort Cady Rd N ),M,Newberry Sprgs,92365,Wesco Truck Stop,760-257-3003,2006,Newberry Springs,CA,,( Fort Cady Rd N ),I-40 Exit 23 ,Exit,23,False,,False,I-40,,None,,
"Newberry Sprgs , 92365 Wesco Truck",6 760-257-3003 I-40 Exit 23 ( Fort Stop ( Texaco ),M,Newberry Sprgs,92365,Wesco Truck,760-257-3003,2007,Newberry Springs,CA,,( Fort Stop ( Texaco ),I-40 Exit 23 ,Exit,23,False,,False,I-40,,None,,
"Newberry Sprgs , 92365 Wesco Truck Stop ( Texaco )",6 760-257-3003 I-40 Exit 23 ( Fort Cady Rd N ),24 HR3 M <U+2610> <U+2610>,Newberry Sprgs,92365,Wesco Truck Stop ( Texaco ),760-257-3003,2008,Newberry Springs,CA,Texaco,( Fort Cady Rd N ),I-40 Exit 23 ,Exit,23,False,,False,I-40,,None,,
Newberry Springs ( 92365 ) Kelly's Market & Truck Stop ) ( Chevron ),760-257-3334 I-40 Exit 18 ( CA 66 E ),24 <U+25A1>,Newberry Springs,92365,Kelly's Market & Truck Stop ) ( Chevron ),760-257-3334,2014,Newberry Springs,CA,Chevron,( CA 66 E ),I-40 Exit 18 ,Exit,18,False,,False,I-40,,None,,
"Newberry Springs ( 92365 ) Kelly's Market ( W & Truck Broadway Stop ) , ( Chevron )",760-257-3334 I-40 Exit 18 ( CA E ),24 <U+2610>,Newberry Springs,92365,"Kelly's Market ( W & Truck Broadway Stop ) , ( Chevron )",760-257-3334,2015,Newberry Springs,CA,Chevron,( CA E ),I-40 Exit 18 ,Exit,18,False,,False,I-40,,None,,
Newberry Springs ( 92365 ) Kelly's Market & Truck Stop ) ( Chevron ),760-257-3334 I-40 Exit 18 ( CA 66 E ),24 <U+2610>,Newberry Springs,92365,Kelly's Market & Truck Stop ) ( Chevron ),760-257-3334,2016,Newberry Springs,CA,Chevron,( CA 66 E ),I-40 Exit 18 ,Exit,18,False,,False,I-40,,None,,
Victorville ( 92394 ) High Desert Service Center of I-710 ),760-246-3211 15655 US 395,"24 """,Victorville,92394,High Desert Service Center of I-710 ),760-246-3211,2016,Victorville,CA,,,15655 US 395,Proper,,False,,False,US 395,,None,,
"Victorville , 92394 High Desert Travel Plaza )",760-530-0049 15655 US 395,,Victorville,92394,High Desert Travel Plaza ),760-530-0049,2006,Victorville,CA,,,15655 US 395,Proper,,False,,False,US 395,,None,,
"Victorville , 92394 High Desert Travel Plaza",760-530-0049 15655 US 395,<U+2610> L <U+2610>,Victorville,92394,High Desert Travel Plaza,760-530-0049,2007,Victorville,CA,,,15655 US 395,Proper,,False,,False,US 395,,None,,
"Victorville , 92394 High Desert Service Center",760-530-0049 15655 US 395,24 240,Victorville,92394,High Desert Service Center,760-530-0049,2008,Victorville,CA,,,15655 US 395,Proper,,False,,False,US 395,,None,,
"Yermo , 92398 Mohsen Oil )",6 760-254-2119 I-15 Exit 191 ( Ghost Town Rd ),24 <U+2610> MOO <U+2610>,Yermo,92398,Mohsen Oil ),760-254-2119,2006,Yermo,CA,,( Ghost Town Rd ),I-15 Exit 191 ,Exit,191,False,,False,I-15,,None,,
"Yermo , 92398 Mohsen Oil",6 760-254-2119 I-15 Exit 191 ( Ghost Town Rd ),MOO,Yermo,92398,Mohsen Oil,760-254-2119,2007,Yermo,CA,,( Ghost Town Rd ),I-15 Exit 191 ,Exit,191,False,,False,I-15,,None,,
H Yermo ( 92398 ) Vegas Truck Stop,6 760-254-2119 I-15 Exit 191 ( Ghost Town Rd S ),24 m M 0,Yermo,92398,Vegas Truck Stop,760-254-2119,2014,Yermo,CA,,( Ghost Town Rd S ),I-15 Exit 191 ,Exit,191,False,,False,I-15,,None,,
"H Yermo ( 92398 ) Vegas Truck Stop 113 , 1/2 mi S )",6 760-254-2119 I-15 Exit 191 ( Ghost,24 24 M $ <U+25A1> <U+25A1>,Yermo,92398,"Vegas Truck Stop 113 , 1/2 mi S )",760-254-2119,2015,Yermo,CA,,( Ghost,I-15 Exit 191 ,Exit,191,False,,False,I-15,,None,,
Yermo ( 92398 ) Mohson Oil mi S ),760-254-2119 I-15 Exit 191 ( Ghost Town S,24 M <U+25A1>,Yermo,92398,Mohson Oil mi S ),760-254-2119,2016,Yermo,CA,,( Ghost Town S,I-15 Exit 191 ,Exit,191,False,,False,I-15,,None,,
H Yermo ( 92398 ) Yermo Truck Stop ( Shell ),6 760-254-2843 I-15 Exit 191 ( Ghost Town Rd N ),24 2 M <U+2610> D,Yermo,92398,Yermo Truck Stop ( Shell ),760-254-2843,2014,Yermo,CA,Shell,( Ghost Town Rd N ),I-15 Exit 191 ,Exit,191,False,,False,I-15,,None,,
"Yermo , 92398 Ghost Town Mini - Mart , 1/2 ( Shell mi S ) )",760-254-3348 I-15 Exit 191 ( Ghost Town Rd ),S 00,Yermo Ghost Town Mini Mart,92398,"Ghost Town Mini - Mart , 1/2 ( Shell mi S ) )",760-254-3348,2006,Yermo,CA,Shell,( Ghost Town Rd ),I-15 Exit 191 ,Exit,191,False,,False,I-15,,None,,
"Yermo , 92398 Ghost Town Mini - Mart ( Shell )",6 760-254-3348 I-15 Exit 191 ( Ghost Town Rd ),24 L,Yermo,92398,Ghost Town Mini - Mart ( Shell ),760-254-3348,2007,Yermo,CA,Shell,( Ghost Town Rd ),I-15 Exit 191 ,Exit,191,False,,False,I-15,,None,,
"Yermo , 92398 Ghost Town Mini - Mart 113 , 1/2 ( Shell mi ) S )",760-254-3348 I-15 Exit 191 ( Ghost Town ),24 L <U+25A1> 00,Yermo Ghost Town Mini Mart,92398,"Ghost Town Mini - Mart 113 , 1/2 ( Shell mi ) S )",760-254-3348,2008,Yermo,CA,Shell,( Ghost Town ),I-15 Exit 191 ,Exit,191,False,,False,I-15,,None,,
Riverside ( 92509 ) MGM Shell,951-685-8893 CA 60 Exit 46 ( Pyrite N ),24 SO,Riverside,92509,MGM Shell,951-685-8893,2014,Riverside,CA,Shell,( Pyrite N ),CA 60 Exit 46 ,Exit,46,False,,False,CA 60,,None,,
Riverside ( 92509 ) MGM Shell,5 951-685-8893 CA 60 Exit 46 ( Pyrite N ),24 D,Riverside,92509,MGM Shell,951-685-8893,2015,Riverside,CA,Shell,( Pyrite N ),CA 60 Exit 46 ,Exit,46,False,,False,CA 60,,None,,
Riverside ( 92509 ) MGM Shell,951-685-8893 CA 60 Exit 46 ( Pyrite N ),24 8 <U+2610>,Riverside,92509,MGM Shell,951-685-8893,2016,Riverside,CA,Shell,( Pyrite N ),CA 60 Exit 46 ,Exit,46,False,,False,CA 60,,None,,
Perris ( 92570 ) Travel Zone Center Cardlock ( Arco /,951-940-9200 I-215 Exit 22 ( Cajalco CFN ),) 24 <U+2610>,Perris,92570,Travel Zone Center Cardlock ( Arco /,951-940-9200,2014,Perris,CA,,( Cajalco CFN ),I-215 Exit 22 ,Exit,22,False,,False,I-215,,None,,
Perris ( 92570 ) Travel Zone Center Cardlock W ) ( Arco / CFN,7 951-940-9200 I-215 Exit 22 ( Cajalco ),24 <U+2610> <U+25A1>,Perris,92570,Travel Zone Center Cardlock W ) ( Arco / CFN,951-940-9200,2015,Perris,CA,,( Cajalco ),I-215 Exit 22 ,Exit,22,False,,False,I-215,,None,,
Perris ( 92570 ) Travel Zone Center Cardlock ( Arco / CFN,951-940-9200 I-215 Exit 22 ( Cajalco ),24 <U+2610> <U+2610> <U+2610>,Perris,92570,Travel Zone Center Cardlock ( Arco / CFN,951-940-9200,2016,Perris,CA,,( Cajalco ),I-215 Exit 22 ,Exit,22,False,,False,I-215,,None,,
C Perris ( 92570 ) United Oil ( 76 ),951-943-7220 I-215 Exit 14 ( Ethanac Rd W ),24 <U+2610>,Perris,92570,United Oil ( 76 ),951-943-7220,2014,Perris,CA,,( Ethanac Rd W ),I-215 Exit 14 ,Exit,14,False,,False,I-215,,None,,
Perris ( 92570 ) United Oil ( 76 ),951-943-7220 I-215 Exit 14 ( Ethanac,2 S <U+25A1>,Perris,92570,United Oil ( 76 ),951-943-7220,2015,Perris,CA,,( Ethanac,I-215 Exit 14 ,Exit,14,False,,False,I-215,,None,,
Perris ( 92570 ) United Pacific ( 76 ),951-943-7220 I-215 Exit 14 ( Ethanac Rd W ),24 SO <U+2610>,Perris,92570,United Pacific ( 76 ),951-943-7220,2016,Perris,CA,,( Ethanac Rd W ),I-215 Exit 14 ,Exit,14,False,,False,I-215,,None,,
Perris ( 92571 ) Chevron Extra Mile,7 951-943-1033 I-215 Exit 22 ( Ramone Expwy E ),24 <U+25A1>,Perris,92571,Chevron Extra Mile,951-943-1033,2014,Perris,CA,Chevron,( Ramone Expwy E ),I-215 Exit 22 ,Exit,22,False,,False,I-215,,None,,
Perris ( 92571 ) Chevron Extra Mile W ),951-943-1033 I-215 Exit 22 ( Ramone,24 O,Perris,92571,Chevron Extra Mile W ),951-943-1033,2015,Perris,CA,Chevron,( Ramone,I-215 Exit 22 ,Exit,22,False,,False,I-215,,None,,
Perris ( 92571 ) Chevron Extra Mile,951-943-1033 I-215 Exit 22 ( Ramone,24 <U+2610> <U+2610> <U+2610> <U+2610>,Perris,92571,Chevron Extra Mile,951-943-1033,2016,Perris,CA,Chevron,( Ramone,I-215 Exit 22 ,Exit,22,False,,False,I-215,,None,,
"Temecula , 92590 Temecula 76 TM",951-676-6676 I-15 Exit 59 ( Rancho California Rd ),<U+2610>,Temecula,92590,Temecula 76 TM,951-676-6676,2006,Temecula,CA,,( Rancho California Rd ),I-15 Exit 59 ,Exit,59,False,,False,I-15,,None,,
"Temecula , 92590 Temecula 76",951-676-6676 I-15 Exit 59 ( Rancho California Rd ),HRS 24 429 000,Temecula,92590,Temecula 76,951-676-6676,2007,Temecula,CA,,( Rancho California Rd ),I-15 Exit 59 ,Exit,59,False,,False,I-15,,None,,
"Temecula , 92590 Temecula 76",5 951-676-6676 I-15 Exit 59 ( Rancho California Rd ),HORS 24 00 <U+2610> <U+2610>,Temecula,92590,Temecula 76,951-676-6676,2008,Temecula,CA,,( Rancho California Rd ),I-15 Exit 59 ,Exit,59,False,,False,I-15,,None,,
"Temecula , 92590 Jefferson Ave Chevron",951-676-8006 I-15 Exit 61 ( CA 79 W to Jefferson S ),000,Temecula,92590,Jefferson Ave Chevron,951-676-8006,2006,Temecula,CA,Chevron,( CA 79 W to Jefferson S ),I-15 Exit 61 ,Exit,61,False,,False,I-15,,None,,
"Temecula , 92590 Jefferson Ave Chevron",951-676-8006 I-15 Exit 61 ( CA 79 W to Jefferson S ),000,Temecula,92590,Jefferson Ave Chevron,951-676-8006,2007,Temecula,CA,Chevron,( CA 79 W to Jefferson S ),I-15 Exit 61 ,Exit,61,False,,False,I-15,,None,,
"Temecula , 92590 Jefferson Ave Chevron",5 951-676-8006 I-15 Exit 61 ( CA 79 W to Jefferson S ),<U+2610><U+2610>,Temecula,92590,Jefferson Ave Chevron,951-676-8006,2008,Temecula,CA,Chevron,( CA 79 W to Jefferson S ),I-15 Exit 61 ,Exit,61,False,,False,I-15,,None,,
"Anaheim , 92801 The Station ( Beacon )",714-999-9175 CA 91 & Raymond,000,Anaheim,92801,The Station ( Beacon ),714-999-9175,2006,Anaheim,CA,,,CA 91 & Raymond,empty,,False,,False,CA 91,Raymond,None,,
"Orange , 92867 Big E Food Mart",714-639-0911 CA 55 & Katella Exit E ( 890 N Batavia ),) <U+2610>,Orange,92867,Big E Food Mart,714-639-0911,2006,Orange,CA,,( 890 N Batavia ),CA 55 & Katella Exit E ,Exit,,False,,False,CA 55,Katella E,None,,
Oxnard ( 93030 ) MacValley Oil Company,4 805-485-6900 US 101 ( 1 mi S on Del Norte ),<U+2610><U+2610> SO,Oxnard,93030,MacValley Oil Company,805-485-6900,2014,Oxnard,CA,,( 1 mi S on Del Norte ),US 101,empty,,False,,False,US 101,,None,,
Oxnard ( 93030 ) MacValley Oil Company of CA 905 ),805-485-6900 US 101 ( 1 mi S on Del ),S <U+25A1>,Oxnard,93030,MacValley Oil Company of CA 905 ),805-485-6900,2015,Oxnard,CA,,( 1 mi S on Del ),US 101,empty,,False,,False,US 101,,None,,
Oxnard ( 93030 ) MacValley Oil 7 Company ( S to Airway Rd ),4 805-485-6900 US 101 Exit 59 ( 1 mi S on,24 <U+25A1> S <U+2610>,Oxnard,93030,MacValley Oil 7 Company ( S to Airway Rd ),805-485-6900,2016,Oxnard,CA,,( 1 mi S on,US 101 Exit 59 ,Exit,59,False,,False,US 101,,None,,
"Oxnard , 93036 Alliance # 101 )",4 805-983-0470 US 101 & Rice Ave,000,Oxnard,93036,Alliance # 101 ),805-983-0470,2006,Oxnard,CA,,,US 101 & Rice Ave,empty,,False,,False,US 101,Rice Ave,None,,
"Oxnard , 93036 Alliance # 101 S of 905 )",805-983-0470 US 101 & Rice Ave,000,Oxnard,93036,Alliance # 101 S of 905 ),805-983-0470,2007,Oxnard,CA,,,US 101 & Rice Ave,empty,,False,,False,US 101,Rice Ave,None,,
"Santa Paula , 93060 Condor Truck Service",805-525-1115 1395 E Harvard Blvd,<U+2610>,Santa Paula,93060,Condor Truck Service,805-525-1115,2006,Santa Paula,CA,,,1395 E Harvard Blvd,Proper,,False,,False,E Harvard Blvd,,None,,
"Santa Paula , 93060 Condor Truck Service",""" 4805-525-1115 1395 E Harvard Blvd",<U+2610> <U+2610>,Santa Paula,93060,Condor Truck Service,805-525-1115,2007,Santa Paula,CA,,,1395 E Harvard Blvd,Proper,,False,,False,E Harvard Blvd,,None,,
"Santa Paula , 93060 Condor Truck Service",805-525-1115 1395 E Harvard Blvd,<U+2610> <U+2610>,Santa Paula,93060,Condor Truck Service,805-525-1115,2008,Santa Paula,CA,,,1395 E Harvard Blvd,Proper,,False,,False,E Harvard Blvd,,None,,
"Avenal , 93204 Hillcrest Travel Plaza ( Shell )",3 559-386-9783 I-5 Exit 319 ( CA 269 ),24 XL,Avenal,93204,Hillcrest Travel Plaza ( Shell ),559-386-9783,2008,Avenal,CA,Shell,( CA 269 ),I-5 Exit 319 ,Exit,319,False,,False,I-5,,None,,
Avenal ( 93204 ) Hillcrest Travel Plaza ( 76 ),3 559-386-9783 I-5 Exit 319 ( CA 269 W ),24 32 XL 24,Avenal,93204,Hillcrest Travel Plaza ( 76 ),559-386-9783,2014,Avenal,CA,,( CA 269 W ),I-5 Exit 319 ,Exit,319,False,,False,I-5,,None,,
Avenal ( 93204 ) Hillcrest Travel Plaza A ( NB ( 76 ) ) 24,3 559-386-9783 I-5 Exit 319 ( CA 269 W ),24 XL 124 #e,Avenal,93204,Hillcrest Travel Plaza A ( NB ( 76 ) ) 24,559-386-9783,2015,Avenal,CA,,( CA 269 W ),I-5 Exit 319 ,Exit,319,False,,False,I-5,,None,,
Avenal ( 93204 ) Hillcrest Travel Plaza ( 76 ),559-386-9783 I-5 Exit 319 ( CA 269 W ),24 XL 24 312,Avenal,93204,Hillcrest Travel Plaza ( 76 ),559-386-9783,2016,Avenal,CA,,( CA 269 W ),I-5 Exit 319 ,Exit,319,False,,False,I-5,,None,,
Buttonwillow Jeffries Oasis I-5 ( Exxon ),661-764-6226 I-5 Exit 257 ( CA 58 W ),FRS 24 S,,93206,,661-764-6226,2007,Buttonwillow,CA,,( CA 58 W ),I-5 Exit 257 ,Exit,257,False,,False,I-5,,None,,
"Buttonwillow , 93206 Jeffries Oasis I-5 ( Exxon )",661-764-6226 I-5 Exit 257 ( CA 58 W ),D S,Buttonwillow,93206,Jeffries Oasis I-5 ( Exxon ),661-764-6226,2008,Buttonwillow,CA,Exxon,( CA 58 W ),I-5 Exit 257 ,Exit,257,False,,False,I-5,,None,,
G Buttonwillow ( 93206 ) Jeffries Oasis I-5 ( Valero ),4 661-764-6226 I-5 Exit 257 ( CA 58 W ),24 S,Buttonwillow,93206,Jeffries Oasis I-5 ( Valero ),661-764-6226,2014,Buttonwillow,CA,Valero,( CA 58 W ),I-5 Exit 257 ,Exit,257,False,,False,I-5,,None,,
Buttonwillow ( 93206 ) Jeffries Oasis I-5 58 ( Valero E ) ),4 661-764-6226 I-5 Exit 257 ( CA,24 S,Buttonwillow,93206,Jeffries Oasis I-5 58 ( Valero E ) ),661-764-6226,2015,Buttonwillow,CA,Valero,( CA,I-5 Exit 257 ,Exit,257,False,,False,I-5,,None,,
Buttonwillow ( 93206 ) Jeffries Oasis I-5 ( Valero ),4 661-764-6226 I-5 Exit 257 ( CA 58 W ),24 S 24,Buttonwillow,93206,Jeffries Oasis I-5 ( Valero ),661-764-6226,2016,Buttonwillow,CA,Valero,( CA 58 W ),I-5 Exit 257 ,Exit,257,False,,False,I-5,,None,,
"Buttonwillow , 93206 Bruce's",661-764-9460 I-5 Exit 257 ( CA 58 E ),48,Buttonwillow,93206,Bruce's,661-764-9460,2007,Buttonwillow,CA,,( CA 58 E ),I-5 Exit 257 ,Exit,257,False,,False,I-5,,None,,
"Buttonwillow , 93206 Bruce's",661-764-9460 I-5 Exit 257 ( CA 58 E ),24 104 $ S DO,Buttonwillow,93206,Bruce's,661-764-9460,2008,Buttonwillow,CA,,( CA 58 E ),I-5 Exit 257 ,Exit,257,False,,False,I-5,,None,,
G Buttonwillow ( 93206 ) Speedy Fuel Truck Stop,4 661-764-9460 I-5 Exit 257 ( CA 58 E ),24 S SO <U+2610> OD,Buttonwillow,93206,Speedy Fuel Truck Stop,661-764-9460,2014,Buttonwillow,CA,,( CA 58 E ),I-5 Exit 257 ,Exit,257,False,,False,I-5,,None,,
G Buttonwillow ( 93206 ) Speedy Fuel Truck Stop Dr ),4 661-764-9460 I-5 Exit 257 ( CA 58 E ),24 SOO <U+2610> <U+25A1> <U+25A1>,Buttonwillow,93206,Speedy Fuel Truck Stop Dr ),661-764-9460,2015,Buttonwillow,CA,,( CA 58 E ),I-5 Exit 257 ,Exit,257,False,,False,I-5,,None,,
G Buttonwillow ( 93206 ) Speedy Fuel Truck Stop,661-764-9460 I-5 Exit 257 ( CA 58 E ),SOO <U+25A1>,Buttonwillow,93206,Speedy Fuel Truck Stop,661-764-9460,2016,Buttonwillow,CA,,( CA 58 E ),I-5 Exit 257 ,Exit,257,False,,False,I-5,,None,,
F Coalinga ( 93210 ) Harris Ranch Shell,3 559-935-0717 I-5 Exit 334 ( CA 198 E ),24 <U+25A1><U+25A1> M,Coalinga,93210,Harris Ranch Shell,559-935-0717,2014,Coalinga,CA,Shell,( CA 198 E ),I-5 Exit 334 ,Exit,334,False,,False,I-5,,None,,
Coalinga ( 93210 ) Harris Ranch Shell,3 559-935-0717 I-5 Exit 334 ( CA 198 E ),24 HAS <U+2610> <U+2610> <U+2610> <U+2610>,Coalinga,93210,Harris Ranch Shell,559-935-0717,2015,Coalinga,CA,Shell,( CA 198 E ),I-5 Exit 334 ,Exit,334,False,,False,I-5,,None,,
Coalinga ( 93210 ) Harris Ranch Shell,3 559-935-0717 I-5 Exit 334 ( CA 198 E ),24 M,Coalinga,93210,Harris Ranch Shell,559-935-0717,2016,Coalinga,CA,Shell,( CA 198 E ),I-5 Exit 334 ,Exit,334,False,,False,I-5,,None,,
Coalinga ( 93210 ) Jayne Travel Center ( Shell ),3 559-935-3400 I-5 Exit 325 ( Jayne Ave E ),24 L <U+2610> D,Coalinga,93210,Jayne Travel Center ( Shell ),559-935-3400,2014,Coalinga,CA,Shell,( Jayne Ave E ),I-5 Exit 325 ,Exit,325,False,,False,I-5,,None,,
Coalinga ( 93210 ) Jayne Travel Center ( Shell ),559-935-3400 I-5 Exit 325 ( Jayne Ave E ),24 L <U+2610> <U+2610>,Coalinga,93210,Jayne Travel Center ( Shell ),559-935-3400,2015,Coalinga,CA,Shell,( Jayne Ave E ),I-5 Exit 325 ,Exit,325,False,,False,I-5,,None,,
Coalinga ( 93210 ) Jayne Travel Center ( Shell ),559-935-3400 I-5 Exit 325 ( Jayne Ave E ),24 L <U+2610>,Coalinga,93210,Jayne Travel Center ( Shell ),559-935-3400,2016,Coalinga,CA,Shell,( Jayne Ave E ),I-5 Exit 325 ,Exit,325,False,,False,I-5,,None,,
"Delano , 93215 Pioneer Truck Stop",4 661-725-6185 CA 99 Exit 54 ( Woollomes Ave ),24 HRS S,Delano,93215,Pioneer Truck Stop,661-725-6185,2006,Delano,CA,,( Woollomes Ave ),CA 99 Exit 54 ,Exit,54,False,,False,CA 99,,None,,
"Delano , 93215 Pioneer Truck Stop",4 661-725-6185 CA 99 Exit 54 ( Woollomes Ave ),24 S,Delano,93215,Pioneer Truck Stop,661-725-6185,2007,Delano,CA,,( Woollomes Ave ),CA 99 Exit 54 ,Exit,54,False,,False,CA 99,,None,,
"Delano , 93215 Pioneer Truck Stop",661-725-6185 CA 99 Exit 54 ( Woollomes Ave ),24 HRS <U+25A0> S 240,Delano,93215,Pioneer Truck Stop,661-725-6185,2008,Delano,CA,,( Woollomes Ave ),CA 99 Exit 54 ,Exit,54,False,,False,CA 99,,None,,
G Earlimart ( 93219 ) Big B's Travel Center ( Chevron ),4 661-849-2222 CA 99 Exit 65 ( Sierra Ave W ),24 <U+25A1><U+25A1> M,Earlimart,93219,Big B's Travel Center ( Chevron ),661-849-2222,2014,Earlimart,CA,Chevron,( Sierra Ave W ),CA 99 Exit 65 ,Exit,65,False,,False,CA 99,,None,,
Earlimart ( 93219 ) Big B's Travel Center ( Chevron ),4 661-849-2222 CA 99 Exit 65 ( Sierra Ave W ),24 M,Earlimart,93219,Big B's Travel Center ( Chevron ),661-849-2222,2015,Earlimart,CA,Chevron,( Sierra Ave W ),CA 99 Exit 65 ,Exit,65,False,,False,CA 99,,None,,
Earlimart ( 93219 ) Big B's Travel Center ( Chevron ),661-849-2222 CA 99 Exit 65 ( Sierra Ave W ),24 M,Earlimart,93219,Big B's Travel Center ( Chevron ),661-849-2222,2016,Earlimart,CA,Chevron,( Sierra Ave W ),CA 99 Exit 65 ,Exit,65,False,,False,CA 99,,None,,
"Lemoore , 93245 Golden Gate Petroleum ( Shell )",559-924-7110 CA 41 & Bush ( 1 mi N of CA 198 ),<U+2610> <U+2610> D,Lemoore,93245,Golden Gate Petroleum ( Shell ),559-924-7110,2006,Lemoore,CA,Shell,( 1 mi N of CA 198 ),CA 41 & Bush,empty,,False,,False,CA 41,Bush,None,,
"Lemoore , 93245 Golden Gate Petroleum ( Shell )",559-924-7110 CA 41 & Bush ( 1 mi N of CA 198 ),HRS 24 S,Lemoore,93245,Golden Gate Petroleum ( Shell ),559-924-7110,2007,Lemoore,CA,Shell,( 1 mi N of CA 198 ),CA 41 & Bush,empty,,False,,False,CA 41,Bush,None,,
"F Porterville , 93257 Truckers Mini Mart",559-783-8755 Hwy 65 W & Henderson,M,Porterville,93257,Truckers Mini Mart,559-783-8755,2006,Porterville,CA,,,Hwy 65 W & Henderson,empty,,False,,False,Hwy 65 W,Henderson,None,,
F Tulare ( 93274 ) Roche Oil Mobil Mart,4 559-686-1230 CA 99 Exit 85 ( Paige Ave W ),M D <U+2610> <U+2610>,Tulare,93274,Roche Oil Mobil Mart,559-686-1230,2014,Tulare,CA,Mobil,( Paige Ave W ),CA 99 Exit 85 ,Exit,85,False,,False,CA 99,,None,,
F Tulare ( 93274 ) Roche Oil Mobil ( Paige Mart Ave W ),559-686-1230 CA 99 Exit 85 (,S <U+25A1>,Tulare,93274,Roche Oil Mobil ( Paige Mart Ave W ),559-686-1230,2015,Tulare,CA,Mobil,(,CA 99 Exit 85 ,Exit,85,False,,False,CA 99,,None,,
Tulare ( 93274 ) Roche Oil Mobil Mart,559-686-1230 CA 99 Exit 85 ( Paige Ave W ),S <U+2610> D,Tulare,93274,Roche Oil Mobil Mart,559-686-1230,2016,Tulare,CA,Mobil,( Paige Ave W ),CA 99 Exit 85 ,Exit,85,False,,False,CA 99,,None,,
F Tulare ( 93274 ) Love's Travel Stop # 382 ),4 559-686-1400 CA 99 Exit 85 ( Paige Ave W ),24 LO,Tulare,93274,Love's Travel Stop # 382 ),559-686-1400,2014,Tulare,CA,Love's,( Paige Ave W ),CA 99 Exit 85 ,Exit,85,False,,False,CA 99,,None,,
F Tulare ( 93274 ) Love's Travel Stop B NB # 382 / 106 SB ( Merritt ),559-686-1400 CA 99 Exit 85 (,<U+2610> LO,Tulare,93274,Love's Travel Stop B NB # 382 / 106 SB ( Merritt ),559-686-1400,2015,Tulare,CA,Love's,(,CA 99 Exit 85 ,Exit,85,False,,False,CA 99,,None,,
F Tulare ( 93274 ) Love's Travel Stop # 382 ( Merritt ),559-686-1400 CA 99 Exit 85 ( Paige Ave W ),NAS 24 <U+2610> LO 24,Tulare,93274,Love's Travel Stop # 382 ( Merritt ),559-686-1400,2016,Tulare,CA,Love's,( Paige Ave W ),CA 99 Exit 85 ,Exit,85,False,,False,CA 99,,None,,
"F Tulare , 93274 Roche Oil )",559-686-5837 CA 99 Exit 85 ( Paige Rd ),M 000 000,Tulare,93274,Roche Oil ),559-686-5837,2006,Tulare,CA,,( Paige Rd ),CA 99 Exit 85 ,Exit,85,False,,False,CA 99,,None,,
"F Tulare , 93274 Roche Oil ( Mobil )",4 559-686-5837 CA 99 Exit 85 ( Paige Rd ),M,Tulare,93274,Roche Oil ( Mobil ),559-686-5837,2007,Tulare,CA,Mobil,( Paige Rd ),CA 99 Exit 85 ,Exit,85,False,,False,CA 99,,None,,
"Tulare , 93274 Roche Oil ( Mobil )",41559-686-5837 CA 99 Exit 85 ( Paige Rd ),M <U+25A1> <U+25A1>,Tulare,93274,Roche Oil ( Mobil ),559-686-5837,2008,Tulare,CA,Mobil,( Paige Rd ),CA 99 Exit 85 ,Exit,85,False,,False,CA 99,,None,,
"Bakersfield , 93307 Bruce's Truck Stop",661-366-5734 CA 58 & CA 184 ( Weedpatch Hwy N ),,Bakersfield,93307,Bruce's Truck Stop,661-366-5734,2006,Bakersfield,CA,,( Weedpatch Hwy N ),CA 58 & CA 184,empty,,False,,False,CA 58,CA 184,None,,
"Bakersfield , 93307 Bruce's Truck Stop W )",661-366-5734 CA 58 & CA 184 ( Weedpatch,) HRS 24 XL,Bakersfield,93307,Bruce's Truck Stop W ),661-366-5734,2007,Bakersfield,CA,,( Weedpatch,CA 58 & CA 184,empty,,False,,False,CA 58,CA 184,None,,
"Bakersfield , 93307 Bruce's Truck Stop",4 661-366-5734 CA 58 & CA 184 ( Weedpatch Hwy N ),24 XL,Bakersfield,93307,Bruce's Truck Stop,661-366-5734,2008,Bakersfield,CA,,( Weedpatch Hwy N ),CA 58 & CA 184,empty,,False,,False,CA 58,CA 184,None,,
"Pumpkin Ctr , 93309 Mikuls Pumpkin Center Truck Terminal",661-832-5390 CA 99 Exit 18 ( CA 119 ),HRS 124 MO,Pumpkin Ctr,93309,Mikuls Pumpkin Center Truck Terminal,661-832-5390,2006,Bakersfield,CA,,( CA 119 ),CA 99 Exit 18 ,Exit,18,False,,False,CA 99,,None,,
Pumpkin Center ( 93313 ) Mikuls Pumpkin Ctr Truck Roost Terminal Rd ),651-832-5390 CA 99 Exit 18 ( CA 119 W ),D <U+25A1> <U+25A1> <U+2610> <U+25A1>,Pumpkin Center,93313,Mikuls Pumpkin Ctr Truck Roost Terminal Rd ),651-832-5390,2016,Bakersfield,CA,,( CA 119 W ),CA 99 Exit 18 ,Exit,18,False,,False,CA 99,,None,,
"Pumpkin Ctr , 93313 Mikuls Pumpkin Center Truck Rd )",661-832-5390 CA 99 Exit 18 ( CA Terminal,<U+25A1>,Pumpkin Ctr,93313,Mikuls Pumpkin Center Truck Rd ),661-832-5390,2007,Bakersfield,CA,,( CA Terminal,CA 99 Exit 18 ,Exit,18,False,,False,CA 99,,None,,
"Pumpkin Center , 93313 Mikuls Pumpkin Center Roost Truck Rd ) Terminal",661-832-5390 CA 99 Exit 18 ( CA 119 ),HRS <U+25A1> 20 <U+25A1> <U+25A1>,Pumpkin Center,93313,Mikuls Pumpkin Center Roost Truck Rd ) Terminal,661-832-5390,2008,Bakersfield,CA,,( CA 119 ),CA 99 Exit 18 ,Exit,18,False,,False,CA 99,,None,,
Pumpkin Center ( 93313 ) Mikuls Pumpkin Center Truck Terminal,4 661-832-5390 CA 99 Exit 18 ( CA 119 W ),<U+2610> <U+2610> <U+25A1>,Pumpkin Center,93313,Mikuls Pumpkin Center Truck Terminal,661-832-5390,2014,Bakersfield,CA,,( CA 119 W ),CA 99 Exit 18 ,Exit,18,False,,False,CA 99,,None,,
Pumpkin Center ( 93313 ) Mikuls Pumpkin Center Truck Terminal,4 661-832-5390 CA 99 Exit 18 ( CA 119 W ),<U+2610> D,Pumpkin Center,93313,Mikuls Pumpkin Center Truck Terminal,661-832-5390,2015,Bakersfield,CA,,( CA 119 W ),CA 99 Exit 18 ,Exit,18,False,,False,CA 99,,None,,
"Paso Robles , 93446 San Paso Truck & Auto",3 805-238-7042 US 101 ( 3.5 mi N of CA 46 ),24 L,Paso Robles,93446,San Paso Truck & Auto,805-238-7042,2006,Paso Robles,CA,,( 3.5 mi N of CA 46 ),US 101,empty,,False,,False,US 101,,None,,
"Paso Robles , 93446 San Paso Truck & Auto Ave )",805-238-7042 US 101 ( 4 mi N of CA 46 ),HRS 24 L,Paso Robles,93446,San Paso Truck & Auto Ave ),805-238-7042,2007,Paso Robles,CA,,( 4 mi N of CA 46 ),US 101,empty,,False,,False,US 101,,None,,
"Paso Robles , 93446 San Paso Truck & Auto",3 805-238-7042 US 101 ( 4 mi N of CA 46 ),24 <U+2610>,Paso Robles,93446,San Paso Truck & Auto,805-238-7042,2008,Paso Robles,CA,,( 4 mi N of CA 46 ),US 101,empty,,False,,False,US 101,,None,,
G Paso Robles ( 93446 ) Golden Hill Country Store ( 76 ),805-239-2190 CA 46 ( 1.5 mi E of US 101 ),24 <U+2610>,Paso Robles,93446,Golden Hill Country Store ( 76 ),805-239-2190,2014,Paso Robles,CA,,( 1.5 mi E of US 101 ),CA 46,empty,,False,,False,CA 46,,None,,
Paso Robles ( 93446 ) Golden Hill Country Store ) ( 76 ),3 805-239-2190 CA 46 ( 1.5 mi E of US ),24 <U+2610> <U+2610>,Paso Robles,93446,Golden Hill Country Store ) ( 76 ),805-239-2190,2015,Paso Robles,CA,,( 1.5 mi E of US ),CA 46,empty,,False,,False,CA 46,,None,,
G Paso Robles ( 93446 ) Golden Hill Country Store Ave ) ( 76 ),3 805-239-2190 CA 46 ( 1.5 mi E of US ),24,Paso Robles,93446,Golden Hill Country Store Ave ) ( 76 ),805-239-2190,2016,Paso Robles,CA,,( 1.5 mi E of US ),CA 46,empty,,False,,False,CA 46,,None,,
G Paso Robles ( 93446 ) San Paso Truck Stop ( 76 ),805-467-9999 US 101 ( 4 mi N of CA 46 ),HRS 24 XL <U+2610>,Paso Robles,93446,San Paso Truck Stop ( 76 ),805-467-9999,2014,Paso Robles,CA,,( 4 mi N of CA 46 ),US 101,empty,,False,,False,US 101,,None,,
Paso Robles ( 93446 ) San Paso Truck Stop ( 76 ),3 805-467-9999 US 101 ( 4 mi N of CA 46 ),24 XL <U+2610>,Paso Robles,93446,San Paso Truck Stop ( 76 ),805-467-9999,2015,Paso Robles,CA,,( 4 mi N of CA 46 ),US 101,empty,,False,,False,US 101,,None,,
Paso Robles ( 93446 ) San Paso Truck Stop US ( 76 101 ) ) .,3 805-467-9999 US 101 ( 4 mi N of CA 46 ),24 XL <U+2610> O,Paso Robles,93446,San Paso Truck Stop US ( 76 101 ) ) .,805-467-9999,2016,Paso Robles,CA,,( 4 mi N of CA 46 ),US 101,empty,,False,,False,US 101,,None,,
"Pismo Beach , 93449 Miller's Unocal ( 76 / Conoco )",805-773-5727 US 101 & 4th St ( Pismo City E ),000,Pismo Beach,93449,Miller's Unocal ( 76 / Conoco ),805-773-5727,2006,Pismo Beach,CA,Conoco,( Pismo City E ),US 101 & 4th St,empty,,False,,False,US 101,4th St,None,,
"Pismo Beach , 93449 Miller's Unocal ( 76 / Conoco US ) 395 )",805-773-5727 US 101 & 4th St (,000 000,Pismo Beach,93449,Miller's Unocal ( 76 / Conoco US ) 395 ),805-773-5727,2007,Pismo Beach,CA,Conoco,(,US 101 & 4th St,empty,,False,,False,US 101,4th St,None,,
"Pismo Beach , 93449 Miller's Unocal 112",3 805-773-5727 US 101 & 4th ( 76 / Conoco ),<U+2610> <U+2610> D,Pismo Beach,93449,Miller's Unocal 112,805-773-5727,2008,Pismo Beach,CA,,( 76 / Conoco ),US 101 & 4th,empty,,False,,False,US 101,4th,None,,
"Mojave , 93501 Speedway Travel Center",661-824-2800 16660 CA 14-58 ( N end ),MRS 24 M <U+2610> <U+2610> <U+2610>,Mojave,93501,Speedway Travel Center,661-824-2800,2008,Mojave,CA,Speedway,( N end ),16660 CA 14-58,Proper,,False,,False,CA 14-58,,None,,
Mojave ( 93501 ) Speedway Travel Center,661-824-2800 16660 CA 14-58 ( N end ),2.4 MOO <U+2610>,Mojave,93501,Speedway Travel Center,661-824-2800,2014,Mojave,CA,Speedway,( N end ),16660 CA 14-58,Proper,,False,,False,CA 14-58,,None,,
Mojave ( 93501 ) Speedway CA 99 Exit Travel 223 ( Hatch Center Rd W - S 7th ),661-824-2800 16660 CA 14-58 ( N,MO D,Mojave,93501,Speedway CA 99 Exit Travel 223 ( Hatch Center Rd W - S 7th ),661-824-2800,2015,Mojave,CA,Speedway,( N,16660 CA 14-58,Proper,,False,,False,CA 14-58,,None,,
Mojave ( 93501 ) Speedway Travel Center,661-824-2800 16660 CA 14-58 ( N end ),24 <U+2610> <U+2610> MO,Mojave,93501,Speedway Travel Center,661-824-2800,2016,Mojave,CA,Speedway,( N end ),16660 CA 14-58,Proper,,False,,False,CA 14-58,,None,,
"Mojave , 93501 Price Saver Truck Stop",661-824-4491 2001 CA 58 ( E of CA 14 ),SOOO,Mojave,93501,Price Saver Truck Stop,661-824-4491,2006,Mojave,CA,,( E of CA 14 ),2001 CA 58,Proper,,False,,False,CA 58,,None,,
"Mojave , 93501 Price Saver Truck Stop",661-824-4491 2001 CA 58 ( E of CA 14 ),24,Mojave,93501,Price Saver Truck Stop,661-824-4491,2007,Mojave,CA,,( E of CA 14 ),2001 CA 58,Proper,,False,,False,CA 58,,None,,
"Mojave , 93501 Price Saver Truck Stop",661-824-4491 2001 CA 58 ( E of CA 14 ),HRS 24 S DO <U+2610> <U+2610>,Mojave,93501,Price Saver Truck Stop,661-824-4491,2008,Mojave,CA,,( E of CA 14 ),2001 CA 58,Proper,,False,,False,CA 58,,None,,
"Big Pine , 93513 Hi Country Market ( Mobil )",760-938-2067 101 US 395 N,- S,Big Pine,93513,Hi Country Market ( Mobil ),760-938-2067,2006,Big Pine,CA,Mobil,,101 US 395 N,Proper,,False,,False,US 395,,None,,
"Big Pine , 93513 Hi Country Market ( Mobil )",760-938-2067 101 US 395 N,,Big Pine,93513,Hi Country Market ( Mobil ),760-938-2067,2007,Big Pine,CA,Mobil,,101 US 395 N,Proper,,False,,False,US 395,,None,,
"Big Pine , 93513 Hi Country Market ( Mobil )",4 760-938-2067 101 US 395 N,<U+2610> D <U+2610> <U+2610>,Big Pine,93513,Hi Country Market ( Mobil ),760-938-2067,2008,Big Pine,CA,Mobil,,101 US 395 N,Proper,,False,,False,US 395,,None,,
"Chalfant , 93514 AJ's Market",760-873-3990 4750 US 6 & Brown Subdivision Rd,M <U+2610> <U+2610>,Chalfant,93514,AJ's Market,760-873-3990,2006,Bishop,CA,,,4750 US 6 & Brown Subdivision Rd,Proper,,False,,False,US 6,Brown Subdivision Rd,None,,
"Chalfant , 93514 AJ's Market",760-873-3990 4750 US 6 & Brown Subdivision Rd,- <U+2610>,Chalfant,93514,AJ's Market,760-873-3990,2007,Bishop,CA,,,4750 US 6 & Brown Subdivision Rd,Proper,,False,,False,US 6,Brown Subdivision Rd,None,,
"E Chalfant , 93514 AJ's Market",760-873-3990 4750 US 6 & Brown Subdivision Rd,<U+2610>,Chalfant,93514,AJ's Market,760-873-3990,2008,Bishop,CA,,,4750 US 6 & Brown Subdivision Rd,Proper,,False,,False,US 6,Brown Subdivision Rd,None,,
"G Bishop , 93514 Bishop Shell Carwash",760-873-8283 466 US 395 S,24 <U+2610> 000,Bishop,93514,Bishop Shell Carwash,760-873-8283,2006,Bishop,CA,Shell,,466 US 395 S,Proper,,False,,False,US 395,,None,,
"Bishop , 93514 Bishop Shell Carwash",760-873-8283 466 US 395 S,-,Bishop,93514,Bishop Shell Carwash,760-873-8283,2007,Bishop,CA,Shell,,466 US 395 S,Proper,,False,,False,US 395,,None,,
"Bishop , 93514 Bishop Shell Carwash",760-873-8283 466 US 395 S,<U+2610> <U+2610> <U+2610> 00,Bishop,93514,Bishop Shell Carwash,760-873-8283,2008,Bishop,CA,Shell,,466 US 395 S,Proper,,False,,False,US 395,,None,,
E Bishop ( 93514 ) Flyers # 225 ( Shell ),4 760-873-8283 466 US 395 S,D <U+2610> <U+2610>,Bishop,93514,Flyers # 225 ( Shell ),760-873-8283,2015,Bishop,CA,Shell,,466 US 395 S,Proper,,False,,False,US 395,,None,,
E Bishop ( 93514 ) Flyers # 225 ( Shell ),760-873-8283 466 US 395 S,<U+2610> D,Bishop,93514,Flyers # 225 ( Shell ),760-873-8283,2016,Bishop,CA,Shell,,466 US 395 S,Proper,,False,,False,US 395,,None,,
F Independence ( 93526 ) Fort Independence Travel Plaza,4 760-878-2483 US 395 ( 2 mi N of town ),24 S <U+25A1> <U+2610> <U+2610>,Independence,93526,Fort Independence Travel Plaza,760-878-2483,2014,Independence,CA,,( 2 mi N of town ),US 395,empty,,False,,False,US 395,,None,,
Independence ( 93526 ) Fort Independence Travel Plaza,760-878-2483 US 395 ( 2 mi N of,S <U+25A1> <U+2610> <U+2610>,Independence,93526,Fort Independence Travel Plaza,760-878-2483,2015,Independence,CA,,( 2 mi N of,US 395,empty,,False,,False,US 395,,None,,
F Independence ( 93526 ) Fort Independence Travel Plaza,760-878-2483 US 395 ( 2 mi N of,24 RS S <U+2610> HRS <U+2610> FRS,Independence,93526,Fort Independence Travel Plaza,760-878-2483,2016,Independence,CA,,( 2 mi N of,US 395,empty,,False,,False,US 395,,None,,
"Lancaster , 93534 Butler Scales ( Alliance )",661-942-2262 43859 N Sierra ( 4 mi E of CA 14 & Ave K ),K ) 000,Lancaster,93534,Butler Scales ( Alliance ),661-942-2262,2006,Lancaster,CA,,( 4 mi E of CA 14 & Ave K ),43859 N Sierra,Proper,,False,,False,43859 N,,None,,
"Lancaster , 93534 Butler Scales ( Alliance )",661-942-2262 43859 N Sierra ( 4 mi <U+00C9> of CA 14 & Ave K,K,Lancaster,93534,Butler Scales ( Alliance ),661-942-2262,2007,Lancaster,CA,,( 4 mi <U+00C9> of CA 14 & Ave K,43859 N Sierra,Proper,,False,,False,43859 N,,None,,
"Lancaster , 93534 Butler Scales ( Alliance W & ) Lakeview Ave HRS",4 661-942-2262- 43859 N Sierra ( 4 mi E of 14 <U+2610>,HRS <U+2610> <U+25A1>,Lancaster,93534,Butler Scales ( Alliance W & ) Lakeview Ave HRS,661-942-2262,2008,Lancaster,CA,,( 4 mi E of 14 <U+2610>,43859 N Sierra,Proper,,False,,False,43859 N,,None,,
G Tehachapi ( 93561 ) Love's Travel Stop # 392 N ),4 661-823-1484 CA 58 Exit 151 ( E on Tehachapi Blvd ),<U+2610> LO,Tehachapi,93561,Love's Travel Stop # 392 N ),661-823-1484,2014,Tehachapi,CA,Love's,( E on Tehachapi Blvd ),CA 58 Exit 151 ,Exit,151,False,,False,CA 58,,None,,
Tehachapi ( 93561 ) Love's Travel ( Stop Lankershim # 392 Blvd N ),661-823-1484 CA 58 Exit 151 ( E on,2000 24 L LO O,Tehachapi,93561,Love's Travel ( Stop Lankershim # 392 Blvd N ),661-823-1484,2015,Tehachapi,CA,Love's,( E on,CA 58 Exit 151 ,Exit,151,False,,False,CA 58,,None,,
G Tehachapi ( 93561 ) Love's Travel Stop # 392 Blvd N ),661-823-1484 CA 58 Exit 151 ( E on Tehachapi,24 <U+2610> LO,Tehachapi,93561,Love's Travel Stop # 392 Blvd N ),661-823-1484,2016,Tehachapi,CA,Love's,( E on Tehachapi,CA 58 Exit 151 ,Exit,151,False,,False,CA 58,,None,,
"F Chowchilla , 93610 Red Top Truck Stop",J 3559-665-7438 CA 152 & Rd 4 ( E of CA 59 ),484 S <U+2610>,Chowchilla,93610,Red Top Truck Stop,559-665-7438,2006,Chowchilla,CA,,( E of CA 59 ),CA 152 & Rd 4,empty,,False,,False,CA 152,Rd 4,None,,
"Chowchilla , 93610 Red Top Truck Stop",559-665-7438 CA 152 & Rd 4 ( E of CA 59 ),M <U+25A1>,Chowchilla,93610,Red Top Truck Stop,559-665-7438,2007,Chowchilla,CA,,( E of CA 59 ),CA 152 & Rd 4,empty,,False,,False,CA 152,Rd 4,None,,
"F Chowchilla , 93610 Red Top Truck Stop",3 559-665-7438 CA 152 & Rd 4 ( E of CA 59 ),M <U+2610>,Chowchilla,93610,Red Top Truck Stop,559-665-7438,2008,Chowchilla,CA,,( E of CA 59 ),CA 152 & Rd 4,empty,,False,,False,CA 152,Rd 4,None,,
F Chowchilla ( 93610 ) Red Top Truck Stop ( Kwik ),3 559-665-7438 CA 152 & Rd 4 ( E of CA 59 ),M <U+25A1>,Chowchilla,93610,Red Top Truck Stop ( Kwik ),559-665-7438,2014,Chowchilla,CA,Kwik,( E of CA 59 ),CA 152 & Rd 4,empty,,False,,False,CA 152,Rd 4,None,,
F Chowchilla ( 93610 ) Red Top Truck Stop ( Kwik ),3 559-665-7438 CA 152 & Rd 4 ( E of CA 59 ),<U+2610>,Chowchilla,93610,Red Top Truck Stop ( Kwik ),559-665-7438,2015,Chowchilla,CA,Kwik,( E of CA 59 ),CA 152 & Rd 4,empty,,False,,False,CA 152,Rd 4,None,,
"F Dinuba , 93618 RJ Food & Gas ( Exxon )",4 559-595-8852 1150 E El Monte Way,<U+2610> 000 000,Dinuba,93618,RJ Food & Gas ( Exxon ),559-595-8852,2006,Dinuba,CA,Exxon,,1150 E El Monte Way,Proper,,False,,False,E El Monte Way,,None,,
"F Dinuba , 93618 RJ Food & Gas ( Exxon )",4 559-595-8852 1150 E El Monte Way,<U+2610> 000,Dinuba,93618,RJ Food & Gas ( Exxon ),559-595-8852,2007,Dinuba,CA,Exxon,,1150 E El Monte Way,Proper,,False,,False,E El Monte Way,,None,,
"Dinuba , 93618 RJ Food & Gas ( Exxon )",559-595-8852 1150 E El Monte Way,<U+2610> <U+2610>,Dinuba,93618,RJ Food & Gas ( Exxon ),559-595-8852,2008,Dinuba,CA,Exxon,,1150 E El Monte Way,Proper,,False,,False,E El Monte Way,,None,,
"F Madera , 93637 Family Food Mart ( Shell )",559-661-1790 CA 99 Exit 151 ( Ave 12 ),S,Madera,93637,Family Food Mart ( Shell ),559-661-1790,2006,Madera,CA,Shell,( Ave 12 ),CA 99 Exit 151 ,Exit,151,False,,False,CA 99,,None,,
"F Madera , 93637 Family Food Mart ( Shell )",3 559-661-1790 CA 99 Exit 151 ( Ave 12 ),24 48 S,Madera,93637,Family Food Mart ( Shell ),559-661-1790,2007,Madera,CA,Shell,( Ave 12 ),CA 99 Exit 151 ,Exit,151,False,,False,CA 99,,None,,
"Madera , 93637 Family Food Mart ( Shell )",3 559-661-1790 CA 99 Exit 151 ( Ave 12 ),HRS 24 S <U+2610>,Madera,93637,Family Food Mart ( Shell ),559-661-1790,2008,Madera,CA,Shell,( Ave 12 ),CA 99 Exit 151 ,Exit,151,False,,False,CA 99,,None,,
"F Selma , 93662 Everest Petroleum",559-896-2744 CA 99 Exit 118 ( Floral Ave W ),24 49 <U+2610>,Selma,93662,Everest Petroleum,559-896-2744,2006,Selma,CA,,( Floral Ave W ),CA 99 Exit 118 ,Exit,118,False,,False,CA 99,,None,,
"F Selma , 93662 Everest Petroleum ( Arco )",559-896-2744 CA 99 Exit 118 ( Floral Ave W ),24 AS 000,Selma,93662,Everest Petroleum ( Arco ),559-896-2744,2007,Selma,CA,,( Floral Ave W ),CA 99 Exit 118 ,Exit,118,False,,False,CA 99,,None,,
F Selma ( 93662 ) Selma Valero,3 559-896-7682 CA 99 Exit 115 ( Mountain View W ),24 <U+2610>,Selma,93662,Selma Valero,559-896-7682,2014,Selma,CA,Valero,( Mountain View W ),CA 99 Exit 115 ,Exit,115,False,,False,CA 99,,None,,
F Selma ( 93662 ) Selma CA 99 Valero Exit 115 ( Mountain View W ),559-896-7682 CA 99 Exit 115 ( Mountain View W ),24 24,Selma,93662,Selma CA 99 Valero Exit 115 ( Mountain View W ),559-896-7682,2015,Selma,CA,Valero,( Mountain View W ),CA 99 Exit 115 ,Exit,115,False,,False,CA 99,,None,,
F Selma ( 93662 ) Selma Valero,3 559-896-7682 CA 99 Exit 115 ( Mountain View W ),<U+2610>,Selma,93662,Selma Valero,559-896-7682,2016,Selma,CA,Valero,( Mountain View W ),CA 99 Exit 115 ,Exit,115,False,,False,CA 99,,None,,
"F Fresno , 93722 E - Z Trip",559-276-0909 CA 99 Exit 143 ( Herndon Ave ),) 24 XL <U+2610>,Fresno,93722,E - Z Trip,559-276-0909,2006,Fresno,CA,,( Herndon Ave ),CA 99 Exit 143 ,Exit,143,False,,False,CA 99,,None,,
"F Fresno , 93722 E - Z Trip ( Shell )",559-276-0909 CA 99 Exit 143 ( Herndon Ave ),24 000,Fresno,93722,E - Z Trip ( Shell ),559-276-0909,2007,Fresno,CA,Shell,( Herndon Ave ),CA 99 Exit 143 ,Exit,143,False,,False,CA 99,,None,,
"F Fresno , 93722 E - Z Trip ( Shell )",3 559-276-0909 CA 99 Exit 143 ( Herndon Ave ),24 HRS <U+2610><U+2610>,Fresno,93722,E - Z Trip ( Shell ),559-276-0909,2008,Fresno,CA,Shell,( Herndon Ave ),CA 99 Exit 143 ,Exit,143,False,,False,CA 99,,None,,
Salinas ( 93902 ) 7-11 # 35065,2 831-754-6382 US 101 X 326 B ( S Sanborn W to Terven,S ) 24 <U+25A1> S D,Salinas,93902,7-11 # 35065,831-754-6382,2014,Salinas,CA,,( S Sanborn W to Terven,US 101 X 326 B ,Exit,326,False,,False,US 101,,None,,
Salinas ( 93902 ) 7 - Eleven # 35065,2 831-754-6382 US 101 Exit 326 B ( W then S on Terven ),) 24 S <U+25A1> <U+25A1>,Salinas,93902,7 - Eleven # 35065,831-754-6382,2015,Salinas,CA,Eleven,( W then S on Terven ),US 101 Exit 326 B ,Exit,326,False,,False,US 101,,None,,
F Salinas ( 93902 ) 7 - Eleven # 35065,831-754-6382 US 101 Exit 326 B ( W then S on Terven ),) 24 S 0,Salinas,93902,7 - Eleven # 35065,831-754-6382,2016,Salinas,CA,Eleven,( W then S on Terven ),US 101 Exit 326 B ,Exit,326,False,,False,US 101,,None,,
"F Salinas , 93902 Golden Gate Petroleum","831-754-8721 US 101 & S Sanborn W ( 1st R , 1st L )",S,Salinas,93902,Golden Gate Petroleum,831-754-8721,2007,Salinas,CA,,"( 1st R , 1st L )",US 101 & S Sanborn W,empty,,False,,False,US 101,S Sanborn,None,,
"Salinas , 93902 Golden Gate Petroleum W )",831-754-8721 US 101 X 326 B ( S Sanborn W to,S ) S <U+2610> <U+2610>,Salinas,93902,Golden Gate Petroleum W ),831-754-8721,2008,Salinas,CA,,( S Sanborn W to,US 101 X 326 B ,Exit,326,False,,False,US 101,,None,,
"S San Francisco , 94080 Golden Gate Petroleum ( Shell )",650-737-9675 US 101 & Grand ( E to Harbor ),43 <U+2610> <U+2610> <U+2610> <U+2610> O,San Francisco,94080,Golden Gate Petroleum ( Shell ),650-737-9675,2006,South San Francisco,CA,Shell,( E to Harbor ),US 101 & Grand,empty,,False,,False,US 101,Grand,None,,
"S San Francisco , 94080 Golden Gate Petroleum ( Shell )",650-737-9675 US 101 & Grand ( E to Harbor ),""" C",San Francisco,94080,Golden Gate Petroleum ( Shell ),650-737-9675,2007,South San Francisco,CA,Shell,( E to Harbor ),US 101 & Grand,empty,,False,,False,US 101,Grand,None,,
"S San Francisco , 94080 Golden Gate Petroleum ( Shell )",650-737-9675 US 101 & Grand ( E to Harbor ),<U+2610> <U+25A1> <U+25A1> <U+2610> <U+2610>,San Francisco,94080,Golden Gate Petroleum ( Shell ),650-737-9675,2008,South San Francisco,CA,Shell,( E to Harbor ),US 101 & Grand,empty,,False,,False,US 101,Grand,None,,
E South San Francisco ( 94080 ) 7 - Eleven # 35063 24,2 / 650-871-8132 US 101 & Grand ( E to Harbor ),24 24 0240,South San Francisco,94080,7 - Eleven # 35063 24,650-871-8132,2016,South San Francisco,CA,Eleven,( E to Harbor ),US 101 & Grand,empty,,False,,False,US 101,Grand,None,,
"E Brentwood , 94513 Golden Gate Petroleum",925-634-3013 8285 CA 4,24 48,Brentwood,94513,Golden Gate Petroleum,925-634-3013,2006,Brentwood,CA,,,8285 CA 4,Proper,,False,,False,CA 4,,None,,
"Brentwood , 94513 Golden Gate Petroleum",925-634-3013 8285 CA 4,<U+25A1> <U+25A1>,Brentwood,94513,Golden Gate Petroleum,925-634-3013,2007,Brentwood,CA,,,8285 CA 4,Proper,,False,,False,CA 4,,None,,
"E Brentwood , 94513 Golden Gate Petroleum",925-634-3013 8285 CA 4,00,Brentwood,94513,Golden Gate Petroleum,925-634-3013,2008,Brentwood,CA,,,8285 CA 4,Proper,,False,,False,CA 4,,None,,
E Livingston ( 94538 ) Quik Stop Market,3 209-394-1633 CA 99 Exit 203 ( Winton Pkwy W ),24 <U+2610> <U+25A1>,Livingston,94538,Quik Stop Market,209-394-1633,2014,Fremont,CA,,( Winton Pkwy W ),CA 99 Exit 203 ,Exit,203,False,,False,CA 99,,None,,
Livingston ( 94538 ) Quik Stop Market,209-394-1633 CA 99 Exit 203 ( Winton Pkwy W ),24 <U+25A1> <U+25A1> <U+25A1>,Livingston,94538,Quik Stop Market,209-394-1633,2015,Fremont,CA,,( Winton Pkwy W ),CA 99 Exit 203 ,Exit,203,False,,False,CA 99,,None,,
Livingston ( 94538 ) Quik Stop Market,209-394-1633 CA 99 Exit 203 ( Winton Pkwy W ),24 22 <U+25A1>,Livingston,94538,Quik Stop Market,209-394-1633,2016,Fremont,CA,,( Winton Pkwy W ),CA 99 Exit 203 ,Exit,203,False,,False,CA 99,,None,,
"E Fremont , 94538 Bayside Properties ( CFN )",510-498-8741 I-880 Ex 15 ( Auto Mall Pkwy W to,) 000,Fremont,94538,Bayside Properties ( CFN ),510-498-8741,2006,Fremont,CA,,( Auto Mall Pkwy W to,I-880 Ex 15 ,Exit,15,False,,False,I-880,,None,,
"E Fremont , 94538 Bayside Properties ( CFN )",510-498-8741 I-880 Ex 15 ( Auto Mall Pkwy W to Boyce,) 24 <U+2610> 000 000,Fremont,94538,Bayside Properties ( CFN ),510-498-8741,2007,Fremont,CA,,( Auto Mall Pkwy W to Boyce,I-880 Ex 15 ,Exit,15,False,,False,I-880,,None,,
"E Fremont , 94538 Bayside Properties ( CFN )",2 510-498-8741 I-880 Ex 15 ( Auto Mall Pkwy W to Boyce ),) 24 RS <U+2610> <U+2610>,Fremont,94538,Bayside Properties ( CFN ),510-498-8741,2008,Fremont,CA,,( Auto Mall Pkwy W to Boyce ),I-880 Ex 15 ,Exit,15,False,,False,I-880,,None,,
"Livermore , 94550 Geno's Country Store ( Shell )",925-449-3838 I-580 Exit 55 ( Vasco Rd ),M <U+2610>,Livermore,94550,Geno's Country Store ( Shell ),925-449-3838,2006,Livermore,CA,Shell,( Vasco Rd ),I-580 Exit 55 ,Exit,55,False,,False,I-580,,None,,
"Livermore , 94550 Geno's Country Store ( Shell )",925-449-3838 I-580 Exit 55 ( Vasco Rd ),24 000,Livermore,94550,Geno's Country Store ( Shell ),925-449-3838,2007,Livermore,CA,Shell,( Vasco Rd ),I-580 Exit 55 ,Exit,55,False,,False,I-580,,None,,
"Livermore , 94550 Geno's Country Store ( Shell ) )",21925-449-3838 I-580 Exit 55 ( Vasco Rd ),24 224 1 <U+2610><U+2610>,Livermore,94550,Geno's Country Store ( Shell ) ),925-449-3838,2008,Livermore,CA,Shell,( Vasco Rd ),I-580 Exit 55 ,Exit,55,False,,False,I-580,,None,,
"E Martinez , 94553 Golden Gate Petroleum",925-229-5706 3520 Pacheco Blvd,HRS,Martinez,94553,Golden Gate Petroleum,925-229-5706,2006,Martinez,CA,,,3520 Pacheco Blvd,Proper,,False,,False,Pacheco Blvd,,None,,
"E Martinez , 94553 Golden Gate Petroleum",925-229-5706 3520 Pacheco Blvd,24 000,Martinez,94553,Golden Gate Petroleum,925-229-5706,2007,Martinez,CA,,,3520 Pacheco Blvd,Proper,,False,,False,Pacheco Blvd,,None,,
"E Martinez , 94553 Golden Gate Petroleum",925-229-5706 I-680 Exit 54 ( W & N to 3520 Pacheco ),) HRS 24 <U+25A1>,Martinez,94553,Golden Gate Petroleum,925-229-5706,2008,Martinez,CA,,( W & N to 3520 Pacheco ),I-680 Exit 54 ,Exit,54,False,,False,I-680,,None,,
Martinez ( 94553 ) 7-11 # 35061 ( Shell ),2 925-372-7806 I-680 Exit 54 ( W & N to 3520 Pacheco ),) 24 <U+2610> D,Martinez,94553,7-11 # 35061 ( Shell ),925-372-7806,2014,Martinez,CA,Shell,( W & N to 3520 Pacheco ),I-680 Exit 54 ,Exit,54,False,,False,I-680,,None,,
E Martinez ( 94553 ) 7 - Eleven # 35061,925-372-7806 I-680 Exit 54 ( W & N to 3520 Pacheco ),) HORS 24 <U+2610> D,Martinez,94553,7 - Eleven # 35061,925-372-7806,2015,Martinez,CA,Eleven,( W & N to 3520 Pacheco ),I-680 Exit 54 ,Exit,54,False,,False,I-680,,None,,
Martinez ( 94553 ) 7 - Eleven # 35061,925-372-7806 . I-680 Exit 54 ( W & N to 3520 Pacheco ),) 24,Martinez,94553,7 - Eleven # 35061,925-372-7806,2016,Martinez,CA,Eleven,( W & N to 3520 Pacheco ),. I-680 Exit 54 ,Exit,54,False,,False,I-680,,None,,
"E San Leandro , 94577 Western States Oil ( Pacific Pride )",510-895-1037 I-880 Exit 33 ( Marina E ),B ) 485 XL,San Leandro,94577,Western States Oil ( Pacific Pride ),510-895-1037,2006,San Leandro,CA,,( Marina E ),I-880 Exit 33 ,Exit,33,False,,False,I-880,,None,,
"San Leandro , 94577 Western States Oil ( Pacific Pride )",510-895-1037 I-880 Exit 33 ( E ),,San Leandro,94577,Western States Oil ( Pacific Pride ),510-895-1037,2007,San Leandro,CA,,( E ),I-880 Exit 33 ,Exit,33,False,,False,I-880,,None,,
"E San Leandro , 94577 Western States Oil ( Pacific Pride )",510-895-1037 I-880 Exit 33 ( Marina E ),<U+2610> <U+2610> <U+2610> <U+25A1> <U+25A1> <U+2610>,San Leandro,94577,Western States Oil ( Pacific Pride ),510-895-1037,2008,San Leandro,CA,,( Marina E ),I-880 Exit 33 ,Exit,33,False,,False,I-880,,None,,
Oakland ( 94606 ) Golden Gate ( Shell ),510-434-9901 421 - 23rd Ave,<U+25A1> <U+2610> <U+2610> <U+25A1>,Oakland,94606,Golden Gate ( Shell ),510-434-9901,2014,Oakland,CA,Shell,,421 - 23rd Ave,Proper,,False,,False,23rd Ave,,None,,
E Oakland ( 94606 ) Golden Gate ( Shell 66 ) E ),510-434-9901 421-23rd Ave,<U+2610> <U+2610> D <U+25A1>,Oakland,94606,Golden Gate ( Shell 66 ) E ),510-434-9901,2015,Oakland,CA,Shell,,421-23rd Ave,empty,,False,,False,23rd Ave,,None,,
Oakland ( 94606 ) Golden Gate ( CA ( Shell 66 ) E ),510-434-9901 421-23rd Ave,<U+2610> <U+2610> <U+25A1> <U+2610> <U+25A1>,Oakland,94606,Golden Gate ( CA ( Shell 66 ) E ),510-434-9901,2016,Oakland,CA,Shell,,421-23rd Ave,empty,,False,,False,23rd Ave,,None,,
Oakland ( 94607 ) Golden Gate,510-836-0774 5th & Adeline,""" <U+2610> D <U+25A1>",Oakland,94607,Golden Gate,510-836-0774,2015,Oakland,CA,,,5th & Adeline,empty,,False,,False,5th,Adeline,None,,
Oakland ( 94607 ) Golden Gate,510-836-0774 5th & Adeline,D,Oakland,94607,Golden Gate,510-836-0774,2016,Oakland,CA,,,5th & Adeline,empty,,False,,False,5th,Adeline,None,,
"Richmond , 94804 Golden Gate Petroleum",510-236-1300 I-580 & Regatta / Erlandson,,Richmond,94804,Golden Gate Petroleum,510-236-1300,2006,Richmond,CA,,,I-580 & Regatta / Erlandson,empty,,False,,False,I-580,Regatta Erlandson,None,,
"E Richmond , 94804 Golden Gate Petroleum )",510-236-1300 I-580 & Regatta / Erlandson,D O,Richmond,94804,Golden Gate Petroleum ),510-236-1300,2007,Richmond,CA,,,I-580 & Regatta / Erlandson,empty,,False,,False,I-580,Regatta Erlandson,None,,
"Richmond , 94804 Golden Gate Petroleum Valley )",510-236-1300 I-580 Exit 10 B ( Regatta /,D,Richmond,94804,Golden Gate Petroleum Valley ),510-236-1300,2008,Richmond,CA,,( Regatta /,I-580 Exit 10 B ,Exit,10,False,,False,I-580,,None,,
E Richmond ( 94806 ) Golden Gate,510-236-1300 I-580 Exit 10 B ( Regatta / Erlandson ),) <U+25A1> <U+25A1>,Richmond,94806,Golden Gate,510-236-1300,2014,San Pablo,CA,,( Regatta / Erlandson ),I-580 Exit 10 B ,Exit,10,False,,False,I-580,,None,,
E Richmond ( 94806 ) Golden Gate,2 510-236-1300 I-580 Exit 10 B ( Regatta / Erlandson ),<U+2610>,Richmond,94806,Golden Gate,510-236-1300,2015,San Pablo,CA,,( Regatta / Erlandson ),I-580 Exit 10 B ,Exit,10,False,,False,I-580,,None,,
Richmond ( 94806 ) Golden Gate,510-236-1300 I-580 Exit 10 B ( Regatta / Erlandson ),<U+2610> <U+2610> <U+2610>,Richmond,94806,Golden Gate,510-236-1300,2016,San Pablo,CA,,( Regatta / Erlandson ),I-580 Exit 10 B ,Exit,10,False,,False,I-580,,None,,
"Gilroy , 95020 Rotten Robbie # 31",408-842-3630 US 101 & CA 152 W ( Leavesley Rd ),24 <U+2610> M <U+2610>,Gilroy,95020,Rotten Robbie # 31,408-842-3630,2006,Gilroy,CA,,( Leavesley Rd ),US 101 & CA 152 W,empty,,False,,False,US 101,CA 152,None,,
"F Gilroy , 95020 Rotten Robbie # 31",408-842-3630 US 101 & CA 152 W ( Leavesley Rd ),) 24,Gilroy,95020,Rotten Robbie # 31,408-842-3630,2007,Gilroy,CA,,( Leavesley Rd ),US 101 & CA 152 W,empty,,False,,False,US 101,CA 152,None,,
"Gilroy , 95020 Rotten Robbie # 31",2 408-842-3630 US 101 & CA 152 W ( Leavesley Rd ),HRS 24 <U+2610> <U+2610> <U+2610>,Gilroy,95020,Rotten Robbie # 31,408-842-3630,2008,Gilroy,CA,,( Leavesley Rd ),US 101 & CA 152 W,empty,,False,,False,US 101,CA 152,None,,
Gilroy ( 95020 ) Rotten Robbie # 31 Ave E ),408-842-3630 US 101 & CA 152 W (,24 <U+25A1>,Gilroy,95020,Rotten Robbie # 31 Ave E ),408-842-3630,2015,Gilroy,CA,,(,US 101 & CA 152 W,empty,,False,,False,US 101,CA 152,None,,
Gilroy ( 95020 ) Rotten Robbie 142 # ( 31 Herndon Ave E ),408-842-3630 US 101 & CA 152,24 <U+25A1>,Gilroy,95020,Rotten Robbie 142 # ( 31 Herndon Ave E ),408-842-3630,2016,Gilroy,CA,,,US 101 & CA 152,empty,,False,,False,US 101,CA 152,None,,
F Scotts Valley ( 95066 ) Corner Store # 3736 ( ),2 831-438-5105 CA 17 Exit 5 ( Scotts Valley Dr S ),<U+2610> <U+2610> D,Scotts Valley,95066,Corner Store # 3736 ( ),831-438-5105,2016,Scotts Valley,CA,,( Scotts Valley Dr S ),CA 17 Exit 5 ,Exit,5,False,,False,CA 17,,None,,
"E Stockton , 95215 Shane's & Dave's Truck Shop ( CFN )",2 209-547-0443 CA 99 Exit 252 A ( CA 99 SB Svc Rd ),) 24 HRS <U+2610> <U+2610>,Stockton,95215,Shane's & Dave's Truck Shop ( CFN ),209-547-0443,2008,Stockton,CA,,( CA 99 SB Svc Rd ),CA 99 Exit 252 A ,Exit,252,False,,False,CA 99,,None,,
Lodi ( 95242 ) Love's Travel Stop # 538,209-333-9392 I-5 Exit 485 ( CA 12 E ),24 <U+2610> LO 1915,Lodi,95242,Love's Travel Stop # 538,209-333-9392,2016,Lodi,CA,Love's,( CA 12 E ),I-5 Exit 485 ,Exit,485,False,,False,I-5,,None,,
E Lathrop ( 95330 ) Fast Lane,209-234-4341 I-5 Exit 465 ( Roth Rd E ),24 <U+2610> <U+2610>,Lathrop,95330,Fast Lane,209-234-4341,2014,Lathrop,CA,,( Roth Rd E ),I-5 Exit 465 ,Exit,465,False,,False,I-5,,None,,
E Lathrop ( 95330 ) Fast Lane,2 209-234-4341 I-5 Exit 465 ( Roth Rd E ),24 24 <U+2610>,Lathrop,95330,Fast Lane,209-234-4341,2015,Lathrop,CA,,( Roth Rd E ),I-5 Exit 465 ,Exit,465,False,,False,I-5,,None,,
Lathrop ( 95330 ) Fast Lane,209-234-4341 I-5 Exit 465 ( Roth Rd E ),24 <U+2610>,Lathrop,95330,Fast Lane,209-234-4341,2016,Lathrop,CA,,( Roth Rd E ),I-5 Exit 465 ,Exit,465,False,,False,I-5,,None,,
"LeGrand , 95333 Stop - Stop N Go",559-665-0456 Merced CA 99 MM Truck 174 ( Harvey Pettit ),M D,LeGrand,95333,Stop - Stop N Go,559-665-0456,2006,Le Grand,CA,,( Harvey Pettit ),Merced CA 99 MM Truck 174,empty,,False,,False,CA 99,,None,,
"LeGrand , 95333 Merced Truck Stop - Stop N Go ( Texaco )",559-665-0456 CA 99 Exit 174 ( Harvey Pettit ),) 24 M,LeGrand,95333,Merced Truck Stop - Stop N Go ( Texaco ),559-665-0456,2007,Le Grand,CA,Texaco,( Harvey Pettit ),CA 99 Exit 174 ,Exit,174,False,,False,CA 99,,None,,
"LeGrand , 95333 Merced Truck Stop - Stop ) N Go ( Texaco ) HRS",3 559-665-0456 CA 99 Exit 174 ( Harvey ) HRS,24 HRS M <U+2610>,LeGrand,95333,Merced Truck Stop - Stop ) N Go ( Texaco ) HRS,559-665-0456,2008,Le Grand,CA,Texaco,( Harvey ) HRS,CA 99 Exit 174 ,Exit,174,False,,False,CA 99,,None,,
"Livingston , 95334 TA Rd )",3 209-394-4418 CA - 99 Livingston Exit 203 ( Winton Pkwy ) TA 24,24 LOO,Livingston,95334,TA Rd ),209-394-4418,2008,Livingston,CA,,( Winton Pkwy ) TA 24,CA - 99 Livingston Exit 203 ,Exit,203,False,,False,CA 99,,None,,
E Livingston ( 95334 ) TA Livingston # 170 ( Shell ),3 209-394-4418 CA 99 Exit 203 ( Winton Pkwy W ),ZA 24 <U+2610> LO <U+2610> <U+2610>,Livingston,95334,TA Livingston # 170 ( Shell ),209-394-4418,2014,Livingston,CA,Shell,( Winton Pkwy W ),CA 99 Exit 203 ,Exit,203,False,,False,CA 99,,None,,
E Livingston ( 95334 ) TA Livingston # 170 ( Shell ),3 209-394-4418 CA 99 Exit 203 ( Winton Pkwy W ) TA,TA 24 <U+2610> <U+2610><U+2610><U+2610> 24,Livingston,95334,TA Livingston # 170 ( Shell ),209-394-4418,2015,Livingston,CA,Shell,( Winton Pkwy W ) TA,CA 99 Exit 203 ,Exit,203,False,,False,CA 99,,None,,
Livingston ( 95334 ) TA Livingston # 170 ( Shell ),209-394-4418 CA 99 Exit 203 ( Winton Pkwy W ),24 <U+25A1> LOO,Livingston,95334,TA Livingston # 170 ( Shell ),209-394-4418,2016,Livingston,CA,Shell,( Winton Pkwy W ),CA 99 Exit 203 ,Exit,203,False,,False,CA 99,,None,,
"Ripon , 95366 Jimco Truck Plaza",209-599-2112 CA 99 Exit 237 B ( Jack Tone Rd ),24,Ripon,95366,Jimco Truck Plaza,209-599-2112,2006,Ripon,CA,,( Jack Tone Rd ),CA 99 Exit 237 B ,Exit,237,False,,False,CA 99,,None,,
"Ripon , 95366 Jimco Truck Plaza Rd )",209-599-2112 CA 99 Exit 237 B ( Jack Tone ),HRS 24 L,Ripon,95366,Jimco Truck Plaza Rd ),209-599-2112,2007,Ripon,CA,,( Jack Tone ),CA 99 Exit 237 B ,Exit,237,False,,False,CA 99,,None,,
"E Ripon , 95366 Jimco Truck Plaza Rd )",209-599-2112 CA 99 Exit 237 B ( Jack Tone,24,Ripon,95366,Jimco Truck Plaza Rd ),209-599-2112,2008,Ripon,CA,,( Jack Tone,CA 99 Exit 237 B ,Exit,237,False,,False,CA 99,,None,,
"E Turlock , 95380 Joe Gomes & Sons ( CFN )",209-632-3111 CA 99 Exit 213 ( Main St E ),<U+2610> 000 000,Turlock,95380,Joe Gomes & Sons ( CFN ),209-632-3111,2006,Turlock,CA,,( Main St E ),CA 99 Exit 213 ,Exit,213,False,,False,CA 99,,None,,
"E Turlock , 95380 Joe Gomes & Sons ( CFN )",209-632-3111 CA 99 Exit 213 ( Main St E ),000,Turlock,95380,Joe Gomes & Sons ( CFN ),209-632-3111,2007,Turlock,CA,,( Main St E ),CA 99 Exit 213 ,Exit,213,False,,False,CA 99,,None,,
"E Turlock , 95380 Joe Gomes & Sons ( CFN )",2 209-632-3111 CA 99 Exit 213 ( Main St E ),,Turlock,95380,Joe Gomes & Sons ( CFN ),209-632-3111,2008,Turlock,CA,,( Main St E ),CA 99 Exit 213 ,Exit,213,False,,False,CA 99,,None,,
"Kelseyville , 95451 Kits Corner Store",707-279-1380 7990 Hwy 29,24 <U+2610><U+2610> S 24 44,Kelseyville,95451,Kits Corner Store,707-279-1380,2006,Kelseyville,CA,,,7990 Hwy 29,Proper,,False,,False,Hwy 29,,None,,
"Kelseyville , 95451 Kits Corner Store",707-279-8954 7990 Hwy 29,S,Kelseyville,95451,Kits Corner Store,707-279-8954,2007,Kelseyville,CA,,,7990 Hwy 29,Proper,,False,,False,Hwy 29,,None,,
"Kelseyville , 95451 Kits Corner Store EB / 142 WB ( Indio Blvd )",707-279-8954 7990 Hwy 29,S <U+2610>,Kelseyville,95451,Kits Corner Store EB / 142 WB ( Indio Blvd ),707-279-8954,2008,Kelseyville,CA,,,7990 Hwy 29,Proper,,False,,False,Hwy 29,,None,,
D Kelseyville ( 95451 ) Kits Corner Store,707-279-8954 7990 Hwy 29,D S <U+2610> <U+25A1>,Kelseyville,95451,Kits Corner Store,707-279-8954,2014,Kelseyville,CA,,,7990 Hwy 29,Proper,,False,,False,Hwy 29,,None,,
D Kelseyville ( 95451 ) Kits Corner Store,707-279-8954 7990 Hwy 29,S <U+25A1> D <U+2610><U+2610>,Kelseyville,95451,Kits Corner Store,707-279-8954,2015,Kelseyville,CA,,,7990 Hwy 29,Proper,,False,,False,Hwy 29,,None,,
Kelseyville ( 95451 ) Kits Corner 73 Store,707-279-8954 7990 Hwy 29,<U+2610> S <U+2610> <U+25A1>,Kelseyville,95451,Kits Corner 73 Store,707-279-8954,2016,Kelseyville,CA,,,7990 Hwy 29,Proper,,False,,False,Hwy 29,,None,,
Lakeport ( 95453 ) Westgate Petroleum,707-263-4605 CA 29-175 ( 1 mi S of jnctn ),24 <U+25A1>,Lakeport,95453,Westgate Petroleum,707-263-4605,2016,Lakeport,CA,,( 1 mi S of jnctn ),CA 29-175,empty,,False,,False,CA 29-175,,None,,
"Lakeport , 95453 Westgate Petroleum ( Alliance )",707-263-6281 1785 S Main ( 1/4 mi N of CA 29 & CA 175,"175 ) DO 000 """,Lakeport,95453,Westgate Petroleum ( Alliance ),707-263-6281,2006,Lakeport,CA,,( 1/4 mi N of CA 29 & CA 175,1785 S Main,Proper,,False,,False,1785 S,,None,,
"Lakeport , 95453 Westgate Petroleum ( Alliance )",707-263-6281 1785 S Main ( 1/4 mi N of CA 29 & CA 175 ),) <U+2610> 000 000,Lakeport,95453,Westgate Petroleum ( Alliance ),707-263-6281,2007,Lakeport,CA,,( 1/4 mi N of CA 29 & CA 175 ),1785 S Main,Proper,,False,,False,1785 S,,None,,
"Lakeport , 95453 Westgate Petroleum ( Alliance ) 193",2 707-263-6281 1785 S Main ( 1/4 mi N of CA 29 &,193 <U+25A1> <U+25A1> <U+25A1>,Lakeport,95453,Westgate Petroleum ( Alliance ) 193,707-263-6281,2008,Lakeport,CA,,( 1/4 mi N of CA 29 &,1785 S Main,Proper,,False,,False,1785 S,,None,,
Lakeport ( 95453 ) Westgate Petroleum,707-263-6512 CA 29-175 ( 1 mi S of jnctn ),<U+2610><U+2610> <U+25A1> <U+25A1> <U+2610> <U+25A1>,Lakeport,95453,Westgate Petroleum,707-263-6512,2015,Lakeport,CA,,( 1 mi S of jnctn ),CA 29-175,empty,,False,,False,CA 29-175,,None,,
"Ukiah , 95482 Jensen's Truck Stop ( 76 )",707-462-7012 US 101 & N State St ( MM 26 ),S,Ukiah,95482,Jensen's Truck Stop ( 76 ),707-462-7012,2006,Ukiah,CA,,( MM 26 ),US 101 & N State St,empty,,False,,False,US 101,N State St,None,,
"Ukiah , 95482 Jensen's Truck Stop ( 76 )",707-462-7012 US 101 & N State St ( MM 26 ),M 24 0 0 0,Ukiah,95482,Jensen's Truck Stop ( 76 ),707-462-7012,2007,Ukiah,CA,,( MM 26 ),US 101 & N State St,empty,,False,,False,US 101,N State St,None,,
"Ukiah , 95482 Jensen's Truck Stop ( 76 )",707-462-7012 US 101 & N State St ( MM 26 ),24 HOTS 240,Ukiah,95482,Jensen's Truck Stop ( 76 ),707-462-7012,2008,Ukiah,CA,,( MM 26 ),US 101 & N State St,empty,,False,,False,US 101,N State St,None,,
Ukiah ( 95482 ) Jensen's Truck Stop,1 707-467-9999 US 101 & N State St,24 MOD 24 22,Ukiah,95482,Jensen's Truck Stop,707-467-9999,2014,Ukiah,CA,,,US 101 & N State St,empty,,False,,False,US 101,N State St,None,,
Ukiah ( 95482 ) Jensen's Truck Stop Ave W ),707-467-9999 US 101 & N State St,24 22 MO 24,Ukiah,95482,Jensen's Truck Stop Ave W ),707-467-9999,2015,Ukiah,CA,,,US 101 & N State St,empty,,False,,False,US 101,N State St,None,,
Ukiah ( 95482 ) Jensen's Truck Stop,707-467-9999 US 101 & N State St,MO 24 22,Ukiah,95482,Jensen's Truck Stop,707-467-9999,2016,Ukiah,CA,,,US 101 & N State St,empty,,False,,False,US 101,N State St,None,,
"B Eureka , 95503 Golden Gate Petroleum ( Texaco ) )",707-443-1891 3505 US 101 & Highland,HRS 000,Eureka,95503,Golden Gate Petroleum ( Texaco ) ),707-443-1891,2006,Eureka,CA,Texaco,,3505 US 101 & Highland,Proper,,False,,False,US 101,Highland,None,,
"Eureka , 95503 Golden Gate Petroleum ( Texaco )",707-443-1891 3505 US 101 & Highland,000 000,Eureka,95503,Golden Gate Petroleum ( Texaco ),707-443-1891,2007,Eureka,CA,Texaco,,3505 US 101 & Highland,Proper,,False,,False,US 101,Highland,None,,
"B Eureka , 95503 Golden Gate Petroleum ( Texaco )",707-443-1891 3505 US 101 & Highland,24 HRS <U+25A1> <U+25A1>,Eureka,95503,Golden Gate Petroleum ( Texaco ),707-443-1891,2008,Eureka,CA,Texaco,,3505 US 101 & Highland,Proper,,False,,False,US 101,Highland,None,,
B Eureka ( 95503 ) Texaco Star,707-443-1891 3505 US 101 & Highland,24 O,Eureka,95503,Texaco Star,707-443-1891,2015,Eureka,CA,Texaco,,3505 US 101 & Highland,Proper,,False,,False,US 101,Highland,None,,
Eureka ( 95503 ) South Broadway Shell,707-443-1891 3505 US 101 & Highland,24 <U+2610><U+2610> <U+25A1>,Eureka,95503,South Broadway Shell,707-443-1891,2016,Eureka,CA,Shell,,3505 US 101 & Highland,Proper,,False,,False,US 101,Highland,None,,
"B Fortuna , 95540 Hansen Truck Stop ( Chevron ) )",707-725-1744 US 101 & CA 36 ( Sandy Prairie Rd ),M 00,Fortuna,95540,Hansen Truck Stop ( Chevron ) ),707-725-1744,2006,Fortuna,CA,Chevron,( Sandy Prairie Rd ),US 101 & CA 36,empty,,False,,False,US 101,CA 36,None,,
"B Fortuna , 95540 Hansen Truck Stop",707-725-1744 US 101 & CA 36 ( Sandy Prairie Rd ),HRS M 00 D,Fortuna,95540,Hansen Truck Stop,707-725-1744,2007,Fortuna,CA,,( Sandy Prairie Rd ),US 101 & CA 36,empty,,False,,False,US 101,CA 36,None,,
"B Fortuna , 95540 Hansen Truck Stop",1 707-725-1744 US 101 & CA 36 ( Sandy Prairie Rd ),M <U+2610>,Fortuna,95540,Hansen Truck Stop,707-725-1744,2008,Fortuna,CA,,( Sandy Prairie Rd ),US 101 & CA 36,empty,,False,,False,US 101,CA 36,None,,
D Dixon ( 95620 ) Ramos Oil Cardlock ( Shell / CFN ),2 707-678-1670 I-80 Exit 66 ( CA 113 S ),<U+2610> <U+2610> 0 <U+2610>,Dixon,95620,Ramos Oil Cardlock ( Shell / CFN ),707-678-1670,2014,Dixon,CA,Shell,( CA 113 S ),I-80 Exit 66 ,Exit,66,False,,False,I-80,,None,,
D Dixon ( 95620 ) Ramos Oil Cardlock ( Shell / CFN ),707-678-1670 I-80 Exit 66 ( CA 113 S ),<U+2610> <U+2610> <U+2610> <U+25A1>,Dixon,95620,Ramos Oil Cardlock ( Shell / CFN ),707-678-1670,2015,Dixon,CA,Shell,( CA 113 S ),I-80 Exit 66 ,Exit,66,False,,False,I-80,,None,,
Dixon ( 95620 ) Ramos Oil Cardlock ( Shell / CFN ),707-678-1670 I-80 Exit 66 ( CA 113 S ),<U+2610><U+2610> <U+2610> <U+25A1>,Dixon,95620,Ramos Oil Cardlock ( Shell / CFN ),707-678-1670,2016,Dixon,CA,Shell,( CA 113 S ),I-80 Exit 66 ,Exit,66,False,,False,I-80,,None,,
"Dixon , 95620 Ramos Oil ( Shell )",707-678-2061 I-80 Exit 66 ( CA 113 S ),<U+25A1>,Dixon,95620,Ramos Oil ( Shell ),707-678-2061,2006,Dixon,CA,Shell,( CA 113 S ),I-80 Exit 66 ,Exit,66,False,,False,I-80,,None,,
"Dixon , 95620 Ramos Oil ( Shell )",707-678-2061 I-80 Exit 66 ( CA 113 S ),00,Dixon,95620,Ramos Oil ( Shell ),707-678-2061,2007,Dixon,CA,Shell,( CA 113 S ),I-80 Exit 66 ,Exit,66,False,,False,I-80,,None,,
"Dixon , 95620 Ramos Oil ( Shell )",707-678-2061 I-80 Exit 66 ( CA 113 S ),"""",Dixon,95620,Ramos Oil ( Shell ),707-678-2061,2008,Dixon,CA,Shell,( CA 113 S ),I-80 Exit 66 ,Exit,66,False,,False,I-80,,None,,
D Dixon ( 95620 ) Sidhu Truck Stop ( Chevron ),707-678-4400 I-80 Exit 67 ( Pedrick Rd N ),24 DOMO,Dixon,95620,Sidhu Truck Stop ( Chevron ),707-678-4400,2014,Dixon,CA,Chevron,( Pedrick Rd N ),I-80 Exit 67 ,Exit,67,False,,False,I-80,,None,,
D Dixon ( 95620 ) Sidhu Chevron,2 707-678-4400 I-80 Exit 67 ( Pedrick Rd N ) AMBEST,24 . MO,Dixon,95620,Sidhu Chevron,707-678-4400,2015,Dixon,CA,Chevron,( Pedrick Rd N ) AMBEST,I-80 Exit 67 ,Exit,67,False,,False,I-80,,None,,
Dixon ( 95620 ) Sidhu Chevron,707-678-4400 I-80 Exit 67 ( Pedrick Rd N ),N 24 MOO,Dixon,95620,Sidhu Chevron,707-678-4400,2016,Dixon,CA,Chevron,( Pedrick Rd N ),I-80 Exit 67 ,Exit,67,False,,False,I-80,,None,,
"Penryn , 95663 Penryn 76 Rd ( E of US 395 )",3 916-660-9485 I-80 Exit 112,24 <U+2610> <U+2610>,Penryn,95663,Penryn 76 Rd ( E of US 395 ),916-660-9485,2008,Penryn,CA,,,I-80 Exit 112,Exit,112,False,,False,I-80,,None,,
D Penryn ( 95663 ) Penryn 76,3 916-660-9485 I-80 Exit 112,224 24 <U+25A1> <U+25A1> <U+2610>,Penryn,95663,Penryn 76,916-660-9485,2014,Penryn,CA,,,I-80 Exit 112,Exit,112,False,,False,I-80,,None,,
Penryn ( 95663 ) Penryn 76 US 395 ),3 916-660-9485 I-80 Exit 112,24 <U+2610><U+2610> <U+2610>,Penryn,95663,Penryn 76 US 395 ),916-660-9485,2015,Penryn,CA,,,I-80 Exit 112,Exit,112,False,,False,I-80,,None,,
D Penryn ( 95663 ) Penryn 76,916-660-9485 I-80 Exit 112,124 <U+25A1>,Penryn,95663,Penryn 76,916-660-9485,2016,Penryn,CA,,,I-80 Exit 112,Exit,112,False,,False,I-80,,None,,
D Vacaville ( 95688 ) Vaca Valley Travel Center,707-451-7532 I-505 Exit 1 ( NB ) / 1C ( SB ),24 <U+2610>,Vacaville,95688,Vaca Valley Travel Center,707-451-7532,2014,Vacaville,CA,,( NB ) / 1C ( SB ),I-505 Exit 1 ,Exit,1,False,,False,I-505,,None,,
Vacaville ( 95688 ) Vaca Valley Travel Center ( Chevron ),707-451-7532 I-505 Exit 1 ( NB ) / 1C ( ),24 <U+2610>,Vacaville,95688,Vaca Valley Travel Center ( Chevron ),707-451-7532,2015,Vacaville,CA,Chevron,( NB ) / 1C ( ),I-505 Exit 1 ,Exit,1,False,,False,I-505,,None,,
D Vacaville ( 95688 ) Vaca Valley Travel Center ( Chevron ),707-451-7532 I-505 Exit 1 ( NB ) / 1C ( SB ),24 S <U+2610>,Vacaville,95688,Vaca Valley Travel Center ( Chevron ),707-451-7532,2016,Vacaville,CA,Chevron,( NB ) / 1C ( SB ),I-505 Exit 1 ,Exit,1,False,,False,I-505,,None,,
"Sacramento ( W ) , 95691 West Sacramento Truck Stop",916-371-0454 I-80 Exit 81 ( W Capitol ),),Sacramento,95691,West Sacramento Truck Stop,916-371-0454,2006,West Sacramento,CA,,( W Capitol ),I-80 Exit 81 ,Exit,81,False,,False,I-80,,None,,
"Sacramento ( W ) , 95691 West Sacramento Truck Stop ( Valero )",916-371-0454 I-80 Exit 81 ( W Capitol ) ),24,Sacramento,95691,West Sacramento Truck Stop ( Valero ),916-371-0454,2007,West Sacramento,CA,Valero,( W Capitol ) ),I-80 Exit 81 ,Exit,81,False,,False,I-80,,None,,
"Sacramento ( W ) , 95691 West Sacramento Truck Stop , 1 mi ( Valero W of I-5 )",2 916-371-0454 I-80 Exit 81 ( W Capitol ) ),HRS 24 INS M,Sacramento West Sacramento Truck Stop,95691,"West Sacramento Truck Stop , 1 mi ( Valero W of I-5 )",916-371-0454,2008,West Sacramento,CA,Valero,( W Capitol ) ),I-80 Exit 81 ,Exit,81,False,,False,I-80,,None,,
D'Sacramento ( West ) ( 95691 ) West Sacramento Truck Stop ( Valero ),2 916-371-0454 I-80 Exit 81 ( W Capitol ),24 3 M <U+2610> D <U+2610><U+2610>,Sacramento,95691,West Sacramento Truck Stop ( Valero ),916-371-0454,2014,West Sacramento,CA,Valero,( W Capitol ),I-80 Exit 81 ,Exit,81,False,,False,I-80,,None,,
D Sacramento ( West ) ( 95691 ) Harbor Truck & Auto Stop ( Shell ),2 916-372-2893 I-80 Bus / US 50 Xt 1 ( 1B WB ) ( Harbor N ),N ) 24 38 <U+25A1> D,Sacramento,95691,Harbor Truck & Auto Stop ( Shell ),916-372-2893,2014,West Sacramento,CA,Shell,( 1B WB ) ( Harbor N ),I-80 Bus / US 50 Xt 1,empty,,False,,False,US 50,,1,,
Sacramento ( West ) ( 95691 ) Harbor Truck & Auto Stop ( Shell ),916-372-2893 I-80 Bus / US 50 Xt 1 ( 1B WB ) ( Harbor N ),) 24 <U+2610> <U+2610>,Sacramento,95691,Harbor Truck & Auto Stop ( Shell ),916-372-2893,2015,West Sacramento,CA,Shell,( 1B WB ) ( Harbor N ),I-80 Bus / US 50 Xt 1,empty,,False,,False,US 50,,1,,
D Sacramento ( West ) ( 95691 ) I-80 Harbor Bus Truck / US & 50 Auto Xt 1 Stop ( 1B WB ( Shell ) ( Harbor ) N ),916-372-2893 Pilot,) 24 <U+2610>,Sacramento,95691,I-80 Harbor Bus Truck / US & 50 Auto Xt 1 Stop ( 1B WB ( Shell ) ( Harbor ) N ),916-372-2893,2016,West Sacramento,CA,Shell,,Pilot,empty,,False,,False,Pilot,,None,,
"ISacramento , 95823 Dhami Truck Plaza",916-689-9080 CA 99 Exit 191 ( 7891 Stockton Blvd ),) 24 HRS,Sacramento,95823,Dhami Truck Plaza,916-689-9080,2006,Sacramento,CA,,( 7891 Stockton Blvd ),CA 99 Exit 191 ,Exit,191,False,,False,CA 99,,None,,
"Dunnigan , 95937 United Petroleum",530-724-3378 I-5 Exit 554 ( CR 8 W ),,Dunnigan,95937,United Petroleum,530-724-3378,2006,Dunnigan,CA,,( CR 8 W ),I-5 Exit 554 ,Exit,554,False,,False,I-5,,None,,
"Dunnigan , 95937 United Petroleum",530-724-3378 I-5 Exit 554 ( CR 8 W ),24 +8 M 2400,Dunnigan,95937,United Petroleum,530-724-3378,2007,Dunnigan,CA,,( CR 8 W ),I-5 Exit 554 ,Exit,554,False,,False,I-5,,None,,
D Dunnigan ( 95937 ) United Petroleum,2 530-724-3477 I-5 Exit 554 ( CR 8 W ),24 M,Dunnigan,95937,United Petroleum,530-724-3477,2014,Dunnigan,CA,,( CR 8 W ),I-5 Exit 554 ,Exit,554,False,,False,I-5,,None,,
D Dunnigan ( 95937 ) United Petroleum,2 530-724-3477 I-5 Exit 554 ( CR 8 W ),24 M,Dunnigan,95937,United Petroleum,530-724-3477,2015,Dunnigan,CA,,( CR 8 W ),I-5 Exit 554 ,Exit,554,False,,False,I-5,,None,,
Dunnigan ( 95937 ) United Truck Stop,530-724-3477 I-5 Exit 554 ( CR 8 W ),24 <U+25A1><U+25A1> M,Dunnigan,95937,United Truck Stop,530-724-3477,2016,Dunnigan,CA,,( CR 8 W ),I-5 Exit 554 ,Exit,554,False,,False,I-5,,None,,
D Yuba City ( 95991 ) 4142 Dhami's CA Truck 99 ( 5 Stop mi S ( of Shell town ) ),530-755-4564 CA 99 & Obanion ( 10 mi S ),M D,Yuba City,95991,4142 Dhami's CA Truck 99 ( 5 Stop mi S ( of Shell town ) ),530-755-4564,2015,Yuba City,CA,Shell,( 10 mi S ),CA 99 & Obanion,empty,,False,,False,CA 99,Obanion,None,,
Yuba City ( 95991 ) Dhami's Truck Stop S ( of Shell town ) ),530-755-4564 CA 99 & Obanion ( 10 mi S ),M <U+25A1>,Yuba City,95991,Dhami's Truck Stop S ( of Shell town ) ),530-755-4564,2016,Yuba City,CA,Shell,( 10 mi S ),CA 99 & Obanion,empty,,False,,False,CA 99,Obanion,None,,
"Yuba City , 95993 76 Food Mart S of town )",530-821-0830 CA 99 MM 341 ( 1466 CA 20 W ),000,Yuba City,95993,76 Food Mart S of town ),530-821-0830,2006,Yuba City,CA,,( 1466 CA 20 W ),CA 99 MM 341,empty,,False,,False,CA 99,,None,,
"Yuba City , 95993 76 Food Mart",530-821-0830 CA 99 Exit 341 ( 1466 CA 20 W ),000,Yuba City,95993,76 Food Mart,530-821-0830,2007,Yuba City,CA,,( 1466 CA 20 W ),CA 99 Exit 341 ,Exit,341,False,,False,CA 99,,None,,
"Yuba City , 95993 76 Food Mart ( 5 mi S of town )",2 530-821-0830 CA 99 Exit 341 ( 1466 24,24 <U+2610>,Yuba City,95993,76 Food Mart ( 5 mi S of town ),530-821-0830,2008,Yuba City,CA,,( 1466 24,CA 99 Exit 341 ,Exit,341,False,,False,CA 99,,None,,
"B Redding , 96003 KC's Corner Mart Rd )",2 530-275-4375 I-5 Exit 687 ( Old ( Chevron / CFN ),S <U+2610> <U+2610>,Redding,96003,KC's Corner Mart Rd ),530-275-4375,2008,Redding,CA,,( Old ( Chevron / CFN ),I-5 Exit 687 ,Exit,687,False,,False,I-5,,None,,
B Redding ( 96003 ) KC's Corner Mart ( Chevron / CFN ),530-275-4375 I-5 Exit 687 ( Old Oregon Trail ),<U+2610> 0 <U+2610> <U+2610>,Redding,96003,KC's Corner Mart ( Chevron / CFN ),530-275-4375,2015,Redding,CA,Chevron,( Old Oregon Trail ),I-5 Exit 687 ,Exit,687,False,,False,I-5,,None,,
B Redding ( 96003 ) KC's Corner Mart ( Chevron / CFN ),2 530-275-4375 I-5 Exit 687 ( Old Oregon Trail ),<U+2610> <U+25A1>,Redding,96003,KC's Corner Mart ( Chevron / CFN ),530-275-4375,2016,Redding,CA,Chevron,( Old Oregon Trail ),I-5 Exit 687 ,Exit,687,False,,False,I-5,,None,,
"Corning , 96021 Rolling Hills Chevron",530-824-4990 I-5 Exit 628 ( Liberal Ave W ),M,Corning,96021,Rolling Hills Chevron,530-824-4990,2007,Corning,CA,Chevron,( Liberal Ave W ),I-5 Exit 628 ,Exit,628,False,,False,I-5,,None,,
"Corning , 96021 Rolling Hills Chevron",530-824-4990 I-5 Exit 628 ( Liberal Ave W ),24 HRS M <U+2610> <U+2610> <U+2610> <U+2610>,Corning,96021,Rolling Hills Chevron,530-824-4990,2008,Corning,CA,Chevron,( Liberal Ave W ),I-5 Exit 628 ,Exit,628,False,,False,I-5,,None,,
Corning ( 96021 ) Rolling Hills Chevron,2 530-824-4990 I-5 Exit 628 ( Liberal Ave W ),24 M,Corning,96021,Rolling Hills Chevron,530-824-4990,2014,Corning,CA,Chevron,( Liberal Ave W ),I-5 Exit 628 ,Exit,628,False,,False,I-5,,None,,
Corning ( 96021 ) Rolling Hills Chevron,2 530-824-4990 I-5 Exit 628 ( Liberal Ave W ),<U+2610> MO,Corning,96021,Rolling Hills Chevron,530-824-4990,2015,Corning,CA,Chevron,( Liberal Ave W ),I-5 Exit 628 ,Exit,628,False,,False,I-5,,None,,
Corning ( 96021 ) Rolling Hills Chevron,530-824-4990 I-5 Exit 628 ( Liberal Ave W ),MO,Corning,96021,Rolling Hills Chevron,530-824-4990,2016,Corning,CA,Chevron,( Liberal Ave W ),I-5 Exit 628 ,Exit,628,False,,False,I-5,,None,,
Corning ( 96021 ) Love's Travel Stop # 410,530-824-8767 I-5 Exit 630 ( South Ave ),<U+2610> XL 124,Corning,96021,Love's Travel Stop # 410,530-824-8767,2014,Corning,CA,Love's,( South Ave ),I-5 Exit 630 ,Exit,630,False,,False,I-5,,None,,
Corning ( 96021 ) Love's Travel Stop # 410,530-824-8767 I-5 Exit 630 ( South Ave ),24 <U+25A1> XL 24,Corning,96021,Love's Travel Stop # 410,530-824-8767,2015,Corning,CA,Love's,( South Ave ),I-5 Exit 630 ,Exit,630,False,,False,I-5,,None,,
Corning ( 96021 ) Love's Travel Stop # 410,2 530-824-8767 I-5 Exit 630 ( South Ave ),24 XL 24 24,Corning,96021,Love's Travel Stop # 410,530-824-8767,2016,Corning,CA,Love's,( South Ave ),I-5 Exit 630 ,Exit,630,False,,False,I-5,,None,,
", 96021 Flying J Travel Plaza # 0510154",CCorning 2530-824-8770 I-5 Exit 630 ( South Ave ),XL 24 45,,96021,Flying J Travel Plaza # 0510154,530-824-8770,2007,Corning,CA,Flying J,( South Ave ),I-5 Exit 630 ,Exit,630,False,,False,I-5,,None,,
"Corning , 96021 Flying J Travel Plaza # 0510154",2 530-824-8770 I-5 Exit 630 ( South Ave ),124 HRS XL 24 HRS,Corning,96021,Flying J Travel Plaza # 0510154,530-824-8770,2008,Corning,CA,Flying J,( South Ave ),I-5 Exit 630 ,Exit,630,False,,False,I-5,,None,,
A Grenada ( 96038 ) 3 J's Food Mart ( 76 ),530-436-2208 I-5 Exit 766 ( CA A12 E ),<U+2610><U+2610> XL <U+2610>,Grenada,96038,3 J's Food Mart ( 76 ),530-436-2208,2014,Grenada,CA,,( CA A12 E ),I-5 Exit 766 ,Exit,766,False,,False,I-5,,None,,
A Grenada ( 96038 ) 3 J's Food Mart ( 76 ) Dr ),530-436-2208 I-5 Exit 766 ( CA,<U+2610><U+2610> XL <U+25A1> <U+2610>,Grenada,96038,3 J's Food Mart ( 76 ) Dr ),530-436-2208,2015,Grenada,CA,,( CA,I-5 Exit 766 ,Exit,766,False,,False,I-5,,None,,
B Aurora ( 97002 ) Flying J Travel Plaza E # ) 584,503-678-1262 I-5 Exit 278 ( West ) FLYING,FLYING J 24 <U+2610>,Aurora,97002,Flying J Travel Plaza E # ) 584,503-678-1262,2015,Aurora,OR,Flying J,( West ) FLYING,I-5 Exit 278 ,Exit,278,False,,False,I-5,,None,,
B Aurora ( 97002 ) Flying J Travel Plaza # 584,503-678-1262 I-5 Exit 278 ( West ) FLYING,FLYING J 24 24 <U+2610>,Aurora,97002,Flying J Travel Plaza # 584,503-678-1262,2016,Aurora,OR,Flying J,( West ) FLYING,I-5 Exit 278 ,Exit,278,False,,False,I-5,,None,,
"Aurora , 97002 Leathers Truck Stop ( Shell )",503-678-1558 I-5 Exit 278 W,481 - S 000 <U+2610> <U+2610> <U+2610> <U+25A1>,Aurora,97002,Leathers Truck Stop ( Shell ),503-678-1558,2006,Aurora,OR,Shell,,I-5 Exit 278 W,Exit,278,False,,False,I-5,,None,,
"Aurora , 97002 Leathers Truck Stop ( Shell )",503-678-1558 I-5 Exit 278 W,24 S,Aurora,97002,Leathers Truck Stop ( Shell ),503-678-1558,2007,Aurora,OR,Shell,,I-5 Exit 278 W,Exit,278,False,,False,I-5,,None,,
"Aurora , 97002 Leathers Truck Stop ( Shell )",3 503-678-1558 I-5 Exit 278 W,24 M <U+25A1>,Aurora,97002,Leathers Truck Stop ( Shell ),503-678-1558,2008,Aurora,OR,Shell,,I-5 Exit 278 W,Exit,278,False,,False,I-5,,None,,
"Grass Valley , 97029 Roadhouse 97",541-333-2333 US 97,24 HRS M <U+25A1>,Grass Valley,97029,Roadhouse 97,541-333-2333,2006,Grass Valley,OR,,,US 97,empty,,False,,False,US 97,,None,,
"Grass Valley , 97029 Roadhouse 97",541-333-2333 US 97 MM 30,M,Grass Valley,97029,Roadhouse 97,541-333-2333,2007,Grass Valley,OR,,,US 97 MM 30,empty,,False,,False,US 97,,None,,
"Grass Valley , 97029 Roadhouse 97",541-333-2333 US 97 MM 30,<U+2610><U+2610> <U+2610><U+2610> <U+2610> <U+2610>,Grass Valley,97029,Roadhouse 97,541-333-2333,2008,Grass Valley,OR,,,US 97 MM 30,empty,,False,,False,US 97,,None,,
"B North Plains , 97133 Sunshine Market ( Texaco )",503-647-2240 US 26 Exit 57,) 24 M,North Plains,97133,Sunshine Market ( Texaco ),503-647-2240,2006,North Plains,OR,Texaco,,US 26 Exit 57,Exit,57,False,,False,US 26,,None,,
"B North Plains , 97133 Sunshine Market ( 76 )",503-647-2240 US 26 Exit 57,00,North Plains,97133,Sunshine Market ( 76 ),503-647-2240,2007,North Plains,OR,,,US 26 Exit 57,Exit,57,False,,False,US 26,,None,,
"B North Plains , 97133 Sunshine Market ( 76 )",3 503-647-2240 US 26 Exit 57,<U+2610>,North Plains,97133,Sunshine Market ( 76 ),503-647-2240,2008,North Plains,OR,,,US 26 Exit 57,Exit,57,False,,False,US 26,,None,,
B North Plains ( 97133 ) Sunshine Market ( 76 ),503-647-5528 US 26 Exit 57,[ ] <U+2610> D D,North Plains,97133,Sunshine Market ( 76 ),503-647-5528,2014,North Plains,OR,,,US 26 Exit 57,Exit,57,False,,False,US 26,,None,,
B North Plains ( 97133 ) Sunshine Market ( 76 ),503-647-5528 US 26 Exit 57,<U+2610> D,North Plains,97133,Sunshine Market ( 76 ),503-647-5528,2015,North Plains,OR,,,US 26 Exit 57,Exit,57,False,,False,US 26,,None,,
B North Plains ( 97133 ) Sunshine Market ( 76 ),503-647-5528 US 26 Exit 57,<U+2610> <U+2610> 0 <U+25A1>,North Plains,97133,Sunshine Market ( 76 ),503-647-5528,2016,North Plains,OR,,,US 26 Exit 57,Exit,57,False,,False,US 26,,None,,
"Portland , 97217 TEC Equipment",3 503-285-7667 I-5 Exit 307,24 M24,Portland,97217,TEC Equipment,503-285-7667,2006,Portland,OR,,,I-5 Exit 307,Exit,307,False,,False,I-5,,None,,
"B Portland , 97217 TEC Equipment",503-285-7667 I-5 Exit 307,"""",Portland,97217,TEC Equipment,503-285-7667,2007,Portland,OR,,,I-5 Exit 307,Exit,307,False,,False,I-5,,None,,
"B Portland , 97217 TEC Equipment",3 503-285-7667 I-5 Exit 307,<U+2610> <U+2610> <U+2610>,Portland,97217,TEC Equipment,503-285-7667,2008,Portland,OR,,,I-5 Exit 307,Exit,307,False,,False,I-5,,None,,
Albany ( 97322 ) Hwy 20 Truck Stop ( 76 ),541-791-7352 I-5 Exit 233 ( US 20 E ),24 S <U+2610> O,Albany,97322,Hwy 20 Truck Stop ( 76 ),541-791-7352,2014,Albany,OR,,( US 20 E ),I-5 Exit 233 ,Exit,233,False,,False,I-5,,None,,
Albany ( 97322 ) Hwy 20 Truck Stop ( 76 ) SE ),2 541-791-7352 I-5 Exit 233 ( US 20 E ),24 S <U+25A1>,Albany,97322,Hwy 20 Truck Stop ( 76 ) SE ),541-791-7352,2015,Albany,OR,,( US 20 E ),I-5 Exit 233 ,Exit,233,False,,False,I-5,,None,,
Albany ( 97322 ) Hwy 20 Truck Stop ( 76 ) ),541-791-7352 I-5 Exit 233 ( US 20 E ),24 S <U+2610>,Albany,97322,Hwy 20 Truck Stop ( 76 ) ),541-791-7352,2016,Albany,OR,,( US 20 E ),I-5 Exit 233 ,Exit,233,False,,False,I-5,,None,,
Albany ( 97322 ) I-5 76 Food Mart,541-926-0990 I-5 Exit 228 ( OR 34 E ),24 M,Albany,97322,I-5 76 Food Mart,541-926-0990,2014,Albany,OR,,( OR 34 E ),I-5 Exit 228 ,Exit,228,False,,False,I-5,,None,,
Albany ( 97322 ) I-5 76 Food Mart,541-926-0990 I-5 Exit 228 ( OR 34 E ),24 = M <U+25A1>,Albany,97322,I-5 76 Food Mart,541-926-0990,2015,Albany,OR,,( OR 34 E ),I-5 Exit 228 ,Exit,228,False,,False,I-5,,None,,
Albany ( 97322 ) I-5 76 Truck Stop,541-926-0990 I-5 Exit 228 ( OR 34 E ),24 M,Albany,97322,I-5 76 Truck Stop,541-926-0990,2016,Albany,OR,,( OR 34 E ),I-5 Exit 228 ,Exit,228,False,,False,I-5,,None,,
"Albany , 97322 Jack's Truck Stop ( 76 )",00 8 2541-926-1989 I-5 Exit 233 ( US 20 E ),24 NU <U+2610> <U+2610> <U+25A1>,Albany,97322,Jack's Truck Stop ( 76 ),541-926-1989,2006,Albany,OR,,( US 20 E ),I-5 Exit 233 ,Exit,233,False,,False,I-5,,None,,
"8 CAlbany , 97322 Jack's Truck Stop ( 76 )",541-926-1989 I-5 Exit 233 ( US 20 E ),HRS M,Albany,97322,Jack's Truck Stop ( 76 ),541-926-1989,2007,Albany,OR,,( US 20 E ),I-5 Exit 233 ,Exit,233,False,,False,I-5,,None,,
"Albany , 97322 Jack's Truck Stop ( 76 )",21541-926-1989 I-5 Exit 233 ( US 20 E ),24 M <U+2610>,Albany,97322,Jack's Truck Stop ( 76 ),541-926-1989,2008,Albany,OR,,( US 20 E ),I-5 Exit 233 ,Exit,233,False,,False,I-5,,None,,
"Brookings , 97415 Alliance Fast Mart ( Texaco )",6 541-469-2525 US 101,FRS 24 HRS M24,Brookings,97415,Alliance Fast Mart ( Texaco ),541-469-2525,2006,Brookings,OR,Texaco,,US 101,empty,,False,,False,US 101,,None,,
Halsey ( 97438 ) Halsey Shell,541-369-2624 I-5 Exit 216 ( OR 228 W ),24 S 0,Halsey,97438,Halsey Shell,541-369-2624,2014,Fall Creek,OR,Shell,( OR 228 W ),I-5 Exit 216 ,Exit,216,False,,False,I-5,,None,,
Halsey ( 97438 ) Halsey Shell,541-369-2624 I-5 Exit 216 ( OR 228 W ),S <U+25A1> <U+2610>,Halsey,97438,Halsey Shell,541-369-2624,2015,Fall Creek,OR,Shell,( OR 228 W ),I-5 Exit 216 ,Exit,216,False,,False,I-5,,None,,
Halsey ( 97438 ) Halsey Shell,541-369-2624 I-5 Exit 216 ( OR 228 W ),S,Halsey,97438,Halsey Shell,541-369-2624,2016,Fall Creek,OR,Shell,( OR 228 W ),I-5 Exit 216 ,Exit,216,False,,False,I-5,,None,,
"Roseburg , 97470 Diamond Lake 76",541-672-6212 1847 OR 138 E ( Exit Garden Valley ),<U+2610>,Roseburg,97470,Diamond Lake 76,541-672-6212,2006,Roseburg,OR,,( Exit Garden Valley ),1847 OR 138 E,Proper,,False,,False,1847 OR,,None,,
"Roseburg , 97470 A & W On Diamond Lake 76",541-672-6212 1859 OR 138 E,,Roseburg,97470,A & W On Diamond Lake 76,541-672-6212,2007,Roseburg,OR,,,1859 OR 138 E,Proper,,False,,False,1859 OR,,None,,
"E Roseburg , 97470 A & W On Diamond Lake 76",541-672-6212 1859 OR 138 E,,Roseburg,97470,A & W On Diamond Lake 76,541-672-6212,2008,Roseburg,OR,,,1859 OR 138 E,Proper,,False,,False,1859 OR,,None,,
"Phoenix , 97504 Petro Stopping Center # 24",541-535-3372 I-5 Exit 24,24 SOO <U+2610>,Phoenix,97504,Petro Stopping Center # 24,541-535-3372,2006,Medford,OR,,,I-5 Exit 24,Exit,24,False,,False,I-5,,None,,
"Phoenix , 97535 Petro Stopping Center # 24",541-535-3372 I-5 Exit 24,,Phoenix,97535,Petro Stopping Center # 24,541-535-3372,2007,Phoenix,OR,,,I-5 Exit 24,Exit,24,False,,False,I-5,,None,,
"Phoenix , 97535 Petro Stopping Center # 24",541-535-3372 I-5 Exit 24 PETRO,24 L 24,Phoenix,97535,Petro Stopping Center # 24,541-535-3372,2008,Phoenix,OR,,,I-5 Exit 24 PETRO,Exit,24,False,,False,I-5,,None,,
G Phoenix ( 97535 ) Petro Phoenix # 324 ( Shell ),2 541-535-3372 I-5 Exit 24,PETRO 24 24 225 O,Phoenix,97535,Petro Phoenix # 324 ( Shell ),541-535-3372,2014,Phoenix,OR,Shell,,I-5 Exit 24,Exit,24,False,,False,I-5,,None,,
G Phoenix ( 97535 ) Petro Phoenix # 324 ( Shell ),541-535-3372 I-5 Exit 24 PETRO,24 24 HRAS,Phoenix,97535,Petro Phoenix # 324 ( Shell ),541-535-3372,2015,Phoenix,OR,Shell,,I-5 Exit 24 PETRO,Exit,24,False,,False,I-5,,None,,
Phoenix ( 97535 ) Petro Phoenix # 324 ( Shell ) PETRO,541-535-3372 I-5 Exit 24,PETRO 24 24,Phoenix,97535,Petro Phoenix # 324 ( Shell ) PETRO,541-535-3372,2016,Phoenix,OR,Shell,,I-5 Exit 24,Exit,24,False,,False,I-5,,None,,
"Klamath Falls , 97601 18 Wheeler Truck Stop ( Texaco )",541-882-0262 8600 US 97 ( 3 mi S of OR 66 ),,Klamath Falls,97601,18 Wheeler Truck Stop ( Texaco ),541-882-0262,2006,Klamath Falls,OR,Texaco,( 3 mi S of OR 66 ),8600 US 97,Proper,,False,,False,US 97,,None,,
"Klamath Falls , 97601 18 Wheeler Truck Stop",541-882-0262 8600 US 97 ( 3 mi S of OR 66 ),,Klamath Falls,97601,18 Wheeler Truck Stop,541-882-0262,2007,Klamath Falls,OR,,( 3 mi S of OR 66 ),8600 US 97,Proper,,False,,False,US 97,,None,,
"Klamath Falls , 97601 18 Wheeler Truck Stop",3 541-882-0262 8600 US 97 ( 3 mi S of OR 66 ),24 M <U+2610>,Klamath Falls,97601,18 Wheeler Truck Stop,541-882-0262,2008,Klamath Falls,OR,,( 3 mi S of OR 66 ),8600 US 97,Proper,,False,,False,US 97,,None,,
"Klamath Falls , 97601 Mollie's Fuel Center",541-882-9591 3817 US 97 N,,Klamath Falls,97601,Mollie's Fuel Center,541-882-9591,2006,Klamath Falls,OR,,,3817 US 97 N,Proper,,False,,False,US 97,,None,,
"Klamath Falls , 97601 Mollie's Fuel Center",541-882-9591 3817 US 97 N,,Klamath Falls,97601,Mollie's Fuel Center,541-882-9591,2007,Klamath Falls,OR,,,3817 US 97 N,Proper,,False,,False,US 97,,None,,
"Klamath Falls , 97601 Mollie's Fuel Center",541-882-9591 3817 US 97 N,24 L 240,Klamath Falls,97601,Mollie's Fuel Center,541-882-9591,2008,Klamath Falls,OR,,,3817 US 97 N,Proper,,False,,False,US 97,,None,,
Klamath Falls ( 97601 ) Pilot Travel Center # 504,3 541-884-0407 3817 US 97 N,Pilot 24 L,Klamath Falls,97601,Pilot Travel Center # 504,541-884-0407,2014,Klamath Falls,OR,Pilot,,3817 US 97 N,Proper,,False,,False,US 97,,None,,
G Klamath Falls ( 97601 ) Pilot Travel Center # 504,541-884-0407 3817 US 97 N,Pilot 24,Klamath Falls,97601,Pilot Travel Center # 504,541-884-0407,2015,Klamath Falls,OR,Pilot,,3817 US 97 N,Proper,,False,,False,US 97,,None,,
Klamath Falls ( 97601 ) Pilot Travel Center # 504,541-884-0407 3817 US 97 N,Pilot 24 MO,Klamath Falls,97601,Pilot Travel Center # 504,541-884-0407,2016,Klamath Falls,OR,Pilot,,3817 US 97 N,Proper,,False,,False,US 97,,None,,
F Chiloquin ( 97624 ) Crater Lake Junction Travel Center,541-783-9800 US 97 & OR 62,24 m SO,Chiloquin,97624,Crater Lake Junction Travel Center,541-783-9800,2014,Chiloquin,OR,,,US 97 & OR 62,empty,,False,,False,US 97,OR 62,None,,
Chiloquin ( 97624 ) Crater Lake Junction Travel Center,541-783-9800 US 97 & OR 62 AMBEST,24 S,Chiloquin,97624,Crater Lake Junction Travel Center,541-783-9800,2015,Chiloquin,OR,,,US 97 & OR 62 AMBEST,empty,,False,,False,US 97,OR 62,None,,
Chiloquin ( 97624 ) Crater Lake Junction Travel Center,541-783-9800 US 97 & OR 62,24 SO,Chiloquin,97624,Crater Lake Junction Travel Center,541-783-9800,2016,Chiloquin,OR,,,US 97 & OR 62,empty,,False,,False,US 97,OR 62,None,,
"Lakeview , 97630 Lakeview Truck Stop",541-947-2678 US 395 S & 12th St,,Lakeview,97630,Lakeview Truck Stop,541-947-2678,2006,Lakeview,OR,,,US 395 S & 12th St,empty,,False,,False,US 395,12th St,None,,
"Lakeview , 97630 Lakeview Truck Stop",541-947-2678 US 395 S & 12th St,- - <U+2610> <U+2610>,Lakeview,97630,Lakeview Truck Stop,541-947-2678,2007,Lakeview,OR,,,US 395 S & 12th St,empty,,False,,False,US 395,12th St,None,,
"Lakeview , 97630 Lakeview Truck Stop",541-947-2678 US 395 S & 12th St,S 00,Lakeview,97630,Lakeview Truck Stop,541-947-2678,2008,Lakeview,OR,,,US 395 S & 12th St,empty,,False,,False,US 395,12th St,None,,
G Lakeview ( 97630 ) Lakeview Shell,5 541-947-4899 US 395 N,<U+25A1> S <U+25A1>,Lakeview,97630,Lakeview Shell,541-947-4899,2014,Lakeview,OR,Shell,,US 395 N,empty,,False,,False,US 395,,None,,
Lakeview ( 97630 ) Lakeview Shell,5 541-947-4899 US 395 N,<U+2610> S D,Lakeview,97630,Lakeview Shell,541-947-4899,2015,Lakeview,OR,Shell,,US 395 N,empty,,False,,False,US 395,,None,,
Lakeview ( 97630 ) Lakeview Shell,541-947-4899 US 395 N,<U+25A1> S <U+25A1> D,Lakeview,97630,Lakeview Shell,541-947-4899,2016,Lakeview,OR,Shell,,US 395 N,empty,,False,,False,US 395,,None,,
"F Chemult , 97731 Pilot Travel Center # 133",541-365-0991 109450 US 97,S <U+25A1> <U+25A1>,Chemult,97731,Pilot Travel Center # 133,541-365-0991,2007,Chemult,OR,Pilot,,109450 US 97,Proper,,False,,False,US 97,,None,,
"Chemult , 97731 Pilot Travel Center # 133",3 541-365-0991 109450 US 97,NRS 24 M,Chemult,97731,Pilot Travel Center # 133,541-365-0991,2008,Chemult,OR,Pilot,,109450 US 97,Proper,,False,,False,US 97,,None,,
Chemult ( 97731 ) Pilot Travel Center # 133,3 541-365-0991 109450 US 97,Plot M,Chemult,97731,Pilot Travel Center # 133,541-365-0991,2014,Chemult,OR,Pilot,,109450 US 97,Proper,,False,,False,US 97,,None,,
F Chemult ( 97731 ) Pilot Travel Center # 133,541-365-0991 109450 US 97,pilot 24 M,Chemult,97731,Pilot Travel Center # 133,541-365-0991,2015,Chemult,OR,Pilot,,109450 US 97,Proper,,False,,False,US 97,,None,,
Chemult ( 97731 ) Pilot Travel Center # 133,541-365-0991 109450 US 97 pilat,R MOO 024,Chemult,97731,Pilot Travel Center # 133,541-365-0991,2016,Chemult,OR,Pilot,,109450 US 97 pilat,Proper,,False,,False,US 97,,None,,
Hines ( 97738 ) Hines Chevron ( CFN Cardlock ),541-573-7476 531 US 395 / OR 20 N,<U+25A1> <U+2610> <U+2610>,Hines,97738,Hines Chevron ( CFN Cardlock ),541-573-7476,2014,Hines,OR,Chevron,,531 US 395 / OR 20 N,Proper,,False,,False,US 395,,20,,
6541-573-2639 E Hines ( 97738 ) 12846 Hines US Chevron 20-395 ( CFN S Cardlock ) AMDEST,541-573-7476 531 US 395 / OR 20 N,"M <U+2610> "" <U+25A1> OB",Hines,97738,12846 Hines US Chevron 20-395 ( CFN S Cardlock ) AMDEST,541-573-7476,2015,Hines,OR,Chevron,,531 US 395 / OR 20 N,Proper,,False,,False,US 395,,20,,
Hines ( 97738 ) Hines Chevron ( CFN N Cardlock ),541-573-7476 531 US 395 / OR 20 N,<U+25A1> <U+25A1>,Hines,97738,Hines Chevron ( CFN N Cardlock ),541-573-7476,2016,Hines,OR,Chevron,,531 US 395 / OR 20 N,Proper,,False,,False,US 395,,20,,
"Canyon City , 97820 Jackson's Mini Station ( Shell )",541-575-1348 US 395 & N Washington,HRS M MOO,Canyon City,97820,Jackson's Mini Station ( Shell ),541-575-1348,2006,Canyon City,OR,Shell,,US 395 & N Washington,empty,,False,,False,US 395,N Washington,None,,
"Canyon City , 97820 Jackson's Mini Station ( Shell )",541-575-1348 US 395 & N Washington,24 <U+2610>,Canyon City,97820,Jackson's Mini Station ( Shell ),541-575-1348,2007,Canyon City,OR,Shell,,US 395 & N Washington,empty,,False,,False,US 395,N Washington,None,,
"Canyon City , 97820 Jackson's Mini Station ( Shell",541-575-1348 US 395 & N Washington ),00,Canyon City,97820,Jackson's Mini Station ( Shell,541-575-1348,2008,Canyon City,OR,Shell,,US 395 & N Washington ,empty,,False,,False,US 395,N Washington,None,,
"C North Powder , 97867 North Powder Co - op ( Cenex )",541-898-2119 I-84 Exit 285,""" 000",North Powder,97867,North Powder Co - op ( Cenex ),541-898-2119,2006,North Powder,OR,Cenex,,I-84 Exit 285,Exit,285,False,,False,I-84,,None,,
"A Umatilla , 97882 Tesoro # 62180",541-922-0428 I-82 Exit 1 ( W to 1800 US 730 ),,Umatilla,97882,Tesoro # 62180,541-922-0428,2006,Umatilla,OR,Tesoro,( W to 1800 US 730 ),I-82 Exit 1 ,Exit,1,False,,False,I-82,,None,,
"A Umatilla , 97882 Tesoro # 62180",541-922-0428 I-82 Exit 1 ( W to 1800 US 730 ),24 <U+2610> <U+2610>,Umatilla,97882,Tesoro # 62180,541-922-0428,2007,Umatilla,OR,Tesoro,( W to 1800 US 730 ),I-82 Exit 1 ,Exit,1,False,,False,I-82,,None,,
A Umatilla ( 97882 ) Tesoro # 414,541-922-0428 I-82 Exit 1 ( US 730 W ),24 FR S,Umatilla,97882,Tesoro # 414,541-922-0428,2014,Umatilla,OR,Tesoro,( US 730 W ),I-82 Exit 1 ,Exit,1,False,,False,I-82,,None,,
A Umatilla ( 97882 ) Tesoro # 414,541-922-0428 I-82 Exit 1 ( US 730 W ),24 S,Umatilla,97882,Tesoro # 414,541-922-0428,2015,Umatilla,OR,Tesoro,( US 730 W ),I-82 Exit 1 ,Exit,1,False,,False,I-82,,None,,
A Umatilla ( 97882 ) Tesoro # 414,541-922-0428 I-82 Exit 1 ( US 730 W ),24 S D,Umatilla,97882,Tesoro # 414,541-922-0428,2016,Umatilla,OR,Tesoro,( US 730 W ),I-82 Exit 1 ,Exit,1,False,,False,I-82,,None,,
"Durkee , 97905 Cenex Truck Stop",541-877-2222 I-84 Exit 327,24 HRS M,Durkee,97905,Cenex Truck Stop,541-877-2222,2006,Durkee,OR,Cenex,,I-84 Exit 327,Exit,327,False,,False,I-84,,None,,
"Durkee , 97905 Durkee Co - op ( Cenex )",541-877-2222 I-84 Exit 327,<U+2610><U+2610> M,Durkee,97905,Durkee Co - op ( Cenex ),541-877-2222,2007,Durkee,OR,Cenex,,I-84 Exit 327,Exit,327,False,,False,I-84,,None,,
"Durkee , 97905 Durkee Co - op ( Cenex )",541-877-2222 I-84 Exit 327,S <U+2610> <U+2610> <U+2610>,Durkee,97905,Durkee Co - op ( Cenex ),541-877-2222,2008,Durkee,OR,Cenex,,I-84 Exit 327,Exit,327,False,,False,I-84,,None,,
"Huntington , 97907 Farewell Bend Travel Plaza",541-869-2244 I-84 Exit 353,FRS 24 24 M S,Huntington,97907,Farewell Bend Travel Plaza,541-869-2244,2006,Huntington,OR,,,I-84 Exit 353,Exit,353,False,,False,I-84,,None,,
"Huntington , 97907 Joy Travel Plaza ( Texaco )",541-869-2244 I-84 Exit 353,24 24 48 M,Huntington,97907,Joy Travel Plaza ( Texaco ),541-869-2244,2007,Huntington,OR,Texaco,,I-84 Exit 353,Exit,353,False,,False,I-84,,None,,
"D / 541-573-2639 Huntington , 97907 US Joy 20-395 Travel MM 128.5",541-869-2244 I-84 Exit 353 Plaza ( Texaco ),24 M,/ Huntington,97907,US Joy 20-395 Travel MM 128.5,541-869-2244,2008,Huntington,OR,,( Texaco ),I-84 Exit 353 Plaza ,Exit,353,False,,False,I-84,,None,,
Ontario ( 97914 ) Love's Travel Stop # 372,541-823-8282 I-84 Exit 374,24 <U+25A1> M,Ontario,97914,Love's Travel Stop # 372,541-823-8282,2014,Ontario,OR,Love's,,I-84 Exit 374,Exit,374,False,,False,I-84,,None,,
Ontario ( 97914 ) Love's Travel Stop # 372,541-823-8282 I-84 Exit 374,24 M,Ontario,97914,Love's Travel Stop # 372,541-823-8282,2015,Ontario,OR,Love's,,I-84 Exit 374,Exit,374,False,,False,I-84,,None,,
Ontario ( 97914 ) Love's Travel Stop # 372,541-823-8282 I-84 Exit 374,24 <U+25A1> <U+25A1> MO,Ontario,97914,Love's Travel Stop # 372,541-823-8282,2016,Ontario,OR,Love's,,I-84 Exit 374,Exit,374,False,,False,I-84,,None,,
"Ontario , 97914 Pilot Travel Center # 232",541-889-3580 I-84 Exit 376 A ( US 30 Business ),24,Ontario,97914,Pilot Travel Center # 232,541-889-3580,2006,Ontario,OR,Pilot,( US 30 Business ),I-84 Exit 376 A ,Exit,376,False,,False,I-84,,None,,
"Ontario , 97914 Pilot Travel Center # 232",541-889-3580 I-84 Exit 376 A ( US 30 W ),HRS 24 223 L <U+2610> <U+2610>,Ontario,97914,Pilot Travel Center # 232,541-889-3580,2008,Ontario,OR,Pilot,( US 30 W ),I-84 Exit 376 A ,Exit,376,False,,False,I-84,,None,,
Ontario ( 97914 ) Pilot Travel Center # 232,541-889-3580 I-84 Exit 376 A ( US 30 W ),Pilot 24 L,Ontario,97914,Pilot Travel Center # 232,541-889-3580,2014,Ontario,OR,Pilot,( US 30 W ),I-84 Exit 376 A ,Exit,376,False,,False,I-84,,None,,
Ontario ( 97914 ) Pilot Travel Center # 232,8 541-889-3580 I-84 Exit 376 A ( US 30 W ) Pilot,24 L,Ontario,97914,Pilot Travel Center # 232,541-889-3580,2015,Ontario,OR,Pilot,( US 30 W ) Pilot,I-84 Exit 376 A ,Exit,376,False,,False,I-84,,None,,
Ontario ( 97914 ) Pilot Travel Center # 232,541-889-3580 I-84 Exit 376 A ( US 30 W ) Pilot,Pilot 24 024 0,Ontario,97914,Pilot Travel Center # 232,541-889-3580,2016,Ontario,OR,Pilot,( US 30 W ) Pilot,I-84 Exit 376 A ,Exit,376,False,,False,I-84,,None,,
