state_id,state,name,href,full_url,stop_type,Chain,Latitude,Longitude,LD_URL,LD_Latitude,LD_Longitude,Highway,Exit,Street Address,City,State,Postal Code,Phone,Fax,# of Parking Spots,# of Reserved Parking Spots,# of Paid Parking Spots,# of Fuel Lanes,# of Showers,# of Men's Showers,# of Truck Service Bays,Phone 2,Unleaded,Diesel,Bulk Def,Phone 3,Phone 4,Propane,Phone 5,Mile Marker,Road Name,Hours of Operation,https,http
3,Arizona,ARCO TRAVEL CENTER,location_details.php?id=45155,https://www.truckstopsandservices.com/location_details.php?id=45155,Trucker,arco,33.670532,-114.19953,,33.670532,-114.19953,I-10,19,185 N RIGGLES AVE,QUARTZSITE,AZ,85359,928-927-3600 (TRAVEL CENTER),928-927-3604,100.0,0.0,0.0,9.0,2.0,1.0,0.0,,,,,,,,,,,,,
3,Arizona,CAMP VERDE SHELL,location_details.php?id=469,https://www.truckstopsandservices.com/location_details.php?id=469,Trucker,shell,34.575491,-111.883001,,34.575491,-111.883001,I-17,287,1673 HWY 260,CAMP VERDE,AZ,86322,928-567-3886 (TRAVEL CENTER),928-567-2336,0.0,0.0,0.0,2.0,0.0,,0.0,,,,,,,,,,,,,
3,Arizona,CARIOCA # 11,location_details.php?id=45160,https://www.truckstopsandservices.com/location_details.php?id=45160,Trucker,valero,34.69898,-113.609404,,34.69898,-113.609404,US 93,,18183 S US 93,WIKIEUP,AZ,85360,928-765-2255 (TRAVEL CENTER),,15.0,0.0,0.0,4.0,0.0,,0.0,,,,,,,,,,,,,
3,Arizona,CARTER TRAVEL CENTER,location_details.php?id=10284,https://www.truckstopsandservices.com/location_details.php?id=10284,Trucker,conoco,35.242211,-111.567152,,35.242211,-111.567152,US 89,,7180 N US 89,FLAGSTAFF,AZ,86004,928-714-9115 (TRAVEL CENTER),928-714-9045,35.0,0.0,0.0,8.0,0.0,,0.0,928-714-9115 (MARY'S CAFE),,,,,,,,,,,,
3,Arizona,CHAMBERS MOBIL,location_details.php?id=54070,https://www.truckstopsandservices.com/location_details.php?id=54070,Trucker,mobil oil type,35.190412,-109.433621,,35.190412,-109.433621,I-40,333,I-40 & HWY 191,CHAMBERS,AZ,86502,928-688-6880 (TRAVEL CENTER),,,,,3.0,,,,,,,,,,,,,,,,
3,Arizona,CIRCLE K,location_details.php?id=550,https://www.truckstopsandservices.com/location_details.php?id=550,Trucker,ind dealer,32.781843,-111.618654,,32.781843,-111.618654,I-10,203,3125 N TOLTEC RD,ELOY,AZ,85131,520-466-7361 (TRAVEL CENTER),,55.0,0.0,0.0,3.0,0.0,,0.0,,,,,,,,,,,,,
3,Arizona,CIRCLE K,location_details.php?id=10274,https://www.truckstopsandservices.com/location_details.php?id=10274,Trucker,circle_k,33.437401,-112.137167,,33.437401,-112.137167,AZ 85,35,3618 W BUCKEYE RD,PHOENIX,AZ,85009,602-269-8482 (TRAVEL CENTER),602-278-1791,80.0,0.0,0.0,6.0,0.0,,0.0,,,,,,,,,,,,,
3,Arizona,CIRCLE K,location_details.php?id=18474,https://www.truckstopsandservices.com/location_details.php?id=18474,Trucker,circle_k,33.436249,-112.168649,,33.436249,-112.168649,I-10,137,5049 W BUCKEYE RD,PHOENIX,AZ,85043,602-278-5088 (TRAVEL CENTER),,0.0,0.0,0.0,2.0,0.0,,0.0,,,,,,,,,,,,,
3,Arizona,Cocopah Korner Store,location_details.php?id=64171,https://www.truckstopsandservices.com/location_details.php?id=64171,Trucker,,32.609832,-114.6536016,https://www.somertonaz.gov/business_detail_T52_R91.php,32.609832,-114.6536016,US 95,,,Somerton,AZ,85350,928-341-1444,,,,,,,,,,,,,,,,,,,,,
3,Arizona,CORNER STORE,location_details.php?id=45156,https://www.truckstopsandservices.com/location_details.php?id=45156,Trucker,valero,31.555046,-110.25873,,31.555046,-110.25873,AZ 90,AZ 92,3999 E FRY BLVD,SIERRA VISTA,AZ,85635,520-458-0300 (TRAVEL CENTER),,0.0,0.0,0.0,2.0,0.0,,0.0,,,,,,,,,,,,,
3,Arizona,CORNER STORE,location_details.php?id=45157,https://www.truckstopsandservices.com/location_details.php?id=45157,Trucker,valero,33.458766,-112.271841,,33.458766,-112.271841,I-10,133-A,1025 N 99 AVE,TOLLESON,AZ,85353,623-936-9777 (TRAVEL CENTER),,10.0,0.0,0.0,2.0,0.0,,0.0,,,,,,,,,,,,,
3,Arizona,CRAZY FRED'S TRUCK STOP,location_details.php?id=682,https://www.truckstopsandservices.com/location_details.php?id=682,Trucker,ind dealer,35.144621,-114.094732,,35.144621,-114.094732,I-40,44,2770 W OLD HWY 66,KINGMAN,AZ,86401,928-753-3834 (TRAVEL CENTER),928-753-4178,45.0,0.0,0.0,5.0,4.0,,2.0,,,,,,,,,,,,,
3,Arizona,DAVE'S FAST STOP,location_details.php?id=10281,https://www.truckstopsandservices.com/location_details.php?id=10281,Trucker,chevron,33.418786,-110.813126,,33.418786,-110.813126,US 60,,2060 HWY 60,CENTRAL HEIGHTS,AZ,85501,928-425-3297 (TRAVEL CENTER),928-425-9446,10.0,0.0,0.0,5.0,0.0,,0.0,,,,,,,,,,,,,
3,Arizona,DISCOUNT ZONE,location_details.php?id=45154,https://www.truckstopsandservices.com/location_details.php?id=45154,Trucker,shell,33.428368,-112.081817,,33.428368,-112.081817,I-17,196,2112 S 7TH  AVE,PHOENIX,AZ,85043,602-253-9717 (TRAVEL CENTER),,0.0,0.0,0.0,1.0,0.0,,0.0,,,,,,,,,,,,,
3,Arizona,DISCOUNT ZONE #1,location_details.php?id=45153,https://www.truckstopsandservices.com/location_details.php?id=45153,Trucker,shell,33.46021,-112.169871,,33.46021,-112.169871,I-10,139,1042 N 51ST AVE,PHOENIX,AZ,85043,602-278-0714 (TRAVEL CENTER),,0.0,0.0,0.0,2.0,0.0,,0.0,,,,,,,,,,,,,
3,Arizona,EAGLE'S LANDING TRAVEL PLAZA,location_details.php?id=55922,https://www.truckstopsandservices.com/location_details.php?id=55922,Trucker,pilot,36.9954561,-111.5643671,,36.9954561,-111.5643671,US 89,,101 W GLEN ST,PAGE,AZ,86040,928-353-4821 (TRAVEL CENTER),,0.0,0.0,0.0,3.0,0.0,,0.0,928-353-4821 (YARDLEY'S STEAKBURGERS),3.399,3.699,4.899,,,,,,,,,
3,Arizona,EAGLES LANDING TRAVEL PLAZA,location_details.php?id=54230,https://www.truckstopsandservices.com/location_details.php?id=54230,Trucker,pilot,36.897675,-113.910849,,36.897675,-113.910849,I-15,9,4031 FLEET ST,LITTLEFIELD,AZ,86432,702-849-0700 (TRAVEL CENTER),928-347-5740,23.0,0.0,0.0,3.0,2.0,,1.0,702-849-0700 (SUBWAY),,,,702-849-0700 (YARDLEY'S STEAKBURGER'S),702-849-0700 (CHESTER'S FRIED CHICKEN),,,,,,,
3,Arizona,FLYING J DEALER #505,location_details.php?id=306,https://www.truckstopsandservices.com/location_details.php?id=306,Trucker,flying j,32.673458,-114.444909,https://pilotflyingj.com/stores/505,32.673458,-114.444909,I-8,12,108000 N FRONTAGE RD,YUMA,AZ,85367,928-342-2696 (TRAVEL CENTER),928-342-1619,80.0,0.0,0.0,8.0,6.0,,1.0,928-342-2696 (DAYBREAKERS CAFE),,,,,,,,,,,,
3,Arizona,FLYING J TRAVEL CENTER #1372,location_details.php?id=59044,https://www.truckstopsandservices.com/location_details.php?id=59044,Trucker,flying j,34.9145323,-114.1553834,https://locations.pilotflyingj.com/us/az/yucca/10835-south-double-r-drive,34.9145323,-114.1553834,I-40,28,10835 SOUTH DOUBLE R DRIVE,YUCCA,AZ,86438,928-754-0852 (TRAVEL CENTER),928-754-0962,141.0,10.0,,10.0,9.0,,,CINNABON (928-754-0852),2.899,4.199,4.499,,,,,,,,,
3,Arizona,FLYING J TRAVEL CENTER #608,location_details.php?id=1105,https://www.truckstopsandservices.com/location_details.php?id=1105,Trucker,flying j,33.602133,-114.523475,https://www.pilotflyingj.com/stores/608/,33.602133,-114.523475,I-10,1,I-10 S FRONTAGE RD,EHRENBERG,AZ,85334,928-923-9600 (TRAVEL CENTER),928-923-7735,271.0,3.0,3.0,10.0,13.0,,2.0,928-923-9600 (WENDY'S),3.099,4.199,4.499,928-923-9600 (CINNABON),,3.699,,,,,,
3,Arizona,FLYING J TRAVEL CENTER #609,location_details.php?id=16806,https://www.truckstopsandservices.com/location_details.php?id=16806,Trucker,flying j,32.731788,-111.549774,https://www.pilotflyingj.com/stores/609/,32.731788,-111.549774,I-10,208-A,16189 S SUNSHINE BLVD,ELOY,AZ,85231,520-466-9204 (TRAVEL CENTER),520-466-9588,350.0,5.0,5.0,10.0,11.0,,0.0,520-466-9204 (DENNY'S),2.899,3.969,4.499,520-466-9204 (DUNKIN' DONUTS EXPRESS),,,,,,,,
3,Arizona,FLYING J TRAVEL CENTER #610,location_details.php?id=10286,https://www.truckstopsandservices.com/location_details.php?id=10286,Trucker,flying j,35.220003,-114.006945,https://www.pilotflyingj.com/stores/610/,35.220003,-114.006945,I-40,53,3300 E ANDY DEVINE AVE,KINGMAN,AZ,86401,928-757-7300 (TRAVEL CENTER),928-757-1085,60.0,0.0,0.0,9.0,12.0,,2.0,928-757-7300 (DENNY'S),2.899,4.199,4.499,,,4.359,,,,,,
3,Arizona,FLYING J TRAVEL CENTER #611,location_details.php?id=16809,https://www.truckstopsandservices.com/location_details.php?id=16809,Trucker,flying j,33.460873,-112.2054,https://www.pilotflyingj.com/stores/611/,33.460873,-112.2054,I-10,137,6700 W LATHAM,PHOENIX,AZ,85043,623-936-1118 (TRAVEL CENTER),623-936-3611,170.0,45.0,45.0,12.0,15.0,,0.0,623-936-1118 (DENNY'S),3.039,3.999,4.499,,,,,,,,,
3,Arizona,FLYING J TRAVEL CENTER #612,location_details.php?id=16814,https://www.truckstopsandservices.com/location_details.php?id=16814,Trucker,flying j,35.016021,-110.674059,https://www.pilotflyingj.com/stores/612/,35.016021,-110.674059,I-40,255,400 TRANSCON LANE,WINSLOW,AZ,86047,928-289-2081 (TRAVEL CENTER),928-289-3798,200.0,12.0,12.0,12.0,15.0,,0.0,928-289-2081 (DENNY'S),2.829,3.799,4.499,,,,,,,,,
3,Arizona,FREEWAY CHEVRON,location_details.php?id=1145,https://www.truckstopsandservices.com/location_details.php?id=1145,Trucker,chevron,32.222582,-109.873092,,32.222582,-109.873092,I-10,336,2905 S HASKELL AVE,WILLCOX,AZ,85643,520-384-4375 (TRAVEL CENTER),,24.0,0.0,0.0,2.0,0.0,,0.0,,,,,,,,,,,,,
3,Arizona,GILA BEND FOOD MART,location_details.php?id=364,https://www.truckstopsandservices.com/location_details.php?id=364,Trucker,chevron,32.944712,-112.728116,,32.944712,-112.728116,I-8,115,623 W PIMA ST,GILA BEND,AZ,85337,928-683-6324 (TRAVEL CENTER),,0.0,0.0,0.0,10.0,0.0,,0.0,,,,,,,,,,,,,
3,Arizona,HALLUM STORES,location_details.php?id=1286,https://www.truckstopsandservices.com/location_details.php?id=1286,Trucker,texaco,35.191292,-114.069578,,35.191292,-114.069578,I-40,48,932 W BEALE ST,KINGMAN,AZ,86401,928-753-6538 (TRAVEL CENTER),,0.0,0.0,0.0,2.0,0.0,,0.0,,,,,,,,,,,,,
3,Arizona,HOPI TRAVEL PLAZA,location_details.php?id=1348,https://www.truckstopsandservices.com/location_details.php?id=1348,Trucker,conoco,34.974679,-110.09014,,34.974679,-110.09014,I-40,292,1851 STATE HWY 77,HOLBROOK,AZ,86025,928-524-1400 (TRAVEL CENTER),928-528-1405,150.0,0.0,0.0,6.0,6.0,,0.0,,3.199,3.499,4.159,,,,,,,,,
3,Arizona,JOHNSON'S TRAVEL CENTER,location_details.php?id=1488,https://www.truckstopsandservices.com/location_details.php?id=1488,Trucker,chevron,35.30951,-112.856982,,35.30951,-112.856982,I-40,123,21355 I-40 BUSINESS LOOP,SELIGMAN,AZ,86337,928-422-3540 (TRAVEL CENTER),928-422-0045,50.0,0.0,0.0,2.0,0.0,,0.0,928-422-3540 (SUBWAY),,,,928-422-3540 (JUANHIJOS BURRITO),,,,,,,,
3,Arizona,LAKE POWELL CONVENIENCE,location_details.php?id=10285,https://www.truckstopsandservices.com/location_details.php?id=10285,Trucker,shell,36.90423,-111.483499,,36.90423,-111.483499,US 89,,901 US 89 S,PAGE,AZ,86040,928-645-5998 (TRAVEL CENTER),928-645-5345,0.0,0.0,0.0,2.0,0.0,,0.0,,,,,,,,,,,,,
3,Arizona,LAST STOP TRAVEL CENTER,location_details.php?id=55839,https://www.truckstopsandservices.com/location_details.php?id=55839,Trucker,ind dealer,35.716149,-114.4855,,35.716149,-114.4855,US 93,,20331 N US 93,WHITE HILLS,AZ,86445,928-277-7379 (TRAVEL CENTER),,,,,6.0,4.0,,,928-277-7379 (LAST STOP KITCHEN),,,,928-277-7379 (STEEL'S ALL AMERICAN HOT DOGS),928-277-7379 (ARIZONA HOT WINGS),,928-277-7379 (BROOKLYN'S BEST NEW YORK PIZZA),,,,,
3,Arizona,LITTLE AMERICA TRAVEL CENTER - FLAGSTAFF,location_details.php?id=1705,https://www.truckstopsandservices.com/location_details.php?id=1705,Trucker,sinclair oil .svg,35.191796,-111.617997,,35.191796,-111.617997,I-40,198,2515 E BUTLER AVE,FLAGSTAFF,AZ,86004,928-779-7942 (TRAVEL CENTER),928-779-7978,85.0,0.0,0.0,7.0,11.0,,2.0,928-779-7942 (THE GRILL AND DELI),,,,,,,,,,,,
3,Arizona,Love's Country Stores,location_details.php?id=64168,https://www.truckstopsandservices.com/location_details.php?id=64168,Trucker,,32.26636887,-109.8472061,https://www.loves.com/,32.26636887,-109.8472061,I-10,,,Willcox,AZ,85644,,,,,,,,,,,,,,,,,,,,,,
3,Arizona,Love's Country Stores,location_details.php?id=64173,https://www.truckstopsandservices.com/location_details.php?id=64173,Trucker,,31.96286,-110.34487,https://www.loves.com/,31.96286,-110.34487,I-10,,,Benson,AZ,85602,520-586-8702,,,,,,,,,,,,,,,,,,,,,
3,Arizona,LOVE'S TRAVEL STOP #265,location_details.php?id=14756,https://www.truckstopsandservices.com/location_details.php?id=14756,Trucker,loves travel stops country stores 416x416,32.806523,-111.672303,https://www.loves.com/locations/265,32.806523,-111.672303,I-10,200,5000 N SUNLAND GIN RD,CASA GRANDE,AZ,85131,520-423-2015 (TRAVEL CENTER),520-423-2019,100.0,0.0,0.0,8.0,5.0,,0.0,520-423-2015 (ARBY'S),,,,520-423-2015 (GODFATHER'S PIZZA),,,,,,,,
3,Arizona,LOVE'S TRAVEL STOP #272,location_details.php?id=1912,https://www.truckstopsandservices.com/location_details.php?id=1912,Trucker,loves travel stops country stores 416x416,35.199538,-113.903998,https://www.loves.com/locations/272,35.199538,-113.903998,I-40,59,6035 E MINERVA LANE,KINGMAN,AZ,86401,928-681-4405 (TRAVEL CENTER),928-681-4408,35.0,0.0,0.0,9.0,7.0,,1.0,928-681-4405 (CHESTER'S FRIED CHICKEN),,,,928-681-4405 (SUBWAY),,,,,,,,
3,Arizona,LOVE'S TRAVEL STOP #278,location_details.php?id=1752,https://www.truckstopsandservices.com/location_details.php?id=1752,Trucker,loves travel stops country stores 416x416,34.954904,-110.311745,https://www.loves.com/locations/278,34.954904,-110.311745,I-40,277,4703 MAIN ST,JOSEPH CITY,AZ,86032,928-288-3726 (TRAVEL CENTER),928-288-3738,74.0,0.0,0.0,5.0,5.0,,3.0,928-288-3726 (CHESTER'S FRIED CHICKEN),,,,928-288-3726 (SUBWAY),,,,,,,,
3,Arizona,LOVE'S TRAVEL STOP #280,location_details.php?id=22289,https://www.truckstopsandservices.com/location_details.php?id=22289,Trucker,loves travel stops country stores 416x416,33.431337,-112.5922,https://www.loves.com/locations/280,33.431337,-112.5922,I-10,114,1610 S MILLER RD,BUCKEYE,AZ,85326,623-386-6926 (TRAVEL CENTER),623-386-7462,59.0,0.0,0.0,5.0,9.0,,2.0,623-386-6926 (CHESTER'S FRIED CHICKEN),,,,623-386-6926 (SUBWAY),623-386-6926 (GODFATHER'S PIZZA),,,,,,,
3,Arizona,LOVE'S TRAVEL STOP #286,location_details.php?id=22291,https://www.truckstopsandservices.com/location_details.php?id=22291,Trucker,loves travel stops country stores 416x416,33.657228,-114.241695,https://www.loves.com/locations/286,33.657228,-114.241695,I-10,17,760 QUARTZSITE AVE,QUARTZSITE,AZ,85346,928-927-8570 (TRAVEL CENTER),928-927-8576,122.0,0.0,0.0,6.0,5.0,,3.0,928-927-8570 (CHESTER'S FRIED CHICKEN),,,,928-927-8576 (SUBWAY),,,,,,,,
3,Arizona,LOVE'S TRAVEL STOP #296,location_details.php?id=10272,https://www.truckstopsandservices.com/location_details.php?id=10272,Trucker,loves travel stops country stores 416x416,32.944585,-112.733307,https://www.loves.com/locations/296,32.944585,-112.733307,I-8,115,820 W PIMA ST,GILA BEND,AZ,85337,928-683-2210 (TRAVEL CENTER),928-683-2230,41.0,0.0,0.0,4.0,3.0,,0.0,928-683-2210 (TACO BELL),,,,,,,,,,,,
3,Arizona,LOVE'S TRAVEL STOP #328,location_details.php?id=14753,https://www.truckstopsandservices.com/location_details.php?id=14753,Trucker,loves travel stops country stores 416x416,33.279556,-111.962347,https://www.loves.com/locations/328,33.279556,-111.962347,I-10,162,7001 W SUNDUST RD,CHANDLER,AZ,85226,520-796-1185 (TRAVEL CENTER),520-796-1228,110.0,0.0,0.0,7.0,5.0,,4.0,520-796-1185 (ARBY'S),,,,,,,,,,,,
3,Arizona,LOVE'S TRAVEL STOP #349,location_details.php?id=14778,https://www.truckstopsandservices.com/location_details.php?id=14778,Trucker,loves travel stops country stores 416x416,32.685878,-114.582809,https://www.loves.com/locations/349,32.685878,-114.582809,I-8,3,2931 E GILA RIDGE RD,YUMA,AZ,85365,928-341-9100 (TRAVEL CENTER),928-341-9105,85.0,0.0,0.0,7.0,7.0,,3.0,928-341-9100 (CHESTER'S FRIED CHICKEN),,,,928-341-9100 (SUBWAY),928-341-9100 (GODFATHER'S PIZZA),,,,,,,
3,Arizona,LOVE'S TRAVEL STOP #350,location_details.php?id=59064,https://www.truckstopsandservices.com/location_details.php?id=59064,Trucker,loves travel stops country stores 416x416,31.428598,-110.962381,HTTP://WWW.LOVES.COM/LOCATIONS/350,31.428598,-110.962381,I-19,12,739 E FRONTAGE RD,NOGALES,AZ,85621,520-860-6132 (TRAVEL CENTER),520-860-6133,79.0,,,8.0,8.0,,,520-341-3196 (MCDONALD'S),,,,520-860-6132 (SUBWAY),,,,,,,,
3,Arizona,LOVE'S TRAVEL STOP #386,location_details.php?id=1911,https://www.truckstopsandservices.com/location_details.php?id=1911,Trucker,loves travel stops country stores 416x416,34.723825,-114.315359,https://www.loves.com/locations/386,34.723825,-114.315359,I-40,9,14875 S US 95,LAKE HAVASU CITY,AZ,14875,928-764-1505 (TRAVEL CENTER),928-764-1533,85.0,0.0,0.0,8.0,5.0,,3.0,928-764-1505 (CARL'S JR),,,,928-764-1505 (SUBWAY),,,,,,,,
3,Arizona,LOVE'S TRAVEL STOP #460,location_details.php?id=1188,https://www.truckstopsandservices.com/location_details.php?id=1188,Trucker,loves travel stops country stores 416x416,31.962731,-110.344763,https://www.loves.com/locations/460,31.962731,-110.344763,I-10,302,643 AZ 90,BENSON,AZ,85602,520-586-7151 (TRAVEL CENTER),520-586-8707,60.0,0.0,0.0,5.0,4.0,,2.0,520-586-7151 (CHESTER'S FRIED CHICKEN),,,,520-586-7151 (SUBWAY),520-586-7151 (GODFATHER'S PIZZA),,,,,,,
3,Arizona,LOVE'S TRAVEL STOP #553,location_details.php?id=45161,https://www.truckstopsandservices.com/location_details.php?id=45161,Trucker,loves travel stops country stores 416x416,35.263352,-112.194217,https://www.loves.com/locations/553,35.263352,-112.194217,I-40,163,1055 N GRAND CANYON BLVD,WILLIAMS,AZ,86046,928-635-9958 (TRAVEL CENTER),928-635-9862,100.0,0.0,0.0,8.0,7.0,,5.0,928-635-9958 (CARL'S JR),,,,928-635-9958 (SUBWAY),,,,,,,,
3,Arizona,LOVE'S TRAVEL STOP #659,location_details.php?id=45158,https://www.truckstopsandservices.com/location_details.php?id=45158,Trucker,loves travel stops country stores 416x416,33.458541,-112.239248,https://www.loves.com/locations/649,33.458541,-112.239248,I-10,135,8313 ROOSEVELT ST,TOLLESON,AZ,85353,623-936-1037 (TRAVEL CENTER),623-936-1062,85.0,0.0,0.0,7.0,7.0,,6.0,623-936-1037 (CARL'S JR),,,,623-936-1037 (SUBWAY),,,,,,,,
3,Arizona,LOVE'S TRAVEL STOP #722,location_details.php?id=53857,https://www.truckstopsandservices.com/location_details.php?id=53857,Trucker,loves travel stops country stores 416x416,34.33476,-112.117691,https://www.loves.com/locations/722,34.33476,-112.117691,I-17,263/ARCOSANTI RD,14414 S CROSS L RD,MAYER,AZ,86333,928-227-9764 (TRAVEL CENTER),928-227-9765,53.0,0.0,0.0,6.0,8.0,,2.0,928-227-9764 (ARBY'S),,,,928-227-9764 (GODFATHER'S PIZZA),,,,,,,,
3,Arizona,LOVE'S TRAVEL STOP #831,location_details.php?id=59065,https://www.truckstopsandservices.com/location_details.php?id=59065,Trucker,loves travel stops country stores 416x416,32.26726,-109.84726,HTTP://WWW.LOVES.COM/LOCATIONS/831,32.26726,-109.84726,I-10,340,1600 N FORT GRANT RD,WILCOX,AZ,85643,520-779-6001 (TRAVEL CENTER),520-779-6002,60.0,,,7.0,5.0,,,520-779-6001 (ARBY'S),,,,,,,,,,,,
3,Arizona,MAINSTREET MARKET,location_details.php?id=192,https://www.truckstopsandservices.com/location_details.php?id=192,Trucker,ind dealer,32.270943,-109.243833,,32.270943,-109.243833,I-10,378,2507 W I-10 BUSINESS LOOP,SAN SIMON,AZ,85632,520-845-2251 (TRAVEL CENTER),,200.0,0.0,0.0,5.0,6.0,,0.0,520-845-2251 (SUBWAY),,,,,,,,,,,,
3,Arizona,Maverik,location_details.php?id=64908,https://www.truckstopsandservices.com/location_details.php?id=64908,Trucker,,32.687583,-114.583667,https://loyalty.maverik.com/locations/map,32.687583,-114.583667,I-8,,,Yuma,AZ,85365,520-614-6077,,,,,,,,,,,,,,,,,,,,,
3,Arizona,Maverik #723,location_details.php?id=64172,https://www.truckstopsandservices.com/location_details.php?id=64172,Trucker,,32.42464841,-111.1602211,https://www.maverik.com/,32.42464841,-111.1602211,I-10,,,Marana,AZ,85653,520-585-5581,,,,,,,,,,,,,,,,,,,,,
3,Arizona,MAVERIK ADVENTURE'S FIRST STOP,location_details.php?id=54680,https://www.truckstopsandservices.com/location_details.php?id=54680,Trucker,ind dealer,34.916339,-110.154355,,34.916339,-110.154355,I-40,286,1301 NAVAJO BLVD,HOLBROOK,AZ,86025,928-524-9310 (TRAVEL CENTER),,,,,10.0,,,,,,,,,,,,,,,,
3,Arizona,MAVERIK ADVENTURE'S FIRST STOP #672,location_details.php?id=58009,https://www.truckstopsandservices.com/location_details.php?id=58009,Trucker,ind dealer,34.560033,-112.259177,https://loyalty.maverik.com/locations/map,34.560033,-112.259177,I-17,278,1339 PRESCOTT COUNTRY CLUB BLVD,DEWEY-HUMBOLDT,AZ,86327,480-690-5067 (TRAVEL CENTER),,10.0,,,7.0,,,,,,,,,,,,,,,,
3,Arizona,MINUTE MART,location_details.php?id=45162,https://www.truckstopsandservices.com/location_details.php?id=45162,Trucker,shell,33.765795,-112.514101,,33.765795,-112.514101,US 60,N 211TH AVE,31120 N US 60,WITTMANN,AZ,85361,623-388-2900 (TRAVEL CENTER),,10.0,0.0,0.0,3.0,0.0,,0.0,623-388-2900 (SUBWAY),,,,,,,,,,,,
3,Arizona,MINUTE MART,location_details.php?id=55918,https://www.truckstopsandservices.com/location_details.php?id=55918,Trucker,shell,32.6911744,-113.9536014,,32.6911744,-113.9536014,I-8,42,9250 S AVE 40E,TACNA,AZ,85352,928-239-5764 (TRAVEL CENTER),,120.0,0.0,0.0,6.0,0.0,,0.0,928-239-5764 (SUBWAY),,4.059,4.499,,,,,,,,,
3,Arizona,MINUTE MART,location_details.php?id=55914,https://www.truckstopsandservices.com/location_details.php?id=55914,Trucker,shell,33.415295,-111.995561,,33.415295,-111.995561,I-10,152,3444 S 40TH ST,PHOENIX,AZ,85040,602-601-4868 (TRAVEL CENTER),,3.0,0.0,0.0,4.0,0.0,,0.0,602-601-4868 (SUBWAY),,5.999,4.259,,,,,,,,,
3,Arizona,MINUTE MART,location_details.php?id=10273,https://www.truckstopsandservices.com/location_details.php?id=10273,Trucker,shell,32.949867,-112.705897,,32.949867,-112.705897,I-8,119,942 E PIMA ST,GILA BEND,AZ,85337,928-683-2992 (TRAVEL CENTER),928-683-2360,30.0,0.0,0.0,6.0,4.0,,0.0,928-683-2992 (SUBWAY),,,,,,,,,,,,
3,Arizona,MINUTE MART TRAVEL CENTER,location_details.php?id=52883,https://www.truckstopsandservices.com/location_details.php?id=52883,Trucker,shell,35.700135,-114.476628,https://locations.pilotflyingj.com/us/az/white-hills/12683-white-hills-rd,35.700135,-114.476628,US 93,,12683 WHITE HILLS RD,WILLOW BEACH,AZ,86445,928-767-3008 (TRAVEL CENTER),928-767-3008,40.0,0.0,0.0,6.0,0.0,,0.0,928-767-3008 (SUBWAY),,4.059,4.299,,,,,,,,,
3,Arizona,MOBIL,location_details.php?id=2905,https://www.truckstopsandservices.com/location_details.php?id=2905,Trucker,mobil oil type,32.667107,-114.443529,,32.667107,-114.443529,I-8,12,11235 S FORTUNA RD,YUMA,AZ,85367,928-342-1074 (TRAVEL CENTER),,0.0,0.0,0.0,3.0,0.0,,0.0,928-342-1074 (BURGER KING),,,,,,,,,,,,
3,Arizona,NAVAJO TRAVEL CENTER,location_details.php?id=2093,https://www.truckstopsandservices.com/location_details.php?id=2093,Trucker,shell,35.128363,-109.541149,,35.128363,-109.541149,I-40,325,KERR MCGEE RD,NAVAJO,AZ,86502,928-688-2334 (TRAVEL CENTER),928-688-2888,75.0,0.0,0.0,6.0,0.0,,0.0,928-688-2334 (SUBWAY),,,,,,,,,,,,
3,Arizona,ONE9 DEALER,location_details.php?id=59046,https://www.truckstopsandservices.com/location_details.php?id=59046,Trucker,one9fuelcenter,32.3190169,-109.4523043,HTTP://WWW.ONE9FUELNETWORK.COM,32.3190169,-109.4523043,I-10,366,1275 EAST BUSINESS LOOP,BOWIE,AZ,85605,520-847-2511,,50.0,,,4.0,0.0,,,,,,,,,,,,,,,
3,Arizona,ONE9 TRAVEL CENTER,location_details.php?id=59041,https://www.truckstopsandservices.com/location_details.php?id=59041,Trucker,one9fuelcenter,35.222358,-112.478655,HTTP://WWW.ONE9FUELNETWORK.COM,35.222358,-112.478655,I-40,146,43 W PARK AVE,ASH FORK,AZ,86320,928-754-1285,928-754-7889,40.0,,,7.0,4.0,,,,,,,,,,,,,,,
3,Arizona,PETRO STOPPING CENTER #306,location_details.php?id=2213,https://www.truckstopsandservices.com/location_details.php?id=2213,Trucker,petro,32.811832,-111.669068,https://www.ta-petro.com/location/az/petro-eloy,32.811832,-111.669068,I-10,200,5235 N SUNLAND GIN RD,CASA GRANDE,AZ,85231,520-836-3983 (TRAVEL CENTER),520-423-3254,175.0,8.0,8.0,10.0,10.0,,4.0,520-836-5745 (IRON SKILLET),,,,,,,,,,,,
3,Arizona,PETRO STOPPING CENTER #315,location_details.php?id=2214,https://www.truckstopsandservices.com/location_details.php?id=2214,Trucker,petro,35.17617,-113.785941,https://www.ta-petro.com/location/az/petro-kingman,35.17617,-113.785941,I-40,66,970 S BLAKE RANCH RD,KINGMAN,AZ,86401,928-681-5246 (TRAVEL CENTER),928-681-5245,205.0,6.0,6.0,12.0,17.0,,5.0,928-681-5246 (DUNKIN' DONUTS),,,,928-681-5246 (IRON SKILLET),,,,,,,,
3,Arizona,PILOT EXPRESS,location_details.php?id=48247,https://www.truckstopsandservices.com/location_details.php?id=48247,Trucker,pilot,32.084183,-110.803072,https://pilotflyingj.com/stores/1178/,32.084183,-110.803072,I-10,273,9255 S RITA RD,TUCSON,AZ,85747,520-207-7876 (TRAVEL CENTER),520-203-8435,9.0,0.0,0.0,4.0,0.0,,0.0,520-207-7876 (SUBWAY),2.999,3.519,4.159,,,,,,,,,
3,Arizona,PILOT TRAVEL CENTER #1175,location_details.php?id=2899,https://www.truckstopsandservices.com/location_details.php?id=2899,Trucker,pilot,34.327273,-112.117328,,34.327273,-112.117328,I-17,263,14905 CORDES LAKE RD,CORDES LAKE,AZ,86333,928-632-4521 (TRAVEL CENTER),928-642-1450,25.0,0.0,0.0,6.0,0.0,,0.0,928-632-4521 (SUBWAY),,3.999,4.499,,,,,,,,,
3,Arizona,PILOT TRAVEL CENTER #1180,location_details.php?id=2027,https://www.truckstopsandservices.com/location_details.php?id=2027,Trucker,pilot,33.494399,-112.937794,https://pilotflyingj.com/new-locations/,33.494399,-112.937794,I-10,94,41112 W INDIAN SCHOOL RD,TONOPAH,AZ,85354,623-386-5386 (TRAVEL CENTER),623-393-0315,66.0,0.0,0.0,6.0,3.0,,0.0,623-386-5386 (SUBWAY),,3.999,4.499,,,,,,,,,
3,Arizona,PILOT TRAVEL CENTER #1212,location_details.php?id=52438,https://www.truckstopsandservices.com/location_details.php?id=52438,Trucker,pilot,33.633769,-113.768798,https://pilotflyingj.com/stores/1212/,33.633769,-113.768798,I-10,45,48286 VICKSBURG RD,SALOME,AZ,85348,928-859-3165 (TRAVEL CENTER),928-859-390,20.0,0.0,0.0,8.0,5.0,,0.0,928-859-3165 (SUBWAY),,4.199,4.499,928-859-3165 (PJ FRESH),,,,,,,,
3,Arizona,PILOT TRAVEL CENTER #1243,location_details.php?id=1342,https://www.truckstopsandservices.com/location_details.php?id=1342,Trucker,pilot,32.929996,-112.673405,,32.929996,-112.673405,I-8,119,3006 S BUTTERFIELD TRAIL,GILA BEND,AZ,85337,928-580-5987 (TRAVEL CENTER),928-580-7997,70.0,14.0,14.0,8.0,7.0,,0.0,928-580-5987 (SUBWAY),,4.099,4.499,928-580-5987 (MAMA DELUCAS PIZZA),,,,,,,,
3,Arizona,PILOT TRAVEL CENTER #180,location_details.php?id=2581,https://www.truckstopsandservices.com/location_details.php?id=2581,Trucker,pilot,35.238507,-111.822583,https://www.pilotflyingj.com/stores/180/,35.238507,-111.822583,I-40,185,W I-40 12500 BRANNIGAN PARK RD,BELLEMONT,AZ,86015,928-773-0180 (TRAVEL CENTER),928-773-0205,45.0,10.0,10.0,7.0,7.0,,0.0,928-773-0180 (MCDONALD'S),2.599,4.099,4.499,928-773-0197 (SUBWAY),,,,,,,,
3,Arizona,PILOT TRAVEL CENTER #211,location_details.php?id=10277,https://www.truckstopsandservices.com/location_details.php?id=10277,Trucker,pilot,34.728256,-114.315187,https://www.pilotflyingj.com/stores/211/,34.728256,-114.315187,I-40,9,14750 S HWY 95,LAKE HAVASU CITY,AZ,86404,928-764-2410 (TRAVEL CENTER),928-764-2021,85.0,2.0,2.0,10.0,12.0,,0.0,928-764-3030 (WENDY'S),2.899,4.199,4.499,928-764-3030 (CINNABON),928-764-3030 (DUNKIN' DONUTS EXPRESS),,,,,,,
3,Arizona,PILOT TRAVEL CENTER #279,location_details.php?id=45080,https://www.truckstopsandservices.com/location_details.php?id=45080,Trucker,pilot,31.431247,-110.962217,https://pilotflyingj.com/stores/279,31.431247,-110.962217,I-19,12,769 E FRONTAGE RD,RIO RICO,AZ,85648,520-377-0001 (TRAVEL CENTER),520-377-0003,90.0,5.0,5.0,9.0,8.0,,0.0,520-377-0001 (WENDY'S),2.979,3.999,4.499,,,,,,,,,
3,Arizona,PILOT TRAVEL CENTER #328,location_details.php?id=16787,https://www.truckstopsandservices.com/location_details.php?id=16787,Trucker,pilot,33.661422,-114.236411,https://www.pilotflyingj.com/stores/328/,33.661422,-114.236411,I-10,17,1201 W MAIN ST,QUARTZSITE,AZ,85359,928-927-7777 (TRAVEL CENTER),928-927-7000,100.0,10.0,10.0,9.0,6.0,,2.0,928-927-7777 (DAIRY QUEEN),3.099,4.199,4.499,928-927-7777 (SUBWAY),,,,,,,,
3,Arizona,PILOT TRAVEL CENTER #458,location_details.php?id=16792,https://www.truckstopsandservices.com/location_details.php?id=16792,Trucker,pilot,32.738152,-111.549371,https://www.pilotflyingj.com/stores/608/,32.738152,-111.549371,I-10,208,619 S SUNSHINE BLVD,ELOY,AZ,85231,520-466-7550 (TRAVEL CENTER),520-466-7575,145.0,0.0,0.0,10.0,8.0,,0.0,520-466-7550 (DAIRY QUEEN),2.899,3.969,4.499,520-466-7550 (SUBWAY),,,,,,,,
3,Arizona,PILOT TRAVEL CENTER #459,location_details.php?id=16797,https://www.truckstopsandservices.com/location_details.php?id=16797,Trucker,pilot,33.457029,-112.273593,https://www.pilotflyingj.com/stores/459/,33.457029,-112.273593,I-10,133,900 N 99TH AVE,AVONDALE,AZ,85323,623-936-0900 (TRAVEL CENTER),623-936-7376,154.0,31.0,31.0,9.0,13.0,,0.0,623-478-0990 (WENDY'S),3.039,3.999,4.499,623-936-1770 (SUBWAY),,,,,,,,
3,Arizona,PILOT TRAVEL CENTER #593,location_details.php?id=38430,https://www.truckstopsandservices.com/location_details.php?id=38430,Trucker,pilot,32.125681,-110.873714,https://pilotflyingj.com/stores/593,32.125681,-110.873714,I-10,268,5570 E TRAVEL PLAZA WAY,TUCSON,AZ,85756,520-663-3348 (TRAVEL CENTER),520-663-3439,83.0,30.0,30.0,8.0,7.0,,0.0,520-663-3424 (SUBWAY),2.999,3.799,4.599,520-663-3424 (TACO BELL),520-663-3424 (CINNABON),3.499,,,,,,
3,Arizona,Pilot Travel Centers,location_details.php?id=64153,https://www.truckstopsandservices.com/location_details.php?id=64153,Trucker,,33.50875,-112.38403,https://pilotflyingj.com/,33.50875,-112.38403,,,15112 W Camelback Rd,Glendale,AZ,85340,480-261-4674,,,,,,,,,,,,,,,,,,,,,
3,Arizona,Pilot Travel Centers,location_details.php?id=64909,https://www.truckstopsandservices.com/location_details.php?id=64909,Trucker,,32.68513,-114.58085,https://pilotflyingj.com/,32.68513,-114.58085,I-8,,,Yuma,AZ,85365,928-857-2036,,,,,,,,,,,,,,,,,,,,,
3,Arizona,Pride,location_details.php?id=64166,https://www.truckstopsandservices.com/location_details.php?id=64166,Trucker,,32.81219901,-111.6716333,,32.81219901,-111.6716333,I-10,,,Casa Grande,AZ,85131,520-422-6903,,,,,,,,,,,,,,,,,,,,,
3,Arizona,PRIDE TRAVEL CENTER,location_details.php?id=55916,https://www.truckstopsandservices.com/location_details.php?id=55916,Trucker,pilot,34.8639643,-114.1440658,,34.8639643,-114.1440658,I-40,25,12551 S MOHAVE CENTER BLVD,YUCCA,AZ,86438,928-766-6228 (TRAVEL CENTER),928-766-6331,86.0,86.0,86.0,8.0,7.0,,0.0,928-766-6228 (SUBWAY),,,,,,,,,,,,
3,Arizona,PRIDE TRAVEL CENTER,location_details.php?id=23804,https://www.truckstopsandservices.com/location_details.php?id=23804,Trucker,ind dealer,32.811925,-111.672111,,32.811925,-111.672111,I-10,200,5240 S SUNLAND GIN RD,CASA GRANDE,AZ,85131,520-836-9681 (TRAVEL CENTER),,80.0,0.0,0.0,8.0,4.0,,0.0,,,,,,,,,,,,,
3,Arizona,PRIDE TRAVEL STOP,location_details.php?id=3336,https://www.truckstopsandservices.com/location_details.php?id=3336,Trucker,valero,33.627987,-113.768191,,33.627987,-113.768191,I-10,45,48710 VICKSBURG RD,VICKSBURG,AZ,85348,928-859-3843 (TRAVEL CENTER),928-859-4432,50.0,0.0,0.0,6.0,0.0,,0.0,,,,,,,,,,,,,
3,Arizona,QUICK TRIP,location_details.php?id=2668,https://www.truckstopsandservices.com/location_details.php?id=2668,Trucker,quiktrip,33.461409,-112.167515,,33.461409,-112.167515,I-10,139,1155 N 51ST AVE,PHOENIX,AZ,85043,602-269-1714 (TRAVEL CENTER),,25.0,0.0,0.0,8.0,0.0,,0.0,602-269-1714 (QT KITCHEN),,,,,,,,,,,,
3,Arizona,QUIK CHEK 76,location_details.php?id=2677,https://www.truckstopsandservices.com/location_details.php?id=2677,Trucker,76,33.667315,-114.217489,,33.667315,-114.217489,US 95,,26 W MAIN ST,QUARTZSITE,AZ,85346,928-927-5642 (TRAVEL CENTER),,2.0,0.0,0.0,6.0,0.0,,0.0,,,,,,,,,,,,,
3,Arizona,QUIK TRIP #492,location_details.php?id=45057,https://www.truckstopsandservices.com/location_details.php?id=45057,Trucker,quiktrip,33.429476,-112.592557,,33.429476,-112.592557,I-10,114,1850 S MILLER RD,BUCKEYE,AZ,85326,623-386-8855 (TRAVEL CENTER),623-386-5022,15.0,0.0,0.0,7.0,0.0,,0.0,623-386-8855 (QT KITCHEN),,,,,,,,,,,,
3,Arizona,RUNNING MAN FUEL,location_details.php?id=54883,https://www.truckstopsandservices.com/location_details.php?id=54883,Trucker,ind dealer,34.135539,-114.280876,,34.135539,-114.280876,AZ 95,,1115 MOHAVE RD,PARKER,AZ,85344,928-575-1513 (TRAVEL CENTER),,,,,4.0,,,,,,,,,,,,,,,,
3,Arizona,SAN SIMON TRAVEL PLAZA,location_details.php?id=55920,https://www.truckstopsandservices.com/location_details.php?id=55920,Trucker,76,32.2708643,-109.2443738,,32.2708643,-109.2443738,I-10,378,2500 W BUSINESS I-10,SAN SIMON,AZ,85632,520-845-2500 (TRAVEL CENTER),520-845-2505,21.0,0.0,0.0,4.0,0.0,,0.0,520-845-2500 (CHESTER'S FRIED CHICKEN),,4.199,4.499,,,,,,,,,
3,Arizona,SPEEDMART,location_details.php?id=45058,https://www.truckstopsandservices.com/location_details.php?id=45058,Trucker,chevron,33.42699,-112.590039,,33.42699,-112.590039,I-10,114,2075 S MILLER RD,BUCKEYE,AZ,85326,623-474-6262 (TRAVEL CENTER),623-474-6868,8.0,0.0,0.0,4.0,0.0,,0.0,623-474-6262 (MASKADARES MEXICAN),,,,,,,,,,,,
3,Arizona,SPEEDWAY,location_details.php?id=10282,https://www.truckstopsandservices.com/location_details.php?id=10282,Trucker,76,32.670244,-114.578517,,32.670244,-114.578517,AZ 80,,3200 E 32ND ST,YUMA,AZ,85365,928-344-0160 (TRAVEL CENTER),928-726-6625,20.0,0.0,0.0,2.0,0.0,,0.0,,,,,,,,,,,,,
3,Arizona,SPEEDY'S TRUCK STOP,location_details.php?id=3012,https://www.truckstopsandservices.com/location_details.php?id=3012,Trucker,ind dealer,35.363036,-109.047641,,35.363036,-109.047641,I-40,359,359 GRANT RD,LUPTON,AZ,86508,928-688-2775 (TRAVEL CENTER),928-688-2231,50.0,0.0,0.0,9.0,6.0,,2.0,928-688-2775 (SPEEDY'S CAFE),,,,,,,,,,,,
3,Arizona,SPEEDY'S TRUCK STOP,location_details.php?id=10283,https://www.truckstopsandservices.com/location_details.php?id=10283,Trucker,ind dealer,35.850274,-111.427806,,35.850274,-111.427806,US 89,AZ 64,101 HWY 89,CAMERON,AZ,86020,928-679-2333 (TRAVEL CENTER),928-774-3330,12.0,0.0,0.0,4.0,0.0,,0.0,,,,,,,,,,,,,
3,Arizona,SUNMART #640,location_details.php?id=3090,https://www.truckstopsandservices.com/location_details.php?id=3090,Trucker,ind dealer,33.624552,-114.438157,,33.624552,-114.438157,I-10,5,18221 TOM WELLS RD,EHRENBERG,AZ,85334,928-927-6568 (TRAVEL CENTER),928-927-3990,50.0,0.0,0.0,10.0,4.0,,0.0,928-927-6568 (SUBWAY),,,,,,,,,,,,
3,Arizona,TRAVEL CENTERS OF AMERICA #007,location_details.php?id=15619,https://www.truckstopsandservices.com/location_details.php?id=15619,Trucker,catscale3,32.772553,-111.617866,http://www.tatravelcenters.com/location-details/ta-eloy,32.772553,-111.617866,I-10,203,2949 N TOLTEC RD,ELOY,AZ,85131,520-466-7363 (TRAVEL CENTER),520-466-7536,234.0,4.0,4.0,12.0,11.0,,4.0,520-466-7363 (TACO BELL),,,,520-466-7363 (A & W),520-466-7363 (SABARRO'S),,,,,,,
3,Arizona,TRAVEL CENTERS OF AMERICA #094,location_details.php?id=10287,https://www.truckstopsandservices.com/location_details.php?id=10287,Trucker,catscale3,35.190233,-114.070911,http://www.tatravelcenters.com/location-details/ta-kingman,35.190233,-114.070911,I-40,48,946 W BEALE ST,KINGMAN,AZ,86401,928-753-7600 (TRAVEL CENTER),928-753-4577,115.0,4.0,4.0,10.0,11.0,,5.0,928-753-7600 (BLACK BEAR DINER),,,,928-753-7600 (POPEYE'S),,,,,,,,
3,Arizona,TRAVEL CENTERS OF AMERICA #225,location_details.php?id=3193,https://www.truckstopsandservices.com/location_details.php?id=3193,Trucker,catscale3,33.45817,-112.782242,http://www.tatravelcenters.com/location-details/ta-tonopah,33.45817,-112.782242,I-10,103,1010 N 339TH AVE,TONOPAH,AZ,85354,623-386-6443 (TRAVEL CENTER),623-386-6490,430.0,6.0,6.0,12.0,17.0,,5.0,623-386-6443 (COUNTRY PRIDE RESTAURANT),,,,623-386-6443 (TACO BELL EXPRESS),623-386-6443 (SUBWAY),,623-386-6443 (PIZZA HUT),,,,,
3,Arizona,TRAVEL CENTERS OF AMERICA #226,location_details.php?id=3194,https://www.truckstopsandservices.com/location_details.php?id=3194,Trucker,catscale3,32.268412,-109.848161,https://www.ta-petro.com/location/az/ta-willcox,32.268412,-109.848161,I-10,340,1501 N FORT GRANT RD,WILLCOX,AZ,85643,520-384-5311 (TRAVEL CENTER),520-384-6108,229.0,6.0,6.0,8.0,10.0,,5.0,520-384-5311 (COUNTRY PRIDE RESTAURANT),,,,520-384-5311 (POPEYE'S),520-384-5311 (SUBWAY),,,,,,,
3,Arizona,TRAVEL CENTERS OF AMERICA #246,location_details.php?id=1155,https://www.truckstopsandservices.com/location_details.php?id=1155,Trucker,catscale3,34.905021,-110.210916,http://www.tatravelcenters.com/location-details/ta-holbrook,34.905021,-110.210916,I-40,283,3747 EXPRESS DR,HOLBROOK,AZ,86025,928-524-3006 (TRAVEL CENTER),928-524-9181,75.0,8.0,8.0,8.0,9.0,,4.0,928-524-3006 (POPEYE'S CHICKEN),,,,,,,,,,,,
3,Arizona,TRAVEL CENTERS OF AMERICA EXPRESS #292,location_details.php?id=52890,https://www.truckstopsandservices.com/location_details.php?id=52890,Trucker,taexpress,35.684435,-114.46719,https://www.ta-petro.com/location/az/ta-express%20white%20hills,35.684435,-114.46719,US 93,,19210 US HWY 93,WHITE HILLS,AZ,86445,702-502-9477 (TRAVEL CENTER),,67.0,0.0,0.0,7.0,8.0,,0.0,702-502-9477 (KRISPY KRUNCHY CHICKEN),,,,702-502-9477 (US SUB),,,,MM 29,,,,
3,Arizona,"TUCSON TRUCK TERMINAL, INC.",location_details.php?id=3550,https://www.truckstopsandservices.com/location_details.php?id=3550,Trucker,ind dealer,32.12695,-110.876208,,32.12695,-110.876208,I-10,268,5451 E BENSON HWY,TUCSON,AZ,85756,520-574-0050 (TRAVEL CENTER),520-574-9606,150.0,0.0,150.0,8.0,5.0,,2.0,520-574-0050 (OMAR'S),,,,,,,,,,,,
3,Arizona,WILLCOX TRUCK PLAZA,location_details.php?id=3704,https://www.truckstopsandservices.com/location_details.php?id=3704,Trucker,chevron,32.263554,-109.841042,,32.263554,-109.841042,I-10,340,1190 W REX ALLEN DR,WILLCOX,AZ,85643,520-766-1100 (TRAVEL CENTER),,15.0,0.0,0.0,7.0,0.0,,0.0,,,,,,,,,,,,,
3,Arizona,XPRESS FUEL,location_details.php?id=55919,https://www.truckstopsandservices.com/location_details.php?id=55919,Trucker,ind dealer,32.7795467,-111.6179235,,32.7795467,-111.6179235,I-10,203,3105 N TOLTEC RD,ELOY,AZ,85131,520-709-4058 (TRAVEL CENTER),520-709-7108,,,,4.0,,,,520-709-4058 (TRUCKER BURGER),2.899,3.539,4.159,,,,,,,,,
3,Arizona,ZARRO SHELL,location_details.php?id=45079,https://www.truckstopsandservices.com/location_details.php?id=45079,Trucker,shell,31.338713,-110.96628,,31.338713,-110.96628,AZ 189,,330 N MARIPOOSA RD,NOGALES,AZ,85621,520-287-4800 (TRAVEL CENTER),,20.0,0.0,0.0,3.0,0.0,,0.0,,,,,,,,,,,,,
5,California,24 SEVEN TRAVEL PLAZA,location_details.php?id=10297,https://www.truckstopsandservices.com/location_details.php?id=10297,Trucker,ind dealer,35.354561,-118.913162,,35.354561,-118.913162,CA 58,117,209 WEEDPATCH HWY,BAKERSFIELD,CA,93307,661-364-0630 (TRAVEL CENTER),661-364-0718,130.0,0.0,0.0,6.0,5.0,,2.0,,,,,,,,,,,,,
5,California,3 BROTHERS TRAVEL PLAZA,location_details.php?id=44711,https://www.truckstopsandservices.com/location_details.php?id=44711,Trucker,chevron,39.163346,-122.919276,,39.163346,-122.919276,CA 20,,775 W STATE HWY 20,UPPER LAKE,CA,95485,707-275-8026 (TRAVEL CENTER),,5.0,0.0,0.0,2.0,0.0,,0.0,707-275-8026 (CARL'S JR),,,,707-275-8026 (DUNKIN' DONUTS),707-275-8026 (BASKIN ROBBINS),,,,,,,
5,California,3B'S TRUCK PLAZA,location_details.php?id=186,https://www.truckstopsandservices.com/location_details.php?id=186,Trucker,ind dealer,38.1128,-121.394142,,38.1128,-121.394142,I-5,485,14749 THORTON RD,LODI,CA,95240,209-369-6391 (TRAVEL CENTER),209-365-0715,50.0,0.0,0.0,8.0,0.0,,2.0,,,,,,,,,,,,,
5,California,5TH WHEEL TRUCK STOP,location_details.php?id=194,https://www.truckstopsandservices.com/location_details.php?id=194,Trucker,ind dealer,36.680799,-119.73796,,36.680799,-119.73796,CA 99,127,3767 S GOLDEN STATE BLVD,FRESNO,CA,93725,559-485-0701 (TRAVEL CENTER),559-485-5314,50.0,10.0,10.0,4.0,4.0,,3.0,559-485-0701 (PUNJABI DHABA),,,,,,,,,CHESTNUT,,,
5,California,7 ELEVEN,location_details.php?id=10322,https://www.truckstopsandservices.com/location_details.php?id=10322,Trucker,7 eleven,37.65408,-122.40024,,37.65408,-122.40024,US 101,GRAND,114 HARBOR WAY S,SAN FRANCISCO,CA,94080,650-871-8132 (TRAVEL CENTER),,10.0,0.0,0.0,5.0,0.0,,0.0,,,,,,,,,,,,,
5,California,7 ELEVEN,location_details.php?id=54932,https://www.truckstopsandservices.com/location_details.php?id=54932,Trucker,7 eleven,39.187211,-120.832287,,39.187211,-120.832287,I-80,145,25 CANYON CREEK RD,GOLD RUN,CA,95714,530-955-1409 (TRAVEL CENTER),,10.0,0.0,0.0,3.0,0.0,,0.0,,,,,,,,,,,,,
5,California,7 ELEVEN,location_details.php?id=44699,https://www.truckstopsandservices.com/location_details.php?id=44699,Trucker,7 eleven,38.012201,-122.106193,,38.012201,-122.106193,I-680,54,3520 PACHECO BLVD,MARTINEZ,CA,94553,925-372-7806 (TRAVEL CENTER),,0.0,0.0,0.0,7.0,0.0,,0.0,,,,,,,,,,,,,
5,California,7 ELEVEN,location_details.php?id=44707,https://www.truckstopsandservices.com/location_details.php?id=44707,Trucker,7 eleven,36.663567,-121.630066,,36.663567,-121.630066,US 101,326-B,1020 TERVEN AVE,SALINAS,CA,93902,831-754-6382 (TRAVEL CENTER),,20.0,0.0,0.0,5.0,3.0,,1.0,,,,,,,,,,,,,
5,California,7 ELEVEN,location_details.php?id=48356,https://www.truckstopsandservices.com/location_details.php?id=48356,Trucker,valero,35.388983,-119.043349,,35.388983,-119.043349,BUCK OWENS BLVD,,3225 BUCK OWENS BLVD,BAKERSFIELD,CA,93308,661-229-9416 (TRAVEL CENTER),,3.0,,,4.0,0.0,,0.0,,,,,,,,,,,,,
5,California,7 ELEVEN,location_details.php?id=48358,https://www.truckstopsandservices.com/location_details.php?id=48358,Trucker,valero,35.990104,-119.961148,,35.990104,-119.961148,HUBERT WAY,,33190 HUBERT WAY,KETTLEMAN CITY,CA,93239,559-386-1306 (TRAVEL CENTER),,4.0,0.0,0.0,5.0,1.0,,0.0,559-386-1306 (MCDONALD'S),,,,,,,,,,,,
5,California,7 ELEVEN,location_details.php?id=48359,https://www.truckstopsandservices.com/location_details.php?id=48359,Trucker,valero,36.187504,-121.074008,,36.187504,-121.074008,US 101,278,50940 MESA VERDE RD,KING CITY,CA,93930,831-385-7572 (TRAVEL CENTER),,25.0,0.0,0.0,7.0,4.0,3.0,0.0,,,,,,,,,,,,,
5,California,76 EXPRESS,location_details.php?id=204,https://www.truckstopsandservices.com/location_details.php?id=204,Trucker,76,37.896528,-121.28053,,37.896528,-121.28053,I-5,468,5777 FRENCH CAMP RD,STOCKTON,CA,95206,209-983-4781 (TRAVEL CENTER),,40.0,0.0,0.0,6.0,0.0,,0.0,,,,,,,,,,FRENCH CAMP RD,,,
5,California,76 FOOD MART AND TRUCK STOP,location_details.php?id=3570,https://www.truckstopsandservices.com/location_details.php?id=3570,Trucker,76,34.070137,-117.452788,,34.070137,-117.452788,I-10,63,16111 VALLEY BLVD,FONTANA,CA,92335,909-822-5599 (TRAVEL CENTER),,0.0,0.0,0.0,5.0,0.0,,0.0,,,,,,,,,,CITRUS,,,
5,California,A-Z FUEL STOP,location_details.php?id=215,https://www.truckstopsandservices.com/location_details.php?id=215,Trucker,ind dealer,34.077198,-117.488015,,34.077198,-117.488015,I-10,61,14529 SAN BERNARDINO AVE,FONTANA,CA,92335,909-356-5556 (TRAVEL CENTER),909-356-5025,0.0,0.0,0.0,4.0,0.0,,0.0,,,,,,,,,,,,,
5,California,ACTON 76,location_details.php?id=10293,https://www.truckstopsandservices.com/location_details.php?id=10293,Trucker,76,34.493001,-118.199502,,34.493001,-118.199502,CA 14,,3807 SIERRA HWY STE 1,ACTON,CA,93510,661-269-0760 (TRAVEL CENTER),661-269-4255,0.0,0.0,0.0,4.0,0.0,,0.0,661-269-0760 (SUEVEE CAFE),,,,,,,,,,,,
5,California,AKAL TRUCK STOP,location_details.php?id=227,https://www.truckstopsandservices.com/location_details.php?id=227,Trucker,shell,35.822534,-119.259728,,35.822534,-119.259728,CA 99,61/CA 99,1748 HWY 99,DELANO,CA,93215,661-725-5525 (TRAVEL CENTER),,22.0,,,4.0,4.0,,0.0,,,,,,,,,,,,,
5,California,ALPINE CHEVRON,location_details.php?id=241,https://www.truckstopsandservices.com/location_details.php?id=241,Trucker,chevron,32.841418,-116.780509,,32.841418,-116.780509,I-8,30,1145 TAVERN RD,ALPINE,CA,91901,619-445-1713 (TRAVEL CENTER),,3.0,0.0,0.0,4.0,0.0,,0.0,,,,,,,,,,TAVERN RD,,,
5,California,AM/PM,location_details.php?id=10352,https://www.truckstopsandservices.com/location_details.php?id=10352,Trucker,arco,33.278397,-115.965908,,33.278397,-115.965908,CA 86,MARINA DR,2084 S MARINA DR,SALTON CITY,CA,92275,760-394-1024 (TRAVEL CENTER),760-394-4868,25.0,0.0,0.0,6.0,4.0,,0.0,,,,,,,,,,,,,
5,California,ARCHER TRAVEL CENTER,location_details.php?id=10294,https://www.truckstopsandservices.com/location_details.php?id=10294,Trucker,ind dealer,35.063039,-118.176906,,35.063039,-118.176906,US 58,CA 14,16660 SIERRA HWY,MOJAVE,CA,93501,661-824-2800 (TRAVEL CENTER),661-824-2800,100.0,0.0,0.0,8.0,4.0,,0.0,,,,,,,,,,,,,
5,California,ARCO,location_details.php?id=10335,https://www.truckstopsandservices.com/location_details.php?id=10335,Trucker,arco,37.357411,-118.395082,,37.357411,-118.395082,US 395,,466 S MAIN ST,BISHOP,CA,93514,760-873-8283 (TRAVEL CENTER),,2.0,0.0,0.0,8.0,0.0,,0.0,,,,,,,,,,,,,
5,California,ATASCADERO CHEVRON,location_details.php?id=16024,https://www.truckstopsandservices.com/location_details.php?id=16024,Trucker,chevron,35.464724,-120.649722,,35.464724,-120.649722,US 101,,8955 MONTECITO AVE,ATASCADERO,CA,93422,805-462-0659 (TRAVEL CENTER),,0.0,0.0,0.0,4.0,0.0,,0.0,,,,,,,,,,,,,
5,California,B B TRAVEL CENTER,location_details.php?id=313,https://www.truckstopsandservices.com/location_details.php?id=313,Trucker,76,33.611436,-114.727114,,33.611436,-114.727114,I-10,232,17970 W HOPSON WAY,BLYTHE,CA,92225,760-922-5109 (TRAVEL CENTER),760-922-7580,150.0,0.0,0.0,6.0,3.0,,2.0,,,,,,,,,,,,,
5,California,BAKER SHELL,location_details.php?id=298,https://www.truckstopsandservices.com/location_details.php?id=298,Trucker,shell,35.269416,-116.068974,,35.269416,-116.068974,I-15,246,72352 BAKER BLVD,BAKER,CA,92309,760-733-4753 (TRAVEL CENTER),,24.0,,,2.0,0.0,,0.0,,,,,,,,,,,,,
5,California,BANDINI TRUCK TERMINAL,location_details.php?id=10345,https://www.truckstopsandservices.com/location_details.php?id=10345,Trucker,ind dealer,34.008601,-118.211506,,34.008601,-118.211506,BANDINI BLVD,,3152 BANDINI BLVD,VERNON,CA,90058,323-266-6840 (TRAVEL CENTER),323-266-6988,50.0,45.0,45.0,6.0,0.0,,2.0,,,,,,,,,,,,,
5,California,BEAR MOUNTAIN TRUCK STOP,location_details.php?id=315,https://www.truckstopsandservices.com/location_details.php?id=315,Trucker,shell,35.210503,-119.011936,,35.210503,-119.011936,CA 99,13 (CA 223),1584 COSTAJO RD,BAKERSFIELD,CA,93313,661-834-5733 (TRAVEL CENTER),661-834-0618,30.0,0.0,0.0,5.0,0.0,,0.0,,,,,,,,,,,,,
5,California,BEST TRUCK STOP,location_details.php?id=328,https://www.truckstopsandservices.com/location_details.php?id=328,Trucker,ind dealer,35.974176,-119.293148,,35.974176,-119.293148,CA 99,70-B,451 N PARK DR,PIXLEY,CA,93256,559-757-3044 (TRAVEL CENTER),,8.0,0.0,0.0,4.0,0.0,,0.0,,,,,,,,,,,,,
5,California,BIG B'S TRAVEL PLAZA,location_details.php?id=339,https://www.truckstopsandservices.com/location_details.php?id=339,Trucker,chevron,35.895028,-119.276516,,35.895028,-119.276516,CA 99,65,1164 N FRONT ST,EARLIMART,CA,93219,661-849-2222 (TRAVEL CENTER),661-849-3755,8.0,0.0,0.0,6.0,2.0,,0.0,,,,,,,,,,,,,
5,California,BIG PINE SHELL,location_details.php?id=10334,https://www.truckstopsandservices.com/location_details.php?id=10334,Trucker,shell,37.165682,-118.289718,,37.165682,-118.289718,US 395,,109 S MAIN ST,BIG PINE,CA,93513,760-938-2100 (TRAVEL CENTER),760-938-1068,3.0,0.0,0.0,8.0,2.0,,0.0,,,,,,,,,,,,,
5,California,BOB'S AUTO & TRUCK STOP,location_details.php?id=388,https://www.truckstopsandservices.com/location_details.php?id=388,Trucker,ind dealer,35.971853,-119.291662,,35.971853,-119.291662,CA 99,70-B,444 E COURT AVE,PIXLEY,CA,93256,559-757-3360 (TRAVEL CENTER),,8.0,0.0,0.0,4.0,2.0,,0.0,,,,,,,,,,,,,
5,California,BROADWAY GAS & DELI,location_details.php?id=10314,https://www.truckstopsandservices.com/location_details.php?id=10314,Trucker,76,40.769518,-124.19162,,40.769518,-124.19162,US 101,,4050 BROADWAY ST,EUREKA,CA,95503,707-442-5507 (TRAVEL CENTER),,12.0,0.0,0.0,3.0,0.0,,0.0,,,,,,,,,,,,,
5,California,BUFORD STAR MART #5,location_details.php?id=3033,https://www.truckstopsandservices.com/location_details.php?id=3033,Trucker,ind dealer,36.605563,-119.657206,,36.605563,-119.657206,CA 99,121,2747 E MANNING AVE,FOWLER,CA,93625,559-834-3634 (TRAVEL CENTER),559-834-5054,150.0,0.0,0.0,7.0,2.0,,0.0,,,,,,,,,,,,,
5,California,CABAZON TRUCK STOP,location_details.php?id=44653,https://www.truckstopsandservices.com/location_details.php?id=44653,Trucker,shell,33.919887,-116.774296,,33.919887,-116.774296,I-10,106,50876 SEMINOLE DR,CABAZON,CA,92230,951-849-7083 (TRAVEL CENTER),,15.0,0.0,0.0,4.0,0.0,,0.0,,,,,,,,,,,,,
5,California,CAL FRESNO OIL,location_details.php?id=465,https://www.truckstopsandservices.com/location_details.php?id=465,Trucker,76,36.707777,-119.771908,,36.707777,-119.771908,CA 99,130,2585 EAST AVE,FRESNO,CA,93706,559-441-1001 (TRAVEL CENTER),,0.0,0.0,0.0,5.0,0.0,,0.0,,,,,,,,,,,,,
5,California,CARSON MINI TRUCK STOP,location_details.php?id=10303,https://www.truckstopsandservices.com/location_details.php?id=10303,Trucker,chevron,33.865941,-118.275622,,33.865941,-118.275622,CA 91,MAIN ST,101 W VICTORIA ST,GARDENIA,CA,90248,310-532-6037 (TRAVEL CENTER),310-532-4522,0.0,0.0,0.0,5.0,0.0,,0.0,,,,,,,,,,,,,
5,California,CASA DE DIESEL,location_details.php?id=10306,https://www.truckstopsandservices.com/location_details.php?id=10306,Trucker,chevron,36.990894,-121.380957,,36.990894,-121.380957,CA 152,,10021 PACHECO PASS HWY,HOLLISTER,CA,95023,408-842-7282 (TRAVEL CENTER),408-842-0248,25.0,0.0,0.0,8.0,0.0,,0.0,408-842-7282 (CASA DE RESTAURANT),,,,,,,,,,,,
5,California,CASTAIC TRUCK STOP,location_details.php?id=491,https://www.truckstopsandservices.com/location_details.php?id=491,Trucker,ind dealer,34.493463,-118.620329,,34.493463,-118.620329,I-5,176-A,31611 CASTIAC RD,CASTAIC,CA,91384,661-295-1374 (TRAVEL CENTER),661-295-3485,28.0,18.0,18.0,8.0,5.0,,0.0,661-295-1374 (CASTAIC RESTAURANT),,,,,,,,,,,,
5,California,CHEVRON,location_details.php?id=48361,https://www.truckstopsandservices.com/location_details.php?id=48361,Trucker,chevron,35.441539,-119.250781,,35.441539,-119.250781,CA 43,,31109 7TH STANDARD RD,SHAFTER,CA,93263,661-910-8403 (TRAVEL CENTER),,,,,5.0,,,,,,,,,,,,,,,,
5,California,CHEVRON EXTRA MILE,location_details.php?id=16052,https://www.truckstopsandservices.com/location_details.php?id=16052,Trucker,chevron,33.845596,-117.243715,,33.845596,-117.243715,I-215,22,796 RAMONA EXPY E,PERRIS,CA,92571,951-943-1033 (TRAVEL CENTER),,0.0,0.0,0.0,2.0,0.0,,0.0,951-943-1033 (KRISPY KRUNCHY CHICKEN),,,,,,,,,,,,
5,California,CHEVRON FOOD SHOP,location_details.php?id=44714,https://www.truckstopsandservices.com/location_details.php?id=44714,Trucker,chevron,38.677054,-121.747525,,38.677054,-121.747525,I-5,537/CA 113,1592 E MAIN ST,WOODLAND,CA,95776,530-666-3117 (TRAVEL CENTER),,0.0,0.0,0.0,2.0,0.0,,0.0,,,,,,,,,,,,,
5,California,CLARK'S TRAVEL CENTER (SINCLAIR),location_details.php?id=609,https://www.truckstopsandservices.com/location_details.php?id=609,Trucker,sinclair oil .svg,33.727886,-116.230451,,33.727886,-116.230451,I-10,142,82253 INDIO BLVD,INDIO,CA,92201,760-342-4776 (TRAVEL CENTER),,11.0,0.0,0.0,4.0,2.0,,0.0,,,,,,,,,,,,,
5,California,COMMERCE TRUCK STOP,location_details.php?id=634,https://www.truckstopsandservices.com/location_details.php?id=634,Trucker,ind dealer,34.005389,-118.176162,,34.005389,-118.176162,I-710,17-B / 17-C,4560 E WASHINGTON BLVD,COMMERCE,CA,90040,323-881-0694 (TRAVEL CENTER),,0.0,0.0,0.0,4.0,0.0,,0.0,,,,,,,,,,,,,
5,California,COUNTRY MART DIESEL & GAS,location_details.php?id=667,https://www.truckstopsandservices.com/location_details.php?id=667,Trucker,76,37.641533,-121.397825,,37.641533,-121.397825,I-580,76-B,34243 S CHRISMAN RD,TRACY,CA,95376,209-832-8642 (TRAVEL CENTER),209-832-8571,20.0,8.0,8.0,4.0,0.0,,0.0,,,,,,,,,,,,,
5,California,CUDAHY FUEL STOP,location_details.php?id=702,https://www.truckstopsandservices.com/location_details.php?id=702,Trucker,ind dealer,33.957668,-118.184542,,33.957668,-118.184542,I-710,13 (CA 42),8330 ATLANTIC AVE,CUDAHY,CA,90201,323-562-1090 (TRAVEL CENTER),,0.0,0.0,0.0,5.0,0.0,,0.0,,,,,,,,,,,,,
5,California,DHAMI TRUCK STOP,location_details.php?id=44715,https://www.truckstopsandservices.com/location_details.php?id=44715,Trucker,shell,39.025503,-121.633691,,39.025503,-121.633691,CA 99,OBANION RD,1281 OBANION RD,YUBA CITY,CA,95991,530-755-4564 (TRAVEL CENTER),,25.0,0.0,25.0,4.0,0.0,,0.0,,,,,,,,,,,,,
5,California,DINO MART,location_details.php?id=1254,https://www.truckstopsandservices.com/location_details.php?id=1254,Trucker,sinclair oil .svg,36.349326,-119.427227,,36.349326,-119.427227,CA 99,98-B,30821 CA 99,GOSHEN,CA,93227,559-651-1006 (TRAVEL CENTER),559-651-3071,25.0,0.0,0.0,2.0,0.0,,0.0,,,,,,,,,,,,,
5,California,DOS PALOS CHEVRON,location_details.php?id=10308,https://www.truckstopsandservices.com/location_details.php?id=10308,Trucker,chevron,37.052464,-120.63543,,37.052464,-120.63543,CA 152,,16150 ELGIN RD,DOS PALOS,CA,93620,209-387-4801 (TRAVEL CENTER),209-387-4801,15.0,0.0,0.0,4.0,0.0,,0.0,209-387-4801 (DOS AMIGOS),,,,,,,,,,,,
5,California,DUCOR HANDY MARKET (SHELL),location_details.php?id=10337,https://www.truckstopsandservices.com/location_details.php?id=10337,Trucker,shell,35.891856,-119.051939,,35.891856,-119.051939,CA 65,56TH AVE,23314 AVE 56,DUCOR,CA,93218,559-534-2500 (TRAVEL CENTER),559-534-2438,40.0,0.0,0.0,4.0,5.0,,0.0,,,,,,,,,,,,,
5,California,ERNIE'S GENERAL STORE,location_details.php?id=44708,https://www.truckstopsandservices.com/location_details.php?id=44708,Trucker,ind dealer,37.987439,-121.246085,,37.987439,-121.246085,I-88,255 (CA 88),4407 WATERLOO RD,STOCKTON,CA,95215,209-931-2850 (TRAVEL CENTER),,0.0,0.0,0.0,4.0,0.0,,0.0,,,,,,,,,,,,,
5,California,EZ TRIP,location_details.php?id=55921,https://www.truckstopsandservices.com/location_details.php?id=55921,Trucker,pilot,36.9250033,-120.0263035,,36.9250033,-120.0263035,CA 99,151,28577 AVE 12,MADERA,CA,93637,559-975-9001 (TRAVEL CENTER),,28.0,0.0,0.0,7.0,7.0,,0.0,559-975-9001 (SUBWAY),3.999,4.799,4.159,559-975-9001 (TACO BELL),,,,,,,,
5,California,EZ TRIP,location_details.php?id=1329,https://www.truckstopsandservices.com/location_details.php?id=1329,Trucker,76,36.0749927,-120.1033417,HTTP://WWW.HILLCRESTTRAVELPLAZA.COM,36.0749927,-120.1033417,I-5,319,44779 S LASSEN AVE,AVENAL,CA,93204,559-386-9783 (TRAVEL CENTER),,76.0,0.0,0.0,8.0,6.0,,0.0,559-386-9783 (CINNABON),4.159,4.699,4.159,,,,,,,,,
5,California,EZ TRIP TRAVEL CENTER (ONE9 FUEL NETWORK),location_details.php?id=793,https://www.truckstopsandservices.com/location_details.php?id=793,Trucker,shell,35.354716,-119.331261,,35.354716,-119.331261,I-5,253,29541 STOCKDALE HWY,BAKERSFIELD,CA,93314,661-764-5522 (TRAVEL CENTER),,10.0,0.0,0.0,8.0,0.0,,0.0,661-764-5522 (IHOP),,,,,,,,,,,,
5,California,FAST LANE CENTRAL VALLEY,location_details.php?id=44695,https://www.truckstopsandservices.com/location_details.php?id=44695,Trucker,ind dealer,37.855475,-121.279268,,37.855475,-121.279268,I-5,465,116 ROTH RD,LATHROP,CA,95330,209-234-4341 (TRAVEL CENTER),,0.0,0.0,0.0,6.0,0.0,,0.0,,,,,,,,,,,,,
5,California,FIREBAUGH TRAVEL PLAZA (CHEVRON),location_details.php?id=927,https://www.truckstopsandservices.com/location_details.php?id=927,Trucker,chevron,36.854812,-120.777815,,36.854812,-120.777815,I-5,385,15838 PAUL NEGRA RD,FIREBAUGH,CA,93622,209-364-6437 (TRAVEL CENTER),,15.0,0.0,0.0,6.0,0.0,,0.0,209-364-6437 (SUBWAY),,,,,,,,,,,,
5,California,FLYING J TRAVEL CENTER #1009,location_details.php?id=52434,https://www.truckstopsandservices.com/location_details.php?id=52434,Trucker,flying j,34.011555,-117.526504,https://pilotflyingj.com/stores/1009/,34.011555,-117.526504,I-15,106-A,11053 RIVERSIDE DR,MIRA LOMA,CA,91752,951-681-1032 (TRAVEL CENTER),951-681-1050,107.0,48.0,48.0,12.0,9.0,,0.0,951-681-1032 (WENDY'S),3.959,5.099,4.499,951-681-1032 (PJ FRESH),951-681-1032 (CINNABON),,,,,,,
5,California,FLYING J TRAVEL CENTER #1017,location_details.php?id=48253,https://www.truckstopsandservices.com/location_details.php?id=48253,Trucker,flying j,37.855741,-121.275596,https://pilotflyingj.com/stores/1017/,37.855741,-121.275596,I-5,465,345 ROTH RD,LATHROP,CA,95330,209-982-1460 (TRAVEL CENTER),209-982-1477,209.0,36.0,36.0,9.0,9.0,,0.0,209-982-1460 (PJ FRESH),3.859,5.099,4.459,,,,,,,,,
5,California,FLYING J TRAVEL CENTER #1071,location_details.php?id=52437,https://www.truckstopsandservices.com/location_details.php?id=52437,Trucker,flying j,36.1804339,-119.33301823,https://pilotflyingj.com/stores/1071/,36.1804339,-119.33301823,CA 99,85,979 E PAIGE AVE,TULARE,CA,93274,559-686-0206 (TRAVEL CENTER),559-686-0266,160.0,10.0,10.0,9.0,10.0,,0.0,559-686-0206 (WENDY'S),4.059,5.059,4.459,,,,,,,,,
5,California,FLYING J TRAVEL CENTER #1080,location_details.php?id=44732,https://www.truckstopsandservices.com/location_details.php?id=44732,Trucker,flying j,37.466959,-121.164506,https://pilotflyingj.com/stores/1080,37.466959,-121.164506,I-5,434,2275 SPERRY AVE,PATTERSON,CA,95363,209-892-9225 (TRAVEL CENTER),209-892-2739,150.0,20.0,20.0,9.0,9.0,,0.0,209-892-9225 (WENDY'S),3.859,5.099,4.459,,,,,,,,,
5,California,FLYING J TRAVEL CENTER #1094,location_details.php?id=48251,https://www.truckstopsandservices.com/location_details.php?id=48251,Trucker,flying j,35.126914,-118.414458,https://pilotflyingj.com/stores/1094/,35.126914,-118.414458,CA 58,151,1668 E TEHACHAPI BLVD,TEHACHAPI,CA,93561,661-823-1049 (TRAVEL CENTER),661-823-1123,99.0,10.0,10.0,9.0,9.0,,0.0,661-823-1049 (WENDY'S),3.999,5.299,4.499,661-823-1049 (PJ FRESH),661-823-1049 (CINNABON),,,,,,,
5,California,FLYING J TRAVEL CENTER #1177,location_details.php?id=52429,https://www.truckstopsandservices.com/location_details.php?id=52429,Trucker,flying j,34.063018,-117.49321,https://pilotflyingj.com/stores/1177/,34.063018,-117.49321,I-10,61,14312 SLOVER AVE,FONTANA,CA,92337,909-574-4866 (TRAVEL CENTER),909-822-8398,52.0,12.0,12.0,10.0,7.0,,0.0,909-574-4866 (WENDY'S),4.059,5.099,4.499,909-574-4866 (PJ FRESH),,,,,,,,
5,California,FLYING J TRAVEL CENTER #613,location_details.php?id=1109,https://www.truckstopsandservices.com/location_details.php?id=1109,Trucker,flying j,35.53198,-119.187065,https://www.pilotflyingj.com/stores/613/,35.53198,-119.187065,CA 99,39,17047 ZACHARY AVE,BAKERSFIELD,CA,93308,661-392-5300 (TRAVEL CENTER),661-392-5307,218.0,0.0,0.0,10.0,14.0,,0.0,661-392-5300 (SUBWAY),4.059,5.069,4.459,,,,,,,,,
5,California,FLYING J TRAVEL CENTER #614,location_details.php?id=16090,https://www.truckstopsandservices.com/location_details.php?id=16090,Trucker,flying j,34.853363,-117.080666,https://pilotflyingj.com/stores/614,34.853363,-117.080666,I-15,178,2611 FISHER BLVD,BARSTOW,CA,92311,760-253-7043 (TRAVEL CENTER),760-253-7051,161.0,15.0,15.0,10.0,15.0,,0.0,760-253-7043 (DENNY'S),3.999,5.179,4.459,,,,,,,,,
5,California,FLYING J TRAVEL CENTER #616,location_details.php?id=55913,https://www.truckstopsandservices.com/location_details.php?id=55913,Trucker,flying j,34.817483,-118.888069,,34.817483,-118.888069,I-5,205,42810 FRAZIER MOUNTAIN PARK RD,LEBEC,CA,93243,661-248-6519 (TRAVEL CENTER),661-248-2628,277.0,20.0,20.0,12.0,12.0,,0.0,661-248-6519 (DUNKIN' DONUTS),4.299,5.099,4.459,661-248-6519 (WENDY'S),,,,,,,,
5,California,FLYING J TRAVEL CENTER #617,location_details.php?id=1107,https://www.truckstopsandservices.com/location_details.php?id=1107,Trucker,flying j,38.118055,-121.393415,https://www.pilotflyingj.com/stores/617,38.118055,-121.393415,I-5,485,15100 N THORNTON RD,LODI,CA,95242,209-339-4066 (TRAVEL CENTER),209-339-4287,197.0,59.0,59.0,13.0,15.0,,0.0,209-339-4066 (DENNY'S),3.999,5.099,4.459,209-339-4066 (SUBWAY),,,,,,,,
5,California,FLYING J TRAVEL CENTER #618,location_details.php?id=16103,https://www.truckstopsandservices.com/location_details.php?id=16103,Trucker,flying j,37.756673,-121.144371,https://www.pilotflyingj.com/stores/618,37.756673,-121.144371,CA 99,237-B,1501 N JACK TONE RD,RIPON,CA,95366,209-599-4141 (TRAVEL CENTER),209-559-4265,194.0,44.0,44.0,12.0,15.0,,0.0,209-559-4141 (DENNY'S),3.739,5.199,4.459,,,3.999,,,,,,
5,California,FLYING J TRAVEL CENTER #765,location_details.php?id=16106,https://www.truckstopsandservices.com/location_details.php?id=16106,Trucker,flying j,33.818481,-116.403126,https://pilotflyingj.com/stores/765,33.818481,-116.403126,I-10,130,72235 VARNER RD,THOUSAND PALMS,CA,92276,760-343-1500 (TRAVEL CENTER),760-343-1330,80.0,0.0,0.0,10.0,8.0,,0.0,760-343-1500 (PJ FRESH),3.799,4.999,4.459,,,,,,,,,
5,California,Flying J Travel Plaza,location_details.php?id=64177,https://www.truckstopsandservices.com/location_details.php?id=64177,Trucker,,34.854387,-117.080111,http://www.pilotflyingj.com,34.854387,-117.080111,I-15,,,Barstow,CA,92311,760-441-7068,,,,,,,,,,,,,,,,,,,,,
5,California,FONTANA CHEVRON,location_details.php?id=1121,https://www.truckstopsandservices.com/location_details.php?id=1121,Trucker,chevron,34.069949,-117.489808,,34.069949,-117.489808,I-10,61,14455 VALLEY BLVD,FONTANA,CA,92335,909-822-2552 (TRAVEL CENTER),909-822-2531,0.0,0.0,0.0,3.0,0.0,,0.0,909-822-2552 (ALBERTO'S),,,,,,,,,,,,
5,California,FONTANA TRUCK STOP,location_details.php?id=1122,https://www.truckstopsandservices.com/location_details.php?id=1122,Trucker,ind dealer,34.071615,-117.493316,,34.071615,-117.493316,I-10,61,14264 VALLEY BLVD,FONTANA,CA,92335,909-357-1167 (TRAVEL CENTER),,30.0,0.0,30.0,6.0,3.0,,1.0,909-357-1167 (SUBWAY),,,,,,,,,,,,
5,California,FORT INDEPENDENCE TRAVEL PLAZA,location_details.php?id=44656,https://www.truckstopsandservices.com/location_details.php?id=44656,Trucker,ind dealer,36.836534,-118.229228,,36.836534,-118.229228,US 395,MILLER LANE,135 US 395,INDEPENDENCE,CA,93526,760-878-2483 (TRAVEL CENTER),,10.0,0.0,0.0,3.0,0.0,,0.0,760-878-2483 (TUNAPI GRILL),,,,,,,,,,,,
5,California,GILL SIDHU CHEVRON,location_details.php?id=2826,https://www.truckstopsandservices.com/location_details.php?id=2826,Trucker,chevron,38.489286,-121.805594,,38.489286,-121.805594,I-80,67,6854 SIEVERS RD,DIXON,CA,95620,707-678-4400 (TRAVEL CENTER),707-678-1500,10.0,0.0,0.0,4.0,0.0,,0.0,,,,,,,,,,,,,
5,California,GILL'S TRUCK STOP,location_details.php?id=54356,https://www.truckstopsandservices.com/location_details.php?id=54356,Trucker,ind dealer,36.32852,-119.59975,,36.32852,-119.59975,CA 43,,7954 LACEY BLVD,HANFORD,CA,93230,559-583-6033 (TRAVEL CENTER),559-582-1778,60.0,0.0,0.0,2.0,0.0,,0.0,,,,,,,,,,,,,
5,California,GOLDEN ACORN CASINO & TRAVEL PLAZA,location_details.php?id=1240,https://www.truckstopsandservices.com/location_details.php?id=1240,Trucker,ind dealer,32.699883,-116.353919,,32.699883,-116.353919,I-8,61,1800 GOLDEN ACORN WAY,LIVE OAK SPRINGS,CA,91906,619-938-6000 (TRAVEL CENTER),,650.0,0.0,0.0,10.0,4.0,,0.0,619-938-6000 (GOLDEN GRILL),,,,,,,,,,,,
5,California,GOLDEN GATE #5,location_details.php?id=54363,https://www.truckstopsandservices.com/location_details.php?id=54363,Trucker,shell,37.61808,-122.06389,,37.61808,-122.06389,I-880,24,1565 INDUSTRIAL PKWY W,HAYWARD,CA,94544,510-783-6549 (TRAVEL CENTER),510-786-9921,0.0,0.0,0.0,6.0,0.0,,0.0,,,,,,,,,,,,,
5,California,GOLDEN GATE PETROLEUM,location_details.php?id=10351,https://www.truckstopsandservices.com/location_details.php?id=10351,Trucker,ind dealer,37.802237,-122.288652,,37.802237,-122.288652,5TH ST,ADFELINE ST,1107 5TH ST,OAKLAND,CA,94607,510-836-0774 (TRAVEL CENTER),510-251-0353,0.0,0.0,0.0,5.0,0.0,,0.0,,,,,,,,,,,,,
5,California,GOLDEN GATE PETROLEUM,location_details.php?id=16046,https://www.truckstopsandservices.com/location_details.php?id=16046,Trucker,ind dealer,37.774094,-122.236203,,37.774094,-122.236203,23RD AVE,,421 23RD AVE,OAKLAND,CA,94606,510-434-9901 (TRAVEL CENTER),,0.0,0.0,0.0,2.0,0.0,,0.0,510-434-9901 (SINCLAIRS),,,,,,,,,,,,
5,California,GOLDEN HILL COUNTRY STORE,location_details.php?id=16047,https://www.truckstopsandservices.com/location_details.php?id=16047,Trucker,76,35.645112,-120.658277,,35.645112,-120.658277,CA 46,GOLDEN HILL RD,2400 GOLDEN HILL RD,PASO ROBLES,CA,93446,805-239-2190 (TRAVEL CENTER),,2.0,0.0,0.0,4.0,0.0,,0.0,805-239-2190 (GOLDEN HILL DELI),,,,,,,,,,,,
5,California,HALLELUJAH JUNCTION MARKET,location_details.php?id=10330,https://www.truckstopsandservices.com/location_details.php?id=10330,Trucker,chevron,39.774622,-120.037347,,39.774622,-120.037347,US 395,CA 70,753-755 CA 70,CHILCOOT,CA,96105,530-993-0110 (TRAVEL CENTER),,25.0,0.0,0.0,2.0,0.0,,0.0,,,,,,,,,,,,,
5,California,HARBOR TRUCK & AUTO STOP,location_details.php?id=44706,https://www.truckstopsandservices.com/location_details.php?id=44706,Trucker,sinclair oil .svg,38.580111,-121.548529,,38.580111,-121.548529,US 50,1,2816 W CAPITAL AVE,SACRAMENTO,CA,95691,916-372-2893 (TRAVEL CENTER),,10.0,0.0,0.0,6.0,0.0,,0.0,,,,,,,,,,,,,
5,California,HARBOR TRUCK STOP,location_details.php?id=1299,https://www.truckstopsandservices.com/location_details.php?id=1299,Trucker,ind dealer,33.789731,-118.22025,,33.789731,-118.22025,I-710,2 (CA 1),2130 W PACIFIC COAST HWY,LONG BEACH,CA,90810,562-436-1313 (TRAVEL CENTER),562-436-3709,0.0,0.0,0.0,5.0,0.0,,0.0,,,,,,,,,,,,,
5,California,HARRIS RANCH SHELL,location_details.php?id=16029,https://www.truckstopsandservices.com/location_details.php?id=16029,Trucker,shell,36.252925,-120.238486,,36.252925,-120.238486,I-5,334,24505 W DORRIS AVE,COALINGA,CA,93210,559-935-0717 (TRAVEL CENTER),,75.0,0.0,0.0,5.0,0.0,,0.0,,,,,,,,,,,,,
5,California,"HI-SAHARA OASIS, INC.",location_details.php?id=44655,https://www.truckstopsandservices.com/location_details.php?id=44655,Trucker,chevron,34.8174,-115.182776,,34.8174,-115.182776,I-40,107,31251 GOOFS RD,FENNER,CA,92332,760-694-0181 (TRAVEL CENTER),,75.0,0.0,75.0,2.0,0.0,,0.0,,,,,,,,,,,,,
5,California,HIGH DESERT TRUCK STOP,location_details.php?id=44713,https://www.truckstopsandservices.com/location_details.php?id=44713,Trucker,ind dealer,34.535759,-117.398119,,34.535759,-117.398119,I-15,151-B (5 MILES W),15655 US 395,VICTORVILLE,CA,92394,760-246-3211 (TRAVEL CENTER),,90.0,,,4.0,7.0,,0.0,,,,,,,,,,,,,
5,California,HIGHWAY 99 TRAVEL CENTER,location_details.php?id=1326,https://www.truckstopsandservices.com/location_details.php?id=1326,Trucker,chevron,34.535759,-117.398119,,34.535759,-117.398119,CA 99,342,4142 CA 99,YUBA CITY,CA,95991,530-790-0588 (TRAVEL CENTER),530-790-6871,125.0,60.0,60.0,6.0,4.0,,2.0,530-790-0588 (HIGHWAY 99 DELI),,,,,,,,,,,,
5,California,I-10 TRUCK STOP,location_details.php?id=1372,https://www.truckstopsandservices.com/location_details.php?id=1372,Trucker,ind dealer,34.070386,-117.367943,,34.070386,-117.367943,I-10,68,195 E VALLEY BLVD,RIALTO,CA,92376,909-877-1171 (TRAVEL CENTER),909-877-6085,26.0,0.0,26.0,4.0,3.0,,1.0,,,,,,,,,,,,,
5,California,INYO SHELL MART,location_details.php?id=10311,https://www.truckstopsandservices.com/location_details.php?id=10311,Trucker,shell,37.375273,-118.396473,,37.375273,-118.396473,US 395,,1290 N MAIN ST,BISHOP,CA,93514,760-873-6335 (TRAVEL CENTER),,0.0,0.0,0.0,6.0,0.0,,0.0,,,,,,,,,,,,,
5,California,JACUMBA CHEVRON,location_details.php?id=44657,https://www.truckstopsandservices.com/location_details.php?id=44657,Trucker,chevron,32.635028,-116.165844,,32.635028,-116.165844,I-8,73,1496 CARRIZO GORGE RD,JACUMBA HOT SPRINGS,CA,91934,619-766-4443 (TRAVEL CENTER),619-766-4048,100.0,0.0,0.0,10.0,2.0,,0.0,,,,,,,,,,,,,
5,California,JACUMBA SHELL,location_details.php?id=44658,https://www.truckstopsandservices.com/location_details.php?id=44658,Trucker,shell,32.635455,-116.166491,,32.635455,-116.166491,I-8,73,1494 CORRIZO GORGE RD,JACUMBA HOT SPRINGS,CA,91934,619-766-0029 (TRAVEL CENTER),619-766-4048,200.0,0.0,0.0,7.0,3.0,,0.0,619-766-0029 (SUBWAY),,,,,,,,,,,,
5,California,JAHANT FOOD AND FUEL,location_details.php?id=16020,https://www.truckstopsandservices.com/location_details.php?id=16020,Trucker,ind dealer,38.206068,-121.264812,,38.206068,-121.264812,CA 99,271,24323 N CA 99,ACAMPO,CA,95220,209-333-6000 (TRAVEL CENTER),209-333-2972,4.0,0.0,0.0,4.0,2.0,,0.0,,,,,,,,,,,,,
5,California,JAYNE TRAVEL CENTER,location_details.php?id=16028,https://www.truckstopsandservices.com/location_details.php?id=16028,Trucker,shell,36.137562,-120.166413,,36.137562,-120.166413,I-5,325,41027 S GLENN AVE,COALINGA,CA,93210,559-935-3400 (TRAVEL CENTER),559-935-3682,85.0,0.0,0.0,10.0,4.0,,0.0,559-935-3400 (SUBWAY),,,,,,,,,,,,
5,California,JEFFRIES OASIS I-5,location_details.php?id=1457,https://www.truckstopsandservices.com/location_details.php?id=1457,Trucker,ind dealer,35.399102,-119.399526,,35.399102,-119.399526,I-5,257,27736 CA 58,BUTTONWILLOW,CA,93206,661-764-6226 (TRAVEL CENTER),,10.0,0.0,0.0,3.0,0.0,,0.0,,,,,,,,,,,,,
5,California,JENSENS TRUCK STOP,location_details.php?id=16050,https://www.truckstopsandservices.com/location_details.php?id=16050,Trucker,ind dealer,39.169237,-123.212458,,39.169237,-123.212458,US 101,551,1460 N LOVERS LANE,UKIAH,CA,95482,707-467-9999 (TRAVEL CENTER),,10.0,0.0,10.0,4.0,1.0,,2.0,,,,,,,,,,,,,
5,California,JOE'S TRAVEL PLAZA,location_details.php?id=1478,https://www.truckstopsandservices.com/location_details.php?id=1478,Trucker,ind dealer,37.820767,-121.291433,,37.820767,-121.291433,I-5,463,15600 S HARLAN RD,LATHROP,CA,95330,209-982-0341 (TRAVEL CENTER),209-982-0970,0.0,0.0,0.0,11.0,0.0,,0.0,209-982-0341 (KRISPY KRUNCHY CHICKEN),,,,,,,,,,,,
5,California,JOE'S TRAVEL PLAZA 11,location_details.php?id=1477,https://www.truckstopsandservices.com/location_details.php?id=1477,Trucker,ind dealer,37.537373,-121.263112,,37.537373,-121.263112,I-5,441,4415 HOWARD RD,WESTLEY,CA,95387,209-894-3040 (TRAVEL CENTER),209-894-3154,150.0,0.0,0.0,12.0,13.0,,2.0,209-894-3040 (DENNY'S),,,,209-894-3040 (DICKIE'S),,,,,,,,
5,California,KC'S CORNER MART (CHEVRON/CFN),location_details.php?id=1593,https://www.truckstopsandservices.com/location_details.php?id=1593,Trucker,chevron,40.705005,-122.334631,,40.705005,-122.334631,I-5,687,14361 HOLIDAY RD,REDDING,CA,96003,530-275-4375 (TRAVEL CENTER),,2.0,0.0,0.0,2.0,0.0,,0.0,530-275-4375 (LA FIGATA),,,,,,,,,,,,
5,California,KELLY'S MARKET & TRUCK STOP (SHELL),location_details.php?id=2949,https://www.truckstopsandservices.com/location_details.php?id=2949,Trucker,shell,34.828942,-116.693106,,34.828942,-116.693106,I-40,18 (ROUTE 66),44230 NATIONAL TRAILS HWY,NEWBERRY SPRINGS,CA,92365,760-257-3334 (TRAVEL CENTER),760-257-9955,20.0,0.0,0.0,4.0,0.0,,0.0,760-257-3334 (SUBWAY),,,,,,,,,,,,
5,California,LA MEDIA TRAVEL CENTER,location_details.php?id=44703,https://www.truckstopsandservices.com/location_details.php?id=44703,Trucker,chevron,32.568721,-116.962125,,32.568721,-116.962125,CA 905,7,1599 LA MEDIA RD,SAN DIEGO,CA,92154,619-671-0700 (TRAVEL CENTER),,20.0,0.0,20.0,8.0,0.0,,0.0,619-671-0700 (PIZZA HUT EXPRESS),,,,,,,,,,,,
5,California,LAKEVIEW VALERO,location_details.php?id=10350,https://www.truckstopsandservices.com/location_details.php?id=10350,Trucker,valero,33.83696,-117.123293,,33.83696,-117.123293,RAMONA EXPY,LAKEVIEW AVE,19560 LAKEVIEW AVE,LAKEVIEW,CA,92567,951-928-9788 (TRAVEL CENTER),,0.0,0.0,0.0,1.0,0.0,,0.0,,,,,,,,,,,,,
5,California,LOST HILLS TRAVEL CENTER,location_details.php?id=44698,https://www.truckstopsandservices.com/location_details.php?id=44698,Trucker,arco,35.614898,-119.657389,,35.614898,-119.657389,I-5,278,14814 ALOMA ST,LOST HILLS,CA,93249,661-797-2354 (TRAVEL CENTER),661-797-2399,55.0,0.0,0.0,9.0,6.0,,0.0,661-797-2354 (DAIRY QUEEN),,,,,,,,,,,,
5,California,Love's Country Stores,location_details.php?id=61998,https://www.truckstopsandservices.com/location_details.php?id=61998,Trucker,loves travel stops country stores 416x416,35.26768341,-119.0198963,https://www.loves.com/,35.26768341,-119.0198963,CA 99,18,1500 TAFT HWY,BAKERSFIELD,CA,93307,661-617-5324 (TRAVEL CENTER),,113.0,,,8.0,9.0,,,661-617-5324 (ARBY'S),,,,,,,,,,,,
5,California,LOVE'S TRAVEL STOP #207,location_details.php?id=1870,https://www.truckstopsandservices.com/location_details.php?id=1870,Trucker,loves travel stops country stores 416x416,33.717376,-116.170285,https://www.loves.com/locations/207,33.717376,-116.170285,I-10,146,45-761 DILLION RD,COACHELLA,CA,92236,760-775-3401 (TRAVEL CENTER),760-775-3409,100.0,0.0,0.0,6.0,5.0,,4.0,760-775-3401 (CARL'S JR),,,,,,,,,,,,
5,California,LOVE'S TRAVEL STOP #223,location_details.php?id=22299,https://www.truckstopsandservices.com/location_details.php?id=22299,Trucker,loves travel stops country stores 416x416,37.756685,-121.140536,https://www.loves.com/locations/223,37.756685,-121.140536,CA 99,237-B,1553 COLONY RD,RIPON,CA,95366,209-599-0740 (TRAVEL CENTER),209-599-3680,96.0,0.0,0.0,7.0,7.0,,0.0,209-599-0740 (ARBY'S),,,,,,,,,,,,
5,California,LOVE'S TRAVEL STOP #230,location_details.php?id=14809,https://www.truckstopsandservices.com/location_details.php?id=14809,Trucker,loves travel stops country stores 416x416,35.618061,-119.659276,https://www.loves.com/locations/230,35.618061,-119.659276,I-5,278 (CA 46),21948 CA 46,LOST HILLS,CA,93249,661-797-1800 (TRAVEL CENTER),661-797-1220,35.0,0.0,0.0,7.0,7.0,,3.0,661-797-1800 (ARBY'S),,,,,,,,,,,,
5,California,LOVE'S TRAVEL STOP #374,location_details.php?id=15488,https://www.truckstopsandservices.com/location_details.php?id=15488,Trucker,loves travel stops country stores 416x416,34.856234,-117.092255,https://www.loves.com/locations/374,34.856234,-117.092255,I-15,178,2974 LENDWOOD RD,BARSTOW,CA,92311,760-253-4080 (TRAVEL CENTER),760-253-4091,98.0,3.0,3.0,10.0,7.0,,3.0,760-253-4080 (CHESTER'S FRIED CHICKEN),,,,760-253-4080 (GODFATHER'S PIZZA),760-253-4080 (LOVE'S SUB'S),,,,,,,
5,California,LOVE'S TRAVEL STOP #382,location_details.php?id=51575,https://www.truckstopsandservices.com/location_details.php?id=51575,Trucker,loves travel stops country stores 416x416,36.180523,-119.330964,https://www.loves.com/locations/382,36.180523,-119.330964,CA 99,85,2700 S BLACKSTONE ST,TULARE,CA,93274,559-686-1400 (TRAVEL CENTER),559-686-3049,158.0,0.0,0.0,9.0,7.0,,0.0,559-686-1400 (SUBWAY),,,,559-686-1400 (MCDONALD'S),,,,,,,,
5,California,LOVE'S TRAVEL STOP #392,location_details.php?id=15494,https://www.truckstopsandservices.com/location_details.php?id=15494,Trucker,loves travel stops country stores 416x416,35.125521,-118.407179,https://www.loves.com/locations/392,35.125521,-118.407179,CA 58,151,2000 E TEHACHAPI BLVD,TEHACHAPI,CA,93561,661-823-1484 (TRAVEL CENTER),661-823-1486,82.0,0.0,0.0,8.0,7.0,,3.0,661-823-1484 (MCDONALD'S),,,,661-823-1484 (SUBWAY),,,,,,,,
5,California,LOVE'S TRAVEL STOP #410,location_details.php?id=15490,https://www.truckstopsandservices.com/location_details.php?id=15490,Trucker,loves travel stops country stores 416x416,39.906665,-122.195276,https://www.loves.com/locations/410,39.906665,-122.195276,I-5,630,2120 S AVE,CORNING,CA,96021,530-824-8767 (TRAVEL CENTER),530-824-8776,130.0,0.0,0.0,12.0,15.0,,2.0,530-824-8767 (DENNY'S),,,,,,,,,,,,
5,California,LOVE'S TRAVEL STOP #441,location_details.php?id=14814,https://www.truckstopsandservices.com/location_details.php?id=14814,Trucker,loves travel stops country stores 416x416,37.111491,-121.015823,https://www.loves.com/locations/441,37.111491,-121.015823,I-5,407 (CA 33),29025 PLAZA DR,SANTA NELLA,CA,95322,209-827-1399 (TRAVEL CENTER),209-827-1033,98.0,0.0,0.0,8.0,7.0,,3.0,209-827-1399 (DEL TACO),,,,,,,,,,,,
5,California,LOVE'S TRAVEL STOP #538,location_details.php?id=44697,https://www.truckstopsandservices.com/location_details.php?id=44697,Trucker,loves travel stops country stores 416x416,38.11803,-121.392979,https://www.loves.com/locations/538,38.11803,-121.392979,I-5,485 (CA 12 E),15250 THORNTON RD E,LODI,CA,95242,209-333-9392 (TRAVEL CENTER),209-333-9772,80.0,0.0,0.0,7.0,7.0,,2.0,209-333-9392 (ARBY'S),,,,,,,,,,,,
5,California,LOVE'S TRAVEL STOP #652,location_details.php?id=51166,https://www.truckstopsandservices.com/location_details.php?id=51166,Trucker,loves travel stops country stores 416x416,39.168582,-122.143984,https://www.loves.com/locations/652,39.168582,-122.143984,I-5,578,100 MARGUERITE ST,WILLIAMS,CA,95987,530-473-3030 (TRAVEL CENTER),530-473-3038,104.0,0.0,0.0,8.0,7.0,,0.0,530-473-3030 (ARBY'S),,,,530-473-3030 (CHESTER'S FRIED CHICKEN),530-473-3030 (GODFATHER'S PIZZA),,,,,,,
5,California,LOVE'S TRAVEL STOP #736,location_details.php?id=52443,https://www.truckstopsandservices.com/location_details.php?id=52443,Trucker,loves travel stops country stores 416x416,36.995516,-120.096885,https://www.loves.com/locations/736,36.995516,-120.096885,CA 99,157,3175 AVE 17,MADERA,CA,93637,559-661-1012 (TRAVEL CENTER),559-661-1023,95.0,0.0,0.0,9.0,7.0,,3.0,559-661-1012 (ARBY'S),,,,559-661-1012 (CHESTER'S FRIED CHICKEN),559-661-1012 (GODFATHER'S PIZZA),,,,,,,
5,California,LOVE'S TRAVEL STOP #749,location_details.php?id=51529,https://www.truckstopsandservices.com/location_details.php?id=51529,Trucker,loves travel stops country stores 416x416,33.037507,-115.628828,https://www.loves.com/locations/749,33.037507,-115.628828,CA 78,MARTIN RD,551 W MAIN ST,WESTMORLAND,CA,92281,760-351-8725 (TRAVEL CENTER),760-351-8754,150.0,0.0,0.0,8.0,7.0,,0.0,760-351-8725 (CHESTER'S FRIED CHICKEN),,,,760-351-8725 (SUBWAY),760-351-8725 (GODFATHER'S PIZZA),,,,,,,
5,California,LOVE'S TRAVEL STOP #755,location_details.php?id=53609,https://www.truckstopsandservices.com/location_details.php?id=53609,Trucker,loves travel stops country stores 416x416,35.011261,-117.641426,https://www.loves.com/locations/755,35.011261,-117.641426,CA 58,199,27201 BORON FRONTAGE RD,BORON,CA,93516,661-385-6020 (TRAVEL CENTER),661-385-6021,98.0,0.0,0.0,8.0,8.0,,0.0,661-385-6020 (CARL'S JR),,,,,,,,,,,,
5,California,LOVE'S TRAVEL STOP #807,location_details.php?id=57863,https://www.truckstopsandservices.com/location_details.php?id=57863,Trucker,loves travel stops country stores 416x416,37.463254,-121.17298,https://www.loves.com/locations/807,37.463254,-121.17298,I-5,434,55 ROGERS ROAD,PATTERSON,CA,95363,209-895-5021 (TRAVEL CENTER),209-895-5022,91.0,,,8.0,8.0,,,209-895-5021 (ARBY'S),,,,,,,,,,,,
5,California,LOVE'S TRAVEL STOP #898,location_details.php?id=59431,https://www.truckstopsandservices.com/location_details.php?id=59431,Trucker,loves travel stops country stores 416x416,36.65887,-121.61821,,36.65887,-121.61821,US 101,326A,1264 DE LA TORRE ST,SALINAS,CA,93905,831-500-6979 (TRAVEL CENTER),831-500-6980,94.0,,,9.0,7.0,,,831-500-6979 (ARBY'S),,,,,,,,,,,,
5,California,LUCKY TRAVEL PLAZA,location_details.php?id=44654,https://www.truckstopsandservices.com/location_details.php?id=44654,Trucker,chevron,39.30922,-120.544622,,39.30922,-120.544622,I-80,165,90 CISCO RD,CISCO GROVE,CA,95728,530-426-0328 (TRAVEL CENTER),,50.0,0.0,0.0,2.0,2.0,,0.0,530-426-0328 (SUBWAY),,,,,,,,,,,,
5,California,MAC-VALLEY OIL COMPANY,location_details.php?id=10319,https://www.truckstopsandservices.com/location_details.php?id=10319,Trucker,ind dealer,34.201987,-119.126051,,34.201987,-119.126051,US 101,59,100 N DE NORTE BLVD,OXNARD,CA,93030,805-485-6900 (TRAVEL CENTER),,3.0,0.0,0.0,4.0,0.0,,0.0,,,,,,,,,,,,,
5,California,MAVERIK,location_details.php?id=57041,https://www.truckstopsandservices.com/location_details.php?id=57041,Trucker,ind dealer,39.49839,-121.573234,,39.49839,-121.573234,CA 70,46,350 OROVILLE DAM BLVD E,OROVILLE,CA,95965,530-764-5073 (TRAVEL CENTER),,,,,,,,,,,,,,,,,,,,,
5,California,Maverik #386,location_details.php?id=64175,https://www.truckstopsandservices.com/location_details.php?id=64175,Trucker,,32.78094,-115.53585,https://maverik.com/,32.78094,-115.53585,I-8,,,El Centro,CA,92243,442-224-6881,,,,,,,,,,,,,,,,,,,,,
5,California,Maverik #654,location_details.php?id=64212,https://www.truckstopsandservices.com/location_details.php?id=64212,Trucker,,38.57184867,-121.5779173,https://loyalty.maverik.com/locations/map,38.57184867,-121.5779173,I-80,,,West Sacramento,CA,95691,916-530-2086,,,,,,,,,,,,,,,,,,,,,
5,California,Maverik #658,location_details.php?id=64218,https://www.truckstopsandservices.com/location_details.php?id=64218,Trucker,,34.486736,-117.333894,https://maverik.com/,34.486736,-117.333894,I-15,,,Victorville,CA,92395,442-251-7555,,,,,,,,,,,,,,,,,,,,,
5,California,MECCA TRAVEL CENTER,location_details.php?id=10056,https://www.truckstopsandservices.com/location_details.php?id=10056,Trucker,arco,33.57068,-116.08961,,33.57068,-116.08961,CA 111,66TH AVE,90480 66TH AVE,MECCA,CA,92254,760-396-5243 (TRAVEL CENTER),760-396-5247,85.0,0.0,0.0,8.0,4.0,,0.0,,,,,,,,,,,,,
5,California,MERCED TRUCK & AUTO PLAZA,location_details.php?id=54693,https://www.truckstopsandservices.com/location_details.php?id=54693,Trucker,ind dealer,37.170959,-120.311897,,37.170959,-120.311897,CA 99,,8040 RINGNALDA COURT,LE GRAND,CA,95333,559-665-1061 (TRAVEL CENTER),,,,,5.0,,,,,,,,,,,,,,,,
5,California,MGM SHELL,location_details.php?id=44705,https://www.truckstopsandservices.com/location_details.php?id=44705,Trucker,shell,34.017482,-117.464128,,34.017482,-117.464128,CA 60,46,3873 PYRITE ST,RIVERSIDE,CA,92509,951-685-8893 (TRAVEL CENTER),,0.0,0.0,0.0,6.0,0.0,,0.0,,,,,,,,,,,,,
5,California,MIKE'S TRUCK STOP,location_details.php?id=48357,https://www.truckstopsandservices.com/location_details.php?id=48357,Trucker,arco,35.267364,-119.229894,,35.267364,-119.229894,I-5,244,20404 TAFT HWY,BAKERSFIELD,CA,93311,661-473-0841 (TRAVEL CENTER),855-455-4233,45.0,0.0,0.0,6.0,5.0,,0.0,,,,,,,,,,,,,
5,California,MODESTO TRUCK PLAZA,location_details.php?id=37791,https://www.truckstopsandservices.com/location_details.php?id=37791,Trucker,ind dealer,37.612214,-120.982997,,37.612214,-120.982997,CA 99,223,1201 S 7TH ST,MODESTO,CA,95351,209-574-0299 (TRAVEL CENTER),209-570-0200,20.0,0.0,0.0,6.0,4.0,,0.0,,,,,,,,,,,,,
5,California,MONTEBELLO CAT SCALE,location_details.php?id=3588,https://www.truckstopsandservices.com/location_details.php?id=3588,Trucker,ind dealer,33.996744,-118.122827,,33.996744,-118.122827,I-5,128-B,1436 WASHINGTON BLVD,MONTEBELLO,CA,90640,323-726-1474 (TRAVEL CENTER),323-626-3048,35.0,0.0,0.0,3.0,0.0,,0.0,,,,,,,,,,,,,
5,California,MOSHEN OIL,location_details.php?id=2056,https://www.truckstopsandservices.com/location_details.php?id=2056,Trucker,ind dealer,34.900629,-116.886889,,34.900629,-116.886889,I-15,191,35680 DAGGETT YERMO DR,YERMO,CA,92398,760-254-2119 (TRAVEL CENTER),760-254-4449,20.0,0.0,0.0,7.0,1.0,,0.0,,,,,,,,,,,,,
5,California,MOUNTAIN VIEW GAS & MART,location_details.php?id=16049,https://www.truckstopsandservices.com/location_details.php?id=16049,Trucker,shell,36.546912,-119.598815,,36.546912,-119.598815,CA 99,115,13025 S VAN HORN AVE,SELMA,CA,93662,559-891-9191 (TRAVEL CENTER),,10.0,0.0,0.0,3.0,0.0,,0.0,,,,,,,,,,,,,
5,California,N-S MINI MART,location_details.php?id=48360,https://www.truckstopsandservices.com/location_details.php?id=48360,Trucker,ind dealer,36.022193,-119.039211,,36.022193,-119.039211,TEAPOT DOME AVE,,951 W TEAPOT DOME AVE,PORTERSVILLE,CA,93257,559-781-1059 (TRAVEL CENTER),,40.0,0.0,0.0,5.0,0.0,,0.0,,,,,,,,,,,,,
5,California,NEWBERRY HIGH DESERT,location_details.php?id=54736,https://www.truckstopsandservices.com/location_details.php?id=54736,Trucker,mobil oil type,34.819476,-116.610026,,34.819476,-116.610026,I-40,23,48157 MEMORIAL DR,NEWBERRY SPRINGS,CA,92365,760-257-3098 (TRAVEL CENTER),760-257-3058,100.0,0.0,0.0,4.0,1.0,,1.0,,,,,,,,,,,,,
5,California,NOIL ENERGY GROUP,location_details.php?id=3005,https://www.truckstopsandservices.com/location_details.php?id=3005,Trucker,ind dealer,33.783783,-118.208691,,33.783783,-118.208691,I-710,1,1234 W COWLES ST,LONG BEACH,CA,90813,562-491-1228 (TRAVEL CENTER),,0.0,0.0,0.0,8.0,0.0,,0.0,,,,,,,,,,,,,
5,California,NOIL ENERGY GROUP,location_details.php?id=10347,https://www.truckstopsandservices.com/location_details.php?id=10347,Trucker,ind dealer,33.773561,-118.253854,,33.773561,-118.253854,I-110,3-A,710 E D ST,WILMINGTON,CA,90748,323-726-1966 (TRAVEL CENTER),310-830-6868,7.0,0.0,0.0,8.0,0.0,,0.0,,,,,,,,,,,,,
5,California,PAIGE TRUCK STOP,location_details.php?id=44710,https://www.truckstopsandservices.com/location_details.php?id=44710,Trucker,ind dealer,36.181688,-119.327363,,36.181688,-119.327363,CA 99,85,1297 E PAIGE AVE,TULARE,CA,93274,559-687-8090 (TRAVEL CENTER),559-687-8091,50.0,0.0,0.0,4.0,0.0,,,,,,,,,,,,,,,
5,California,PCH TRUCK STOP,location_details.php?id=16038,https://www.truckstopsandservices.com/location_details.php?id=16038,Trucker,ind dealer,33.790118,-118.213896,,33.790118,-118.213896,I-710,2,1603 W PACIFIC COAST HWY,LONG BEACH,CA,90810,562-980-1700 (TRAVEL CENTER),,0.0,0.0,0.0,4.0,0.0,,0.0,,,,,,,,,,,,,
5,California,PEARBLOSSOM CHEVRON,location_details.php?id=10304,https://www.truckstopsandservices.com/location_details.php?id=10304,Trucker,chevron,34.506301,-117.896896,,34.506301,-117.896896,CA 138,131ST ST,13030 PEARBLOSSOM HWY,PEARBLOSSOM,CA,93553,661-944-0455 (TRAVEL CENTER),,80.0,0.0,0.0,3.0,0.0,,0.0,,,,,,,,,,,,,
5,California,PEARSONVILLE TRUCK STOP,location_details.php?id=10339,https://www.truckstopsandservices.com/location_details.php?id=10339,Trucker,shell,35.798871,-117.872216,,35.798871,-117.872216,US 395,PEARSON RD,102 PEARSON RD,PEARSONVILLE,CA,93527,760-377-5353 (TRAVEL CENTER),,50.0,0.0,0.0,5.0,0.0,,0.0,760-377-5353 (SUBWAY),,,,,,,,,,,,
5,California,PENRYN 76,location_details.php?id=2203,https://www.truckstopsandservices.com/location_details.php?id=2203,Trucker,76,38.835556,-121.169103,,38.835556,-121.169103,I-80,112,3142 BOYINGTON RD,PENRYN,CA,95663,916-660-9485 (TRAVEL CENTER),916-660-9461,0.0,0.0,0.0,2.0,0.0,,0.0,916-660-9485 (KRISPY KRUNCHY CHICKEN),,,,916-660-9485 (PENRYN GRILL),,,,,,,,
5,California,PETRO STOPPING CENTER #026 - SHAWN HUBBARD,location_details.php?id=44701,https://www.truckstopsandservices.com/location_details.php?id=44701,Trucker,petro,34.064389,-117.553381,https://www.ta-petro.com/location/ca/petro-ontario-shawn-hubbard-ontario-stopping-center,34.064389,-117.553381,I-10,57,4325 E GUASTI RD,ONTARIO,CA,91761,909-390-7800 (TRAVEL CENTER),909-390-7298,559.0,39.0,39.0,14.0,30.0,,4.0,909-390-7800 (POPEYE'S),,,,909-390-7800 (IRON SKILLET),909-390-7800 (BURGER KING),,,,,,,
5,California,PETRO STOPPING CENTER #309,location_details.php?id=2279,https://www.truckstopsandservices.com/location_details.php?id=2279,Trucker,petro,39.906371,-122.195024,https://www.ta-petro.com/location/ca/petro-corning,39.906371,-122.195024,I-5,630,2151 S AVE,CORNING,CA,96021,530-824-4685 (TRAVEL CENTER),530-824-1973,120.0,6.0,6.0,12.0,14.0,,6.0,530-824-4685 (IRON SKILLET),,,,,,,,,,,,
5,California,PETRO STOPPING CENTER #327,location_details.php?id=2278,https://www.truckstopsandservices.com/location_details.php?id=2278,Trucker,petro,34.984006,-118.951154,https://www.ta-petro.com/location/ca/petro-wheeler-ridge,34.984006,-118.951154,I-5,219-B,5821 DENNIS MCCARTHY DR,WHEELER RIDGE,CA,93243,661-663-4341 (TRAVEL CENTER),661-663-4348,415.0,4.0,4.0,12.0,19.0,,6.0,661-663-4341 (ARBY'S),,,,661-663-4341 (SUBWAY),661-663-4341 (WENDY'S),,661-663-4341 (BASKIN ROBBINS),,,,,
5,California,PETRO STOPPING CENTER #346,location_details.php?id=10307,https://www.truckstopsandservices.com/location_details.php?id=10307,Trucker,petro,37.053781,-121.016315,https://www.ta-petro.com/location/ca/petro-santa-nella,37.053781,-121.016315,I-5,403 CA 152 & CA 33,28991 W GONZAGA RD,SANTA NELLA,CA,95322,209-827-8025 (TRAVEL CENTER),209-826-2730,124.0,4.0,4.0,12.0,7.0,,4.0,209-827-8025 (BURGER KING),,,,,,,,,,,,
5,California,Pilot Travel Center,location_details.php?id=64203,https://www.truckstopsandservices.com/location_details.php?id=64203,Trucker,,34.84657706,-118.370808,,34.84657706,-118.370808,I-10,,,Fontana,CA,92337,909-350-3310,,,,,,,,,,,,,,,,,,,,,
5,California,PILOT TRAVEL CENTER #1019,location_details.php?id=44702,https://www.truckstopsandservices.com/location_details.php?id=44702,Trucker,pilot,39.749786,-122.207014,https://pilotflyingj.com/stores/1019,39.749786,-122.207014,I-5,619,4444 COMMERCE LANE,ORLAND,CA,95963,530-865-0108 (TRAVEL CENTER),530-865-0114,73.0,10.0,10.0,7.0,9.0,,0.0,530-865-0108 (WENDY'S),3.939,4.999,4.459,530-865-0108 (CINNABON),530-865-0108 (AUNTIE ANNE'S),4.379,,,,,,
5,California,PILOT TRAVEL CENTER #1132,location_details.php?id=48242,https://www.truckstopsandservices.com/location_details.php?id=48242,Trucker,pilot,32.977405,-115.503617,https://pilotflyingj.com/stores/1132/,32.977405,-115.503617,CA 111,,1850 MAIN ST,BRAWLEY,CA,92227,760-344-3695 (TRAVEL CENTER),760-351-8653,27.0,0.0,0.0,6.0,2.0,,0.0,760-344-3695 (WENDY'S),3.899,5.049,4.499,760-344-3695 (DUNKIN' DONUTS EXPRESS),,,,,,,,
5,California,PILOT TRAVEL CENTER #1328,location_details.php?id=59432,https://www.truckstopsandservices.com/location_details.php?id=59432,Trucker,pilot,34.13767,-117.42141,,34.13767,-117.42141,CA 210,68,2325 SIERRA LAKES PARKWAY SUITE,RIALTO,CA,92377,909-903-3641 (TRAVEL CENTER),909-903-3644,91.0,20.0,20.0,8.0,7.0,,,909-903-3641 (CINNABON),,,,909-903-3641 (ARBY'S),,,,,,,,
5,California,PILOT TRAVEL CENTER #137,location_details.php?id=3515,https://www.truckstopsandservices.com/location_details.php?id=3515,Trucker,pilot,41.398738,-122.376036,https://pilotflyingj.com/stores/137,41.398738,-122.376036,I-5,745,395 E VISTA DR,WEED,CA,96094,530-938-9600 (TRAVEL CENTER),530-938-9700,80.0,19.0,19.0,8.0,7.0,,0.0,530-938-9600 (SUBWAY),4.399,5.159,4.459,530-938-9600 (CINNABON),,,,,,,,
5,California,PILOT TRAVEL CENTER #154,location_details.php?id=2580,https://www.truckstopsandservices.com/location_details.php?id=2580,Trucker,pilot,35.615133,-119.657752,https://pilotflyingj.com/stores/154,35.615133,-119.657752,I-5,278 (CA 46),14808 WARREN ST,LOST HILLS,CA,93249,661-797-2122 (TRAVEL CENTER),661-797-9772,60.0,10.0,10.0,7.0,7.0,,0.0,661-797-1282 (WENDY'S),4.159,5.179,4.459,,,,,,,,,
5,California,PILOT TRAVEL CENTER #168,location_details.php?id=2588,https://www.truckstopsandservices.com/location_details.php?id=2588,Trucker,pilot,38.862612,-121.94971,https://www.pilotflyingj.com/stores/168,38.862612,-121.94971,I-5,554 (CO RD 8),30035 CO RD 8,DUNNIGAN,CA,95937,530-724-3060 (TRAVEL CENTER),530-724-3029,145.0,0.0,0.0,9.0,10.0,,0.0,530-724-3063 (WENDY'S),3.999,5.059,4.459,530-724-3063 (PJ FRESH),,,,,,,,
5,California,PILOT TRAVEL CENTER #200,location_details.php?id=10331,https://www.truckstopsandservices.com/location_details.php?id=10331,Trucker,pilot,34.992334,-117.543607,https://www.pilotflyingj.com/stores/200,34.992334,-117.543607,US 395,US 58,5725 HWY 58,BORON,CA,93516,760-762-0041 (TRAVEL CENTER),760-762-5231,50.0,10.0,10.0,6.0,7.0,,0.0,760-762-1170 (SUBWAY),4.159,5.159,4.499,760-762-1170 (CINNABON),,,,,,,,
5,California,PILOT TRAVEL CENTER #237,location_details.php?id=10324,https://www.truckstopsandservices.com/location_details.php?id=10324,Trucker,pilot,36.664858,-121.631226,https://www.pilotflyingj.com/stores/237,36.664858,-121.631226,US 101,326-B,951 WORK ST,SALINAS,CA,93901,831-775-0380 (TRAVEL CENTER),831-775-0360,18.0,18.0,18.0,7.0,7.0,,0.0,831-775-0380 (SUBWAY),3.999,5.399,4.499,831-775-0380 (CINNABON),,,,,,,,
5,California,PILOT TRAVEL CENTER #282,location_details.php?id=2591,https://www.truckstopsandservices.com/location_details.php?id=2591,Trucker,pilot,34.855148,-117.087152,https://pilotflyingj.com/stores/282,34.855148,-117.087152,I-15,178,2591 COMMERCE PKWY,BARSTOW,CA,92311,760-253-2861 (TRAVEL CENTER),760-253-2863,18.0,4.0,4.0,7.0,7.0,,0.0,760-253-2873 (SUBWAY),3.999,5.179,4.459,,,,,,,,,
5,California,PILOT TRAVEL CENTER #307,location_details.php?id=2589,https://www.truckstopsandservices.com/location_details.php?id=2589,Trucker,pilot,33.9030662,-116.5461743,https://pilotflyingj.com/stores/307,33.9030662,-116.5461743,I-10,120,6605 N INDIAN CANYON DR,NORTH PALM SPRINGS,CA,58123,760-329-5562 (TRAVEL CENTER),760-329-0083,57.0,5.0,5.0,6.0,5.0,,0.0,760-329-7493 (WENDY'S),3.859,4.999,4.459,760-329-7493 (CINNABON),,,,,,,,
5,California,PILOT TRAVEL CENTER #343,location_details.php?id=16070,https://www.truckstopsandservices.com/location_details.php?id=16070,Trucker,pilot,32.569588,-116.953538,https://pilotflyingj.com/stores/343,32.569588,-116.953538,I-805,1-B,1497 PIPER RANCH RD,SAN DIEGO,CA,92154,619-661-9558 (TRAVEL CENTER),619-661-9814,105.0,25.0,25.0,7.0,9.0,,0.0,619-661-9597 (WENDY'S),4.239,5.299,4.499,,,,,,,,,
5,California,PILOT TRAVEL CENTER #365,location_details.php?id=16075,https://www.truckstopsandservices.com/location_details.php?id=16075,Trucker,pilot,37.019399,-120.134392,https://pilotflyingj.com/stores/365,37.019399,-120.134392,CA 99,159,22717 AVE 18 1/2,MADERA,CA,93637,559-673-3878 (TRAVEL CENTER),559-673-7679,150.0,15.0,15.0,12.0,11.0,,0.0,559-673-2638 (SUBWAY),3.999,5.059,4.459,,,,,,,,,
5,California,PILOT TRAVEL CENTER #372,location_details.php?id=2587,https://www.truckstopsandservices.com/location_details.php?id=2587,Trucker,pilot,34.494878,-118.620905,https://pilotflyingj.com/stores/372,34.494878,-118.620905,I-5,176-B,31642 CASTAIC RD,CASTAIC,CA,91384,661-257-2800 (TRAVEL CENTER),661-257-2109,50.0,0.0,0.0,7.0,8.0,,0.0,661-257-2800 (CINNABON),4.259,5.099,4.459,,,,,,,,,
5,California,PILOT TRAVEL CENTER #381,location_details.php?id=2590,https://www.truckstopsandservices.com/location_details.php?id=2590,Trucker,pilot,34.41005,-117.397939,https://www.pilotflyingj.com/stores/381,34.41005,-117.397939,I-15,141 (US 395),8701 HWY 395,HESPERIA,CA,92345,760-956-2844 (TRAVEL CENTER),760-956-1198,300.0,8.0,8.0,8.0,10.0,,0.0,760-956-1087 (WENDY'S),3.859,5.139,4.459,,,,,,,,,
5,California,Pilot Travel Centers,location_details.php?id=61999,https://www.truckstopsandservices.com/location_details.php?id=61999,Trucker,pilot,34.54385856,-118.035984,https://locations.pilotflyingj.com/us/ca/palmdale/5231-pearblossom-hwy,34.54385856,-118.035984,CA 138,,5231 PEARBLOSSOM HWY,PALMDALE,CA,93552,661-569-1720 (TRAVEL CENTER),,55.0,3.0,,7.0,5.0,,,661-569-1720 (SUBWAY),4.159,5.199,4.499,661-569-1720 (CINNABON),,,,,,,,
5,California,Pilot Travel Centers,location_details.php?id=64214,https://www.truckstopsandservices.com/location_details.php?id=64214,Trucker,,34.05503,-117.39521,https://pilotflyingj.com/,34.05503,-117.39521,I-10,,,Bloomington,CA,92316,,,,,,,,,,,,,,,,,,,,,,
5,California,POLLARD FLAT FUEL,location_details.php?id=2635,https://www.truckstopsandservices.com/location_details.php?id=2635,Trucker,ind dealer,40.995042,-122.41898,,40.995042,-122.41898,I-5,712,24235 EAGLES ROOST RD,POLLARD FLAT,CA,96051,530-238-2534 (TRAVEL CENTER),,50.0,0.0,0.0,1.0,0.0,,0.0,530-238-2534 (POLLARD FLAT),,,,,,,,,,,,
5,California,QUIK STOP MARKET,location_details.php?id=44696,https://www.truckstopsandservices.com/location_details.php?id=44696,Trucker,ind dealer,37.388296,-120.736478,,37.388296,-120.736478,CA 99,203,401 JOSEPH GALLO DR,LIVINGSTON,CA,94538,209-394-1633 (TRAVEL CENTER),,0.0,0.0,0.0,2.0,0.0,,0.0,,,,,,,,,,,,,
5,California,RABBIT TRAXX TRUCK STOP MINI-MART,location_details.php?id=54843,https://www.truckstopsandservices.com/location_details.php?id=54843,Trucker,ind dealer,41.529038,-120.181984,,41.529038,-120.181984,CA 299,,580 PATTERSON ST,CEDARVILLE,CA,96104,530-279-2022 (TRAVEL CENTER),530-279-3354,12.0,0.0,0.0,2.0,0.0,,0.0,,,,,,,,,,,,,
5,California,RAMOS OIL CO (SHELL/CFN),location_details.php?id=2711,https://www.truckstopsandservices.com/location_details.php?id=2711,Trucker,shell,38.463893,-121.822237,,38.463893,-121.822237,I-80,66/CA 113,1900 N 1ST ST,DIXON,CA,95620,707-678-1670 (TRAVEL CENTER),707-678-0816,0.0,0.0,0.0,4.0,0.0,,0.0,,,,,,,,,,,,,
5,California,RASOR ROAD SERVICE,location_details.php?id=2718,https://www.truckstopsandservices.com/location_details.php?id=2718,Trucker,shell,35.133122,-116.209016,,35.133122,-116.209016,I-15,233,66150 RASOR RD,BAKER,CA,92309,760-718-8099 (TRAVEL CENTER),,30.0,,,2.0,0.0,,1.0,,,,,,,,,,,,,
5,California,REFRESH TRAVEL PLAZA,location_details.php?id=57042,https://www.truckstopsandservices.com/location_details.php?id=57042,Trucker,shell,36.852322,-119.951816,,36.852322,-119.951816,CA 99,AVENUE 7,32603 AVENUE 7,MADERA,CA,93637,559-214-2444 (TRAVEL CENTER),,80.0,,,6.0,5.0,,,,,,,,,,,,,,,
5,California,RIALTO TRAVEL CENTER (CHEVRON),location_details.php?id=2745,https://www.truckstopsandservices.com/location_details.php?id=2745,Trucker,chevron,34.037201,-117.368526,,34.037201,-117.368526,I-10,68 S 3 MILES,3610 S RIVERSIDE AVE,RIALTO,CA,92377,951-683-5387 (TRAVEL CENTER),951-680-9644,29.0,0.0,0.0,5.0,3.0,,0.0,951-683-5387 (SUBWAY),,,,951-683-5387 (CARL'S JR),,,,,,,,
5,California,RJ'S TRAVEL PLAZA,location_details.php?id=2755,https://www.truckstopsandservices.com/location_details.php?id=2755,Trucker,76,36.447774,-119.485323,,36.447774,-119.485323,CA 99,106,36220 6TH ST,TRAVER,CA,93631,559-238-3801 (TRAVEL CENTER),559-238-3850,25.0,0.0,0.0,4.0,4.0,,0.0,,,,,,,,,,,,,
5,California,ROCHE OIL MOBILE MART,location_details.php?id=2789,https://www.truckstopsandservices.com/location_details.php?id=2789,Trucker,mobil oil type,36.183175,-119.330981,,36.183175,-119.330981,CA 99,85,1120 E PAIGE RD,TULARE,CA,93274,559-686-5837 (TRAVEL CENTER),559-686-9021,8.0,0.0,0.0,4.0,0.0,,0.0,,,,,,,,,,,,,
5,California,ROLLING HILLS CHEVRON,location_details.php?id=2800,https://www.truckstopsandservices.com/location_details.php?id=2800,Trucker,chevron,39.872027,-122.200729,,39.872027,-122.200729,I-5,628,2635 EVERET FREEMAN WAY,CORNING,CA,96021,530-824-4990 (TRAVEL CENTER),530-824-5752,120.0,,,5.0,0.0,,0.0,,,,,,,,,,,,,
5,California,ROTTEN ROBBIE,location_details.php?id=2806,https://www.truckstopsandservices.com/location_details.php?id=2806,Trucker,ind dealer,37.10233,-121.015661,,37.10233,-121.015661,I-5,407 (CA 33),12860 S CA 33,GUSTINE,CA,95322,209-826-4418 (TRAVEL CENTER),209-826-2032,69.0,0.0,0.0,7.0,0.0,,0.0,209-826-4418 (DENNY'S),,,,,,,,,,,,
5,California,ROTTEN ROBBIE,location_details.php?id=10344,https://www.truckstopsandservices.com/location_details.php?id=10344,Trucker,ind dealer,39.017965,-122.912522,,39.017965,-122.912522,CA 29,CA 175,2725 S MAIN ST,LAKEPORT,CA,95453,707-263-5790 (TRAVEL CENTER),,0.0,0.0,0.0,2.0,0.0,,0.0,,,,,,,,,,,,,
5,California,ROTTEN ROBBIE,location_details.php?id=16048,https://www.truckstopsandservices.com/location_details.php?id=16048,Trucker,ind dealer,37.383371,-121.950727,,37.383371,-121.950727,LAFAYETTE ST,ALDO AVENUE,3471 LAFAYETTE ST,SANTA CLARA,CA,95054,408-988-5407 (TRAVEL CENTER),,0.0,0.0,0.0,8.0,0.0,,0.0,,,,,,,,,,,,,
5,California,ROTTEN ROBBIE # 31,location_details.php?id=10317,https://www.truckstopsandservices.com/location_details.php?id=10317,Trucker,ind dealer,37.020881,-121.569134,,37.020881,-121.569134,US 101,CA 152,390 LEAVESLEY RD,GILROY,CA,95020,408-842-3630 (TRAVEL CENTER),,0.0,0.0,0.0,2.0,0.0,,0.0,,,,,,,,,,,,,
5,California,ROTTEN ROBBIE # 60,location_details.php?id=10327,https://www.truckstopsandservices.com/location_details.php?id=10327,Trucker,ind dealer,38.387225,-122.715171,,38.387225,-122.715171,US 101,485,55 E TODD RD,SANTA ROSA,CA,95407,707-584-9610 (TRAVEL CENTER),,0.0,0.0,0.0,4.0,0.0,,0.0,,,,,,,,,,,,,
5,California,ROTTEN ROBBIE # 65,location_details.php?id=1244,https://www.truckstopsandservices.com/location_details.php?id=1244,Trucker,ind dealer,37.9223480224609,-122.336654663086,,37.9223480224609,-122.336654663086,I-580,10-B,1085 JULIGA WOODS,RICHMOND,CA,94801,510-236-1300 (TRAVEL CENTER),510-236-5643,0.0,0.0,0.0,5.0,0.0,,0.0,,,,,,,,,,,,,
5,California,ROYAL TRUCK STOP,location_details.php?id=314,https://www.truckstopsandservices.com/location_details.php?id=314,Trucker,ind dealer,34.063049,-117.288894,,34.063049,-117.288894,I-10,73-A,2300 E STEELE RD,COLTON,CA,92324,909-825-5190 (TRAVEL CENTER),909-825-5922,56.0,0.0,56.0,6.0,4.0,,2.0,909-825-5190 (CHESTER'S FRIED CHICKEN),,,,,,,,,,,,
5,California,RVJ'S TRUCK STOP,location_details.php?id=2818,https://www.truckstopsandservices.com/location_details.php?id=2818,Trucker,chevron,36.677646,-119.745849,,36.677646,-119.745849,CA 99,127,4029 S MAPLE AVE,FRESNO,CA,93725,559-485-8220 (TRAVEL CENTER),559-485-0274,0.0,0.0,0.0,7.0,0.0,,0.0,,,,,,,,,,,,,
5,California,SAC VALLEY TRUCK STOP,location_details.php?id=54893,https://www.truckstopsandservices.com/location_details.php?id=54893,Trucker,valero,38.47152,-121.41673,,38.47152,-121.41673,CA 99,291,7891 STOCKTON BLVD,SACRAMENTO,CA,95823,916-896-5647 (TRAVEL CENTER),916-896-5669,50.0,0.0,0.0,4.0,1.0,,0.0,,,,,,,,,,,,,
5,California,SACRAMENTO 49ER TRAVEL PLAZA,location_details.php?id=2829,https://www.truckstopsandservices.com/location_details.php?id=2829,Trucker,pilot,38.616935,-121.539245,https://www.pilotflyingj.com/stores/879,38.616935,-121.539245,I-80,85,2828 EL CENTRO RD,SACRAMENTO,CA,95833,916-927-4774 (TRAVEL CENTER),916-927-6641,277.0,0.0,277.0,7.0,12.0,,3.0,916-927-4774 (SILVER SKILLET),4.149,5.199,4.499,,,,,,,,,
5,California,SAN PASO TRUCK STOP,location_details.php?id=10320,https://www.truckstopsandservices.com/location_details.php?id=10320,Trucker,76,35.695798,-120.698605,http://sanpasotruckstop.com,35.695798,-120.698605,US 101,WELLSONA RD,81 WELLSONA RD,PASO ROBLES,CA,93446,805-467-9999 (TRAVEL CENTER),805-467-3209,150.0,0.0,0.0,5.0,2.0,,0.0,805-467-9999 (JOSE COUNTRY KITCHEN),,,,,,,,,,,,
5,California,SC FUELS,location_details.php?id=747,https://www.truckstopsandservices.com/location_details.php?id=747,Trucker,ind dealer,33.97935,-118.119678,,33.97935,-118.119678,I-5,126-B,1601 BLUFF RD,MONTEBELLO,CA,90640,323-725-1659 (TRAVEL CENTER),323-721-8267,0.0,0.0,0.0,5.0,0.0,,0.0,,,,,,,,,,,,,
5,California,SF / OAKLAND TRUCK PLAZA,location_details.php?id=2885,https://www.truckstopsandservices.com/location_details.php?id=2885,Trucker,ind dealer,37.749175,-122.191868,,37.749175,-122.191868,I-880,37,8255 SAN LEANDRO,OAKLAND,CA,94621,510-569-1624 (TRAVEL CENTER),510-569-3673,0.0,0.0,0.0,4.0,2.0,,2.0,,,,,,,,,,,,,
5,California,SHOP N GO,location_details.php?id=2877,https://www.truckstopsandservices.com/location_details.php?id=2877,Trucker,valero,36.547083,-119.599092,,36.547083,-119.599092,CA 99,115,10610 E MOUNTAIN VIEW,SELMA,CA,93662,559-896-7682 (TRAVEL CENTER),,0.0,0.0,0.0,5.0,0.0,,0.0,,,,,,,,,,,,,
5,California,SHOP N GO #611,location_details.php?id=2913,https://www.truckstopsandservices.com/location_details.php?id=2913,Trucker,valero,36.489315,-119.516144,,36.489315,-119.516144,CA 99,109,38440 6TH ST,KINGSBURG,CA,93631,559-897-3015 (TRAVEL CENTER),,5.0,0.0,0.0,3.0,0.0,,0.0,,,,,,,,,,,,,
5,California,SOUTH BROADWAY SHELL,location_details.php?id=10315,https://www.truckstopsandservices.com/location_details.php?id=10315,Trucker,shell,40.774812,-124.190256,,40.774812,-124.190256,US 101,,3505 BROADWAY ST,EUREKA,CA,95503,707-443-1891 (TRAVEL CENTER),,2.0,0.0,0.0,4.0,0.0,,0.0,,,,,,,,,,,,,
5,California,SOUTHERN CALIFORNIA TRUCK STOP,location_details.php?id=2960,https://www.truckstopsandservices.com/location_details.php?id=2960,Trucker,ind dealer,32.659687,-117.115336,,32.659687,-117.115336,I-5,10,2250 TIDELANDS AVE,NATIONAL CITY,CA,91950,619-336-6103 (TRAVEL CENTER),619-477-7303,0.0,0.0,0.0,6.0,0.0,,0.0,,,,,,,,,,,,,
5,California,SPEEDWAY,location_details.php?id=941,https://www.truckstopsandservices.com/location_details.php?id=941,Trucker,speedwaygas,36.706331,-119.774908,,36.706331,-119.774908,CA 99,130,2619 S EAST AVE,FRESNO,CA,93706,559-494-0570 (TRAVEL CENTER),559-233-4768,0.0,0.0,0.0,4.0,0.0,,0.0,,,,,,,,,,,,,
5,California,SPEEDWAY,location_details.php?id=1135,https://www.truckstopsandservices.com/location_details.php?id=1135,Trucker,speedwaygas,34.818472,-118.883855,,34.818472,-118.883855,I-5,205,161 FRAZIER MOUNTAIN PARK RD,FRAZIER PARK,CA,93243,661-248-6478 (TRAVEL CENTER),661-248-6623,7.0,0.0,0.0,4.0,0.0,,0.0,661-248-6478 (SUBWAY),,,,,,,,,,,,
5,California,SPEEDWAY,location_details.php?id=2736,https://www.truckstopsandservices.com/location_details.php?id=2736,Trucker,speedwaygas,35.059484,-118.969651,,35.059484,-118.969651,CA 99,3 (CA 166 W),2023 METTLER FRONTAGE RD,METTLER,CA,93313,661-858-2703 (TRAVEL CENTER),,15.0,0.0,0.0,8.0,2.0,,0.0,661-858-2703 (SUBWAY),,,,,,,,,,,,
5,California,SPEEDWAY,location_details.php?id=3578,https://www.truckstopsandservices.com/location_details.php?id=3578,Trucker,speedwaygas,39.740257,-122.203293,,39.740257,-122.203293,I-5,618,1021 SOUTH ST,ORLAND,CA,95963,530-865-2031 (TRAVEL CENTER),,25.0,0.0,0.0,2.0,0.0,,0.0,,,,,,,,,,,,,
5,California,SPEEDWAY,location_details.php?id=10298,https://www.truckstopsandservices.com/location_details.php?id=10298,Trucker,speedwaygas,35.350819,-118.912231,,35.350819,-118.912231,CA 58,117,8200 KIMBER AVE,BAKERSFIELD,CA,93307,661-366-1860 (TRAVEL CENTER),,20.0,0.0,0.0,7.0,2.0,,0.0,,,,,,,,,,,,,
5,California,SPEEDWAY,location_details.php?id=10329,https://www.truckstopsandservices.com/location_details.php?id=10329,Trucker,ind dealer,37.651911,-122.402625,,37.651911,-122.402625,US 101,GRAND AVE,176 GATEWAY BLVD,SAN FRANCISCO,CA,94080,650-737-9800 (TRAVEL CENTER),,15.0,0.0,15.0,7.0,0.0,,0.0,650-737-9800 (WENDY'S),,,,,,,,,,,,
5,California,SPEEDY FUEL,location_details.php?id=3004,https://www.truckstopsandservices.com/location_details.php?id=3004,Trucker,ind dealer,34.01653,-118.208358,,34.01653,-118.208358,I-5,133,1492 S LORENA ST,LOS ANGELES,CA,90023,323-260-4606 (TRAVEL CENTER),323-261-4494,0.0,0.0,0.0,4.0,0.0,,0.0,,,,,,,,,,,,,
5,California,SPEEDY FUEL,location_details.php?id=10349,https://www.truckstopsandservices.com/location_details.php?id=10349,Trucker,ind dealer,34.009438,-118.190908,,34.009438,-118.190908,I-710,17-C,2432 S INDIANA ST,COMMERCE,CA,90023,323-266-2606 (TRAVEL CENTER),323-266-2831,0.0,0.0,0.0,11.0,0.0,,0.0,,,,,,,,,,,,,
5,California,SPEEDY FUEL TRUCK STOP,location_details.php?id=447,https://www.truckstopsandservices.com/location_details.php?id=447,Trucker,tesoro,35.402076,-119.396869,,35.402076,-119.396869,I-5,257 (CA 58),27780 LAGOON DR,BUTTONWILLOW,CA,93206,661-764-9460 (TRAVEL CENTER),661-764-9450,10.0,0.0,0.0,7.0,7.0,,0.0,,,,,,,,,,,,,
5,California,STARS AND STRIPES 76,location_details.php?id=289,https://www.truckstopsandservices.com/location_details.php?id=289,Trucker,76,32.877053,-117.185865,,32.877053,-117.185865,I-805,25-B,5706 MIRAMAR RD,SAN DIEGO,CA,92121,858-450-9776 (TRAVEL CENTER),,0.0,0.0,0.0,5.0,0.0,,0.0,,,,,,,,,,,,,
5,California,SUPER FINE TRUCK STOP,location_details.php?id=3148,https://www.truckstopsandservices.com/location_details.php?id=3148,Trucker,ind dealer,34.228275,-118.387317,,34.228275,-118.387317,I-5,152,8730 LANKERSHIM BLVD,SUN VALLEY,CA,91352,818-767-2570 (TRAVEL CENTER),818-767-5393,0.0,,,3.0,0.0,,0.0,,,,,,,,,,,,,
5,California,SUPER STOP TRAVEL CENTER,location_details.php?id=3161,https://www.truckstopsandservices.com/location_details.php?id=3161,Trucker,mobil oil type,32.771306,-115.555437,,32.771306,-115.555437,I-8,115,550 WAKE AVE,EL CENTRO,CA,92243,760-352-0044 (TRAVEL CENTER),760-352-9451,150.0,0.0,150.0,9.0,5.0,,0.0,760-352-0044 (TACO SHOP),,,,,,,,,,,,
5,California,SUPERFINE VALERO,location_details.php?id=3263,https://www.truckstopsandservices.com/location_details.php?id=3263,Trucker,valero,34.041393,-118.237774,,34.041393,-118.237774,I-10,15-B,500 S ALAMEDA ST,LOS ANGELES,CA,90013,213-626-1259 (TRAVEL CENTER),213-626-3048,0.0,0.0,0.0,2.0,0.0,,1.0,,,,,,,,,,,,,
5,California,TA Express - Olancha,location_details.php?id=64215,https://www.truckstopsandservices.com/location_details.php?id=64215,Trucker,,36.048131,-117.9448527,https://www.ta-petro.com,36.048131,-117.9448527,HWY 395,,,Olancha,CA,93549,760-961-4377,,,,,,,,,,,,,,,,,,,,,
5,California,THE GARLIC FARM,location_details.php?id=10321,https://www.truckstopsandservices.com/location_details.php?id=10321,Trucker,shell,36.986253,-121.555927,,36.986253,-121.555927,US 101,MONTEREY RD,5920 TRAVEL PARK CIRCLE,GILROY,CA,95020,408-847-9702 (TRAVEL CENTER),408-847-9904,85.0,0.0,0.0,10.0,4.0,,0.0,,,,,,,,,,,,,
5,California,THREE SISTERS TRUCK STOP,location_details.php?id=3294,https://www.truckstopsandservices.com/location_details.php?id=3294,Trucker,ind dealer,34.063015,-117.490877,,34.063015,-117.490877,I-10,61,14416 SLOVER AVE,FONTANA,CA,92337,909-822-4415 (TRAVEL CENTER),909-822-8378,150.0,0.0,0.0,5.0,6.0,,4.0,,,,,,,,,,,,,
5,California,TORRES MARTINEZ TRAVEL CENTER,location_details.php?id=10302,https://www.truckstopsandservices.com/location_details.php?id=10302,Trucker,ind dealer,33.353109,-116.020261,,33.353109,-116.020261,CA 86,,3095 CA 86,SALTON SEA BEACH,CA,92274,760-395-1404 (TRAVEL CENTER),,85.0,0.0,0.0,4.0,4.0,,0.0,,,,,,,,,,,,,
5,California,TRACY TRUCK & AUTO STOP,location_details.php?id=3389,https://www.truckstopsandservices.com/location_details.php?id=3389,Trucker,ind dealer,37.765834,-121.434893,,37.765834,-121.434893,I-205,8,3940 N TRACY BLVD,TRACY,CA,95304,209-832-5006 (TRAVEL CENTER),209-832-1212,50.0,0.0,50.0,8.0,3.0,,0.0,209-832-5006 (KRISPY KRUNCHY CHICKEN),,,,,,,,,,,,
5,California,TRAVEL CENTERS OF AMERICA #040,location_details.php?id=3183,https://www.truckstopsandservices.com/location_details.php?id=3183,Trucker,catscale3,39.903861,-122.197604,https://www.ta-petro.com/location/ca/ta-corning,39.903861,-122.197604,I-5,630,3524 S HWY 99 W,CORNING,CA,96021,530-824-4646 (TRAVEL CENTER),530-824-0547,254.0,4.0,4.0,14.0,10.0,,4.0,530-824-4646 (ARBY'S),,,,530-824-4646 (SUBWAY),,,,,,,,
5,California,TRAVEL CENTERS OF AMERICA #041,location_details.php?id=3187,https://www.truckstopsandservices.com/location_details.php?id=3187,Trucker,catscale3,33.713167,-116.175352,https://www.ta-petro.com/location/ca/ta-coachella,33.713167,-116.175352,I-10,146,46155 DILLION RD,COACHELLA,CA,92236,760-342-6200 (TRAVEL CENTER),760-342-6208,205.0,4.0,4.0,12.0,15.0,,4.0,760-342-6200 (POPEYE'S),,,,760-342-6200 (TACO BELL EXPRESS),,,,,,,,
5,California,TRAVEL CENTERS OF AMERICA #057,location_details.php?id=3184,https://www.truckstopsandservices.com/location_details.php?id=3184,Trucker,catscale3,40.505396,-122.335564,https://www.ta-petro.com/location/ca/ta-redding,40.505396,-122.335564,I-5,673,19483 KNIGHTON RD,REDDING,CA,96002,530-221-4760 (TRAVEL CENTER),530-221-8269,196.0,8.0,8.0,10.0,7.0,,2.0,530-221-4760 (PIZZA HUT),,,,530-221-4760 (POPEYE'S),,,,,,,,
5,California,TRAVEL CENTERS OF AMERICA #160,location_details.php?id=3181,https://www.truckstopsandservices.com/location_details.php?id=3181,Trucker,catscale3,35.400803,-119.397338,https://www.ta-petro.com/location/ca/ta-buttonwillow,35.400803,-119.397338,I-5,257 (CA 58),27769 LAGOON DR,BUTTONWILLOW,CA,93206,661-764-5266 (TRAVEL CENTER),661-764-5410,170.0,4.0,4.0,8.0,8.0,,2.0,661-764-5266 (POPEYE'S),,,,661-764-5266 (TACO BELL),,,,,,,,
5,California,TRAVEL CENTERS OF AMERICA #162,location_details.php?id=3185,https://www.truckstopsandservices.com/location_details.php?id=3185,Trucker,catscale3,34.064197,-117.559269,https://www.ta-petro.com/location/ca/ta-ontario,34.064197,-117.559269,I-10,57,4265 E GAUSTI RD,ONTARIO,CA,91761,909-390-2525 (TRAVEL CENTER),909-605-6765,549.0,35.0,35.0,8.0,17.0,,6.0,909-390-2525 (COUNTRY PRIDE RESTAURANT),,,,909-390-2525 (TACO BELL EXPRESS),,,,,,,,
5,California,TRAVEL CENTERS OF AMERICA #163,location_details.php?id=3182,https://www.truckstopsandservices.com/location_details.php?id=3182,Trucker,catscale3,37.110596,-121.015468,https://www.ta-petro.com/location/ca/ta-santa-nella,37.110596,-121.015468,I-5,407 (CA 33),12310 S HWY 33,SANTA NELLA,CA,95322,209-826-0741 (TRAVEL CENTER),209-826-6399,216.0,6.0,6.0,8.0,12.0,,4.0,209-826-0741 (COUNTRY PRIDE),,,,209-826-0741 (POPEYE'S),,,,,,,,
5,California,TRAVEL CENTERS OF AMERICA #170,location_details.php?id=3195,https://www.truckstopsandservices.com/location_details.php?id=3195,Trucker,catscale3,37.386639,-120.737423,https://www.ta-petro.com/location/ca/ta-livingston,37.386639,-120.737423,CA 99,203,435 WINTON PKWY,LIVINGSTON,CA,95334,209-394-4418 (TRAVEL CENTER),209-394-1419,102.0,20.0,20.0,6.0,7.0,,5.0,209-394-4418 (BURGER KING),,,,209-394-4418 (POPEYE'S),,,,,,,,
5,California,TRAVEL CENTERS OF AMERICA #227,location_details.php?id=3188,https://www.truckstopsandservices.com/location_details.php?id=3188,Trucker,catscale3,34.854792,-117.089182,https://www.ta-petro.com/location/ca/ta-barstow,34.854792,-117.089182,I-15,178,2930 LENWOOD RD,BARSTOW,CA,92311,760-253-2922 (TRAVEL CENTER),,303.0,10.0,10.0,16.0,17.0,,7.0,760-253-2922 (BLACK BEAR DINER),,,,760-253-2922 (SUBWAY),,,,,,,,
5,California,TRAVEL CENTERS OF AMERICA #239,location_details.php?id=3180,https://www.truckstopsandservices.com/location_details.php?id=3180,Trucker,catscale3,34.992,-118.941287,https://www.ta-petro.com/location/ca/ta-wheeler-ridge,34.992,-118.941287,I-5,219-A 219-B,5552 WHEELER RIDGE RD,WHEELER RIDGE,CA,93203,661-858-2804 (TRAVEL CENTER),661-858-2136,306.0,4.0,4.0,8.0,10.0,,4.0,661-858-2804 (PIZZA HUT),,,,661-858-2804 (POPEYE'S),661-858-2804 (BURGER KING),,661-858-2804 (SUBWAY),,,,,
5,California,TRAVEL ZONE CENTER,location_details.php?id=44704,https://www.truckstopsandservices.com/location_details.php?id=44704,Trucker,arco,33.840672,-117.254544,,33.840672,-117.254544,I-215,22,23261 CAJACO RD,PERRIS,CA,92570,951-940-9200 (TRAVEL CENTER),951-940-9221,40.0,0.0,40.0,9.0,0.0,,0.0,,,,,,,,,,,,,
5,California,TRUCK NET,location_details.php?id=16131,https://www.truckstopsandservices.com/location_details.php?id=16131,Trucker,ind dealer,32.557164,-116.961177,,32.557164,-116.961177,CA 905,7 S,8490 AVENIDA DE LA FUENTE,SAN DIEGO,CA,92154,619-661-1888 (TRAVEL CENTER),,250.0,0.0,250.0,8.0,7.0,,1.0,619-661-1888 (TRUCK NET TACO SHOP),,,,,,,,,,,,
5,California,ULTRA GAS & MART,location_details.php?id=303,https://www.truckstopsandservices.com/location_details.php?id=303,Trucker,shell,35.262089,-116.080577,,35.262089,-116.080577,I-15,246,71808 BAKER RD,BAKER,CA,92309,760-733-4542 (TRAVEL CENTER),760-733-4532,30.0,0.0,0.0,2.0,0.0,,0.0,760-733-4542 (JERSEY MIKES),,,,760-733-4542 (DAIRY QUEEN),,,,,BAKER RD,,,
5,California,UNITED OIL,location_details.php?id=16051,https://www.truckstopsandservices.com/location_details.php?id=16051,Trucker,76,33.741193,-117.19099,,33.741193,-117.19099,I-215,14,1500 PATRICIA RD,PERRIS,CA,92570,951-943-7220 (TRAVEL CENTER),,14.0,0.0,14.0,9.0,0.0,,0.0,,,,,,,,,,,,,
5,California,UNITED PARK TRUCK STOP,location_details.php?id=225,https://www.truckstopsandservices.com/location_details.php?id=225,Trucker,chevron,37.098133,-120.21819,,37.098133,-120.21819,CA 99,167,18208 AVENUE 24,CHOWCHILLA,CA,93610,559-665-4146 (TRAVEL CENTER),559-665-4518,15.0,0.0,0.0,4.0,0.0,,0.0,559-665-4146 (BURGER KING),,,,,,,,,,,,
5,California,US HENDY OIL,location_details.php?id=16045,https://www.truckstopsandservices.com/location_details.php?id=16045,Trucker,76,35.067084,-118.178263,,35.067084,-118.178263,CA 58,CA 14,16825 CA 14,MOJAVE,CA,93501,661-824-4675 (TRAVEL CENTER),,0.0,0.0,0.0,4.0,0.0,,0.0,,,,,,,,,,,,,
5,California,VACA VALLEY TRAVEL CENTER,location_details.php?id=44712,https://www.truckstopsandservices.com/location_details.php?id=44712,Trucker,chevron,38.394933,-121.952791,,38.394933,-121.952791,I-505/80,57,151 CROKER DR,VACAVILLE,CA,95688,707-451-7533 (TRAVEL CENTER),707-451-7532,5.0,0.0,0.0,5.0,0.0,,0.0,707-451-7533 (BLIMPIE'S),,,,707-451-7533 (BURGER KING),,,,,,,,
5,California,VALLEY COLTON TRUCK STOP,location_details.php?id=3604,https://www.truckstopsandservices.com/location_details.php?id=3604,Trucker,ind dealer,34.065595,-117.314212,,34.065595,-117.314212,I-10,71,791 E VALLEY BLVD,COLTON,CA,92324,909-824-1296 (TRAVEL CENTER),909-824-8790,20.0,0.0,20.0,9.0,0.0,,0.0,909-824-1296 (ALBERTO'S),,,,,,,,,,,,
5,California,VALLEY FUEL TOWN & COUNTRY,location_details.php?id=10312,https://www.truckstopsandservices.com/location_details.php?id=10312,Trucker,ind dealer,36.055229,-119.31284,,36.055229,-119.31284,CA 99,76 (CA 190),412 S BURNETT RD,TIPTON,CA,93272,559-752-4905 (TRAVEL CENTER),,8.0,0.0,0.0,4.0,0.0,,0.0,,,,,,,,,,,,,
5,California,VALLEY FUEL TRAVEL PLAZA,location_details.php?id=55851,https://www.truckstopsandservices.com/location_details.php?id=55851,Trucker,chevron,36.350639,-119.43109,,36.350639,-119.43109,CA 99,98-B,6603 BETTY DR,VISALIA,CA,93291,559-651-0009 (TRAVEL CENTER),,22.0,0.0,0.0,7.0,6.0,,0.0,559-651-0009 (SUBWAY),,,,559-651-0009 (STARBUCKS),559-651-0009 (CHESTER'S FRIED CHICKEN),,,,,,,
5,California,VALLEY PACIFIC PETROLEUM SERVICE (CHEVRON),location_details.php?id=10326,https://www.truckstopsandservices.com/location_details.php?id=10326,Trucker,chevron,34.923741,-120.416938,,34.923741,-120.416938,US 101,BETTERAVIA RD,1155 E BETTERAVIA RD,SANTA MARIA,CA,93454,805-925-3664 (TRAVEL CENTER),805-928-1561,100.0,0.0,0.0,6.0,1.0,,0.0,805-925-3664 (HAPPY'S 101),,,,,,,,,,,,
5,California,VALLEY TRUCK STOP,location_details.php?id=10325,https://www.truckstopsandservices.com/location_details.php?id=10325,Trucker,ind dealer,36.661621,-121.627572,,36.661621,-121.627572,US 101,326-A,721 VERTIN AVE,SALINAS,CA,93901,831-754-1303 (TRAVEL CENTER),831-754-1160,43.0,0.0,43.0,6.0,2.0,,0.0,831-754-1303 (BBQ ROADHOUSE),,,,,,,,,,,,
5,California,VANCO TRUCK PLAZA,location_details.php?id=3611,https://www.truckstopsandservices.com/location_details.php?id=3611,Trucker,76,37.935774,-121.301873,,37.935774,-121.301873,I-5,471 (CA 4),1033 W CHARTER WAY,STOCKTON,CA,95206,209-466-0833 (TRAVEL CENTER),209-466-2740,45.0,0.0,0.0,8.0,5.0,,2.0,209-466-0833 (CARL'S JR),,,,209-466-0833 (JACK IN THE BOX),209-466-0833 (TACO BELL),,,,,,,
5,California,VERNON TRUCK WASH,location_details.php?id=10346,https://www.truckstopsandservices.com/location_details.php?id=10346,Trucker,ind dealer,34.008679,-118.208558,,34.008679,-118.208558,BANDINI HIGHWAY,,3308 BANDINI BLVD,VERNON,CA,90058,323-267-0706 (TRAVEL CENTER),,28.0,,,3.0,4.0,,2.0,,,,,,,,,,,,,
5,California,Visalia Travel Center,location_details.php?id=64217,https://www.truckstopsandservices.com/location_details.php?id=64217,Trucker,,36.3524277,-119.4250478,,36.3524277,-119.4250478,Hwy 99,,,Visalia,CA,93291,559-553-9140,,,,,,,,,,,,,,,,,,,,,
5,California,WEBB AUTO/TRUCK SERVICE,location_details.php?id=3629,https://www.truckstopsandservices.com/location_details.php?id=3629,Trucker,chevron,33.975593,-118.163349,,33.975593,-118.163349,I-710,15,5703 GAGE AVE,BELL GARDENS,CA,90201,323-773-2673 (TRAVEL CENTER),323-773-0406,0.0,0.0,0.0,4.0,0.0,,2.0,,,,,,,,,,,,,
5,California,WESTERN STATES OIL,location_details.php?id=3645,https://www.truckstopsandservices.com/location_details.php?id=3645,Trucker,ind dealer,37.314158,-121.859679,,37.314158,-121.859679,I-280,1,1790 S 10TH ST,SAN JOSE,CA,95112,408-292-1041 (TRAVEL CENTER),,0.0,0.0,0.0,2.0,0.0,,0.0,,,,,,,,,,,,,
5,California,WESTGATE PETROLEUM,location_details.php?id=10342,https://www.truckstopsandservices.com/location_details.php?id=10342,Trucker,ind dealer,39.00122,-122.893987,,39.00122,-122.893987,CA 29,CA 412,3740 HIGHLAND SPRINGS RD,LAKEPORT,CA,95453,707-263-6512 (TRAVEL CENTER),707-263-0025,2.0,0.0,0.0,2.0,0.0,,0.0,,,,,,,,,,,,,
5,California,WESTLEY TRIANGLE TRUCK STOP,location_details.php?id=56982,https://www.truckstopsandservices.com/location_details.php?id=56982,Trucker,ind dealer,37.544285,-121.270471,,37.544285,-121.270471,I-5,441,7051 S MCCRACKEN RD,WESTLEY,CA,95387,209-343-5010 (TRAVEL CENTER),,,,,6.0,,,,,,,,,,,,,,,,
5,California,WESTSIDE CHEVRON,location_details.php?id=3652,https://www.truckstopsandservices.com/location_details.php?id=3652,Trucker,chevron,34.848846,-114.622152,,34.848846,-114.622152,I-40,141,2321 NEEDLES HWY,NEEDLES,CA,92363,760-326-3048 (TRAVEL CENTER),,0.0,0.0,0.0,6.0,0.0,,0.0,,,,,,,,,,,,,
5,California,WILLOWS TRAVEL PLAZA,location_details.php?id=3709,https://www.truckstopsandservices.com/location_details.php?id=3709,Trucker,chevron,39.494125,-122.193712,,39.494125,-122.193712,I-5,601 (HWY 99W),1481 CO RD 99W,WILLOWS,CA,95988,530-934-9862 (TRAVEL CENTER),530-934-9862,100.0,0.0,0.0,6.0,0.0,,0.0,,,,,,,,,,,,,
5,California,YERMO SHELL AND TRUCK STOP,location_details.php?id=3737,https://www.truckstopsandservices.com/location_details.php?id=3737,Trucker,shell,34.90395,-116.886924,,34.90395,-116.886924,I-15,191,35858 GHOST TOWN RD,YERMO,CA,92398,760-254-3348 (TRAVEL CENTER),,50.0,0.0,0.0,3.0,0.0,,0.0,,,,,,,,,,,,,
5,California,YREKA TRUCK STOP,location_details.php?id=58008,https://www.truckstopsandservices.com/location_details.php?id=58008,Trucker,ind dealer,41.7376105,-122.6237428,,41.7376105,-122.6237428,I-5,776,787 MONTAGUE RD,YREKA,CA,96097,530-200-8954 (TRAVEL CENTER),530-200-8929,84.0,,,6.0,5.0,,,,,,,,,,,,,,,
33,Nevada,ALAMO SINCLAIR,location_details.php?id=11836,https://www.truckstopsandservices.com/location_details.php?id=11836,Trucker,sinclair oil .svg,37.365133,-115.159914,,37.365133,-115.159914,US 93,,51 BROADWAY ST,ALAMO,NV,89001,775-725-3341 (TRAVEL CENTER),775-725-3386,10.0,0.0,0.0,6.0,0.0,,0.0,775-725-3341 (CHESTER'S FRIED CHICKEN),,,,,,,,,,"5AM TO 9PM SUN THRU THUR, 5AM TO 10PM FRI-SAT",,
33,Nevada,AREA 51 TRAVEL CENTER,location_details.php?id=11843,https://www.truckstopsandservices.com/location_details.php?id=11843,Trucker,ind dealer,36.642991,-116.396374,,36.642991,-116.396374,NE 95,,5388 E HWY 95,AMARGOSA VALLEY,NV,89020,775-372-1500 (TRAVEL CENTER),775-372-1501,20.0,0.0,0.0,4.0,0.0,,0.0,775-372-1500 (AREA 51 DINER),,,,,,,,,,24 HOURS,,
33,Nevada,FLYING J DEALER #1171,location_details.php?id=48342,https://www.truckstopsandservices.com/location_details.php?id=48342,Trucker,pilot,36.7841675,-114.1400244,https://www.pilotflyingj.com/stores/1171/,36.7841675,-114.1400244,I-15,118,1057 S LOWER FLAT TOP DR UNIT A,MESQUITE,NV,89027,702-849-0400 (TRAVEL CENTER),702-613-5752,69.0,15.0,15.0,8.0,6.0,,1.0,702-849-0400 (WENDY'S),3.599,4.249,4.599,702-849-0400 (CHESTER'S FRIED CHICKEN),702-849-0400 (MR. TACO),,,,,24 HOURS,,
33,Nevada,FLYING J DEALER #513 - WHISKEY PETE'S CASINO TRUCK STOP,location_details.php?id=3657,https://www.truckstopsandservices.com/location_details.php?id=3657,Trucker,flying j,35.609536,-115.391048,,35.609536,-115.391048,I-15,1,115 W PRIMM BLVD,PRIMM,NV,89019,702-679-6666 (TRAVEL CENTER),702-679-6543,125.0,0.0,0.0,10.0,6.0,,0.0,702-679-6666 (SUBWAY),,4.299,4.599,702-679-6666 (QDOBA),702-679-6666 (STARBUCKS),,702-679-6666 (MCDONALD'S),,,24 HOURS,,
33,Nevada,FLYING J DEALER #966,location_details.php?id=440,https://www.truckstopsandservices.com/location_details.php?id=440,Trucker,flying j,40.650165,-116.945124,https://pilotflyingj.com/stores/966,40.650165,-116.945124,I-80,229/231,650 W FRONT ST,BATTLE MOUNTAIN,NV,89820,775-635-5424 (TRAVEL CENTER),775-635-0371,80.0,0.0,0.0,8.0,5.0,,0.0,,3.199,4.099,,,,,,,,24 HOURS,,
33,Nevada,FLYING J TRAVEL CENTER #1005,location_details.php?id=44920,https://www.truckstopsandservices.com/location_details.php?id=44920,Trucker,flying j,39.615334,-119.217752,https://pilotflyingj.com/stores/1005,39.615334,-119.217752,I-80,48,480 TRUCK INN WAY,FERNLEY,NV,89408,775-575-5919 (TRAVEL CENTER),775-835-6281,160.0,0.0,0.0,8.0,7.0,,0.0,775-575-5919 (DENNY'S),3.279,4.299,4.599,775-575-5919 (CINNABON),,,,,,24 HOURS,,
33,Nevada,FLYING J TRAVEL CENTER #692,location_details.php?id=17723,https://www.truckstopsandservices.com/location_details.php?id=17723,Trucker,flying j,41.098526,-114.958372,http://www.pilotflyingj.com/view-location?id=692,41.098526,-114.958372,I-80,352,156 HWY 93 S,WELLS,NV,89835,775-752-2400 (TRAVEL CENTER),775-752-2406,200.0,5.0,5.0,10.0,9.0,,0.0,,3.159,4.159,4.599,,,,,,,24 HOURS,,
33,Nevada,FLYING J TRAVEL CENTER #770,location_details.php?id=950,https://www.truckstopsandservices.com/location_details.php?id=950,Trucker,flying j,40.960769,-117.746857,http://www.pilotflyingj.com/view-location?id=770,40.960769,-117.746857,I-80,176,1880 W WINNEMUCCA BLVD,WINNEMUCCA,NV,89445,775-623-0111 (TRAVEL CENTER),775-623-0120,105.0,5.0,5.0,10.0,9.0,,0.0,,3.259,4.079,4.599,,,,,,,24 HOURS,,
33,Nevada,Flying J Travel Plaza,location_details.php?id=64583,https://www.truckstopsandservices.com/location_details.php?id=64583,Trucker,,41.09846,-114.95647,http://www.pilotflyingj.com/,41.09846,-114.95647,I-80,,,Wells,NV,89835,775-241-3962,,,,,,,,,,,,,,,,,,,,,
33,Nevada,GOLDEN GATE,location_details.php?id=11835,https://www.truckstopsandservices.com/location_details.php?id=11835,Trucker,ind dealer,39.475093,-118.796068,,39.475093,-118.796068,US 50,,1625 W WILLIAMS AVE,FALLON,NV,89406,775-423-5500 (TRAVEL CENTER),,20.0,0.0,0.0,4.0,0.0,,0.0,775-423-5500 (KRISPY KRUNCHY CHICKEN),,,,,,,,,,24 HOURS,,
33,Nevada,GOLDEN GATE,location_details.php?id=44921,https://www.truckstopsandservices.com/location_details.php?id=44921,Trucker,76,38.533736,-118.622562,,38.533736,-118.622562,US 95,,705 NV-362,HAWTHORNE,NV,89415,775-316-8737 (TRAVEL CENTER),775-316-8745,100.0,0.0,0.0,3.0,0.0,,0.0,775-316-8737 (PORT OF SUBS),,,,,,,,,,24 HOURS,,
33,Nevada,GOLDEN GATE,location_details.php?id=44922,https://www.truckstopsandservices.com/location_details.php?id=44922,Trucker,conoco,40.177326,-118.468584,,40.177326,-118.468584,I-80,106,163 MAIN ST,LOVELOCK,NV,89419,775-273-7700 (TRAVEL CENTER),775-273-7900,40.0,0.0,0.0,5.0,2.0,,0.0,775-273-7700 (PORT OF SUBS),,,,,,,,,,24 HOURS,,
33,Nevada,GOLDEN GATE,location_details.php?id=44925,https://www.truckstopsandservices.com/location_details.php?id=44925,Trucker,ind dealer,39.597847,-119.838663,,39.597847,-119.838663,US 395,73,7770 N VIRGINIA ST,RENO,NV,89506,775-971-3801 (TRAVEL CENTER),775-971-3803,0.0,0.0,0.0,3.0,0.0,,0.0,,,,,,,,,,,24 HOURS,,
33,Nevada,GOLDEN GATE TRAVEL PLAZA,location_details.php?id=1246,https://www.truckstopsandservices.com/location_details.php?id=1246,Trucker,ind dealer,39.556402,-119.491774,,39.556402,-119.491774,I-80,32 (1.5 MILES S),500 USA PKWY,CLARK,NV,89434,775-473-6800 (TRAVEL CENTER),775-473-6801,50.0,0.0,0.0,5.0,0.0,,0.0,775-473-6800 (PORT OF SUBS),,,,,,,,,,24 HOURS,,
33,Nevada,GOLDEN GATE TRUCK STOP,location_details.php?id=54364,https://www.truckstopsandservices.com/location_details.php?id=54364,Trucker,sinclair oil .svg,40.828258,-115.771345,,40.828258,-115.771345,I-80,298,3600 W IDAHO ST,ELKO,NV,89801,775-777-0823 (TRAVEL CENTER),775-777-0824,18.0,0.0,0.0,6.0,0.0,,0.0,775-777-0823 (PORT OF SUBS),,,,,,,,,,24 HOURS,,
33,Nevada,HARMON JUNCTION,location_details.php?id=11834,https://www.truckstopsandservices.com/location_details.php?id=11834,Trucker,ind dealer,39.472964,-118.686275,,39.472964,-118.686275,US 50,HARMON RD,25 S HARMON RD,FALLON,NV,89406,775-423-3888 (TRAVEL CENTER),,40.0,0.0,0.0,2.0,0.0,,0.0,,,,,,,,,,,"4AM TO 8PM MON THRU SAT, 6AM TO 8PM SUN",,
33,Nevada,HAWTHORNE SHELL,location_details.php?id=11838,https://www.truckstopsandservices.com/location_details.php?id=11838,Trucker,chevron,38.535353,-118.629207,,38.535353,-118.629207,US 95,,1075 US 95,HAWTHORNE,NV,89415,775-945-4664,775-945-4661,20.0,0.0,0.0,2.0,4.0,,0.0,,,,,,,,,,,4:30AM TO 9PM DAILY,,
33,Nevada,LOVE'S TRAVEL STOP #246,location_details.php?id=15012,https://www.truckstopsandservices.com/location_details.php?id=15012,Trucker,loves travel stops country stores 416x416,39.618448,-119.267193,https://www.loves.com/locations/246,39.618448,-119.267193,I-80,46,825 COMMERCE DR,FERNLEY,NV,89408,775-575-2200 (TRAVEL CENTER),775-575-2215,75.0,0.0,0.0,9.0,7.0,,3.0,775-575-2200 (ARBY'S),,,,775-575-2200 (GODFATHER'S PIZZA),,,,,,24 HOURS,,
33,Nevada,LOVE'S TRAVEL STOP #340,location_details.php?id=15015,https://www.truckstopsandservices.com/location_details.php?id=15015,Trucker,loves travel stops country stores 416x416,36.380793,-114.897458,https://www.loves.com/locations/340,36.380793,-114.897458,I-15,64,12501  APEX GREAT BASIN PKWY,LAS VEGAS,NV,89165,702-643-7398 (TRAVEL CENTER),702-643-8567,80.0,0.0,0.0,8.0,5.0,,1.0,702-643-7398 (SUBWAY),,,,702-643-7398 (GODFATHER'S PIZZA),,,,,,24 HOURS,,
33,Nevada,LOVE'S TRAVEL STOP #365,location_details.php?id=15020,https://www.truckstopsandservices.com/location_details.php?id=15020,Trucker,loves travel stops country stores 416x416,41.098134,-114.959019,https://www.loves.com/locations/365,41.098134,-114.959019,I-80,352,157 HWY 93 S,WELLS,NV,89835,775-752-9915 (TRAVEL CENTER),775-752-9917,70.0,0.0,0.0,7.0,5.0,,2.0,775-752-9915 (MCDONALD'S),,,,,,,,,,24 HOURS,,
33,Nevada,LOVE'S TRAVEL STOP #691,location_details.php?id=48322,https://www.truckstopsandservices.com/location_details.php?id=48322,Trucker,loves travel stops country stores 416x416,39.242153,-114.869233,https://www.loves.com/locations/691,39.242153,-114.869233,US 93,US 6,1701 GREAT BASIN BLVD,ELY,NV,89301,775-289-3520 (TRAVEL CENTER),775-289-3203,48.0,0.0,0.0,5.0,5.0,,0.0,775-289-3520 (CARL'S JR.),,,,,,,,,,24 HOURS,,
33,Nevada,LOVE'S TRAVEL STOP #797,location_details.php?id=53839,https://www.truckstopsandservices.com/location_details.php?id=53839,Trucker,loves travel stops country stores 416x416,40.951166,-117.757291,https://www.loves.com/locations/797,40.951166,-117.757291,I-80,176,3550 W WINNEMUCCA BLVD,WINNEMUCCA,NV,89445,775-375-3070 (TRAVEL CENTER),775-375-3072,67.0,0.0,0.0,8.0,8.0,,,775-375-3070 (CARL'S JR),,,,,,,,,,24 HOURS,,
33,Nevada,LOVE'S TRAVEL STOP #857,location_details.php?id=59421,https://www.truckstopsandservices.com/location_details.php?id=59421,Trucker,loves travel stops country stores 416x416,38.0791,-117.25313,https://www.loves.com/locations/857,38.0791,-117.25313,US 95/6,RADAR RD,1170 US 95,TONOPAH,NV,89049,775-477-6002 (TRAVEL CENTER),775-477-6003,44.0,,,5.0,4.0,,,775-477-6002 (GODFATHER'S PIZZA),,,,775-477-6002 (CHESTER'S CHICKEN),,,,,,24 HOURS,,
33,Nevada,LOVE'S TRAVEL STOP #891,location_details.php?id=59424,https://www.truckstopsandservices.com/location_details.php?id=59424,Trucker,loves travel stops country stores 416x416,41.98226,-114.67189,https://www.loves.com/locations/891,41.98226,-114.67189,US 93,PROGRESSIVE DR,1563 US 93,JACKPOT,NV,89825,775-755-2819 (TRAVEL CENTER),775-755-2886,44.0,,,5.0,4.0,,,775-755-2819 (SUBWAY),,,,,,,,,,24 HOURS,,
33,Nevada,MAVERIK,location_details.php?id=48384,https://www.truckstopsandservices.com/location_details.php?id=48384,Trucker,ind dealer,39.189458,-119.751224,,39.189458,-119.751224,US 395,,1451 E COLLEGE PKWY,CARSON CITY,NV,89706,775-883-4718,,4.0,0.0,0.0,8.0,0.0,,0.0,,,,,,,,,,,24 HOURS,,
33,Nevada,Maverik,location_details.php?id=64591,https://www.truckstopsandservices.com/location_details.php?id=64591,Trucker,,36.19397815,-115.1426972,https://www.maverik.com/,36.19397815,-115.1426972,I-15,,,N. Las Vegas,NV,89030,702-508-6690,,,,,,,,,,,,,,,,,,,,,
33,Nevada,MAVERIK # 453,location_details.php?id=44919,https://www.truckstopsandservices.com/location_details.php?id=44919,Trucker,ind dealer,40.638078,-116.941543,,40.638078,-116.941543,I-80,231,775 S BROAD ST,BATTLE MOUNTAIN,NV,89820,775-635-8313 (TRAVEL CENTER),,0.0,0.0,0.0,2.0,0.0,,0.0,,,,,,,,,,,24 HOURS,,
33,Nevada,Maverik #628,location_details.php?id=64590,https://www.truckstopsandservices.com/location_details.php?id=64590,Trucker,,36.2703,-115.05461,,36.2703,-115.05461,I-15,,,North Las Vegas,NV,89115,725-465-2245,,,,,,,,,,,,,,,,,,,,,
33,Nevada,MOAPA PAIUTE TRAVEL PLAZA,location_details.php?id=2031,https://www.truckstopsandservices.com/location_details.php?id=2031,Trucker,chevron,36.49908,-114.759968,,36.49908,-114.759968,I-15,75,9010 VALLEY OF FIRE,MOAPA,NV,89025,702-864-2602 (TRAVEL CENTER),702-864-2611,100.0,0.0,0.0,12.0,3.0,,0.0,702-864-2602 (TU KA KHAN),,,,,,,,,,24 HOURS,,
33,Nevada,MORTON'S SINCLAIR TRAVEL PLAZA,location_details.php?id=17724,https://www.truckstopsandservices.com/location_details.php?id=17724,Trucker,sinclair oil .svg,36.21785,-115.127536,,36.21785,-115.127536,I-15,46,1000 E CHEYENNE AVE,LAS VEGAS,NV,89030,702-649-2001 (TRAVEL CENTER),702-649-7964,200.0,0.0,0.0,9.0,10.0,,1.0,702-649-2001 (SUBWAY),,,,702-649-2001 (DON TOR TACO),,,,,,24 HOURS,,
33,Nevada,ONE9 TRAVEL CENTER,location_details.php?id=59042,https://www.truckstopsandservices.com/location_details.php?id=59042,Trucker,one9fuelcenter,39.559036,-119.489643,HTTP://WWW.ONE9FUELNETWORK.COM,39.559036,-119.489643,I-80,32,400 USA PKWY,MCCARRAN,NV,89437,775-316-7002,775-316-7005,40.0,,,6.0,0.0,,,,,,,,,,,,,24 HOURS,,
33,Nevada,PALM GARDENS CHEVRON,location_details.php?id=44923,https://www.truckstopsandservices.com/location_details.php?id=44923,Trucker,chevron,35.197684,-114.855435,,35.197684,-114.855435,US 95,NEVADA 193,105 PALM GARDENS DR,PALM GARDENS,NV,89039,702-298-1001 (TRAVEL CENTER),,5.0,0.0,0.0,2.0,0.0,,0.0,,,,,,,,,,,6AM TO 7PM DAILY,,
33,Nevada,PETRO STOPPING CENTER #331 - BOB & LINDA CAFFEE,location_details.php?id=2238,https://www.truckstopsandservices.com/location_details.php?id=2238,Trucker,petro,36.277673,-115.025329,http://www.petrotruckstops.com/location_detail.sstg?id=45,36.277673,-115.025329,I-15,54,6595 N HOLLYWOOD BLVD,LAS VEGAS,NV,89115,702-632-2640 (TRAVEL CENTER),702-632-2645,207.0,15.0,15.0,12.0,16.0,,5.0,702-632-2640 (IRON SKILLET),,,,,,,,,,24 HOURS,,
33,Nevada,PETRO STOPPING CENTER #338,location_details.php?id=2239,https://www.truckstopsandservices.com/location_details.php?id=2239,Trucker,petro,39.52277,-119.707936,http://www.petrotruckstops.com/location_detail.sstg?id=46,39.52277,-119.707936,I-80,20,1950 E GREG ST,SPARKS,NV,89431,775-355-8888 (TRAVEL CENTER),775-353-8605,400.0,10.0,10.0,10.0,14.0,,5.0,775-355-8888 (IRON SKILLET),,,,,,,,,,24 HOURS,,
33,Nevada,PETRO STOPPING CENTER #392,location_details.php?id=18691,https://www.truckstopsandservices.com/location_details.php?id=18691,Trucker,petro,41.101055,-114.957035,http://www.petrotruckstops.com/location_detail.sstg?id=105,41.101055,-114.957035,I-80,352,1440 NE 6TH ST,WELLS,NV,89835,775-752-2000 (TRAVEL CENTER),775-752-2022,250.0,4.0,4.0,6.0,5.0,,3.0,775-752-2000 (IRON SKILLET),,,,775-752-2000 (DUNKIN' DONUTS),,,,,,24 HOURS,,
33,Nevada,PILOT TRAVEL CENTER #147,location_details.php?id=17704,https://www.truckstopsandservices.com/location_details.php?id=17704,Trucker,pilot,40.739353,-114.067174,http://www.pilotflyingj.com/view-location?id=147,40.739353,-114.067174,I-80,410,1200 W WENDOVER BLVD,WEST WENDOVER,NV,89883,775-664-3400 (TRAVEL CENTER),775-664-3347,125.0,0.0,0.0,9.0,11.0,,0.0,775-664-3430 (ARBY'S),3.359,4.159,4.599,,,3.499,,,,24 HOURS,,
33,Nevada,PILOT TRAVEL CENTER #340,location_details.php?id=17707,https://www.truckstopsandservices.com/location_details.php?id=17707,Trucker,pilot,39.613387,-119.266784,http://www.pilotflyingj.com/view-location?id=340,39.613387,-119.266784,I-80,46,465 PILOT RD,FERNLEY,NV,89408,775-575-5115 (TRAVEL CENTER),775-575-4619,100.0,5.0,5.0,8.0,7.0,,0.0,775-575-6298 (WENDY'S),3.279,4.299,4.599,775-575-6298 (DAIRY QUEEN),,,,,,24 HOURS,,
33,Nevada,PILOT TRAVEL CENTER #341,location_details.php?id=17712,https://www.truckstopsandservices.com/location_details.php?id=17712,Trucker,pilot,36.241322,-115.097257,https://pilotflyingj.com/stores/341,36.241322,-115.097257,I-15,48,3812 E CRAIG RD,NORTH LAS VEGAS,NV,89031,702-644-1600 (TRAVEL CENTER),702-644-8432,80.0,20.0,20.0,7.0,7.0,,0.0,702-644-8495 (TRAVEL CENTER),3.199,4.199,4.599,702-644-8495 (DUNKIN' DONUTS),,,,,,24 HOURS,,
33,Nevada,PILOT TRAVEL CENTER #387,location_details.php?id=17717,https://www.truckstopsandservices.com/location_details.php?id=17717,Trucker,pilot,40.720002,-116.105782,https://pilotflyingj.com/stores/387,40.720002,-116.105782,I-80,280,791 10TH ST,CARLIN,NV,89822,775-754-6384 (TRAVEL CENTER),775-754-6025,60.0,0.0,0.0,5.0,3.0,,0.0,775-754-6384 (SUBWAY),3.199,3.799,4.299,,,,,,,24 HOURS,,
33,Nevada,PILOT TRAVEL CENTER #485,location_details.php?id=17720,https://www.truckstopsandservices.com/location_details.php?id=17720,Trucker,pilot,40.931263,-117.803568,http://www.pilotflyingj.com/view-location?id=485,40.931263,-117.803568,I-80,173,5625 W WINNEMUCCA BLVD,WINNEMUCCA,NV,89445,775-625-2800 (TRAVEL CENTER),775-625-2814,85.0,0.0,0.0,7.0,5.0,,0.0,775-625-2811 (SUBWAY),3.259,4.079,4.599,,,,,,,24 HOURS,,
33,Nevada,PRESTON TRUCK CENTER,location_details.php?id=44924,https://www.truckstopsandservices.com/location_details.php?id=44924,Trucker,ind dealer,38.912002,-115.04295,,38.912002,-115.04295,NV 318,7 MILES S OF US 6,1755 NV 318 N,PRESTON,NV,89317,775-238-5230 (TRAVEL CENTER),775-238-0555,50.0,0.0,0.0,2.0,1.0,,0.0,,,,,,,,,,,24 HOURS,,
33,Nevada,R PLACE,location_details.php?id=11833,https://www.truckstopsandservices.com/location_details.php?id=11833,Trucker,shell,39.255014,-114.869434,,39.255014,-114.869434,US 93,,909 E AULTMAN ST,ELY,NV,89301,775-289-2601 (TRAVEL CENTER),,0.0,0.0,0.0,3.0,0.0,,0.0,,,,,,,,,,,24 HOURS,,
33,Nevada,RAILROAD PASS TRAVEL CENTER,location_details.php?id=48385,https://www.truckstopsandservices.com/location_details.php?id=48385,Trucker,chevron,35.970213,-114.910103,,35.970213,-114.910103,US 93,,1500 RAILROAD PASS CASINO RD,HENDERSON,NV,89002,702-294-5000 (TRAVEL CENTER),,200.0,0.0,0.0,7.0,5.0,,0.0,,,,,,,,,,,24 HOURS,,
33,Nevada,REBEL #8,location_details.php?id=54854,https://www.truckstopsandservices.com/location_details.php?id=54854,Trucker,ind dealer,36.2168,-115.0952,,36.2168,-115.0952,NV 604/574,,3235 LAS VEGAS BLVD N,LAS VEGAS,NV,89115,702-644-1001 (TRAVEL CENTER),,30.0,0.0,30.0,4.0,0.0,,0.0,,,,,,,,,,,6AM TO 10PM DAILY,,
33,Nevada,REBEL OIL TRUCK STOP,location_details.php?id=11844,https://www.truckstopsandservices.com/location_details.php?id=11844,Trucker,arco,36.909257,-116.75794,,36.909257,-116.75794,US 95,,102 E HWY 95,BEATTY,NV,89003,775-553-2378 (TRAVEL CENTER),,5.0,0.0,0.0,3.0,0.0,,0.0,775-553-2378 (HOT STUFF PIZZA),,,,,,,,,,24 HOURS,,
33,Nevada,SANTA ROSA STATION,location_details.php?id=11842,https://www.truckstopsandservices.com/location_details.php?id=11842,Trucker,chevron,41.285469,-117.690736,,41.285469,-117.690736,US 95,,3335 N NV-290,PARADISE HILL,NV,89445,775-623-5547 (TRAVEL CENTER),,30.0,0.0,0.0,2.0,2.0,,0.0,,,,,,,,,,,6AM TO 10PM DAILY,,
33,Nevada,SEARCHLIGHT TRUCK STOP,location_details.php?id=11839,https://www.truckstopsandservices.com/location_details.php?id=11839,Trucker,chevron,35.460009,-114.918498,,35.460009,-114.918498,US 95,,670 US 95,SEARCHLIGHT,NV,89046,702-297-1080 (TRAVEL CENTER),702-297-1081,50.0,0.0,0.0,3.0,5.0,,0.0,702-297-1080 (MCDONALD'S),,,,,,,,,,24 HOURS,,
33,Nevada,SHOSHONE MARKET,location_details.php?id=44926,https://www.truckstopsandservices.com/location_details.php?id=44926,Trucker,ind dealer,38.775724,-117.165379,,38.775724,-117.165379,NV 376,6 MILES N OF TOWN,1 WILLOW ST,ROUND MOUNTAIN,NV,89045,775-377-2632 (TRAVEL CENTER),775-377-2846,5.0,0.0,0.0,1.0,0.0,,0.0,,,,,,,,,,,"5AM TO 10PM MON THRU SAT, 7AM TO 10PM SUN",,
33,Nevada,SILVER SAGE TRAVEL CENTER,location_details.php?id=18690,https://www.truckstopsandservices.com/location_details.php?id=18690,Trucker,chevron,39.234489,-114.864159,,39.234489,-114.864159,US 6,,193 S PIOCHE HWY,ELY,NV,89301,775-289-6550 (TRAVEL CENTER),775-289-3156,50.0,0.0,0.0,4.0,2.0,,0.0,775-289-6550 (TLS JACKSON'S),,,,,,,,,,4AM TO 11PM DAILY,,
33,Nevada,SINCLAIR TRUCK STOP,location_details.php?id=395,https://www.truckstopsandservices.com/location_details.php?id=395,Trucker,sinclair oil .svg,40.842114,-115.752014,,40.842114,-115.752014,I-80,303,1790 IDAHO ST,ELKO,NV,89801,775-738-7732 (TRAVEL CENTER),775-738-7867,10.0,0.0,0.0,6.0,0.0,,0.0,,,,,,,,,,,24 HOURS,,
33,Nevada,TERRIBLE HERBST TRUCK PLAZA,location_details.php?id=1239,https://www.truckstopsandservices.com/location_details.php?id=1239,Trucker,shell,35.776727,-115.326129,,35.776727,-115.326129,I-15,12,1 MAIN ST,JEAN,NV,89019,702-874-1515 (TRAVEL CENTER),,100.0,0.0,0.0,6.0,4.0,,0.0,,,,,,,,,,,24 HOURS,,
33,Nevada,TONOPAH SHELL,location_details.php?id=11840,https://www.truckstopsandservices.com/location_details.php?id=11840,Trucker,shell,38.065039,-117.227065,,38.065039,-117.227065,US 95,,459 ERIE ST,TONOPAH,NV,89049,775-482-3414 (TRAVEL CENTER),,0.0,0.0,0.0,2.0,0.0,,0.0,,,,,,,,,,,24 HOURS,,
33,Nevada,TONOPAH TRUCK/AUTO PLAZA,location_details.php?id=11832,https://www.truckstopsandservices.com/location_details.php?id=11832,Trucker,texaco,38.053674,-117.215817,,38.053674,-117.215817,US 95,,1500 ERIE ST,TONOPAH,NV,89049,775-482-5780 (TRAVEL CENTER),,30.0,0.0,0.0,2.0,2.0,,0.0,,,,,,,,,,,24 HOURS,,
33,Nevada,TRAVEL CENTERS OF AMERICA #108,location_details.php?id=16317,https://www.truckstopsandservices.com/location_details.php?id=16317,Trucker,catscale3,36.042052,-115.187409,https://www.ta-petro.com/location/nv/ta-las-vegas,36.042052,-115.187409,I-15,33,8050 DEAN MARTIN DR,LAS VEGAS,NV,89139,702-361-1176 (TRAVEL CENTER),702-407-0102,144.0,87.0,87.0,10.0,13.0,,3.0,702-361-1176 (BURGER KING),,,,702-361-1176 (TACO TIME),,,,,,24 HOURS,,
33,Nevada,TRAVEL CENTERS OF AMERICA #172,location_details.php?id=3200,https://www.truckstopsandservices.com/location_details.php?id=3200,Trucker,catscale3,39.535099029541,-119.736099243164,http://www.tatravelcenters.com/location-details/ta-sparks,39.535099029541,-119.736099243164,I-80,19,200 N MCCARREN,SPARKS,NV,89431-5419,775-359-0550 (TRAVEL CENTER),775-332-1960,200.0,20.0,20.0,8.0,10.0,,3.0,775-359-0550 (FUDDRUCKERS),,,,,,,,,,24 HOURS,,
33,Nevada,TRAVEL CENTERS OF AMERICA #181,location_details.php?id=16324,https://www.truckstopsandservices.com/location_details.php?id=16324,Trucker,catscale3,40.694044,-118.055024,http://www.tatravelcenters.com/location-details/ta-mill-city,40.694044,-118.055024,I-80,149 EB / 151 WB,6000 E FRONTAGE RD,MILL CITY,NV,89418,775-538-7311 (TRAVEL CENTER),775-538-7319,152.0,4.0,4.0,10.0,10.0,,3.0,775-538-7311 (TACO BELL),,,,,,,,,,24 HOURS,,
33,Nevada,VIRGIN VALLEY FOOD MART,location_details.php?id=3618,https://www.truckstopsandservices.com/location_details.php?id=3618,Trucker,76,36.816076,-114.063419,,36.816076,-114.063419,I-15,122,200 MESA BLVD,MESQUITE,NV,89027,702-346-8881,702-346-8882,101.0,0.0,101.0,4.0,0.0,,0.0,,,,,,,,,,,24 HOURS,,
33,Nevada,WA SHE SHU TRAVEL CENTER,location_details.php?id=55242,https://www.truckstopsandservices.com/location_details.php?id=55242,Trucker,chevron,38.910369,-119.708905,,38.910369,-119.708905,US 395,,1001 US HWY 395 N,GARDNERVILLE,NV,89410,775-265-8690 (TRAVEL CENTER),,40.0,0.0,0.0,3.0,0.0,,0.0,775-265-8690 (WA SHE SHU RESTARUANT),,,,,,,,,,"5AM TO 4PM MON THRU FRI, 7AM TO 6PM SAT-SUN",,
33,Nevada,WILD WILD WEST TRAVEL PLAZA,location_details.php?id=3705,https://www.truckstopsandservices.com/location_details.php?id=3705,Trucker,ind dealer,36.102099,-115.187597,,36.102099,-115.187597,I-15,37,4830 S PROCYON AVE,LAS VEGAS,NV,89103,702-736-2298 (TRAVEL CENTER),702-739-6099,70.0,0.0,70.0,2.0,0.0,,0.0,,,,,,,,,,,"6AM TO 7PM MON THRU FRI, 7AM TO 6PM SAT-SUN",,
33,Nevada,WINNERS CORNER,location_details.php?id=11845,https://www.truckstopsandservices.com/location_details.php?id=11845,Trucker,ind dealer,39.670629,-119.999772,,39.670629,-119.999772,US 395,AT STATE LINE,19575 US HWY 395 N,RENO,NV,89508,775-972-1653 (TRAVEL CENTER),,5.0,0.0,0.0,2.0,0.0,,0.0,775-972-1653 (KAFANA),,,,,,,,,,24 HOURS,,
46,Utah,7 ELEVEN,location_details.php?id=12449,https://www.truckstopsandservices.com/location_details.php?id=12449,Trucker,exxon,37.872738,-109.343181,,37.872738,-109.343181,US 191,US 491,17 N MAIN ST,MONTICELLO,UT,84535,435-587-2555 (TRAVEL CENTER),,20.0,,,2.0,0.0,,0.0,,,,,,,,,,,24 HOURS,,
46,Utah,7 ELEVEN,location_details.php?id=19125,https://www.truckstopsandservices.com/location_details.php?id=19125,Trucker,exxon,38.963738,-109.722681,,38.963738,-109.722681,I-70,187,460 UT-94,THOMPSON SPRINGS,UT,84540,435-285-2230 (TRAVEL CENTER),,20.0,0.0,0.0,3.0,0.0,,0.0,,,,,,,,,,,24 HOURS,,
46,Utah,7 ELEVEN,location_details.php?id=44641,https://www.truckstopsandservices.com/location_details.php?id=44641,Trucker,exxon,37.611248,-109.478738,,37.611248,-109.478738,US 191,,861 US 191 S,BLANDING,UT,84511,435-678-2991 (TRAVEL CENTER),,1.0,0.0,0.0,4.0,0.0,,0.0,,,,,,,,,,,24 HOURS,,
46,Utah,BEAR RIVER VALLEY CO-OP,location_details.php?id=44643,https://www.truckstopsandservices.com/location_details.php?id=44643,Trucker,66 gas,41.554963,-112.127437,,41.554963,-112.127437,UT 83,W OF UT 13,2780 N 4800 W,CORINNE,UT,84307,435-744-2211 (TRAVEL CENTER),435-744-1031,20.0,0.0,0.0,3.0,0.0,,1.0,435-744-2211 (BEAR RIVER VALLEY CAFE),,,,,,,,,,5AM TO 10PM DAILY,,
46,Utah,BELL'S FUEL STOP,location_details.php?id=44642,https://www.truckstopsandservices.com/location_details.php?id=44642,Trucker,66 gas,41.487369,-112.028123,,41.487369,-112.028123,I-15/84,362,1096 MEDICAL DR,BRIGHAM CITY,UT,84302,435-723-3924 (TRAVEL CENTER),,0.0,0.0,0.0,3.0,0.0,,0.0,,,,,,,,,,,24 HOURS,,
46,Utah,BELL'S SILVERCREEK JUNCTION,location_details.php?id=319,https://www.truckstopsandservices.com/location_details.php?id=319,Trucker,sinclair oil .svg,40.734404,-111.498391,,40.734404,-111.498391,I-80,146,7100 SILVER CREEK RD,SILVER CREEK,UT,84098,435-649-9243 (TRAVEL CENTER),435-649-9245,12.0,0.0,12.0,4.0,4.0,,0.0,435-649-9243 (SUBWAY),,,,435-649-9243 (PIZZA HUT),,,,,,24 HOURS,,
46,Utah,BLU #0103,location_details.php?id=53977,https://www.truckstopsandservices.com/location_details.php?id=53977,Trucker,ind dealer,40.182706,-110.096216,,40.182706,-110.096216,US 191,,8190 S PARIETTE RD,MYTON,UT,84052,801-866-7200 (TRAVEL CENTER),,0.0,0.0,0.0,5.0,0.0,,0.0,,,,,,,,,,,24 HOURS,,
46,Utah,BRYCE CANYON SINCLAIR,location_details.php?id=12454,https://www.truckstopsandservices.com/location_details.php?id=12454,Trucker,sinclair oil .svg,37.672374,-112.156648,,37.672374,-112.156648,UT 63,HALF MILE S OF UT 12,1000 S STATE HWY 63,BRYCE CANYON CITY,UT,84764,435-834-5232 (TRAVEL CENTER),,10.0,0.0,0.0,2.0,0.0,,3.0,,,,,,,,,,,8AM TO 6PM DAILY,,
46,Utah,CANYONLANDS CONOCO,location_details.php?id=44649,https://www.truckstopsandservices.com/location_details.php?id=44649,Trucker,conoco,37.878969,-109.343091,,37.878969,-109.343091,US 191,,433 N MAIN ST,MONTICELLO,UT,84535,435-587-3489 (TRAVEL CENTER),,3.0,0.0,0.0,4.0,0.0,,0.0,435-587-3489 (SUBWAY),,,,,,,,,,8AM TO 8PM DAILY,,
46,Utah,CHEVRON FUEL STOP,location_details.php?id=12439,https://www.truckstopsandservices.com/location_details.php?id=12439,Trucker,chevron,39.353237,-112.5639,,39.353237,-112.5639,US 6,US 50,76 US-6,DELTA,UT,84624,435-864-4671 (TRAVEL CENTER),,5.0,0.0,0.0,3.0,0.0,,0.0,,,,,,,,,,,"6AM TO 9PM MON THRU THUR, 6AM TO 10PM FRI-SAT, 7AM TO 10PM SUN",,
46,Utah,COTTONWOOD SINCLAIR,location_details.php?id=12450,https://www.truckstopsandservices.com/location_details.php?id=12450,Trucker,sinclair oil .svg,37.573881,-113.70454,,37.573881,-113.70454,UT 18,,855 E MAIN ST,ENTERPRISE,UT,84725,435-878-2603 (TRAVEL CENTER),,5.0,0.0,0.0,4.0,0.0,,0.0,,,,,,,,,,,7AM TO 10PM DAILY,,
46,Utah,DELLE CITY STATION,location_details.php?id=732,https://www.truckstopsandservices.com/location_details.php?id=732,Trucker,tesoro,40.761784,-112.78239,,40.761784,-112.78239,I-80,70,1 W MAIN ST,GRANTSVILLE,UT,84029,435-884-0476 (TRAVEL CENTER),,100.0,0.0,0.0,2.0,0.0,,0.0,,,,,,,,,,,7AM TO 8PM DAILY,,
46,Utah,"ERNIE'S TRUCK PLAZA, INC",location_details.php?id=829,https://www.truckstopsandservices.com/location_details.php?id=829,Trucker,sinclair oil .svg,38.287564,-112.641624,,38.287564,-112.641624,I-15,112,1035 N MAIN ST,BEAVER,UT,84713,435-438-5846 (TRAVEL CENTER),435-438-5397,40.0,0.0,0.0,6.0,8.0,,0.0,,,,,,,,,,,24 HOURS,,
46,Utah,EXTRA MILE,location_details.php?id=2647,https://www.truckstopsandservices.com/location_details.php?id=2647,Trucker,chevron,40.725602,-111.898673,,40.725602,-111.898673,I-15/80,305-B,278 WEST 2100,SALT LAKE CITY,UT,84115,801-484-1662 (TRAVEL CENTER),,0.0,0.0,0.0,7.0,0.0,,0.0,,,,,,,,,,,5AM TO 12PM DAILY,,
46,Utah,FLYING J DEALER #509 -  EAGLE'S LANDING,location_details.php?id=798,https://www.truckstopsandservices.com/location_details.php?id=798,Trucker,flying j,38.29342,-112.653285,https://pilotflyingj.com/stores/509/,38.29342,-112.653285,I-15,112,653 W 1400 N,BEAVER,UT,84713,435-438-5191 (TRAVEL CENTER),435-438-5043,120.0,10.0,10.0,7.0,6.0,,3.0,435-438-5191 (VALERIES TACO SHOP),3.699,4.099,4.499,,,,,,,24 HOURS,,
46,Utah,FLYING J DEALER #510 - EAGLE'S LANDING,location_details.php?id=18307,https://www.truckstopsandservices.com/location_details.php?id=18307,Trucker,flying j,39.255273,-112.116601,https://pilotflyingj.com/stores/510,39.255273,-112.116601,I-15,188,810 N 800 W,SCIPIO,UT,84656,435-758-2345 (TRAVEL CENTER),435-758-2330,50.0,0.0,0.0,5.0,4.0,,1.0,435-758-2345 (DAIRY QUEEN),3.379,4.059,4.499,,,,,,,24 HOURS,,
46,Utah,FLYING J TRAVEL CENTER #742,location_details.php?id=18308,https://www.truckstopsandservices.com/location_details.php?id=18308,Trucker,flying j,40.685281,-112.266205,https://pilotflyingj.com/stores/742,40.685281,-112.266205,I-80,99,1605 E SADDLEBACK BLVD,LAKE POINT,UT,84074,801-508-7400 (TRAVEL CENTER),801-508-7404,150.0,5.0,5.0,7.0,9.0,,0.0,801-508-7400 (DENNY'S),3.299,4.099,4.499,,,,,,,24 HOURS,,
46,Utah,FLYING J TRAVEL CENTER #743,location_details.php?id=18313,https://www.truckstopsandservices.com/location_details.php?id=18313,Trucker,flying j,39.68592,-111.837267,https://pilotflyingj.com/stores/743,39.68592,-111.837267,I-15,222,1597 S MAIN ST,NEPHI,UT,84648,435-623-2400 (TRAVEL CENTER),435-623-2421,150.0,5.0,5.0,8.0,9.0,,0.0,435-623-2400 (DENNY'S),3.299,4.099,4.499,,,,,,,24 HOURS,,
46,Utah,FLYING J TRAVEL CENTER #744,location_details.php?id=18318,https://www.truckstopsandservices.com/location_details.php?id=18318,Trucker,flying j,41.231372,-112.006655,https://www.pilotflyingj.com/stores/744,41.231372,-112.006655,I-15/84,343,1172 W 21ST ST,OGDEN,UT,84401,801-399-5577 (TRAVEL CENTER),801-399-9353,100.0,25.0,25.0,8.0,9.0,,0.0,801-399-5577 (DENNY'S),3.199,4.099,4.499,,,3.999,,,,24 HOURS,,
46,Utah,FLYING J TRAVEL CENTER #746,location_details.php?id=18325,https://www.truckstopsandservices.com/location_details.php?id=18325,Trucker,flying j,40.727237,-111.916594,https://pilotflyingj.com/stores/746,40.727237,-111.916594,I-15,305-B,2025 S 900 W,SALT LAKE CITY,UT,84116,801-972-3711 (TRAVEL CENTER),801-972-6174,110.0,36.0,36.0,8.0,9.0,,0.0,801-972-3711 (DENNY'S),3.139,4.099,4.499,,,3.999,,,,24 HOURS,,
46,Utah,FLYING J TRAVEL CENTER #747,location_details.php?id=18336,https://www.truckstopsandservices.com/location_details.php?id=18336,Trucker,flying j,40.187301,-111.642421,https://pilotflyingj.com/stores/747,40.187301,-111.642421,I-15,261,1460 N 1750 W,SPRINGVILLE,UT,84663,801-489-3622 (TRAVEL CENTER),801-489-3059,80.0,15.0,15.0,8.0,8.0,,0.0,801-489-3622 (DENNY'S),3.259,4.099,4.499,,,,,,,24 HOURS,,
46,Utah,FLYING J TRAVEL CENTER #748,location_details.php?id=18337,https://www.truckstopsandservices.com/location_details.php?id=18337,Trucker,flying j,41.423894,-112.051195,https://pilotflyingj.com/stores/748,41.423894,-112.051195,I-15,357,600 W 750 N,WILLARD,UT,84340,435-723-1010 (TRAVEL CENTER),435-723-1044,50.0,10.0,10.0,5.0,4.0,,0.0,435-723-1010 (SUBWAY),3.199,4.099,4.499,,,,,,,24 HOURS,,
46,Utah,FLYING J TRAVEL CENTER #772,location_details.php?id=18340,https://www.truckstopsandservices.com/location_details.php?id=18340,Trucker,flying j,40.836537,-111.933561,https://pilotflyingj.com/stores/772,40.836537,-111.933561,I-215,27,885 N POINT CIRCLE,NORTH SALT LAKE CITY,UT,84054,801-936-1408 (TRAVEL CENTER),801-936-1457,50.0,5.0,5.0,5.0,4.0,,0.0,,3.359,4.099,4.499,,,,,,,24 HOURS,,
46,Utah,FLYING J TRAVEL CENTER #773,location_details.php?id=952,https://www.truckstopsandservices.com/location_details.php?id=952,Trucker,flying j,38.78842,-112.081421,http://www.pilotflyingj.com/view-location?id=773,38.78842,-112.081421,I-70,40,35 E FLYING J DR,RICHFIELD,UT,84701,435-896-5050 (TRAVEL CENTER),435-896-4044,50.0,5.0,5.0,5.0,3.0,,0.0,,3.359,4.099,4.499,,,,,,,24 HOURS,,
46,Utah,FLYING J TRAVEL CENTER #774,location_details.php?id=953,https://www.truckstopsandservices.com/location_details.php?id=953,Trucker,flying j,41.963886,-112.710376,https://pilotflyingj.com/stores/774,41.963886,-112.710376,I-84,7,90 S STONE RD,SNOWVILLE,UT,84336,435-872-8181 (TRAVEL CENTER),435-872-8171,34.0,11.0,11.0,3.0,3.0,,0.0,,3.259,4.099,4.499,,,3.999,,,,24 HOURS,,
46,Utah,GOLDEN SPIKE TRAVEL PLAZA,location_details.php?id=1250,https://www.truckstopsandservices.com/location_details.php?id=1250,Trucker,chevron,41.711027,-112.201648,,41.711027,-112.201648,I-84,40,2410 W MAIN ST,TREMONTON,UT,84337,435-257-7249 (TRAVEL CENTER),435-257-2931,20.0,0.0,0.0,2.0,2.0,,0.0,435-257-7249 (LA PASATITA),,,,,,,,,,5AM TO 12PM DAILY,,
46,Utah,HOLIDAY HILLS RV PARK,location_details.php?id=1336,https://www.truckstopsandservices.com/location_details.php?id=1336,Trucker,66 gas,40.911066,-111.403867,,40.911066,-111.403867,I-80,162,118 S 500 W,COALVILLE,UT,84017,435-336-4421 (TRAVEL CENTER),,50.0,0.0,0.0,2.0,2.0,,0.0,,,,,,,,,,,6AM TO 9PM DAILY,,
46,Utah,JR'S TRUCK STOP,location_details.php?id=1498,https://www.truckstopsandservices.com/location_details.php?id=1498,Trucker,shell,37.72462,-113.057197,,37.72462,-113.057197,I-15,62,2635 N MAIN ST,CEDAR CITY,UT,84721,435-586-0498 (TRAVEL CENTER),435-586-3756,50.0,0.0,0.0,11.0,2.0,,0.0,,,,,,,,,,,24 HOURS,,
46,Utah,K&T'S SILVER EAGLE,location_details.php?id=12441,https://www.truckstopsandservices.com/location_details.php?id=12441,Trucker,ind dealer,40.487707,-111.408197,,40.487707,-111.408197,US 40,HALF MILE S OF US 89,1590 S HWY 40,HEBER CITY,UT,84032,435-654-4642 (TRAVEL CENTER),,5.0,0.0,0.0,8.0,0.0,,0.0,435-654-4642 (SUBWAY),,,,,,,,,,5AM TO 10PM DAILY,,
46,Utah,KB EXPRESS,location_details.php?id=12447,https://www.truckstopsandservices.com/location_details.php?id=12447,Trucker,66 gas,37.825746,-112.436027,,37.825746,-112.436027,US 89,,195 N MAIN ST,PANGUITCH,UT,84759,435-676-8730 (TRAVEL CENTER),,0.0,0.0,0.0,2.0,0.0,,0.0,,,,,,,,,,,6AM TO 9PM DAILY,,
46,Utah,LITTLE CREEK STATION,location_details.php?id=12453,https://www.truckstopsandservices.com/location_details.php?id=12453,Trucker,chevron,37.100046,-113.128039,,37.100046,-113.128039,UT 59,,1354 N STATE ST,APPLE VALLEY,UT,84737,435-877-1101 (TRAVEL CENTER),435-877-1103,12.0,0.0,0.0,2.0,0.0,,0.0,435-877-1101 (LITTLE CREEK FOOD COURT),,,,,,,,,,6AM TO 11PM DAILY,,
46,Utah,LOVE'S TRAVEL STOP #335,location_details.php?id=15322,https://www.truckstopsandservices.com/location_details.php?id=15322,Trucker,loves travel stops country stores 416x416,37.725242,-113.051537,https://www.loves.com/locations/335,37.725242,-113.051537,I-15,62,2645 N CANYON RANCH DR,CEDAR CITY,UT,84721,435-867-9888 (TRAVEL CENTER),435-867-9890,72.0,0.0,0.0,8.0,5.0,,2.0,435-867-9888 (CARL'S JR),,,,435-867-9888 (SUBWAY),,,,,,24 HOURS,,
46,Utah,LOVE'S TRAVEL STOP #436,location_details.php?id=15319,https://www.truckstopsandservices.com/location_details.php?id=15319,Trucker,loves travel stops country stores 416x416,40.769505,-111.940144,https://www.loves.com/locations/436,40.769505,-111.940144,I-80,118,25 N REDWOOD RD,SALT LAKE CITY,UT,84116,801-239-1100 (TRAVEL CENTER),801-239-1692,75.0,0.0,0.0,9.0,7.0,,0.0,801-239-1100 (ARBY'S),,,,,,,,,,24 HOURS,,
46,Utah,LOVE'S TRAVEL STOP #518,location_details.php?id=44764,https://www.truckstopsandservices.com/location_details.php?id=44764,Trucker,loves travel stops country stores 416x416,40.164048,-111.651142,https://www.loves.com/locations/518,40.164048,-111.651142,I-15,260,358 S 2200 W,SPRINGVILLE,UT,84663,801-489-8746 (TRAVEL CENTER),801-489-8755,58.0,0.0,0.0,8.0,7.0,,2.0,801-489-8746 (MCDONALD'S),,,,801-489-8746 (CHESTER'S FRIED CHICKEN),,,,,,24 HOURS,,
46,Utah,LOVE'S TRAVEL STOP #581,location_details.php?id=44763,https://www.truckstopsandservices.com/location_details.php?id=44763,Trucker,loves travel stops country stores 416x416,38.930779,-111.854373,https://www.loves.com/locations/581,38.930779,-111.854373,I-70,56,1915 S STATE ST,SALINA,UT,84654,435-287-0460 (TRAVEL CENTER),435-287-0465,80.0,0.0,0.0,6.0,7.0,,0.0,435-287-0460 (ARBY'S),,,,,,,,,,24 HOURS,,
46,Utah,LOVE'S TRAVEL STOP #686,location_details.php?id=44769,https://www.truckstopsandservices.com/location_details.php?id=44769,Trucker,loves travel stops country stores 416x416,41.507949,-112.053013,https://www.loves.com/locations/686,41.507949,-112.053013,I-15,363,20 S 1550 W,BRIGHAM CITY,UT,84302,435-723-1789 (TRAVEL CENTER),435-723-0223,104.0,0.0,0.0,9.0,7.0,,2.0,435-723-1789 (SUBWAY),,,,435-723-1789 (CARL'S JR),,,,,,24 HOURS,,
46,Utah,LOVE'S TRAVEL STOP #792,location_details.php?id=1198,https://www.truckstopsandservices.com/location_details.php?id=1198,Trucker,loves travel stops country stores 416x416,38.995103,-110.185199,https://www.loves.com/locations/792,38.995103,-110.185199,I-70,160,1810 MAIN ST,GREEN RIVER,UT,84525,435-564-8262 (TRAVEL CENTER),435-564-3360,80.0,0.0,0.0,6.0,3.0,,0.0,435-564-8262 (ARBY'S),,,,,,,,,,24 HOURS,,
46,Utah,LOVE'S TRAVEL STOP #835,location_details.php?id=56675,https://www.truckstopsandservices.com/location_details.php?id=56675,Trucker,loves travel stops country stores 416x416,38.950705,-112.352637,https://www.loves.com/locations/835,38.950705,-112.352637,I-15,163,915 SOUTH 1100 WEST,FILLMORE,UT,84631,484-630-6993 (TRAVEL CENTER),484-630-6994,79.0,0.0,0.0,8.0,7.0,,0.0,484-630-6993 (TACO JOHN'S),,,,,,,,,,24 HOURS,,
46,Utah,LW'S TRUCK STOP,location_details.php?id=12452,https://www.truckstopsandservices.com/location_details.php?id=12452,Trucker,chevron,41.735489,-111.860496,,41.735489,-111.860496,UT 30,UT 252,1000 W 200 N,LOGAN,UT,84321,435-753-7461 (TRAVEL CENTER),435-753-9611,5.0,0.0,0.0,4.0,2.0,,4.0,,,,,,,,,,,24 HOURS,,
46,Utah,MAINSTREET MARKET,location_details.php?id=19127,https://www.truckstopsandservices.com/location_details.php?id=19127,Trucker,chevron,38.950694,-112.353372,,38.950694,-112.353372,I-15,163,885 S PARK AVE,FILLMORE,UT,84631,435-743-4823 (TRAVEL CENTER),,50.0,0.0,0.0,6.0,2.0,,0.0,,,,,,,,,,,24 HOURS,,
46,Utah,MAVERICK # 444,location_details.php?id=44648,https://www.truckstopsandservices.com/location_details.php?id=44648,Trucker,ind dealer,37.873251,-109.337817,,37.873251,-109.337817,US 491,,265 E CENTER ST,MONTICELLO,UT,84535,435-587-3238 (TRAVEL CENTER),,3.0,0.0,0.0,3.0,0.0,,0.0,,,,,,,,,,,24 HOURS,,
46,Utah,MAVERIK,location_details.php?id=44647,https://www.truckstopsandservices.com/location_details.php?id=44647,Trucker,ind dealer,41.736067,-111.860196,,41.736067,-111.860196,UT 30,UT 252,1033 W 200 N,LOGAN,UT,84321,435-753-9543 (TRAVEL CENTER),,5.0,0.0,0.0,3.0,0.0,,0.0,435-753-9543 (BON FIRE GRILL),,,,,,,,,,24 HOURS,,
46,Utah,MAVERIK,location_details.php?id=48410,https://www.truckstopsandservices.com/location_details.php?id=48410,Trucker,ind dealer,39.975582,-111.76859,,39.975582,-111.76859,I-15,244,725 E MAIN ST,SANTAQUIN,UT,84655,801-754-3076 (TRAVEL CENTER),,0.0,0.0,0.0,5.0,0.0,,0.0,801-754-3076 (BON FIRE GRILL),,,,,,,,,,24 HOURS,,
46,Utah,MAVERIK,location_details.php?id=57084,https://www.truckstopsandservices.com/location_details.php?id=57084,Trucker,ind dealer,40.698585,-111.906406,https://maverik.com,40.698585,-111.906406,I-15,303,3330 S 500 W,SALT LAKE CITY,UT,84115,385-715-4843 (TRAVEL CENTER),,0.0,,,4.0,0.0,,,,,,,,,,,,,24 HOURS,,
46,Utah,MAVERIK,location_details.php?id=52904,https://www.truckstopsandservices.com/location_details.php?id=52904,Trucker,ind dealer,41.485525,-112.057797,https://maverik.com,41.485525,-112.057797,I-15,362,1675 W 1100 S,PERRY,UT,84302,435-723-7086 (TRAVEL CENTER),,23.0,0.0,0.0,6.0,0.0,,0.0,435-723-7086 (DAIRY QUEEN),,,,435-723-7086 (BON FIRE GRILL),,,,,,24 HOURS,,
46,Utah,MAVERIK,location_details.php?id=52905,https://www.truckstopsandservices.com/location_details.php?id=52905,Trucker,ind dealer,40.482194,-111.897653,https://maverik.com,40.482194,-111.897653,I-15,288,14814 S MINUTEMAN DR,DRAPER,UT,84020,801-572-9210 (TRAVEL CENTER),,10.0,0.0,0.0,4.0,0.0,,0.0,801-572-9210 (BON FIRE GRILL),,,,,,,,,,24 HOURS,,
46,Utah,MAVERIK # 533,location_details.php?id=44765,https://www.truckstopsandservices.com/location_details.php?id=44765,Trucker,ind dealer,41.644383,-111.912492,,41.644383,-111.912492,US 89,UTAH 101,748 E MAIN ST,WELLSVILLE,UT,84339,435-245-3184 (TRAVEL CENTER),,10.0,0.0,0.0,3.0,0.0,,0.0,,,,,,,,,,,24 HOURS,,
46,Utah,MAVERIK # 844,location_details.php?id=44767,https://www.truckstopsandservices.com/location_details.php?id=44767,Trucker,ind dealer,41.218038,-112.02602,,41.218038,-112.02602,UT 126,,2577 UT-126 S,WEST HAVEN,UT,84401,801-731-8597 (TRAVEL CENTER),,0.0,0.0,0.0,6.0,0.0,,0.0,801-731-8597 (BON FIRE GRILL),,,,,,,,,,24 HOURS,,
46,Utah,MAVERIK #537,location_details.php?id=54681,https://www.truckstopsandservices.com/location_details.php?id=54681,Trucker,ind dealer,40.741335,-111.947143,,40.741335,-111.947143,I-215,21,1290 S WALLACE RD,SALT LAKE CITY,UT,84101,801-973-1182 (TRAVEL CENTER),,0.0,0.0,0.0,4.0,0.0,,0.0,,,,,,,,,,,24 HOURS,,
46,Utah,Maverik #665,location_details.php?id=64848,https://www.truckstopsandservices.com/location_details.php?id=64848,Trucker,,40.71724,-112.08053,https://www.maverik.com/,40.71724,-112.08053,,,UT 201 & S 8000 W,Magna,UT,84044,435-236-3378,,,,,,,,,,,,,,,,,,,,,
46,Utah,Maverik #747,location_details.php?id=64850,https://www.truckstopsandservices.com/location_details.php?id=64850,Trucker,,40.73976,-111.95324,https://maverik.com/,40.73976,-111.95324,I-215,,,Salt Lake City,UT,84104,385-444-2235,,,,,,,,,,,,,,,,,,,,,
46,Utah,MAVERIK ADVENTURE'S FIRST STOP,location_details.php?id=38265,https://www.truckstopsandservices.com/location_details.php?id=38265,Trucker,ind dealer,40.740151,-111.983215,,40.740151,-111.983215,I-80,115 (1 MILE S),1445 S 3800 W,SALT LAKE CITY,UT,84104,801-975-6527 (TRAVEL CENTER),,15.0,0.0,0.0,5.0,0.0,,0.0,,,,,,,,,,,24 HOURS,,
46,Utah,MAVERIK STORE,location_details.php?id=57083,https://www.truckstopsandservices.com/location_details.php?id=57083,Trucker,ind dealer,40.843339,-111.93035,https://www.maverik.com,40.843339,-111.93035,I-215,27,24 N REDWOOD RD,NORTH SALT LAKE CITY,UT,84054,801-936-1132 (TRAVEL CENTER),,0.0,,,12.0,0.0,,,,,,,,,,,,,24 HOURS,,
46,Utah,MEADOW FOOD MART,location_details.php?id=1998,https://www.truckstopsandservices.com/location_details.php?id=1998,Trucker,conoco,38.892306,-112.410521,,38.892306,-112.410521,I-15,158,375 N MAIN ST,MEADOW,UT,84631,435-842-7132 (TRAVEL CENTER),,20.0,0.0,0.0,2.0,0.0,,0.0,,,,,,,,,,,6AM TO 11PM DAILY,,
46,Utah,MILLER CHEVRON,location_details.php?id=2021,https://www.truckstopsandservices.com/location_details.php?id=2021,Trucker,chevron,38.994392,-112.324989,,38.994392,-112.324989,I-15,167,1155 CEDAR MOUNTAIN RD,FILLMORE,UT,84631,435-743-6508 (TRAVEL CENTER),,30.0,0.0,0.0,8.0,0.0,,2.0,435-743-6508 (SUBWAY),,,,,,,,,,24 HOURS,,
46,Utah,MILLER'S TRAVEL CENTER - WELLINGTON,location_details.php?id=19124,https://www.truckstopsandservices.com/location_details.php?id=19124,Trucker,chevron,39.543168,-110.68814,,39.543168,-110.68814,US 6/191,,2195 E MAIN ST,WELLINGTON,UT,84542,435-636-0380 (TRAVEL CENTER),,50.0,0.0,0.0,6.0,2.0,,0.0,,,,,,,,,,,24 HOURS,,
46,Utah,MILLERS TRAVEL CENTER - WENDOVER,location_details.php?id=44766,https://www.truckstopsandservices.com/location_details.php?id=44766,Trucker,shell,40.73545,-114.041717,,40.73545,-114.041717,I-80,1 WB,80 WENDOVER BLVD,WENDOVER,UT,84083,435-665-2635 (TRAVEL CENTER),435-665-5465,50.0,0.0,0.0,8.0,4.0,,0.0,435-665-2635 (SUBWAY),,,,435-665-2635 (KRISPY KRUNCHY CHICKEN),,,,,,24 HOURS,,
46,Utah,MOUNTAINLAND ONE STOP,location_details.php?id=44645,https://www.truckstopsandservices.com/location_details.php?id=44645,Trucker,sinclair oil .svg,40.492978,-111.412195,,40.492978,-111.412195,US 40,US 189,1175 S MAIN ST,HEBER CITY,UT,84032,435-654-5530 (TRAVEL CENTER),,0.0,0.0,0.0,6.0,0.0,,0.0,435-654-5530 (MOE'S GRILL),,,,,,,,,,5AM TO 11PM DAILY,,
46,Utah,NEPHI FOOD MART,location_details.php?id=44651,https://www.truckstopsandservices.com/location_details.php?id=44651,Trucker,chevron,39.678501,-111.840903,,39.678501,-111.840903,I-15,222,2087 S MAIN ST,NEPHI,UT,84648,435-623-2922 (TRAVEL CENTER),,6.0,0.0,0.0,5.0,0.0,,0.0,,,,,,,,,,,8AM TO 10PM DAILY,,
46,Utah,PAHVANT TRAVEL PLAZA,location_details.php?id=60111,https://www.truckstopsandservices.com/location_details.php?id=60111,Trucker,,38.615989,-112.613054,,38.615989,-112.613054,I-15,135,10950 BLACK ROCK ROAD,BEAVER,UT,84713,385-222-7766,,100.0,,,,0.0,,,,,,,,,,,,,6AM TO 10PM DAILY,,
46,Utah,PARK N PUMP MONA,location_details.php?id=53597,https://www.truckstopsandservices.com/location_details.php?id=53597,Trucker,shell,39.821434,-111.835641,,39.821434,-111.835641,I-15,233,1063 300 N ST,MONA,UT,84645,435-623-0433 (TRAVEL CENTER),,15.0,0.0,0.0,5.0,0.0,,,435-623-0433 (SUBWAY),,,,,,,,,,6AM TO 10PM DAILY,,
46,Utah,PILOT TRAVEL CENTER #140,location_details.php?id=44762,https://www.truckstopsandservices.com/location_details.php?id=44762,Trucker,pilot,40.293957,-109.989468,https://pilotflyingj.com/stores/140,40.293957,-109.989468,US 191,US 40,380 S 200 E,ROOSEVELT,UT,84066,435-722-4468 (TRAVEL CENTER),435-722-2461,0.0,0.0,0.0,2.0,0.0,,0.0,,,,,,,,,,,24 HOURS,,
46,Utah,PILOT TRAVEL CENTER #294,location_details.php?id=14622,https://www.truckstopsandservices.com/location_details.php?id=14622,Trucker,pilot,41.246238,-112.019818,https://www.pilotflyingj.com/stores/294,41.246238,-112.019818,I-15,344,1670 W 12TH ST,OGDEN,UT,84404,801-731-2900 (TRAVEL CENTER),801-731-2380,60.0,9.0,9.0,7.0,5.0,,0.0,801-731-2088 (SUBWAY),3.199,3.659,4.199,801-731-2088 (TACO BELL),,,,,,24 HOURS,,
46,Utah,PILOT TRAVEL CENTER #775,location_details.php?id=18341,https://www.truckstopsandservices.com/location_details.php?id=18341,Trucker,pilot,37.060499,-113.582632,https://pilotflyingj.com/stores/775,37.060499,-113.582632,I-15,4,2841 S 60 E,ST. GEORGE,UT,84790,435-674-7104 (TRAVEL CENTER),435-652-3627,50.0,10.0,10.0,7.0,3.0,,0.0,435-674-7104 (BURGER KING),3.339,4.099,4.499,,,,,,,24 HOURS,,
46,Utah,PILOT TRAVEL CENTER #892,location_details.php?id=3640,https://www.truckstopsandservices.com/location_details.php?id=3640,Trucker,pilot,38.994976,-110.14841,https://pilotflyingj.com/stores/892,38.994976,-110.14841,I-70,160 EB/164 WB,1085 W MAPLE COURT,GREEN RIVER,UT,84525,435-564-3495 (TRAVEL CENTER),435-564-3282,100.0,0.0,0.0,7.0,8.0,,2.0,,3.799,4.199,4.499,,,,,,,24 HOURS,,
46,Utah,RAMSAY OIL CO,location_details.php?id=12446,https://www.truckstopsandservices.com/location_details.php?id=12446,Trucker,shell,37.223862,-112.680738,,37.223862,-112.680738,US 89,UT 9,4490 STATE ST,MOUNT CARMEL,UT,84758,435-648-2326 (TRAVEL CENTER),435-648-2046,5.0,0.0,0.0,4.0,0.0,,0.0,435-648-2326 (SUBWAY),,,,,,,,,,7AM TO 6PM DAILY,,
46,Utah,RB'S ONE STOP,location_details.php?id=2724,https://www.truckstopsandservices.com/location_details.php?id=2724,Trucker,66 gas,40.883317,-111.898937,,40.883317,-111.898937,I-15,316,527 S 700 W,WOODS CROSS,UT,84087,801-295-3241 (TRAVEL CENTER),801-298-0599,12.0,0.0,0.0,4.0,3.0,,0.0,801-295-3241 (DAIRY QUEEN),,,,,,,,,,24 HOURS,,
46,Utah,RJ'S FUEL STOP,location_details.php?id=2754,https://www.truckstopsandservices.com/location_details.php?id=2754,Trucker,sinclair oil .svg,41.710075,-112.200248,,41.710075,-112.200248,I-84,40,2267 W MAIN ST,TREMONTON,UT,84337,435-257-3530 (TRAVEL CENTER),435-257-0658,100.0,0.0,0.0,7.0,2.0,,0.0,435-257-3530 (BURGER KING),,,,,,,,,,24 HOURS,,
46,Utah,SALINA EXPRESS,location_details.php?id=531,https://www.truckstopsandservices.com/location_details.php?id=531,Trucker,sinclair oil .svg,38.938935,-111.854294,,38.938935,-111.854294,I-70,56,1325 S STATE ST,SALINA,UT,84654,435-529-3232 (TRAVEL CENTER),,5.0,0.0,0.0,2.0,0.0,,0.0,,,,,,,,,,,24 HOURS,,
46,Utah,SALINA PETROLEUM,location_details.php?id=12444,https://www.truckstopsandservices.com/location_details.php?id=12444,Trucker,chevron,38.956600189209,-111.871442,,38.956600189209,-111.871442,US 50,UT 24,715 W MAIN ST,SALINA,UT,84654,435-529-3362 (TRAVEL CENTER),,0.0,0.0,0.0,5.0,0.0,,0.0,,,,,,,,,,,5AM TO 9PM DAILY,,
46,Utah,SAPP BROTHERS TRAVEL CENTER,location_details.php?id=2850,https://www.truckstopsandservices.com/location_details.php?id=2850,Trucker,sinclair oil .svg,40.740292,-111.946992,,40.740292,-111.946992,I-215,21,1953 CALIFORNIA AVE,SALT LAKE CITY,UT,84104,801-977-3900 (TRAVEL CENTER),801-973-9748,125.0,27.0,27.0,12.0,14.0,,4.0,801-977-3900 (APPLE BARREL RESTAURANT),3.169,3.659,4.479,801-977-3900 (BURGER KING),,,,,,24 HOURS,,
46,Utah,SCENIC QUIK STOP,location_details.php?id=2869,https://www.truckstopsandservices.com/location_details.php?id=2869,Trucker,66 gas,38.935507,-111.853511,,38.935507,-111.853511,I-70,56,1645 S STATE ST,SALINA,UT,84654,435-529-3781 (TRAVEL CENTER),435-529-3783,30.0,0.0,0.0,4.0,2.0,,0.0,435-529-3781 (CARL'S JR),,,,,,,,,,6AM TO 9PM DAILY,,
46,Utah,SINCLAIR TRUCK STOP,location_details.php?id=396,https://www.truckstopsandservices.com/location_details.php?id=396,Trucker,sinclair oil .svg,40.74591,-113.970125,,40.74591,-113.970125,I-80,4,259 BEAR RIVER DR,WENDOVER,UT,82930,435-665-2243 (TRAVEL CENTER),,50.0,0.0,0.0,6.0,4.0,,0.0,,,,,,,,,,,6AM TO 10PM DAILY,,
46,Utah,SLIM OLSON'S,location_details.php?id=2938,https://www.truckstopsandservices.com/location_details.php?id=2938,Trucker,chevron,40.864935,-111.893399,,40.864935,-111.893399,I-15,315,742 WEST 2600,WOODS CROSS,UT,84010,801-295-8437 (TRAVEL CENTER),,5.0,,,3.0,0.0,,0.0,,,,,,,,,,,24 HOURS,,
46,Utah,SPLIT MOUNTAIN TRAVEL PLAZA,location_details.php?id=12456,https://www.truckstopsandservices.com/location_details.php?id=12456,Trucker,sinclair oil .svg,40.386928,-109.438917,,40.386928,-109.438917,US 40,,4743 S 4625 E,VERNAL,UT,84079,435-781-6500 (TRAVEL CENTER),,10.0,0.0,0.0,6.0,4.0,,0.0,,,,,,,,,,,24 HOURS,,
46,Utah,STEVE'S TIRE & OIL,location_details.php?id=3047,https://www.truckstopsandservices.com/location_details.php?id=3047,Trucker,sinclair oil .svg,38.982431,-112.323923,,38.982431,-112.323923,I-15,167,615 N MAIN ST,FILLMORE,UT,84631,435-743-6860 (TRAVEL CENTER),,0.0,0.0,0.0,2.0,0.0,,2.0,,,,,,,,,,,"7AM TO 5PM MON THRU SAT, CLOSED SUN",,
46,Utah,SUNMART # 979,location_details.php?id=3091,https://www.truckstopsandservices.com/location_details.php?id=3091,Trucker,texaco,41.683207,-112.139825,http://www.petroleumwholesale.com/sunmart.web/store.,41.683207,-112.139825,I-15,386,9600 N 5175 W,ELWOOD,UT,84337,435-257-4710 (TRAVEL CENTER),435-257-1733,20.0,0.0,0.0,4.0,0.0,,0.0,435-257-4710 (ARBY'S),,,,,,,,,,24 HOURS,,
46,Utah,SUPER STOP,location_details.php?id=55143,https://www.truckstopsandservices.com/location_details.php?id=55143,Trucker,shell,41.22884,-112.01609,,41.22884,-112.01609,I-15,343,1514 W HAVEN 2100 S,OGDEN,UT,84401,801-731-3437 (TRAVEL CENTER),,3.0,0.0,0.0,2.0,0.0,,0.0,801-731-3437 (BLIMPIE),,,,,,,,,,5AM TO 11PM DAILY,,
46,Utah,TA EXPRESS,location_details.php?id=52442,https://www.truckstopsandservices.com/location_details.php?id=52442,Trucker,taexpress,38.929589,-111.854444,https://www.ta-petro.com/location/ut/ta-express%20salina,38.929589,-111.854444,I-70,56,2055 S STATE ST,SALINA,UT,84654,435-287-0546 (TRAVEL CENTER),435-287-0549,67.0,0.0,0.0,3.0,2.0,,0.0,435-287-0546 (LITTLE CAESARS),,,,,,,,,,24 HOURS,,
46,Utah,TOP STOP,location_details.php?id=12443,https://www.truckstopsandservices.com/location_details.php?id=12443,Trucker,chevron,40.283481,-110.011147,,40.283481,-110.011147,US 40,,1128 US 40,ROOSEVELT,UT,84066,435-722-9940 (TRAVEL CENTER),,4.0,0.0,0.0,4.0,0.0,,0.0,435-722-9940 (PACOS),,,,,,,,,,24 HOURS,,
46,Utah,TOP STOP # 40,location_details.php?id=12442,https://www.truckstopsandservices.com/location_details.php?id=12442,Trucker,chevron,40.449119,-109.502159,,40.449119,-109.502159,US 40,,1355 E HWY 40,VERNAL,UT,84078,435-789-8292 (TRAVEL CENTER),435-789-3944,10.0,0.0,0.0,7.0,0.0,,2.0,,,,,,,,,,,24 HOURS,,
46,Utah,TOP STOP # 83,location_details.php?id=3344,https://www.truckstopsandservices.com/location_details.php?id=3344,Trucker,chevron,38.772134,-112.071302,,38.772134,-112.071302,I-70,40,750 E 300 N,RICHFIELD,UT,84701,435-896-8338 (TRAVEL CENTER),,0.0,0.0,0.0,4.0,0.0,,0.0,,,,,,,,,,,6AM TO 11PM DAILY,,
46,Utah,TRAVEL CENTERS OF AMERICA #060,location_details.php?id=16611,https://www.truckstopsandservices.com/location_details.php?id=16611,Trucker,catscale3,40.689663,-112.263838,https://www.ta-petro.com/location/ut/ta-tooele,40.689663,-112.263838,I-80,99,8836 N HWY 40,TOOELE,UT,84074,801-250-8585 (TRAVEL CENTER),801-252-2224,191.0,4.0,4.0,7.0,11.0,,3.0,801-250-8585 (TACO BELL),,,,801-250-8585 (BURGER KING),,,,,,24 HOURS,,
46,Utah,TRAVEL CENTERS OF AMERICA EXPRESS #186,location_details.php?id=16606,https://www.truckstopsandservices.com/location_details.php?id=16606,Trucker,taexpress,37.861426,-112.830001,https://www.ta-petro.com/location/ut/ta-parowan,37.861426,-112.830001,I-15,78,1100 N 130 W,PAROWAN,UT,84761,435-477-3311 (TRAVEL CENTER),435-477-8713,106.0,4.0,4.0,5.0,6.0,,6.0,435-477-3311 (TACO BELL),,,,435-477-3311 (SUBWAY),,,,,,24 HOURS,,
46,Utah,UNITED FUEL,location_details.php?id=44652,https://www.truckstopsandservices.com/location_details.php?id=44652,Trucker,ind dealer,41.884902,-112.166854,,41.884902,-112.166854,I-15,392,6030 W 20800 N,PLYMOUTH,UT,84330,435-458-3537 (TRAVEL CENTER),435-458-3538,50.0,0.0,0.0,8.0,4.0,,0.0,435-458-3537 (A & W),,,,,,,,,,24 HOURS,,
46,Utah,UTE PETROLEUM,location_details.php?id=44644,https://www.truckstopsandservices.com/location_details.php?id=44644,Trucker,sinclair oil .svg,40.301648,-109.857082,,40.301648,-109.857082,US 40/191,,7250 E US 40,FORT DUCHESNE,UT,84026,435-722-3975 (TRAVEL CENTER),,0.0,0.0,0.0,3.0,0.0,,0.0,435-722-3975 (KRISPY KRUNCHY CHICKEN),,,,,,,,,,5AM TO 10PM DAILY,,
46,Utah,UTE PETROLEUM,location_details.php?id=44650,https://www.truckstopsandservices.com/location_details.php?id=44650,Trucker,sinclair oil .svg,40.193887,-110.073223,,40.193887,-110.073223,US 40/191,,565 US 40 W,MYTON,UT,84052,435-646-3519 (TRAVEL CENTER),435-646-3459,10.0,0.0,0.0,8.0,2.0,,0.0,435-646-3519 (PICCADILLY PIZZA),,,,,,,,,,5AM TO 10PM DAILY,,
3,Arizona,ARCO TRAVEL CENTER,location_details.php?id=45155,http://www.rvandtravelers.com/location_details.php?id=45155,RVer,arco,,,,33.670532,-114.19953,I-10,19,185 N RIGGLES AVE,QUARTZSITE,AZ,85359,928-927-3600 (TRAVEL CENTER),928-927-3604,100.0,0.0,0.0,9.0,2.0,1.0,0.0,,,,,,,,,,,,,
3,Arizona,BILL'S TEXACO FOOD MART,location_details.php?id=364,http://www.rvandtravelers.com/location_details.php?id=364,RVer,texaco,,,,32.944712,-112.728116,I-8,115,623 W PIMA ST,GILA BEND,AZ,85337,928-683-6324 (TRAVEL CENTER),,0.0,0.0,0.0,10.0,0.0,,0.0,928-683-6324 (BILL'S FOOD MART),,,,,,,,,,,,
3,Arizona,CAMP VERDE SHELL,location_details.php?id=469,http://www.rvandtravelers.com/location_details.php?id=469,RVer,shell,,,,34.575491,-111.883001,I-17,287,1673 HWY 260,CAMP VERDE,AZ,86322,928-567-3886 (TRAVEL CENTER),928-567-2336,0.0,0.0,0.0,2.0,0.0,,0.0,,,,,,,,,,,,,
3,Arizona,CARIOCA # 11,location_details.php?id=45160,http://www.rvandtravelers.com/location_details.php?id=45160,RVer,valero,,,,34.69898,-113.609404,US 93,,18183 S US 93,WIKIEUP,AZ,85360,928-765-2255 (TRAVEL CENTER),,15.0,0.0,0.0,4.0,0.0,,0.0,,,,,,,,,,,,,
3,Arizona,CARTER TRAVEL CENTER,location_details.php?id=10284,http://www.rvandtravelers.com/location_details.php?id=10284,RVer,conoco,,,,35.242211,-111.567152,US 89,,7180 N US 89,FLAGSTAFF,AZ,86004,928-714-9115 (TRAVEL CENTER),928-714-9045,35.0,0.0,0.0,8.0,0.0,,0.0,928-714-9115 (MARY'S CAFE),,,,,,,,,,,,
3,Arizona,CHAMBERS MOBIL,location_details.php?id=54070,http://www.rvandtravelers.com/location_details.php?id=54070,RVer,mobil oil type,,,,35.190412,-109.433621,I-40,333,I-40 & HWY 191,CHAMBERS,AZ,86502,928-688-6880 (TRAVEL CENTER),,,,,3.0,,,,,,,,,,,,,,,,
3,Arizona,CIRCLE K,location_details.php?id=550,http://www.rvandtravelers.com/location_details.php?id=550,RVer,ind dealer,,,,32.781843,-111.618654,I-10,203,3125 N TOLTEC RD,ELOY,AZ,85131,520-466-7361 (TRAVEL CENTER),,55.0,0.0,0.0,3.0,0.0,,0.0,,,,,,,,,,,,,
3,Arizona,CIRCLE K,location_details.php?id=10274,http://www.rvandtravelers.com/location_details.php?id=10274,RVer,circle_k,,,,33.437401,-112.137167,AZ 85,35,3618 W BUCKEYE RD,PHOENIX,AZ,85009,602-269-8482 (TRAVEL CENTER),602-278-1791,80.0,0.0,0.0,6.0,0.0,,0.0,,,,,,,,,,,,,
3,Arizona,CIRCLE K,location_details.php?id=18474,http://www.rvandtravelers.com/location_details.php?id=18474,RVer,circle_k,,,,33.436249,-112.168649,I-10,137,5049 W BUCKEYE RD,PHOENIX,AZ,85043,602-278-5088 (TRAVEL CENTER),,0.0,0.0,0.0,2.0,0.0,,0.0,,,,,,,,,,,,,
3,Arizona,CORNER STORE,location_details.php?id=45156,http://www.rvandtravelers.com/location_details.php?id=45156,RVer,valero,,,,31.555046,-110.25873,AZ 90,AZ 92,3999 E FRY BLVD,SIERRA VISTA,AZ,85635,520-458-0300 (TRAVEL CENTER),,0.0,0.0,0.0,2.0,0.0,,0.0,,,,,,,,,,,,,
3,Arizona,CORNER STORE,location_details.php?id=45157,http://www.rvandtravelers.com/location_details.php?id=45157,RVer,valero,,,,33.458766,-112.271841,I-10,133-A,1025 N 99 AVE,TOLLESON,AZ,85353,623-936-9777 (TRAVEL CENTER),,10.0,0.0,0.0,2.0,0.0,,0.0,,,,,,,,,,,,,
3,Arizona,CRAZY FRED'S TRUCK STOP,location_details.php?id=682,http://www.rvandtravelers.com/location_details.php?id=682,RVer,ind dealer,,,,35.144621,-114.094732,I-40,44,2770 W OLD HWY 66,KINGMAN,AZ,86401,928-753-3834 (TRAVEL CENTER),928-753-4178,45.0,0.0,0.0,5.0,4.0,,2.0,,,,,,,,,,,,,
3,Arizona,DAVE'S FAST STOP,location_details.php?id=10281,http://www.rvandtravelers.com/location_details.php?id=10281,RVer,chevron,,,,33.418786,-110.813126,US 60,,2060 HWY 60,CENTRAL HEIGHTS,AZ,85501,928-425-3297 (TRAVEL CENTER),928-425-9446,10.0,0.0,0.0,5.0,0.0,,0.0,,,,,,,,,,,,,
3,Arizona,DISCOUNT ZONE,location_details.php?id=45154,http://www.rvandtravelers.com/location_details.php?id=45154,RVer,shell,,,,33.428368,-112.081817,I-17,196,2112 S 7TH  AVE,PHOENIX,AZ,85043,602-253-9717 (TRAVEL CENTER),,0.0,0.0,0.0,1.0,0.0,,0.0,,,,,,,,,,,,,
3,Arizona,DISCOUNT ZONE #1,location_details.php?id=45153,http://www.rvandtravelers.com/location_details.php?id=45153,RVer,shell,,,,33.46021,-112.169871,I-10,139,1042 N 51ST AVE,PHOENIX,AZ,85043,602-278-0714 (TRAVEL CENTER),,0.0,0.0,0.0,2.0,0.0,,0.0,,,,,,,,,,,,,
3,Arizona,EAGLE'S LANDING TRAVEL PLAZA,location_details.php?id=55922,http://www.rvandtravelers.com/location_details.php?id=55922,RVer,pilot,,,,36.9954561,-111.5643671,US 89,,101 W GLEN ST,PAGE,AZ,86040,928-353-4821 (TRAVEL CENTER),,0.0,0.0,0.0,3.0,0.0,,0.0,928-353-4821 (YARDLEY'S STEAKBURGERS),3.799,3.999,3.799,,,,,,,,,
3,Arizona,EAGLES LANDING TRAVEL PLAZA,location_details.php?id=54230,http://www.rvandtravelers.com/location_details.php?id=54230,RVer,pilot,,,,36.897675,-113.910849,I-15,9,4031 FLEET ST,LITTLEFIELD,AZ,86432,702-849-0700 (TRAVEL CENTER),928-347-5740,23.0,0.0,0.0,3.0,2.0,,1.0,702-849-0700 (SUBWAY),,,,702-849-0700 (YARDLEY'S STEAKBURGER'S),702-849-0700 (CHESTER'S FRIED CHICKEN),,,,,,,
3,Arizona,FLYING J DEALER #505,location_details.php?id=306,http://www.rvandtravelers.com/location_details.php?id=306,RVer,flying j,,,http://https://pilotflyingj.com/stores/505,32.673458,-114.444909,I-8,12,108000 N FRONTAGE RD,YUMA,AZ,85367,928-342-2696 (TRAVEL CENTER),928-342-1619,80.0,0.0,0.0,8.0,6.0,,1.0,928-342-2696 (DAYBREAKERS CAFE),2.749,3.999,3.999,,,2.499,,,,,pilotflyingj.com/stores/505,
3,Arizona,FLYING J TRAVEL CENTER #608,location_details.php?id=1105,http://www.rvandtravelers.com/location_details.php?id=1105,RVer,flying j,,,http://https://www.pilotflyingj.com/stores/608/,33.602133,-114.523475,I-10,1,I-10 S FRONTAGE RD,EHRENBERG,AZ,85334,928-923-9600 (TRAVEL CENTER),928-923-7735,271.0,3.0,3.0,10.0,13.0,,2.0,928-923-9600 (WENDY'S),3.739,4.159,3.999,928-923-9600 (CINNABON),,3.699,,,,,www.pilotflyingj.com/stores/608/,
3,Arizona,FLYING J TRAVEL CENTER #609,location_details.php?id=16806,http://www.rvandtravelers.com/location_details.php?id=16806,RVer,flying j,,,http://https://www.pilotflyingj.com/stores/609/,32.731788,-111.549774,I-10,208-A,16189 S SUNSHINE BLVD,ELOY,AZ,85231,520-466-9204 (TRAVEL CENTER),520-466-9588,350.0,5.0,5.0,10.0,11.0,,0.0,520-466-9204 (DENNY'S),3.339,3.999,3.999,520-466-9204 (DUNKIN' DONUTS EXPRESS),,3.699,,,,,www.pilotflyingj.com/stores/609/,
3,Arizona,FLYING J TRAVEL CENTER #610,location_details.php?id=10286,http://www.rvandtravelers.com/location_details.php?id=10286,RVer,flying j,,,http://https://www.pilotflyingj.com/stores/610/,35.220003,-114.006945,I-40,53,3300 E ANDY DEVINE AVE,KINGMAN,AZ,86401,928-757-7300 (TRAVEL CENTER),928-757-1085,60.0,0.0,0.0,9.0,12.0,,2.0,928-757-7300 (DENNY'S),3.369,3.999,3.999,,,4.099,,,,,www.pilotflyingj.com/stores/610/,
3,Arizona,FLYING J TRAVEL CENTER #611,location_details.php?id=16809,http://www.rvandtravelers.com/location_details.php?id=16809,RVer,flying j,,,http://https://www.pilotflyingj.com/stores/611/,33.460873,-112.2054,I-10,137,6700 W LATHAM,PHOENIX,AZ,85043,623-936-1118 (TRAVEL CENTER),623-936-3611,170.0,45.0,45.0,12.0,15.0,,0.0,623-936-1118 (DENNY'S),3.499,3.999,3.999,,,3.699,,,,,www.pilotflyingj.com/stores/611/,
3,Arizona,FLYING J TRAVEL CENTER #612,location_details.php?id=16814,http://www.rvandtravelers.com/location_details.php?id=16814,RVer,flying j,,,http://https://www.pilotflyingj.com/stores/612/,35.016021,-110.674059,I-40,255,400 TRANSCON LANE,WINSLOW,AZ,86047,928-289-2081 (TRAVEL CENTER),928-289-3798,200.0,12.0,12.0,12.0,15.0,,0.0,928-289-2081 (DENNY'S),3.519,3.999,3.999,,,3.699,,,,,www.pilotflyingj.com/stores/612/,
3,Arizona,FREEWAY CHEVRON,location_details.php?id=1145,http://www.rvandtravelers.com/location_details.php?id=1145,RVer,chevron,,,,32.222582,-109.873092,I-10,336,2905 S HASKELL AVE,WILCOX,AZ,85643,520-384-4375 (TRAVEL CENTER),,24.0,0.0,0.0,2.0,0.0,,0.0,,,,,,,,,,,,,
3,Arizona,HALLUM STORES,location_details.php?id=1286,http://www.rvandtravelers.com/location_details.php?id=1286,RVer,texaco,,,,35.191292,-114.069578,I-40,48,932 W BEALE ST,KINGMAN,AZ,86401,928-753-6538 (TRAVEL CENTER),,0.0,0.0,0.0,2.0,0.0,,0.0,,,,,,,,,,,,,
3,Arizona,HOPI TRAVEL PLAZA,location_details.php?id=1348,http://www.rvandtravelers.com/location_details.php?id=1348,RVer,conoco,,,,34.974679,-110.09014,I-40,292,1851 STATE HWY 77,HOLBROOK,AZ,86025,928-524-1400 (TRAVEL CENTER),928-528-1405,150.0,0.0,0.0,6.0,6.0,,0.0,,3.499,3.759,3.859,,,,,,,,,
3,Arizona,JOHNSON'S TRAVEL CENTER,location_details.php?id=1488,http://www.rvandtravelers.com/location_details.php?id=1488,RVer,chevron,,,,35.30951,-112.856982,I-40,123,21355 I-40 BUSINESS LOOP,SELIGMAN,AZ,86337,928-422-3540 (TRAVEL CENTER),928-422-0045,50.0,0.0,0.0,2.0,0.0,,0.0,928-422-3540 (SUBWAY),,,,928-422-3540 (JUANHIJOS BURRITO),,,,,,,,
3,Arizona,LAKE POWELL CONVENIENCE,location_details.php?id=10285,http://www.rvandtravelers.com/location_details.php?id=10285,RVer,shell,,,,36.90423,-111.483499,US 89,,901 US 89 S,PAGE,AZ,86040,928-645-5998 (TRAVEL CENTER),928-645-5345,0.0,0.0,0.0,2.0,0.0,,0.0,,,,,,,,,,,,,
3,Arizona,LAST STOP TRAVEL CENTER,location_details.php?id=55839,http://www.rvandtravelers.com/location_details.php?id=55839,RVer,ind dealer,,,,35.716149,-114.4855,US 93,,20331 N US 93,WHITE HILLS,AZ,86445,928-277-7379 (TRAVEL CENTER),,,,,6.0,4.0,,,928-277-7379 (LAST STOP KITCHEN),,,,928-277-7379 (STEEL'S ALL AMERICAN HOT DOGS),928-277-7379 (ARIZONA HOT WINGS),,928-277-7379 (BROOKLYN'S BEST NEW YORK PIZZA),,,,,
3,Arizona,LITTLE AMERICA TRAVEL CENTER - FLAGSTAFF,location_details.php?id=1705,http://www.rvandtravelers.com/location_details.php?id=1705,RVer,sinclair oil .svg,,,,35.191796,-111.617997,I-40,198,2515 E BUTLER AVE,FLAGSTAFF,AZ,86004,928-779-7942 (TRAVEL CENTER),928-779-7978,85.0,0.0,0.0,7.0,11.0,,2.0,928-779-7942 (THE GRILL AND DELI),,,,,,,,,,,,
3,Arizona,LOVE'S TRAVEL STOP #265,location_details.php?id=14756,http://www.rvandtravelers.com/location_details.php?id=14756,RVer,loves travel stops country stores 416x416,,,http://https://www.loves.com/locations/265,32.806523,-111.672303,I-10,200,5000 N SUNLAND GIN RD,CASA GRANDE,AZ,85131,520-423-2015 (TRAVEL CENTER),520-423-2019,100.0,0.0,0.0,8.0,5.0,,0.0,520-423-2015 (ARBY'S),3.349,3.989,3.989,520-423-2015 (GODFATHER'S PIZZA),,,,,,,www.loves.com/locations/265,
3,Arizona,LOVE'S TRAVEL STOP #272,location_details.php?id=1912,http://www.rvandtravelers.com/location_details.php?id=1912,RVer,loves travel stops country stores 416x416,,,http://https://www.loves.com/locations/272,35.199538,-113.903998,I-40,59,6035 E MINERVA LANE,KINGMAN,AZ,86401,928-681-4405 (TRAVEL CENTER),928-681-4408,35.0,0.0,0.0,9.0,7.0,,1.0,928-681-4405 (CHESTER'S FRIED CHICKEN),3.369,3.989,3.989,928-681-4405 (SUBWAY),,3.999,,,,,www.loves.com/locations/272,
3,Arizona,LOVE'S TRAVEL STOP #278,location_details.php?id=1752,http://www.rvandtravelers.com/location_details.php?id=1752,RVer,loves travel stops country stores 416x416,,,http://https://www.loves.com/locations/278,34.954904,-110.311745,I-40,277,4703 MAIN ST,JOSEPH CITY,AZ,86032,928-288-3726 (TRAVEL CENTER),928-288-3738,74.0,0.0,0.0,5.0,5.0,,3.0,928-288-3726 (CHESTER'S FRIED CHICKEN),3.579,3.989,3.989,928-288-3726 (SUBWAY),,3.999,,,,,www.loves.com/locations/278,
3,Arizona,LOVE'S TRAVEL STOP #280,location_details.php?id=22289,http://www.rvandtravelers.com/location_details.php?id=22289,RVer,loves travel stops country stores 416x416,,,http://https://www.loves.com/locations/280,33.431337,-112.5922,I-10,114,1610 S MILLER RD,BUCKEYE,AZ,85326,623-386-6926 (TRAVEL CENTER),623-386-7462,58.0,0.0,0.0,6.0,5.0,,2.0,623-386-6926 (CHESTER'S FRIED CHICKEN),3.699,3.999,3.989,623-386-6926 (SUBWAY),,,,,,,www.loves.com/locations/280,
3,Arizona,LOVE'S TRAVEL STOP #286,location_details.php?id=22291,http://www.rvandtravelers.com/location_details.php?id=22291,RVer,loves travel stops country stores 416x416,,,http://https://www.loves.com/locations/286,33.657228,-114.241695,I-10,17,760 QUARTZSITE AVE,QUARTZSITE,AZ,85346,928-927-8570 (TRAVEL CENTER),928-927-8576,122.0,0.0,0.0,6.0,5.0,,3.0,928-927-8570 (CHESTER'S FRIED CHICKEN),3.679,4.149,3.989,928-927-8576 (SUBWAY),,3.999,,,,,www.loves.com/locations/286,
3,Arizona,LOVE'S TRAVEL STOP #296,location_details.php?id=10272,http://www.rvandtravelers.com/location_details.php?id=10272,RVer,loves travel stops country stores 416x416,,,http://https://www.loves.com/locations/296,32.944585,-112.733307,I-8,115,820 W PIMA ST,GILA BEND,AZ,85337,928-683-2210 (TRAVEL CENTER),928-683-2230,41.0,0.0,0.0,4.0,3.0,,0.0,928-683-2210 (TACO BELL),3.539,3.989,3.989,,,,,,,,www.loves.com/locations/296,
3,Arizona,LOVE'S TRAVEL STOP #328,location_details.php?id=14753,http://www.rvandtravelers.com/location_details.php?id=14753,RVer,loves travel stops country stores 416x416,,,http://https://www.loves.com/locations/328,33.279556,-111.962347,I-10,162,7001 W SUNDUST RD,CHANDLER,AZ,85226,520-796-1185 (TRAVEL CENTER),520-796-1228,110.0,0.0,0.0,7.0,5.0,,4.0,520-796-1185 (ARBY'S),3.599,3.989,3.989,,,,,,,,www.loves.com/locations/328,
3,Arizona,LOVE'S TRAVEL STOP #349,location_details.php?id=14778,http://www.rvandtravelers.com/location_details.php?id=14778,RVer,loves travel stops country stores 416x416,,,http://https://www.loves.com/locations/349,32.685878,-114.582809,I-8,3,2931 E GILA RIDGE RD,YUMA,AZ,85365,928-341-9100 (TRAVEL CENTER),928-341-9105,85.0,0.0,0.0,7.0,7.0,,3.0,928-341-9100 (CHESTER'S FRIED CHICKEN),3.639,3.989,3.989,928-341-9100 (SUBWAY),928-341-9100 (GODFATHER'S PIZZA),3.999,,,,,www.loves.com/locations/349,
3,Arizona,LOVE'S TRAVEL STOP #386,location_details.php?id=1911,http://www.rvandtravelers.com/location_details.php?id=1911,RVer,loves travel stops country stores 416x416,,,http://https://www.loves.com/locations/386,34.723825,-114.315359,I-40,9,14875 S US 95,LAKE HAVASU CITY,AZ,14875,928-764-1505 (TRAVEL CENTER),928-764-1533,85.0,0.0,0.0,8.0,5.0,,3.0,928-764-1505 (CARL'S JR),3.249,4.089,3.989,928-764-1505 (SUBWAY),,3.999,,,,,www.loves.com/locations/386,
3,Arizona,LOVE'S TRAVEL STOP #460,location_details.php?id=1188,http://www.rvandtravelers.com/location_details.php?id=1188,RVer,loves travel stops country stores 416x416,,,http://https://www.loves.com/locations/460,31.962731,-110.344763,I-10,302,643 AZ 90,BENSON,AZ,85602,520-586-7151 (TRAVEL CENTER),520-586-8707,60.0,0.0,0.0,5.0,4.0,,2.0,520-586-7151 (CHESTER'S FRIED CHICKEN),3.399,3.889,3.989,520-586-7151 (SUBWAY),520-586-7151 (GODFATHER'S PIZZA),3.999,,,,,www.loves.com/locations/460,
3,Arizona,LOVE'S TRAVEL STOP #553,location_details.php?id=45161,http://www.rvandtravelers.com/location_details.php?id=45161,RVer,loves travel stops country stores 416x416,,,http://https://www.loves.com/locations/553,35.263352,-112.194217,I-40,163,1055 N GRAND CANYON BLVD,WILLIAMS,AZ,86046,928-635-9958 (TRAVEL CENTER),928-635-9862,100.0,0.0,0.0,8.0,7.0,,5.0,928-635-9958 (CARL'S JR),3.219,3.589,3.949,928-635-9958 (SUBWAY),,3.999,,,,,www.loves.com/locations/553,
3,Arizona,LOVE'S TRAVEL STOP #649,location_details.php?id=45158,http://www.rvandtravelers.com/location_details.php?id=45158,RVer,loves travel stops country stores 416x416,,,http://https://www.loves.com/locations/659,33.458541,-112.239248,I-10,135,8313 ROOSEVELT ST,TOLLESON,AZ,85353,623-936-1037 (TRAVEL CENTER),623-936-1062,85.0,0.0,0.0,7.0,7.0,,6.0,623-936-1037 (CARL'S JR),,,,623-936-1037 (SUBWAY),,,,,,,www.loves.com/locations/659,
3,Arizona,LOVE'S TRAVEL STOP #722,location_details.php?id=53857,http://www.rvandtravelers.com/location_details.php?id=53857,RVer,loves travel stops country stores 416x416,,,,34.33476,-112.117691,I-17,263/ARCOSANTI RD,14414 S CROSS L RD,MAYER,AZ,86333,928-227-9764 (TRAVEL CENTER),928-227-9765,53.0,0.0,0.0,6.0,8.0,,2.0,928-227-9764 (ARBY'S),,,,928-227-9764 (GODFATHER'S PIZZA),,,,,,,,
3,Arizona,MAINSTREET MARKET,location_details.php?id=192,http://www.rvandtravelers.com/location_details.php?id=192,RVer,ind dealer,,,,32.270943,-109.243833,I-10,378,2507 W I-10 BUSINESS LOOP,SAN SIMON,AZ,85632,520-845-2251 (TRAVEL CENTER),,200.0,0.0,0.0,5.0,6.0,,0.0,520-845-2251 (SUBWAY),,,,,,,,,,,,
3,Arizona,MAVERIK ADVENTURE'S FIRST STOP,location_details.php?id=54680,http://www.rvandtravelers.com/location_details.php?id=54680,RVer,ind dealer,,,,34.916339,-110.154355,I-40,286,1301 NAVAJO BLVD,HOLBROOK,AZ,86025,928-524-9310 (TRAVEL CENTER),,,,,10.0,,,,,,,,,,,,,,,,
3,Arizona,MINUTE MART,location_details.php?id=45162,http://www.rvandtravelers.com/location_details.php?id=45162,RVer,shell,,,,33.765795,-112.514101,US 60,N 211TH AVE,31120 N US 60,WITTMANN,AZ,85361,623-388-2900 (TRAVEL CENTER),,10.0,0.0,0.0,3.0,0.0,,0.0,623-388-2900 (SUBWAY),,,,,,,,,,,,
3,Arizona,MINUTE MART,location_details.php?id=52883,http://www.rvandtravelers.com/location_details.php?id=52883,RVer,shell,,,http://https://locations.pilotflyingj.com/us/az/white-hills/12683-white-hills-rd,35.699647,-114.475859,US 93,,12683 WHITE HILLS RD,WHITE HILLS,AZ,86445,928-767-3008 (TRAVEL CENTER),928-767-3008,30.0,0.0,0.0,5.0,0.0,,0.0,928-767-3008 (SUBWAY),,3.959,3.899,,,,,,,,locations.pilotflyingj.com/us/az/white-hills/12683-white-hills-rd,
3,Arizona,MINUTE MART,location_details.php?id=55918,http://www.rvandtravelers.com/location_details.php?id=55918,RVer,shell,,,,32.6911744,-113.9536014,I-8,42,9250 S AVE 40E,TACNA,AZ,85352,928-239-5764 (TRAVEL CENTER),,120.0,0.0,0.0,6.0,0.0,,0.0,928-239-5764 (SUBWAY),,3.999,3.999,,,,,,,,,
3,Arizona,MINUTE MART,location_details.php?id=55914,http://www.rvandtravelers.com/location_details.php?id=55914,RVer,shell,,,,33.415295,-111.995561,I-10,152,3444 S 40TH ST,PHOENIX,AZ,85040,602-601-4868 (TRAVEL CENTER),,3.0,0.0,0.0,4.0,0.0,,0.0,602-601-4868 (SUBWAY),,4.799,3.899,,,,,,,,,
3,Arizona,MINUTE MART,location_details.php?id=10273,http://www.rvandtravelers.com/location_details.php?id=10273,RVer,shell,,,,32.949867,-112.705897,I-8,119,942 E PIMA ST,GILA BEND,AZ,85337,928-683-2992 (TRAVEL CENTER),928-683-2360,30.0,0.0,0.0,6.0,4.0,,0.0,928-683-2992 (SUBWAY),,,,,,,,,,,,
3,Arizona,MOBIL,location_details.php?id=2905,http://www.rvandtravelers.com/location_details.php?id=2905,RVer,mobil oil type,,,,32.667107,-114.443529,I-8,12,11235 S FORTUNA RD,YUMA,AZ,85367,928-342-1074 (TRAVEL CENTER),,0.0,0.0,0.0,3.0,0.0,,0.0,928-342-1074 (BURGER KING),,,,,,,,,,,,
3,Arizona,NAVAJO TRAVEL CENTER,location_details.php?id=2093,http://www.rvandtravelers.com/location_details.php?id=2093,RVer,shell,,,,35.128363,-109.541149,I-40,325,KERR MCGEE RD,NAVAJO,AZ,86502,928-688-2334 (TRAVEL CENTER),928-688-2888,75.0,0.0,0.0,6.0,0.0,,0.0,928-688-2334 (SUBWAY),,,,,,,,,,,,
3,Arizona,PETRO STOPPING CENTER #306,location_details.php?id=2213,http://www.rvandtravelers.com/location_details.php?id=2213,RVer,petro,,,http://https://www.ta-petro.com/location/az/petro-eloy,32.811832,-111.669068,I-10,200,5235 N SUNLAND GIN RD,CASA GRANDE,AZ,85231,520-836-3983 (TRAVEL CENTER),520-423-3254,175.0,8.0,8.0,10.0,10.0,,4.0,520-836-5745 (IRON SKILLET),,,,,,,,,,,www.ta-petro.com/location/az/petro-eloy,
3,Arizona,PETRO STOPPING CENTER #315,location_details.php?id=2214,http://www.rvandtravelers.com/location_details.php?id=2214,RVer,petro,,,http://https://www.ta-petro.com/location/az/petro-kingman,35.17617,-113.785941,I-40,66,970 S BLAKE RANCH RD,KINGMAN,AZ,86401,928-681-5246 (TRAVEL CENTER),928-681-5245,205.0,6.0,6.0,12.0,17.0,,5.0,928-681-5246 (DUNKIN' DONUTS),,,,928-681-5246 (IRON SKILLET),,,,,,,www.ta-petro.com/location/az/petro-kingman,
3,Arizona,PILOT EXPRESS,location_details.php?id=48247,http://www.rvandtravelers.com/location_details.php?id=48247,RVer,pilot,,,http://https://pilotflyingj.com/stores/1178/,32.084183,-110.803072,I-10,273,9255 S RITA RD,TUCSON,AZ,85747,520-207-7876 (TRAVEL CENTER),520-203-8435,4.0,0.0,0.0,4.0,0.0,,0.0,520-207-7876 (SUBWAY),3.329,3.899,3.859,,,,,,,,pilotflyingj.com/stores/1178/,
3,Arizona,PILOT TRAVEL CENTER # 279,location_details.php?id=45080,http://www.rvandtravelers.com/location_details.php?id=45080,RVer,pilot,,,http://https://pilotflyingj.com/stores/279,31.431247,-110.962217,I-19,12,769 E FRONTAGE RD,RIO RICO,AZ,85648,520-377-0001 (TRAVEL CENTER),520-377-0003,90.0,5.0,5.0,9.0,8.0,,0.0,520-377-0001 (WENDY'S),3.369,4.099,3.999,,,,,,,,pilotflyingj.com/stores/279,
3,Arizona,PILOT TRAVEL CENTER #1175,location_details.php?id=2899,http://www.rvandtravelers.com/location_details.php?id=2899,RVer,pilot,,,,34.327273,-112.117328,I-17,263,14905 CORDES LAKE RD,CORDES LAKE,AZ,86333,928-632-4521 (TRAVEL CENTER),928-642-1450,25.0,0.0,0.0,6.0,0.0,,0.0,928-632-4521 (SUBWAY),3.289,4.059,3.999,,,,,,,,,
3,Arizona,PILOT TRAVEL CENTER #1180,location_details.php?id=2027,http://www.rvandtravelers.com/location_details.php?id=2027,RVer,pilot,,,http://https://pilotflyingj.com/new-locations/,33.494399,-112.937794,I-10,94,41112 W INDIAN SCHOOL RD,TONOPAH,AZ,85354,623-386-5386 (TRAVEL CENTER),623-393-0315,66.0,0.0,0.0,6.0,3.0,,0.0,623-386-5386 (SUBWAY),3.799,3.999,3.999,,,,,,,,pilotflyingj.com/new-locations/,
3,Arizona,PILOT TRAVEL CENTER #1212,location_details.php?id=52438,http://www.rvandtravelers.com/location_details.php?id=52438,RVer,pilot,,,http://https://pilotflyingj.com/stores/1212/,33.633769,-113.768798,I-10,45,48286 VICKSBURG RD,SALOME,AZ,85348,928-859-3165 (TRAVEL CENTER),928-859-390,20.0,0.0,0.0,8.0,5.0,,0.0,928-859-3165 (SUBWAY),3.659,4.159,3.999,928-859-3165 (PJ FRESH),,,,,,,pilotflyingj.com/stores/1212/,
3,Arizona,PILOT TRAVEL CENTER #1243,location_details.php?id=1342,http://www.rvandtravelers.com/location_details.php?id=1342,RVer,pilot,,,,32.929996,-112.673405,I-8,119,3006 S BUTTERFIELD TRAIL,GILA BEND,AZ,85337,928-580-5987 (TRAVEL CENTER),928-580-7997,70.0,14.0,14.0,8.0,7.0,,0.0,928-580-5987 (SUBWAY),3.539,3.999,3.999,928-580-5987 (MAMA DELUCAS PIZZA),,3.699,,,,,,
3,Arizona,PILOT TRAVEL CENTER #180,location_details.php?id=2581,http://www.rvandtravelers.com/location_details.php?id=2581,RVer,pilot,,,http://https://www.pilotflyingj.com/stores/180/,35.238507,-111.822583,I-40,185,W I-40 12500 BRANNIGAN PARK RD,BELLEMONT,AZ,86015,928-773-0180 (TRAVEL CENTER),928-773-0205,45.0,10.0,10.0,7.0,7.0,,0.0,928-773-0180 (MCDONALD'S),3.709,3.999,3.999,928-773-0197 (SUBWAY),,,,,,,www.pilotflyingj.com/stores/180/,
3,Arizona,PILOT TRAVEL CENTER #211,location_details.php?id=10277,http://www.rvandtravelers.com/location_details.php?id=10277,RVer,pilot,,,http://https://www.pilotflyingj.com/stores/211/,34.728256,-114.315187,I-40,9,14750 S HWY 95,LAKE HAVASU CITY,AZ,86404,928-764-2410 (TRAVEL CENTER),928-764-2021,85.0,2.0,2.0,10.0,12.0,,0.0,928-764-3030 (WENDY'S),3.249,4.099,3.999,928-764-3030 (CINNABON),928-764-3030 (DUNKIN' DONUTS EXPRESS),,,,,,www.pilotflyingj.com/stores/211/,
3,Arizona,PILOT TRAVEL CENTER #328,location_details.php?id=16787,http://www.rvandtravelers.com/location_details.php?id=16787,RVer,pilot,,,http://https://www.pilotflyingj.com/stores/328/,33.661422,-114.236411,I-10,17,1201 W MAIN ST,QUARTZSITE,AZ,85359,928-927-7777 (TRAVEL CENTER),928-927-7000,100.0,10.0,10.0,9.0,6.0,,2.0,928-927-7777 (DAIRY QUEEN),3.679,4.159,3.999,928-927-7777 (SUBWAY),,,,,,,www.pilotflyingj.com/stores/328/,
3,Arizona,PILOT TRAVEL CENTER #458,location_details.php?id=16792,http://www.rvandtravelers.com/location_details.php?id=16792,RVer,pilot,,,http://https://www.pilotflyingj.com/stores/608/,32.738152,-111.549371,I-10,208,619 S SUNSHINE BLVD,ELOY,AZ,85231,520-466-7550 (TRAVEL CENTER),520-466-7575,145.0,0.0,0.0,10.0,8.0,,0.0,520-466-7550 (DAIRY QUEEN),3.339,3.999,3.999,520-466-7550 (SUBWAY),,,,,,,www.pilotflyingj.com/stores/608/,
3,Arizona,PILOT TRAVEL CENTER #459,location_details.php?id=16797,http://www.rvandtravelers.com/location_details.php?id=16797,RVer,pilot,,,http://https://www.pilotflyingj.com/stores/459/,33.457029,-112.273593,I-10,133,900 N 99TH AVE,AVONDALE,AZ,85323,623-936-0900 (TRAVEL CENTER),623-936-7376,154.0,31.0,31.0,9.0,13.0,,0.0,623-478-0990 (WENDY'S),3.559,3.999,3.999,623-936-1770 (SUBWAY),,,,,,,www.pilotflyingj.com/stores/459/,
3,Arizona,PILOT TRAVEL CENTER #593,location_details.php?id=38430,http://www.rvandtravelers.com/location_details.php?id=38430,RVer,pilot,,,http://https://pilotflyingj.com/stores/593,32.125681,-110.873714,I-10,268,5570 E TRAVEL PLAZA WAY,TUCSON,AZ,85756,520-663-3348 (TRAVEL CENTER),520-663-3439,83.0,30.0,30.0,8.0,7.0,,0.0,520-663-3424 (SUBWAY),3.239,3.899,3.999,520-663-3424 (TACO BELL),520-663-3424 (CINNABON),3.599,,,,,pilotflyingj.com/stores/593,
3,Arizona,PRIDE TRAVEL CENTER,location_details.php?id=23804,http://www.rvandtravelers.com/location_details.php?id=23804,RVer,ind dealer,,,,32.811925,-111.672111,I-10,200,5240 S SUNLAND GIN RD,CASA GRANDE,AZ,85131,520-836-9681 (TRAVEL CENTER),,80.0,0.0,0.0,8.0,4.0,,0.0,,,,,,,,,,,,,
3,Arizona,PRIDE TRAVEL CENTER,location_details.php?id=55916,http://www.rvandtravelers.com/location_details.php?id=55916,RVer,pilot,,,,34.8639643,-114.1440658,I-40,25,12551 S MOHAVE CENTER BLVD,YUCCA,AZ,86438,928-766-6228 (TRAVEL CENTER),928-766-6331,86.0,86.0,86.0,8.0,7.0,,0.0,928-766-6228 (SUBWAY),,,,,,,,,,,,
3,Arizona,PRIDE TRAVEL STOP,location_details.php?id=3336,http://www.rvandtravelers.com/location_details.php?id=3336,RVer,valero,,,,33.627987,-113.768191,I-10,45,48710 VICKSBURG RD,VICKSBURG,AZ,85348,928-859-3843 (TRAVEL CENTER),928-859-4432,50.0,0.0,0.0,6.0,0.0,,0.0,,,,,,,,,,,,,
3,Arizona,QUICK TRIP,location_details.php?id=2668,http://www.rvandtravelers.com/location_details.php?id=2668,RVer,quiktrip,,,,33.461409,-112.167515,I-10,139,1155 N 51ST AVE,PHOENIX,AZ,85043,602-269-1714 (TRAVEL CENTER),,25.0,0.0,0.0,8.0,0.0,,0.0,602-269-1714 (QT KITCHEN),,,,,,,,,,,,
3,Arizona,QUIK CHEK 76,location_details.php?id=2677,http://www.rvandtravelers.com/location_details.php?id=2677,RVer,76,,,,33.667315,-114.217489,US 95,,26 W MAIN ST,QUARTZSITE,AZ,85346,928-927-5642 (TRAVEL CENTER),,2.0,0.0,0.0,6.0,0.0,,0.0,,,,,,,,,,,,,
3,Arizona,QUIK TRIP #492,location_details.php?id=45057,http://www.rvandtravelers.com/location_details.php?id=45057,RVer,quiktrip,,,,33.429476,-112.592557,I-10,114,1850 S MILLER RD,BUCKEYE,AZ,85326,623-386-8855 (TRAVEL CENTER),623-386-5022,15.0,0.0,0.0,7.0,0.0,,0.0,623-386-8855 (QT KITCHEN),,,,,,,,,,,,
3,Arizona,RUNNING MAN FUEL,location_details.php?id=54883,http://www.rvandtravelers.com/location_details.php?id=54883,RVer,ind dealer,,,,34.135539,-114.280876,AZ 95,,1115 MOHAVE RD,PARKER,AZ,85344,928-575-1513 (TRAVEL CENTER),,,,,4.0,,,,,,,,,,,,,,,,
3,Arizona,SAN SIMON TRAVEL PLAZA,location_details.php?id=55920,http://www.rvandtravelers.com/location_details.php?id=55920,RVer,76,,,,32.2708643,-109.2443738,I-10,378,2500 W BUSINESS I-10,SAN SIMON,AZ,85632,520-845-2500 (TRAVEL CENTER),520-845-2505,21.0,0.0,0.0,4.0,0.0,,0.0,520-845-2500 (CHESTER'S FRIED CHICKEN),,3.899,3.999,,,,,,,,,
3,Arizona,SPEEDMART,location_details.php?id=45058,http://www.rvandtravelers.com/location_details.php?id=45058,RVer,chevron,,,,33.42699,-112.590039,I-10,114,2075 S MILLER RD,BUCKEYE,AZ,85326,623-474-6262 (TRAVEL CENTER),623-474-6868,8.0,0.0,0.0,4.0,0.0,,0.0,623-474-6262 (MASKADARES MEXICAN),,,,,,,,,,,,
3,Arizona,SPEEDWAY,location_details.php?id=10282,http://www.rvandtravelers.com/location_details.php?id=10282,RVer,76,,,,32.670244,-114.578517,US 80,,3200 E 32ND ST,YUMA,AZ,85365,928-344-0160 (TRAVEL CENTER),928-726-6625,20.0,0.0,0.0,2.0,0.0,,0.0,,,,,,,,,,,,,
3,Arizona,SPEEDY'S TRUCK STOP,location_details.php?id=3012,http://www.rvandtravelers.com/location_details.php?id=3012,RVer,ind dealer,,,,35.363036,-109.047641,I-40,359,359 GRANT RD,LUPTON,AZ,86508,928-688-2775 (TRAVEL CENTER),928-688-2231,50.0,0.0,0.0,9.0,6.0,,2.0,928-688-2775 (SPEEDY'S CAFE),,,,,,,,,,,,
3,Arizona,SPEEDY'S TRUCK STOP,location_details.php?id=10283,http://www.rvandtravelers.com/location_details.php?id=10283,RVer,ind dealer,,,,35.850274,-111.427806,US 89,AZ 64,101 HWY 89,CAMERON,AZ,86020,928-679-2333 (TRAVEL CENTER),928-774-3330,12.0,0.0,0.0,4.0,0.0,,0.0,,,,,,,,,,,,,
3,Arizona,SUNMART #640,location_details.php?id=3090,http://www.rvandtravelers.com/location_details.php?id=3090,RVer,ind dealer,,,,33.624552,-114.438157,I-10,5,18221 TOM WELLS RD,EHRENBERG,AZ,85334,928-927-6568 (TRAVEL CENTER),928-927-3990,50.0,0.0,0.0,10.0,4.0,,0.0,928-927-6568 (SUBWAY),,,,,,,,,,,,
3,Arizona,TRAVEL CENTERS OF AMERICA #007,location_details.php?id=15619,http://www.rvandtravelers.com/location_details.php?id=15619,RVer,catscale3,,,http://www.tatravelcenters.com/location-details/ta-eloy,32.772553,-111.617866,I-10,203,2949 N TOLTEC RD,ELOY,AZ,85131,520-466-7363 (TRAVEL CENTER),520-466-7536,234.0,4.0,4.0,12.0,11.0,,4.0,520-466-7363 (TACO BELL),,,,520-466-7363 (A & W),520-466-7363 (SABARRO'S),,,,,,,
3,Arizona,TRAVEL CENTERS OF AMERICA #094,location_details.php?id=10287,http://www.rvandtravelers.com/location_details.php?id=10287,RVer,catscale3,,,http://www.tatravelcenters.com/location-details/ta-kingman,35.190233,-114.070911,I-40,48,946 W BEALE ST,KINGMAN,AZ,86401,928-753-7600 (TRAVEL CENTER),928-753-4577,115.0,4.0,4.0,10.0,11.0,,5.0,928-753-7600 (BLACK BEAR DINER),,,,928-753-7600 (POPEYE'S),,,,,,,,
3,Arizona,TRAVEL CENTERS OF AMERICA #225,location_details.php?id=3193,http://www.rvandtravelers.com/location_details.php?id=3193,RVer,catscale3,,,http://www.tatravelcenters.com/location-details/ta-tonopah,33.45817,-112.782242,I-10,103,1010 N 339TH AVE,TONOPAH,AZ,85354,623-386-6443 (TRAVEL CENTER),623-386-6490,430.0,6.0,6.0,12.0,17.0,,5.0,623-386-6443 (COUNTRY PRIDE RESTAURANT),,,,623-386-6443 (TACO BELL EXPRESS),623-386-6443 (SUBWAY),,623-386-6443 (PIZZA HUT),,,,,
3,Arizona,TRAVEL CENTERS OF AMERICA #226,location_details.php?id=3194,http://www.rvandtravelers.com/location_details.php?id=3194,RVer,catscale3,,,http://https://www.ta-petro.com/location/az/ta-willcox,32.268412,-109.848161,I-10,340,1501 N FORT GRANT RD,WILCOX,AZ,85643,520-384-5311 (TRAVEL CENTER),520-384-6108,229.0,6.0,6.0,8.0,10.0,,5.0,520-384-5311 (COUNTRY PRIDE RESTAURANT),,,,520-384-5311 (POPEYE'S),520-384-5311 (SUBWAY),,,,,,www.ta-petro.com/location/az/ta-willcox,
3,Arizona,TRAVEL CENTERS OF AMERICA #246,location_details.php?id=1155,http://www.rvandtravelers.com/location_details.php?id=1155,RVer,catscale3,,,http://www.tatravelcenters.com/location-details/ta-holbrook,34.905021,-110.210916,I-40,283,3747 EXPRESS DR,HOLBROOK,AZ,86025,928-524-3006 (TRAVEL CENTER),928-524-9181,75.0,8.0,8.0,8.0,9.0,,4.0,928-524-3006 (POPEYE'S CHICKEN),,,,,,,,,,,,
3,Arizona,TRAVEL CENTERS OF AMERICA EXPRESS #292,location_details.php?id=52890,http://www.rvandtravelers.com/location_details.php?id=52890,RVer,taexpress,,,http://https://www.ta-petro.com/location/az/ta-express%20white%20hills,35.684435,-114.46719,US 93,,19210 US HWY 93,WHITE HILLS,AZ,86445,702-502-9477 (TRAVEL CENTER),,67.0,0.0,0.0,7.0,8.0,,0.0,702-502-9477 (KRISPY KRUNCHY CHICKEN),,,,702-502-9477 (US SUB),,,,MM 29,,,www.ta-petro.com/location/az/ta-express%20white%20hills,
3,Arizona,"TUCSON TRUCK TERMINAL, INC.",location_details.php?id=3550,http://www.rvandtravelers.com/location_details.php?id=3550,RVer,ind dealer,,,,32.12695,-110.876208,I-10,268,5451 E BENSON HWY,TUCSON,AZ,85756,520-574-0050 (TRAVEL CENTER),520-574-9606,150.0,0.0,150.0,8.0,5.0,,2.0,520-574-0050 (OMAR'S),,,,,,,,,,,,
3,Arizona,WILCOX TRUCK PLAZA,location_details.php?id=3704,http://www.rvandtravelers.com/location_details.php?id=3704,RVer,chevron,,,,32.263554,-109.841042,I-10,340,1190 W REX ALLEN DR,WILCOX,AZ,85643,520-766-1100 (TRAVEL CENTER),,15.0,0.0,0.0,7.0,0.0,,0.0,,,,,,,,,,,,,
3,Arizona,XPRESS FUEL,location_details.php?id=55919,http://www.rvandtravelers.com/location_details.php?id=55919,RVer,ind dealer,,,,32.7795467,-111.6179235,I-10,203,3105 N TOLTEC RD,ELOY,AZ,85131,520-709-4058 (TRAVEL CENTER),520-709-7108,,,,4.0,,,,520-709-4058 (TRUCKER BURGER),3.289,3.899,3.859,,,,,,,,,
3,Arizona,ZARRO SHELL,location_details.php?id=45079,http://www.rvandtravelers.com/location_details.php?id=45079,RVer,shell,,,,31.338713,-110.96628,AZ 189,,330 N MARIPOOSA RD,NOGALES,AZ,85621,520-287-4800 (TRAVEL CENTER),,20.0,0.0,0.0,3.0,0.0,,0.0,,,,,,,,,,,,,
5,California,24 SEVEN TRAVEL PLAZA,location_details.php?id=10297,http://www.rvandtravelers.com/location_details.php?id=10297,RVer,ind dealer,,,,35.354561,-118.913162,CA 58,117,209 WEEDPATCH HWY,BAKERSFIELD,CA,93307,661-364-0630,661-364-0718,130.0,0.0,0.0,6.0,5.0,,2.0,,,,,,,,,,,,,
5,California,3 BROTHERS TRAVEL PLAZA,location_details.php?id=44711,http://www.rvandtravelers.com/location_details.php?id=44711,RVer,chevron,,,,39.163346,-122.919276,CA 20,,775 W STATE HWY 20,UPPER LAKE,CA,95485,707-275-8026 (TRAVEL CENTER),,5.0,0.0,0.0,2.0,0.0,,0.0,707-275-8026 (CARL'S JR),,,,707-275-8026 (DUNKIN' DONUTS),707-275-8026 (BASKIN ROBBINS),,,,,,,
5,California,3B'S TRUCK PLAZA,location_details.php?id=186,http://www.rvandtravelers.com/location_details.php?id=186,RVer,ind dealer,,,,38.1128,-121.394142,I-5,485,14749 THORTON RD,LODI,CA,95240,209-369-6391 (TRAVEL CENTER),209-365-0715,50.0,0.0,0.0,8.0,0.0,,2.0,,,,,,,,,,,,,
5,California,5TH WHEEL TRUCK STOP,location_details.php?id=194,http://www.rvandtravelers.com/location_details.php?id=194,RVer,ind dealer,,,,36.680799,-119.73796,I-99,127,3767 S GOLDEN STATE BLVD,FRESNO,CA,93725,559-485-0701 (TRAVEL CENTER),559-485-5314,50.0,10.0,10.0,4.0,4.0,,3.0,559-485-0701 (PUNJABI DHABA),,,,,,,,,CHESTNUT,,,
5,California,7 ELEVEN,location_details.php?id=10322,http://www.rvandtravelers.com/location_details.php?id=10322,RVer,7 eleven,,,,37.65408,-122.40024,US 101,GRAND,114 HARBOR WAY S,SAN FRANCISCO,CA,94080,650-871-8132 (TRAVEL CENTER),,10.0,0.0,0.0,5.0,0.0,,0.0,,,,,,,,,,,,,
5,California,7 ELEVEN,location_details.php?id=44699,http://www.rvandtravelers.com/location_details.php?id=44699,RVer,7 eleven,,,,38.012201,-122.106193,I-680,54,3520 PACHECO BLVD,MARTINEZ,CA,94553,925-372-7806,,0.0,0.0,0.0,7.0,0.0,,0.0,,,,,,,,,,,,,
5,California,7 ELEVEN,location_details.php?id=44707,http://www.rvandtravelers.com/location_details.php?id=44707,RVer,7 eleven,,,,36.663567,-121.630066,US 101,326-B,1020 TERVEN AVE,SALINAS,CA,93902,831-754-6382 (TRAVEL CENTER),,20.0,0.0,0.0,5.0,3.0,,1.0,,,,,,,,,,,,,
5,California,7 ELEVEN,location_details.php?id=48356,http://www.rvandtravelers.com/location_details.php?id=48356,RVer,valero,,,,35.388983,-119.043349,BUCK OWENS BLVD,,3225 BUCK OWENS BLVD,BAKERSFIELD,CA,93308,661-229-9416,,3.0,,,4.0,0.0,,0.0,,,,,,,,,,,,,
5,California,7 ELEVEN,location_details.php?id=48358,http://www.rvandtravelers.com/location_details.php?id=48358,RVer,valero,,,,35.990104,-119.961148,HUBERT WAY,,33190 HUBERT WAY,KETTLEMAN CITY,CA,93239,559-386-1306 (TRAVEL CENTER),,4.0,0.0,0.0,5.0,1.0,,0.0,559-386-1306 (MCDONALD'S),,,,,,,,,,,,
5,California,7 ELEVEN,location_details.php?id=48359,http://www.rvandtravelers.com/location_details.php?id=48359,RVer,valero,,,,36.187504,-121.074008,US 101,278,50940 MESA VERDE RD,KING CITY,CA,93930,831-385-7572 (TRAVEL CENTER),,25.0,0.0,0.0,7.0,4.0,3.0,0.0,,,,,,,,,,,,,
5,California,7 ELEVEN,location_details.php?id=54932,http://www.rvandtravelers.com/location_details.php?id=54932,RVer,7 eleven,,,,39.187211,-120.832287,I-80,145,25 CANYON CREEK RD,GOLD RUN,CA,95714,530-955-1409 (TRAVEL CENTER),,10.0,0.0,0.0,3.0,0.0,,0.0,,,,,,,,,,,,,
5,California,76 EXPRESS,location_details.php?id=204,http://www.rvandtravelers.com/location_details.php?id=204,RVer,76,,,,37.896528,-121.28053,I-5,468,5777 FRENCH CAMP RD,STOCKTON,CA,95206,209-983-4781 (TRAVEL CENTER),,40.0,0.0,0.0,6.0,0.0,,0.0,,,,,,,,,,FRENCH CAMP RD,,,
5,California,76 FOOD MART AND TRUCK STOP,location_details.php?id=3570,http://www.rvandtravelers.com/location_details.php?id=3570,RVer,76,,,,34.070137,-117.452788,I-10,63,16111 VALLEY BLVD,FONTANA,CA,92335,909-822-5599 (TRAVEL CENTER),,0.0,0.0,0.0,5.0,0.0,,0.0,,,,,,,,,,CITRUS,,,
5,California,A-Z FUEL STOP,location_details.php?id=215,http://www.rvandtravelers.com/location_details.php?id=215,RVer,ind dealer,,,,34.077198,-117.488015,I-10,61,14529 SAN BERNARDINO AVE,FONTANA,CA,92335,909-356-5556,909-356-5025,0.0,0.0,0.0,4.0,0.0,,0.0,,,,,,,,,,,,,
5,California,ACTON 76,location_details.php?id=10293,http://www.rvandtravelers.com/location_details.php?id=10293,RVer,76,,,,34.493001,-118.199502,CA 14,,3807 SIERRA HWY STE 1,ACTON,CA,93510,661-269-0760 (TRAVEL CENTER),661-269-4255,0.0,0.0,0.0,4.0,0.0,,0.0,661-269-0760 (SUEVEE CAFE),,,,,,,,,,,,
5,California,AKAL TRUCK STOP,location_details.php?id=227,http://www.rvandtravelers.com/location_details.php?id=227,RVer,shell,,,,35.822534,-119.259728,I-99,61/CA 99,1748 HWY 99,DELANO,CA,93215,661-725-5525 (TRAVEL CENTER),,22.0,,,4.0,4.0,,0.0,,,,,,,,,,,,,
5,California,ALPINE CHEVRON,location_details.php?id=241,http://www.rvandtravelers.com/location_details.php?id=241,RVer,chevron,,,,32.841418,-116.780509,I-8,30,1145 TAVERN RD,ALPINE,CA,91901,619-445-1713 (TRAVEL CENTER),,3.0,0.0,0.0,4.0,0.0,,0.0,,,,,,,,,,TAVERN RD,,,
5,California,AM/PM,location_details.php?id=10352,http://www.rvandtravelers.com/location_details.php?id=10352,RVer,arco,,,,33.278397,-115.965908,CA 86,MARINA DR,2084 S MARINA DR,SALTON CITY,CA,92275,760-394-1024 (TRAVEL CENTER),760-394-4868,25.0,0.0,0.0,6.0,4.0,,0.0,,,,,,,,,,,,,
5,California,ARCHER TRAVEL CENTER,location_details.php?id=10294,http://www.rvandtravelers.com/location_details.php?id=10294,RVer,ind dealer,,,,35.063039,-118.176906,US 58,CA 14,16660 SIERRA HWY,MOJAVE,CA,93501,661-824-2800 (TRAVEL CENTER),661-824-2800,100.0,0.0,0.0,8.0,4.0,,0.0,,,,,,,,,,,,,
5,California,ARCO,location_details.php?id=10335,http://www.rvandtravelers.com/location_details.php?id=10335,RVer,arco,,,,37.357411,-118.395082,US 395,,466 S MAIN ST,BISHOP,CA,93514,760-873-8283 (TRAVEL CENTER),,2.0,0.0,0.0,8.0,0.0,,0.0,,,,,,,,,,,,,
5,California,ATASCADERO CHEVRON,location_details.php?id=16024,http://www.rvandtravelers.com/location_details.php?id=16024,RVer,chevron,,,,35.464724,-120.649722,US 101,,8955 MONTECITO AVE,ATASCADERO,CA,93422,805-462-0659 (TRAVEL CENTER),,0.0,0.0,0.0,4.0,0.0,,0.0,,,,,,,,,,,,,
5,California,B B TRAVEL PLAZA,location_details.php?id=313,http://www.rvandtravelers.com/location_details.php?id=313,RVer,76,,,,33.611436,-114.727114,I-10,232,17970 W HOPSON WAY,BLYTHE,CA,92225,760-922-5109 (TRAVEL CENTER),760-922-7580,150.0,0.0,0.0,6.0,3.0,,2.0,,,,,,,,,,,,,
5,California,BAKER SHELL,location_details.php?id=298,http://www.rvandtravelers.com/location_details.php?id=298,RVer,shell,,,,35.269416,-116.068974,I-15,246,72352 BAKER BLVD,BAKER,CA,92309,760-733-4753,,24.0,,,2.0,0.0,,0.0,,,,,,,,,,,,,
5,California,BANDINI TRUCK TERMINAL,location_details.php?id=10345,http://www.rvandtravelers.com/location_details.php?id=10345,RVer,ind dealer,,,,34.008601,-118.211506,BANDINI BLVD,,3152 BANDINI BLVD,VERNON,CA,90058,323-266-6840 (TRAVEL CENTER),323-266-6988,50.0,45.0,45.0,6.0,0.0,,2.0,,,,,,,,,,,,,
5,California,BEAR MOUNTAIN TRUCK STOP,location_details.php?id=315,http://www.rvandtravelers.com/location_details.php?id=315,RVer,shell,,,,35.210503,-119.011936,I-99,13 (CA 223),1584 COSTAJO RD,BAKERSFIELD,CA,93313,661-834-5733 (TRAVEL CENTER),661-834-0618,30.0,0.0,0.0,5.0,0.0,,0.0,,,,,,,,,,,,,
5,California,BEST TRUCK STOP,location_details.php?id=328,http://www.rvandtravelers.com/location_details.php?id=328,RVer,ind dealer,,,,35.974176,-119.293148,I-99,70-B,451 N PARK DR,PIXLEY,CA,93256,559-757-3044 (TRAVEL CENTER),,8.0,0.0,0.0,4.0,0.0,,0.0,,,,,,,,,,,,,
5,California,BIG B'S TRAVEL PLAZA,location_details.php?id=339,http://www.rvandtravelers.com/location_details.php?id=339,RVer,chevron,,,,35.895028,-119.276516,I-99,65,1164 N FRONT ST,EARLIMART,CA,93219,661-849-2222 (TRAVEL CENTER),661-849-3755,8.0,0.0,0.0,6.0,2.0,,0.0,,,,,,,,,,,,,
5,California,BIG PINE SHELL,location_details.php?id=10334,http://www.rvandtravelers.com/location_details.php?id=10334,RVer,shell,,,,37.165682,-118.289718,US 395,,109 S MAIN ST,BIG PINE,CA,93513,760-938-2100 (TRAVEL CENTER),760-938-1068,3.0,0.0,0.0,8.0,2.0,,0.0,,,,,,,,,,,,,
5,California,BOB'S AUTO & TRUCK STOP,location_details.php?id=388,http://www.rvandtravelers.com/location_details.php?id=388,RVer,ind dealer,,,,35.971853,-119.291662,I-99,70-B,444 E COURT AVE,PIXLEY,CA,93256,559-757-3360 (TRAVEL CENTER),,8.0,0.0,0.0,4.0,2.0,,0.0,,,,,,,,,,,,,
5,California,BROADWAY GAS & DELI,location_details.php?id=10314,http://www.rvandtravelers.com/location_details.php?id=10314,RVer,76,,,,40.769518,-124.19162,US 101,,4050 BROADWAY ST,EUREKA,CA,95503,707-442-5507 (TRAVEL CENTER),,12.0,0.0,0.0,3.0,0.0,,0.0,,,,,,,,,,,,,
5,California,BUFORD STAR MART #5,location_details.php?id=3033,http://www.rvandtravelers.com/location_details.php?id=3033,RVer,ind dealer,,,,36.605563,-119.657206,I-99,121,2747 E MANNING AVE,FOWLER,CA,93625,559-834-3634 (TRAVEL CENTER),559-834-5054,150.0,0.0,0.0,7.0,2.0,,0.0,,,,,,,,,,,,,
5,California,CABAZON TRUCK STOP,location_details.php?id=44653,http://www.rvandtravelers.com/location_details.php?id=44653,RVer,shell,,,,33.919887,-116.774296,I-10,106,50876 SEMINOLE DR,CABAZON,CA,92230,951-849-7083 (TRAVEL CENTER),,15.0,0.0,0.0,4.0,0.0,,0.0,,,,,,,,,,,,,
5,California,CAL FRESNO OIL,location_details.php?id=465,http://www.rvandtravelers.com/location_details.php?id=465,RVer,76,,,,36.707777,-119.771908,I-99,130,2585 EAST AVE,FRESNO,CA,93706,559-441-1001 (TRAVEL CENTER),,0.0,0.0,0.0,5.0,0.0,,0.0,,,,,,,,,,,,,
5,California,CARSON MINI TRUCK STOP,location_details.php?id=10303,http://www.rvandtravelers.com/location_details.php?id=10303,RVer,chevron,,,,33.865941,-118.275622,CA 91,MAIN ST,101 W VICTORIA ST,GARDENIA,CA,90248,310-532-6037 (TRAVEL CENTER),310-532-4522,0.0,0.0,0.0,5.0,0.0,,0.0,,,,,,,,,,,,,
5,California,CASA DE DIESEL,location_details.php?id=10306,http://www.rvandtravelers.com/location_details.php?id=10306,RVer,chevron,,,,36.990894,-121.380957,CA 152,,10021 PACHECO PASS HWY,HOLLISTER,CA,95023,408-842-7282 (TRAVEL CENTER),408-842-0248,25.0,0.0,0.0,8.0,0.0,,0.0,408-842-7282 (CASA DE RESTAURANT),,,,,,,,,,,,
5,California,CASTAIC TRUCK STOP,location_details.php?id=491,http://www.rvandtravelers.com/location_details.php?id=491,RVer,ind dealer,,,,34.493463,-118.620329,I-5,176-A,31611 CASTIAC RD,CASTAIC,CA,91384,661-295-1374 (TRAVEL CENTER),661-295-3485,28.0,18.0,18.0,8.0,5.0,,0.0,661-295-1374 (CASTAIC RESTAURANT),,,,,,,,,,,,
5,California,CHEVRON,location_details.php?id=48361,http://www.rvandtravelers.com/location_details.php?id=48361,RVer,chevron,,,,35.441539,-119.250781,CA 43,,31109 7TH STANDARD RD,SHAFTER,CA,93263,661-910-8403 (TRAVEL CENTER),,,,,5.0,,,,,,,,,,,,,,,,
5,California,CHEVRON EXTRA MILE,location_details.php?id=16052,http://www.rvandtravelers.com/location_details.php?id=16052,RVer,chevron,,,,33.845596,-117.243715,I-215,22,796 RAMONA EXPY E,PERRIS,CA,92571,951-943-1033 (TRAVEL CENTER),,0.0,0.0,0.0,2.0,0.0,,0.0,951-943-1033 (KRISPY KRUNCHY CHICKEN),,,,,,,,,,,,
5,California,CHEVRON FOOD SHOP,location_details.php?id=44714,http://www.rvandtravelers.com/location_details.php?id=44714,RVer,chevron,,,,38.677054,-121.747525,I-5,537/CA 113,1592 E MAIN ST,WOODLAND,CA,95776,530-666-3117 (TRAVEL CENTER),,0.0,0.0,0.0,2.0,0.0,,0.0,,,,,,,,,,,,,
5,California,CLARK'S TRAVEL CENTER (SINCLAIR),location_details.php?id=609,http://www.rvandtravelers.com/location_details.php?id=609,RVer,sinclair oil .svg,,,,33.727886,-116.230451,I-10,142,82253 INDIO BLVD,INDIO,CA,92201,760-342-4776,,11.0,0.0,0.0,4.0,2.0,,0.0,,,,,,,,,,,,,
5,California,COMMERCE TRUCK STOP,location_details.php?id=634,http://www.rvandtravelers.com/location_details.php?id=634,RVer,ind dealer,,,,34.005389,-118.176162,I-710,17-B / 17-C,4560 E WASHINGTON BLVD,COMMERCE,CA,90040,323-881-0694 (TRAVEL CENTER),,0.0,0.0,0.0,4.0,0.0,,0.0,,,,,,,,,,,,,
5,California,COUNTRY MART DIESEL & GAS,location_details.php?id=667,http://www.rvandtravelers.com/location_details.php?id=667,RVer,76,,,,37.641533,-121.397825,I-580,76-B,34243 S CHRISMAN RD,TRACY,CA,95376,209-832-8642 (TRAVEL CENTER),209-832-8571,20.0,8.0,8.0,4.0,0.0,,0.0,,,,,,,,,,,,,
5,California,CUDAHY FUEL STOP,location_details.php?id=702,http://www.rvandtravelers.com/location_details.php?id=702,RVer,ind dealer,,,,33.957668,-118.184542,I-710,13 (CA 42),8330 ATLANTIC AVE,CUDAHY,CA,90201,323-562-1090 (TRAVEL CENTER),,0.0,0.0,0.0,5.0,0.0,,0.0,,,,,,,,,,,,,
5,California,DHAMI TRUCK STOP,location_details.php?id=44715,http://www.rvandtravelers.com/location_details.php?id=44715,RVer,shell,,,,39.025503,-121.633691,I-99,OBANION RD,1281 OBANION RD,YUBA CITY,CA,95991,530-755-4564 (TRAVEL CENTER),,25.0,0.0,25.0,4.0,0.0,,0.0,,,,,,,,,,,,,
5,California,DINO MART,location_details.php?id=1254,http://www.rvandtravelers.com/location_details.php?id=1254,RVer,sinclair oil .svg,,,,36.349326,-119.427227,I-99,98-B,30821 CA 99,GOSHEN,CA,93227,559-651-1006 (TRAVEL CENTER),559-651-3071,25.0,0.0,0.0,2.0,0.0,,0.0,,,,,,,,,,,,,
5,California,DOS PALOS CHEVRON,location_details.php?id=10308,http://www.rvandtravelers.com/location_details.php?id=10308,RVer,chevron,,,,37.052464,-120.63543,CA 152,,16150 ELGIN RD,DOS PALOS,CA,93620,209-387-4801 (TRAVEL CENTER),209-387-4801,15.0,0.0,0.0,4.0,0.0,,0.0,209-387-4801 (DOS AMIGOS),,,,,,,,,,,,
5,California,DUCOR HANDY MARKET (SHELL),location_details.php?id=10337,http://www.rvandtravelers.com/location_details.php?id=10337,RVer,shell,,,,35.891856,-119.051939,CA 65,56TH AVE,23314 AVE 56,DUCOR,CA,93218,559-534-2500 (TRAVEL CENTER),559-534-2438,40.0,0.0,0.0,4.0,5.0,,0.0,,,,,,,,,,,,,
5,California,ERNIE'S GENERAL STORE,location_details.php?id=44708,http://www.rvandtravelers.com/location_details.php?id=44708,RVer,ind dealer,,,,37.987439,-121.246085,I-88,255 (CA 88),4407 WATERLOO RD,STOCKTON,CA,95215,209-931-2850 (TRAVEL CENTER),,0.0,0.0,0.0,4.0,0.0,,0.0,,,,,,,,,,,,,
5,California,EZ TRIP,location_details.php?id=55921,http://www.rvandtravelers.com/location_details.php?id=55921,RVer,pilot,,,,36.9250033,-120.0263035,CA 99,151,28577 AVE 12,MADERA,CA,93637,559-975-9001 (TRAVEL CENTER),,28.0,0.0,0.0,7.0,7.0,,0.0,559-975-9001 (SUBWAY),4.179,4.399,3.899,559-975-9001 (TACO BELL),,3.299,,,,,,
5,California,EZ TRIP,location_details.php?id=1329,http://www.rvandtravelers.com/location_details.php?id=1329,RVer,76,,,HTTP://WWW.HILLCRESTTRAVELPLAZA.COM,36.0749927,-120.1033417,I-5,319,44779 S LASSEN AVE,AVENAL,CA,93204,559-386-9783 (TRAVEL CENTER),,76.0,0.0,0.0,8.0,6.0,,0.0,559-386-9783 (CINNABON),4.479,4.559,3.899,,,,,,,,,
5,California,EZ TRIP TRAVEL CENTER (ONE9 FUEL NETWORK),location_details.php?id=793,http://www.rvandtravelers.com/location_details.php?id=793,RVer,shell,,,,35.354716,-119.331261,I-5,253,29541 STOCKDALE HWY,BAKERSFIELD,CA,93314,661-764-5522 (TRAVEL CENTER),,10.0,0.0,0.0,8.0,0.0,,0.0,661-764-5522 (IHOP),,,,,,,,,,,,
5,California,EZ TRIP TRAVEL PLAZA,location_details.php?id=874,http://www.rvandtravelers.com/location_details.php?id=874,RVer,arco,,,,36.831955,-119.913503,I-99,142,6725 N GOLDEN STATE BLVD,FRESNO,CA,93722,559-276-8002 (TRAVEL CENTER),,85.0,0.0,0.0,2.0,4.0,,2.0,,,,,,,,,,,,,
5,California,FAST LANE CENTRAL VALLEY,location_details.php?id=44695,http://www.rvandtravelers.com/location_details.php?id=44695,RVer,ind dealer,,,,37.855475,-121.279268,I-5,465,116 ROTH RD,LATHROP,CA,95330,209-234-4341 (TRAVEL CENTER),,0.0,0.0,0.0,6.0,0.0,,0.0,,,,,,,,,,,,,
5,California,FIREBAUGH TRAVEL PLAZA (CHEVRON),location_details.php?id=927,http://www.rvandtravelers.com/location_details.php?id=927,RVer,chevron,,,,36.854812,-120.777815,I-5,385,15838 PAUL NEGRA RD,FIREBAUGH,CA,93622,209-364-6437 (TRAVEL CENTER),,15.0,0.0,0.0,6.0,0.0,,0.0,209-364-6437 (SUBWAY),,,,,,,,,,,,
5,California,FLYING J TRAVEL CENTER #1009,location_details.php?id=52434,http://www.rvandtravelers.com/location_details.php?id=52434,RVer,flying j,,,http://https://pilotflyingj.com/stores/1009/,34.011555,-117.526504,I-15,106-A,11053 RIVERSIDE DR,MIRA LOMA,CA,91752,951-681-1032 (TRAVEL CENTER),951-681-1050,107.0,48.0,48.0,12.0,9.0,,0.0,951-681-1032 (WENDY'S),4.259,4.759,4.059,951-681-1032 (PJ FRESH),951-681-1032 (CINNABON),,,,,,pilotflyingj.com/stores/1009/,
5,California,FLYING J TRAVEL CENTER #1017,location_details.php?id=48253,http://www.rvandtravelers.com/location_details.php?id=48253,RVer,flying j,,,http://https://pilotflyingj.com/stores/1017/,37.855741,-121.275596,I-5,465,345 ROTH RD,LATHROP,CA,95330,209-982-1460 (TRAVEL CENTER),209-982-1477,209.0,36.0,36.0,9.0,9.0,,0.0,209-982-1460 (PJ FRESH),4.399,4.599,4.059,,,,,,,,pilotflyingj.com/stores/1017/,
5,California,FLYING J TRAVEL CENTER #1071,location_details.php?id=52437,http://www.rvandtravelers.com/location_details.php?id=52437,RVer,flying j,,,http://https://pilotflyingj.com/stores/1071/,36.1804339,-119.33301823,I-99,85,979 E PAIGE AVE,TULARE,CA,93274,559-686-0206 (TRAVEL CENTER),559-686-0266,160.0,10.0,10.0,9.0,10.0,,0.0,559-686-0206 (WENDY'S),4.059,4.699,4.059,,,,,,,,pilotflyingj.com/stores/1071/,
5,California,FLYING J TRAVEL CENTER #1080,location_details.php?id=44732,http://www.rvandtravelers.com/location_details.php?id=44732,RVer,flying j,,,http://https://pilotflyingj.com/stores/1080,37.466959,-121.164506,I-5,434,2275 SPERRY AVE,PATTERSON,CA,95363,209-892-9225 (TRAVEL CENTER),209-892-2739,150.0,20.0,20.0,9.0,9.0,,0.0,209-892-9225 (WENDY'S),4.199,4.599,4.059,,,3.999,,,,,pilotflyingj.com/stores/1080,
5,California,FLYING J TRAVEL CENTER #1094,location_details.php?id=48251,http://www.rvandtravelers.com/location_details.php?id=48251,RVer,flying j,,,http://https://pilotflyingj.com/stores/1094/,35.126914,-118.414458,CA 58,151,1668 E TEHACHAPI BLVD,TEHACHAPI,CA,93561,661-823-1049 (TRAVEL CENTER),661-823-1123,99.0,10.0,10.0,9.0,9.0,,0.0,661-823-1049 (WENDY'S),4.279,4.659,4.059,661-823-1049 (PJ FRESH),661-823-1049 (CINNABON),,,,,,pilotflyingj.com/stores/1094/,
5,California,FLYING J TRAVEL CENTER #1177,location_details.php?id=52429,http://www.rvandtravelers.com/location_details.php?id=52429,RVer,flying j,,,http://https://pilotflyingj.com/stores/1177/,34.063018,-117.49321,I-10,61,14320 SLOVER AVE,FONTANA,CA,92337,909-574-4866 (TRAVEL CENTER),909-822-8398,52.0,12.0,12.0,10.0,7.0,,0.0,909-574-4866 (WENDY'S),4.359,4.779,4.059,909-574-4866 (PJ FRESH),,,,,,,pilotflyingj.com/stores/1177/,
5,California,FLYING J TRAVEL CENTER #613,location_details.php?id=1109,http://www.rvandtravelers.com/location_details.php?id=1109,RVer,flying j,,,http://https://www.pilotflyingj.com/stores/613/,35.53198,-119.187065,I-99,39,17047 ZACHARY AVE,BAKERSFIELD,CA,93308,661-392-5300 (TRAVEL CENTER),661-392-5307,218.0,0.0,0.0,10.0,14.0,,0.0,661-392-5300 (SUBWAY),4.399,4.699,4.059,,,3.499,,,,,www.pilotflyingj.com/stores/613/,
5,California,FLYING J TRAVEL CENTER #614,location_details.php?id=16090,http://www.rvandtravelers.com/location_details.php?id=16090,RVer,flying j,,,http://https://pilotflyingj.com/stores/614,34.853363,-117.080666,I-15,178,2611 FISHER BLVD,BARSTOW,CA,92311,760-253-7043 (TRAVEL CENTER),760-253-7051,161.0,15.0,15.0,10.0,15.0,,0.0,760-253-7043 (DENNY'S),4.299,4.699,4.059,,,3.799,,,,,pilotflyingj.com/stores/614,
5,California,FLYING J TRAVEL CENTER #616,location_details.php?id=55913,http://www.rvandtravelers.com/location_details.php?id=55913,RVer,flying j,,,,34.817483,-118.888069,I-5,205,42810 FRAZIER MOUNTAIN PARK RD,LEBEC,CA,93243,661-248-6519 (TRAVEL CENTER),661-248-2628,277.0,20.0,20.0,12.0,12.0,,0.0,661-248-6519 (DUNKIN' DONUTS),4.459,4.699,4.059,661-248-6519 (WENDY'S),,,,,,,,
5,California,FLYING J TRAVEL CENTER #617,location_details.php?id=1107,http://www.rvandtravelers.com/location_details.php?id=1107,RVer,flying j,,,http://https://www.pilotflyingj.com/stores/617,38.118055,-121.393415,I-5,485,15100 N THORNTON RD,LODI,CA,95242,209-339-4066 (TRAVEL CENTER),209-339-4287,197.0,59.0,59.0,13.0,15.0,,0.0,209-339-4066 (DENNY'S),3.999,4.599,4.059,209-339-4066 (SUBWAY),,3.699,,,,,www.pilotflyingj.com/stores/617,
5,California,FLYING J TRAVEL CENTER #618,location_details.php?id=16103,http://www.rvandtravelers.com/location_details.php?id=16103,RVer,flying j,,,http://https://www.pilotflyingj.com/stores/618,37.756673,-121.144371,I-99,237-B,1501 N JACK TONE RD,RIPON,CA,95366,209-599-4141 (TRAVEL CENTER),209-559-4265,194.0,44.0,44.0,12.0,15.0,,0.0,209-559-4141 (DENNY'S),3.899,4.599,4.059,,,3.699,,,,,www.pilotflyingj.com/stores/618,
5,California,FLYING J TRAVEL CENTER #765,location_details.php?id=16106,http://www.rvandtravelers.com/location_details.php?id=16106,RVer,flying j,,,http://https://pilotflyingj.com/stores/765,33.818481,-116.403126,I-10,130,72235 VARNER RD,THOUSAND PALMS,CA,92276,760-343-1500 (TRAVEL CENTER),760-343-1330,80.0,0.0,0.0,10.0,8.0,,0.0,760-343-1500 (PJ FRESH),4.399,4.699,4.059,,,3.799,,,,,pilotflyingj.com/stores/765,
5,California,FONTANA CHEVRON,location_details.php?id=1121,http://www.rvandtravelers.com/location_details.php?id=1121,RVer,chevron,,,,34.069949,-117.489808,I-10,61,14455 VALLEY BLVD,FONTANA,CA,92335,909-822-2552 (TRAVEL CENTER),909-822-2531,0.0,0.0,0.0,3.0,0.0,,0.0,909-822-2552 (ALBERTO'S),,,,,,,,,,,,
5,California,FONTANA TRUCK STOP,location_details.php?id=1122,http://www.rvandtravelers.com/location_details.php?id=1122,RVer,ind dealer,,,,34.071615,-117.493316,I-10,61,14264 VALLEY BLVD,FONTANA,CA,92335,909-357-1167 (TRAVEL CENTER),,30.0,0.0,30.0,6.0,3.0,,1.0,909-357-1167 (SUBWAY),,,,,,,,,,,,
5,California,FORT INDEPENDENCE TRAVEL PLAZA,location_details.php?id=44656,http://www.rvandtravelers.com/location_details.php?id=44656,RVer,ind dealer,,,,36.836534,-118.229228,US 395,MILLER LANE,135 US 395,INDEPENDENCE,CA,93526,760-878-2483 (TRAVEL CENTER),,10.0,0.0,0.0,3.0,0.0,,0.0,760-878-2483 (TUNAPI GRILL),,,,,,,,,,,,
5,California,GILL SIDHU CHEVRON,location_details.php?id=2826,http://www.rvandtravelers.com/location_details.php?id=2826,RVer,chevron,,,,38.489286,-121.805594,I-80,67,6854 SIEVERS RD,DIXON,CA,95620,707-678-4400 (TRAVEL CENTER),707-678-1500,10.0,0.0,0.0,4.0,0.0,,0.0,,,,,,,,,,,,,
5,California,GILL'S TRUCK STOP,location_details.php?id=54356,http://www.rvandtravelers.com/location_details.php?id=54356,RVer,ind dealer,,,,36.32852,-119.59975,CA 43,,7954 LACEY BLVD,HANFORD,CA,93230,559-583-6033 (TRAVEL CENTER),559-582-1778,60.0,0.0,0.0,2.0,0.0,,0.0,,,,,,,,,,,,,
5,California,GOLDEN ACORN CASINO & TRAVEL PLAZA,location_details.php?id=1240,http://www.rvandtravelers.com/location_details.php?id=1240,RVer,ind dealer,,,,32.699883,-116.353919,I-8,61,1800 GOLDEN ACORN WAY,LIVE OAK SPRINGS,CA,91906,619-938-6000 (TRAVEL CENTER),,650.0,0.0,0.0,10.0,4.0,,0.0,619-938-6000 (GOLDEN GRILL),,,,,,,,,,,,
5,California,GOLDEN GATE #5,location_details.php?id=54363,http://www.rvandtravelers.com/location_details.php?id=54363,RVer,shell,,,,37.61808,-122.06389,I-880,24,1565 INDUSTRIAL PKWY W,HAYWARD,CA,94544,510-783-6549 (TRAVEL CENTER),510-786-9921,0.0,0.0,0.0,6.0,0.0,,0.0,,,,,,,,,,,,,
5,California,GOLDEN GATE PETROLEUM,location_details.php?id=10351,http://www.rvandtravelers.com/location_details.php?id=10351,RVer,ind dealer,,,,37.802237,-122.288652,5TH ST,ADFELINE ST,1107 5TH ST,OAKLAND,CA,94607,510-836-0774 (TRAVEL CENTER),510-251-0353,0.0,0.0,0.0,5.0,0.0,,0.0,,,,,,,,,,,,,
5,California,GOLDEN GATE PETROLEUM,location_details.php?id=16046,http://www.rvandtravelers.com/location_details.php?id=16046,RVer,ind dealer,,,,37.774094,-122.236203,23RD AVE,,421 23RD AVE,OAKLAND,CA,94606,510-434-9901 (TRAVEL CENTER),,0.0,0.0,0.0,2.0,0.0,,0.0,510-434-9901 (SINCLAIRS),,,,,,,,,,,,
5,California,GOLDEN HILL COUNTRY STORE,location_details.php?id=16047,http://www.rvandtravelers.com/location_details.php?id=16047,RVer,76,,,,35.645112,-120.658277,CA 46,GOLDEN HILL RD,2400 GOLDEN HILL RD,PASO ROBLES,CA,93446,805-239-2190 (TRAVEL CENTER),,2.0,0.0,0.0,4.0,0.0,,0.0,805-239-2190 (GOLDEN HILL DELI),,,,,,,,,,,,
5,California,HALLELUJAH JUNCTION MARKET,location_details.php?id=10330,http://www.rvandtravelers.com/location_details.php?id=10330,RVer,chevron,,,,39.774622,-120.037347,US 395,CA 70,753-755 CA 70,CHILCOOT,CA,96105,530-993-0110 (TRAVEL CENTER),,25.0,0.0,0.0,2.0,0.0,,0.0,,,,,,,,,,,,,
5,California,HARBOR TRUCK & AUTO STOP,location_details.php?id=44706,http://www.rvandtravelers.com/location_details.php?id=44706,RVer,sinclair oil .svg,,,,38.580111,-121.548529,US 50,1,2816 W CAPITAL AVE,SACRAMENTO,CA,95691,916-372-2893 (TRAVEL CENTER),,10.0,0.0,0.0,6.0,0.0,,0.0,,,,,,,,,,,,,
5,California,HARBOR TRUCK STOP,location_details.php?id=1299,http://www.rvandtravelers.com/location_details.php?id=1299,RVer,ind dealer,,,,33.789731,-118.22025,I-710,2 (CA 1),2130 W PACIFIC COAST HWY,LONG BEACH,CA,90810,562-436-1313 (TRAVEL CENTER),562-436-3709,0.0,0.0,0.0,5.0,0.0,,0.0,,,,,,,,,,,,,
5,California,HARRIS RANCH SHELL,location_details.php?id=16029,http://www.rvandtravelers.com/location_details.php?id=16029,RVer,shell,,,,36.252925,-120.238486,I-5,334,24505 W DORRIS AVE,COALINGA,CA,93210,559-935-0717 (TRAVEL CENTER),,75.0,0.0,0.0,5.0,0.0,,0.0,,,,,,,,,,,,,
5,California,"HI-SAHARA OASIS, INC.",location_details.php?id=44655,http://www.rvandtravelers.com/location_details.php?id=44655,RVer,chevron,,,,34.8174,-115.182776,I-40,107,31251 GOOFS RD,FENNER,CA,92332,760-694-0181 (TRAVEL CENTER),,75.0,0.0,75.0,2.0,0.0,,0.0,,,,,,,,,,,,,
5,California,HIGH DESERT TRUCK STOP,location_details.php?id=44713,http://www.rvandtravelers.com/location_details.php?id=44713,RVer,ind dealer,,,,34.535759,-117.398119,I-15,151-B (5 MILES W),15655 US 395,VICTORVILLE,CA,92394,760-246-3211,,90.0,,,4.0,7.0,,0.0,,,,,,,,,,,,,
5,California,HIGHWAY 99 TRAVEL CENTER,location_details.php?id=1326,http://www.rvandtravelers.com/location_details.php?id=1326,RVer,chevron,,,,34.535759,-117.398119,I-99,342,4142 CA 99,YUBA CITY,CA,95991,530-790-0588 (TRAVEL CENTER),530-790-6871,125.0,0.0,60.0,6.0,4.0,,2.0,530-790-0588 (HIGHWAY 99 DELI),,,,,,,,,,,,
5,California,I-10 TRUCK STOP,location_details.php?id=1372,http://www.rvandtravelers.com/location_details.php?id=1372,RVer,ind dealer,,,,34.070386,-117.367943,I-10,68,195 E VALLEY BLVD,RIALTO,CA,92376,909-877-1171 (TRAVEL CENTER),909-877-6085,26.0,0.0,26.0,4.0,3.0,,1.0,,,,,,,,,,,,,
5,California,INYO SHELL MART,location_details.php?id=10311,http://www.rvandtravelers.com/location_details.php?id=10311,RVer,shell,,,,37.375273,-118.396473,US 395,,1290 N MAIN ST,BISHOP,CA,93514,760-873-6335 (TRAVEL CENTER),,0.0,0.0,0.0,6.0,0.0,,0.0,,,,,,,,,,,,,
5,California,JACUMBA CHEVRON,location_details.php?id=44657,http://www.rvandtravelers.com/location_details.php?id=44657,RVer,chevron,,,,32.635028,-116.165844,I-8,73,1496 CARRIZO GORGE RD,JACUMBA HOT SPRINGS,CA,91934,619-766-4443 (TRAVEL CENTER),619-766-4048,100.0,0.0,0.0,10.0,2.0,,0.0,,,,,,,,,,,,,
5,California,JACUMBA SHELL,location_details.php?id=44658,http://www.rvandtravelers.com/location_details.php?id=44658,RVer,shell,,,,32.635455,-116.166491,I-8,73,1494 CORRIZO GORGE RD,JACUMBA HOT SPRINGS,CA,91934,619-766-0029 (TRAVEL CENTER),619-766-4048,200.0,0.0,0.0,7.0,3.0,,0.0,619-766-0029 (SUBWAY),,,,,,,,,,,,
5,California,JAHANT FOOD AND FUEL,location_details.php?id=16020,http://www.rvandtravelers.com/location_details.php?id=16020,RVer,ind dealer,,,,38.206068,-121.264812,CA 99,271,24323 N CA 99,ACAMPO,CA,95220,209-333-6000 (TRAVEL CENTER),209-333-2972,4.0,0.0,0.0,4.0,2.0,,0.0,,,,,,,,,,,,,
5,California,JAYNE TRAVEL CENTER,location_details.php?id=16028,http://www.rvandtravelers.com/location_details.php?id=16028,RVer,shell,,,,36.137562,-120.166413,I-5,325,41027 S GLENN AVE,COALINGA,CA,93210,559-935-3400 (TRAVEL CENTER),559-935-3682,85.0,0.0,0.0,10.0,4.0,,0.0,559-935-3400 (SUBWAY),,,,,,,,,,,,
5,California,JEFFRIES OASIS I-5,location_details.php?id=1457,http://www.rvandtravelers.com/location_details.php?id=1457,RVer,ind dealer,,,,35.399102,-119.399526,I-5,257,27736 CA 58,BUTTONWILLOW,CA,93206,661-764-6226 (TRAVEL CENTER),,10.0,0.0,0.0,3.0,0.0,,0.0,,,,,,,,,,,,,
5,California,JENSENS TRUCK STOP,location_details.php?id=16050,http://www.rvandtravelers.com/location_details.php?id=16050,RVer,ind dealer,,,,39.169237,-123.212458,US 101,551,1460 N LOVERS LANE,UKIAH,CA,95482,707-467-9999 (TRAVEL CENTER),,10.0,0.0,10.0,4.0,1.0,,2.0,,,,,,,,,,,,,
5,California,JOE'S TRAVEL PLAZA,location_details.php?id=1478,http://www.rvandtravelers.com/location_details.php?id=1478,RVer,ind dealer,,,,37.820767,-121.291433,I-5,463,15600 S HARLAN RD,LATHROP,CA,95330,209-982-0341 (TRAVEL CENTER),209-982-0970,0.0,0.0,0.0,11.0,0.0,,0.0,209-982-0341 (KRISPY KRUNCHY CHICKEN),,,,,,,,,,,,
5,California,JOE'S TRAVEL PLAZA 11,location_details.php?id=1477,http://www.rvandtravelers.com/location_details.php?id=1477,RVer,ind dealer,,,,37.537373,-121.263112,I-5,441,4415 HOWARD RD,WESTLEY,CA,95387,209-894-3040 (TRAVEL CENTER),209-894-3154,150.0,0.0,0.0,12.0,13.0,,2.0,209-894-3040 (DENNY'S),,,,209-894-3040 (DICKIE'S),,,,,,,,
5,California,KC'S CORNER MART (CHEVRON/CFN),location_details.php?id=1593,http://www.rvandtravelers.com/location_details.php?id=1593,RVer,chevron,,,,40.705005,-122.334631,I-5,687,14361 HOLIDAY RD,REDDING,CA,96003,530-275-4375 (TRAVEL CENTER),,2.0,0.0,0.0,2.0,0.0,,0.0,530-275-4375 (LA FIGATA),,,,,,,,,,,,
5,California,KELLY'S MARKET & TRUCK STOP (SHELL),location_details.php?id=2949,http://www.rvandtravelers.com/location_details.php?id=2949,RVer,shell,,,,34.828942,-116.693106,I-40,18 (ROUTE 66),44230 NATIONAL TRAILS HWY,NEWBERRY SPRINGS,CA,92365,760-257-3334 (TRAVEL CENTER),760-257-9955,20.0,0.0,0.0,4.0,0.0,,0.0,760-257-3334 (SUBWAY),,,,,,,,,,,,
5,California,LA MEDIA TRAVEL CENTER,location_details.php?id=44703,http://www.rvandtravelers.com/location_details.php?id=44703,RVer,chevron,,,,32.568721,-116.962125,CA 905,7,1599 LA MEDIA RD,SAN DIEGO,CA,92154,619-671-0700 (TRAVEL CENTER),,20.0,0.0,20.0,8.0,0.0,,0.0,619-671-0700 (PIZZA HUT EXPRESS),,,,,,,,,,,,
5,California,LAKEVIEW VALERO,location_details.php?id=10350,http://www.rvandtravelers.com/location_details.php?id=10350,RVer,valero,,,,33.83696,-117.123293,RAMONA EXPY,LAKEVIEW AVE,19560 LAKEVIEW AVE,LAKEVIEW,CA,92567,951-928-9788 (TRAVEL CENTER),,0.0,0.0,0.0,1.0,0.0,,0.0,,,,,,,,,,,,,
5,California,LOST HILLS TRAVEL CENTER,location_details.php?id=44698,http://www.rvandtravelers.com/location_details.php?id=44698,RVer,arco,,,,35.614898,-119.657389,I-5,278,14814 ALOMA ST,LOST HILLS,CA,93249,661-797-2354 (TRAVEL CENTER),661-797-2399,55.0,0.0,0.0,9.0,6.0,,0.0,661-797-2354 (DAIRY QUEEN),,,,,,,,,,,,
5,California,LOVE'S TRAVEL STOP #207,location_details.php?id=1870,http://www.rvandtravelers.com/location_details.php?id=1870,RVer,loves travel stops country stores 416x416,,,http://https://www.loves.com/locations/207,33.717376,-116.170285,I-10,146,45-761 DILLION RD,COACHELLO,CA,92236,760-775-3401 (TRAVEL CENTER),760-775-3409,100.0,0.0,0.0,6.0,5.0,,4.0,760-775-3401 (CARL'S JR),4.599,4.689,3.989,,,,,,,,www.loves.com/locations/207,
5,California,LOVE'S TRAVEL STOP #223,location_details.php?id=22299,http://www.rvandtravelers.com/location_details.php?id=22299,RVer,loves travel stops country stores 416x416,,,http://https://www.loves.com/locations/223,37.756685,-121.140536,I-99,237-B,1553 COLONY RD,RIPON,CA,95366,209-599-0740 (TRAVEL CENTER),209-599-3680,96.0,0.0,0.0,7.0,7.0,,0.0,209-599-0740 (ARBY'S),3.959,4.589,4.049,,,3.999,,,,,www.loves.com/locations/223,
5,California,LOVE'S TRAVEL STOP #230,location_details.php?id=14809,http://www.rvandtravelers.com/location_details.php?id=14809,RVer,loves travel stops country stores 416x416,,,http://myloves230.com/,35.618061,-119.659276,I-5,278 (CA 46),21948 CA 46,LOST HILLS,CA,93249,661-797-1800 (TRAVEL CENTER),661-797-1220,35.0,0.0,0.0,7.0,7.0,,3.0,661-797-1800 (ARBY'S),4.259,4.689,3.849,,,3.999,,,,,,
5,California,LOVE'S TRAVEL STOP #374,location_details.php?id=15488,http://www.rvandtravelers.com/location_details.php?id=15488,RVer,loves travel stops country stores 416x416,,,http://https://www.loves.com/locations/374,34.856234,-117.092255,I-15,178,2974 LENDWOOD RD,BARSTOW,CA,92311,760-253-4080 (TRAVEL CENTER),760-253-4091,98.0,3.0,0.0,10.0,7.0,,3.0,760-253-4080 (CHESTER'S FRIED CHICKEN),4.299,4.689,3.989,760-253-4080 (GODFATHER'S PIZZA),760-253-4080 (LOVE'S SUB'S),3.999,,,,,www.loves.com/locations/374,
5,California,LOVE'S TRAVEL STOP #382,location_details.php?id=51575,http://www.rvandtravelers.com/location_details.php?id=51575,RVer,loves travel stops country stores 416x416,,,http://http:/WWW.LOVES.COM,36.180523,-119.330964,I-99,85,2700 S BLACKSTONE ST,TULARE,CA,93274,559-686-1400 (TRAVEL CENTER),559-686-3049,158.0,0.0,0.0,9.0,7.0,,0.0,559-686-1400 (SUBWAY),4.059,4.689,4.049,559-686-1400 (MCDONALD'S),,3.999,,,,,,/www.loves.com
5,California,LOVE'S TRAVEL STOP #392,location_details.php?id=15494,http://www.rvandtravelers.com/location_details.php?id=15494,RVer,loves travel stops country stores 416x416,,,http://https://www.loves.com/locations/392,35.125521,-118.407179,CA 58,151,2000 E TEHACHAPI BLVD,TEHACHAPI,CA,93561,661-823-1484 (TRAVEL CENTER),661-823-1486,82.0,0.0,0.0,8.0,7.0,,3.0,661-823-1484 (MCDONALD'S),4.279,4.649,4.049,661-823-1484 (SUBWAY),,3.999,,,,,www.loves.com/locations/392,
5,California,LOVE'S TRAVEL STOP #410,location_details.php?id=15490,http://www.rvandtravelers.com/location_details.php?id=15490,RVer,loves travel stops country stores 416x416,,,http://https://www.loves.com/locations/410,39.906665,-122.195276,I-5,630,2120 S AVE,CORNING,CA,96021,530-824-8767 (TRAVEL CENTER),530-824-8776,130.0,0.0,0.0,12.0,15.0,,2.0,530-824-8767 (DENNY'S),4.099,4.589,4.049,,,3.999,,,,,www.loves.com/locations/410,
5,California,LOVE'S TRAVEL STOP #441,location_details.php?id=14814,http://www.rvandtravelers.com/location_details.php?id=14814,RVer,loves travel stops country stores 416x416,,,http://https://www.loves.com/locations/441,37.111491,-121.015823,I-5,407 (CA 33),29025 PLAZA DR,SANTA NELLA,CA,95322,209-827-1399 (TRAVEL CENTER),209-827-1033,98.0,0.0,0.0,8.0,7.0,,3.0,209-827-1399 (DEL TACO),3.999,4.589,4.049,,,,,,,,www.loves.com/locations/441,
5,California,LOVE'S TRAVEL STOP #538,location_details.php?id=44697,http://www.rvandtravelers.com/location_details.php?id=44697,RVer,loves travel stops country stores 416x416,,,,38.11803,-121.392979,I-5,485 (CA 12 E),15250 THORNTON RD E,LODI,CA,95242,209-333-9392 (TRAVEL CENTER),209-333-9772,80.0,0.0,0.0,7.0,7.0,,2.0,209-333-9392 (ARBY'S),3.249,3.549,3.949,,,3.999,,,,,,
5,California,LOVE'S TRAVEL STOP #652,location_details.php?id=51166,http://www.rvandtravelers.com/location_details.php?id=51166,RVer,loves travel stops country stores 416x416,,,HTTP://WWW.LOVES.COM,39.168582,-122.143984,I-5,578,100 MARGUERITE ST,WILLIAMS,CA,95987,530-473-3030 (TRAVEL CENTER),530-473-3038,104.0,0.0,0.0,8.0,7.0,,0.0,530-473-3030 (ARBY'S),2.899,3.189,3.949,530-473-3030 (CHESTER'S FRIED CHICKEN),530-473-3030 (GODFATHER'S PIZZA),3.999,,,,,,
5,California,LOVE'S TRAVEL STOP #736,location_details.php?id=52443,http://www.rvandtravelers.com/location_details.php?id=52443,RVer,loves travel stops country stores 416x416,,,http://https://www.loves.com/en/location-and-fuel-price-search/locationsearchresults#?state=CA&city=Madera,36.995516,-120.096885,I-99,157,3175 AVE 17,MADERA,CA,93637,559-661-1012 (TRAVEL CENTER),559-661-1023,95.0,0.0,0.0,9.0,7.0,,3.0,559-661-1012 (ARBY'S),,,,559-661-1012 (CHESTER'S FRIED CHICKEN),559-661-1012 (GODFATHER'S PIZZA),,,,,,www.loves.com/en/location-and-fuel-price-search/locationsearchresults#?state=ca&city=madera,
5,California,LOVE'S TRAVEL STOP #749,location_details.php?id=51529,http://www.rvandtravelers.com/location_details.php?id=51529,RVer,loves travel stops country stores 416x416,,,http://https://www.loves.com/en/location-and-fuel-price-search/locationsearchresults#?state=CA&type=Travel%20Stop,33.037507,-115.628828,CA 78,MARTIN RD,551 W MAIN ST,WESTMORLAND,CA,92281,760-351-8725 (TRAVEL CENTER),760-351-8754,150.0,0.0,0.0,8.0,7.0,,0.0,760-351-8725 (CHESTER'S FRIED CHICKEN),,,,760-351-8725 (SUBWAY),760-351-8725 (GODFATHER'S PIZZA),,,,,,www.loves.com/en/location-and-fuel-price-search/locationsearchresults#?state=ca&type=travel%20stop,
5,California,LOVE'S TRAVEL STOP #755,location_details.php?id=53609,http://www.rvandtravelers.com/location_details.php?id=53609,RVer,loves travel stops country stores 416x416,,,,35.011261,-117.641426,CA 58,199,27201 BORON FRONTAGE RD,BORON,CA,93516,661-385-6020 (TRAVEL CENTER),661-385-6021,98.0,0.0,0.0,8.0,8.0,,0.0,661-385-6020 (CARL'S JR),,,,,,,,,,,,
5,California,LUCKY TRAVEL PLAZA,location_details.php?id=44654,http://www.rvandtravelers.com/location_details.php?id=44654,RVer,chevron,,,,39.30922,-120.544622,I-80,165,90 CISCO RD,CISCO GROVE,CA,95728,530-426-0328 (TRAVEL CENTER),,50.0,0.0,0.0,2.0,2.0,,0.0,530-426-0328 (SUBWAY),,,,,,,,,,,,
5,California,MAC-VALLEY OIL COMPANY,location_details.php?id=10319,http://www.rvandtravelers.com/location_details.php?id=10319,RVer,ind dealer,,,,34.201987,-119.126051,US 101,59,100 N DE NORTE BLVD,OXNARD,CA,93030,805-485-6900 (TRAVEL CENTER),,3.0,0.0,0.0,4.0,0.0,,0.0,,,,,,,,,,,,,
5,California,MECCA TRAVEL CENTER,location_details.php?id=10056,http://www.rvandtravelers.com/location_details.php?id=10056,RVer,arco,,,,33.57068,-116.08961,CA 111,66TH AVE,90480 66TH AVE,MECCA,CA,92254,760-396-5243 (TRAVEL CENTER),760-396-5247,85.0,0.0,0.0,8.0,4.0,,0.0,,,,,,,,,,,,,
5,California,MERCED TRUCK & AUTO PLAZA,location_details.php?id=54693,http://www.rvandtravelers.com/location_details.php?id=54693,RVer,ind dealer,,,,37.170959,-120.311897,CA 99,,8040 RINGNALDA COURT,LE GRAND,CA,95333,559-665-1061 (TRAVEL CENTER),,,,,5.0,,,,,,,,,,,,,,,,
5,California,MGM SHELL,location_details.php?id=44705,http://www.rvandtravelers.com/location_details.php?id=44705,RVer,shell,,,,34.017482,-117.464128,CA 60,46,3873 PYRITE ST,RIVERSIDE,CA,92509,951-685-8893 (TRAVEL CENTER),,0.0,0.0,0.0,6.0,0.0,,0.0,,,,,,,,,,,,,
5,California,MIKE'S TRUCK STOP,location_details.php?id=48357,http://www.rvandtravelers.com/location_details.php?id=48357,RVer,arco,,,,35.267364,-119.229894,I-5,244,20404 TAFT HWY,BAKERSFIELD,CA,93311,661-473-0841,855-455-4233,45.0,0.0,0.0,6.0,5.0,,0.0,,,,,,,,,,,,,
5,California,MODESTO TRUCK PLAZA,location_details.php?id=37791,http://www.rvandtravelers.com/location_details.php?id=37791,RVer,ind dealer,,,,37.612214,-120.982997,I-99,223,1201 S 7TH ST,MODESTO,CA,95351,209-574-0299 (TRAVEL CENTER),209-570-0200,20.0,0.0,0.0,6.0,4.0,,0.0,,,,,,,,,,,,,
5,California,MONTEBELLO CAT SCALE,location_details.php?id=3588,http://www.rvandtravelers.com/location_details.php?id=3588,RVer,ind dealer,,,,33.996744,-118.122827,I-5,128-B,1436 WASHINGTON BLVD,MONTEBELLO,CA,90640,323-278-0808 (TRAVEL CENTER),323-626-3048,35.0,0.0,0.0,3.0,0.0,,0.0,,,,,,,,,,,,,
5,California,MOSHEN OIL,location_details.php?id=2056,http://www.rvandtravelers.com/location_details.php?id=2056,RVer,ind dealer,,,,34.900629,-116.886889,I-15,191,35680 DAGGETT YERMO DR,YERMO,CA,92398,760-254-2119,760-254-4449,20.0,0.0,0.0,7.0,1.0,,0.0,,,,,,,,,,,,,
5,California,MOUNTAIN VIEW GAS & MART,location_details.php?id=16049,http://www.rvandtravelers.com/location_details.php?id=16049,RVer,shell,,,,36.546912,-119.598815,I-99,115,13025 S VAN HORN AVE,SELMA,CA,93662,559-891-9191 (TRAVEL CENTER),,10.0,0.0,0.0,3.0,0.0,,0.0,,,,,,,,,,,,,
5,California,N-S MINI MART,location_details.php?id=48360,http://www.rvandtravelers.com/location_details.php?id=48360,RVer,ind dealer,,,,36.022193,-119.039211,TEAPOT DOME AVE,,951 W TEAPOT DOME AVE,PORTERSVILLE,CA,93257,559-781-1059,,40.0,0.0,0.0,5.0,0.0,,0.0,,,,,,,,,,,,,
5,California,NEWBERRY HIGH DESERT,location_details.php?id=54736,http://www.rvandtravelers.com/location_details.php?id=54736,RVer,mobil oil type,,,,34.819476,-116.610026,I-40,23,48157 MEMORIAL DR,NEWBERRY SPRINGS,CA,92365,760-257-3098 (TRAVEL CENTER),760-257-3058,100.0,0.0,0.0,4.0,1.0,,1.0,,,,,,,,,,,,,
5,California,NOIL ENERGY GROUP,location_details.php?id=3005,http://www.rvandtravelers.com/location_details.php?id=3005,RVer,ind dealer,,,,33.783783,-118.208691,I-710,1,1234 W COWLES ST,LONG BEACH,CA,90813,562-491-1228 (TRAVEL CENTER),,0.0,0.0,0.0,8.0,0.0,,0.0,,,,,,,,,,,,,
5,California,NOIL ENERGY GROUP,location_details.php?id=10347,http://www.rvandtravelers.com/location_details.php?id=10347,RVer,ind dealer,,,,33.773561,-118.253854,I-110,3-A,710 E D ST,WILMINGTON,CA,90748,323-726-1966 (TRAVEL CENTER),310-830-6868,7.0,0.0,0.0,8.0,0.0,,0.0,,,,,,,,,,,,,
5,California,PAIGE TRUCK STOP,location_details.php?id=44710,http://www.rvandtravelers.com/location_details.php?id=44710,RVer,ind dealer,,,,36.181688,-119.327363,I-99,85,1297 E PAIGE AVE,TULARE,CA,93274,559-687-8090 (TRAVEL CENTER),559-687-8091,50.0,0.0,0.0,4.0,0.0,,,,,,,,,,,,,,,
5,California,PCH TRUCK STOP,location_details.php?id=16038,http://www.rvandtravelers.com/location_details.php?id=16038,RVer,ind dealer,,,,33.790118,-118.213896,I-710,2,1603 W PACIFIC COAST HWY,LONG BEACH,CA,90810,562-980-1700 (TRAVEL CENTER),,0.0,0.0,0.0,4.0,0.0,,0.0,,,,,,,,,,,,,
5,California,PEARBLOSSOM CHEVRON,location_details.php?id=10304,http://www.rvandtravelers.com/location_details.php?id=10304,RVer,chevron,,,,34.506301,-117.896896,CA 138,131ST ST,13030 PEARBLOSSOM HWY,PEARBLOSSOM,CA,93553,661-944-0455 (TRAVEL CENTER),,80.0,0.0,0.0,3.0,0.0,,0.0,,,,,,,,,,,,,
5,California,PEARSONVILLE TRUCK STOP,location_details.php?id=10339,http://www.rvandtravelers.com/location_details.php?id=10339,RVer,shell,,,,35.798871,-117.872216,US 395,PEARSON RD,102 PEARSON RD,PEARSONVILLE,CA,93527,760-377-5353 (TRAVEL CENTER),,50.0,0.0,0.0,5.0,0.0,,0.0,760-377-5353 (SUBWAY),,,,,,,,,,,,
5,California,PENRYN 76,location_details.php?id=2203,http://www.rvandtravelers.com/location_details.php?id=2203,RVer,76,,,,38.835556,-121.169103,I-80,112,3142 BOYINGTON RD,PENRYN,CA,95663,916-660-9485 (TRAVEL CENTER),916-660-9461,0.0,0.0,0.0,2.0,0.0,,0.0,916-660-9485 (KRISPY KRUNCHY CHICKEN),,,,916-660-9485 (PENRYN GRILL),,,,,,,,
5,California,PETRO STOPPING CENTER #026 - SHAWN HUBBARD,location_details.php?id=44701,http://www.rvandtravelers.com/location_details.php?id=44701,RVer,petro,,,http://https://www.ta-petro.com/location/ca/petro-ontario-shawn-hubbard-ontario-stopping-center,34.064389,-117.553381,I-10,57,4325 E GUASTI RD,ONTARIO,CA,91761,909-390-7800 (TRAVEL CENTER),909-390-7298,559.0,39.0,39.0,14.0,30.0,,4.0,909-390-7800 (POPEYE'S),,,,909-390-7800 (IRON SKILLET),909-390-7800 (BURGER KING),,,,,,www.ta-petro.com/location/ca/petro-ontario-shawn-hubbard-ontario-stopping-center,
5,California,PETRO STOPPING CENTER #309,location_details.php?id=2279,http://www.rvandtravelers.com/location_details.php?id=2279,RVer,petro,,,http://https://www.ta-petro.com/location/ca/petro-corning,39.906371,-122.195024,I-5,630,2151 S AVE,CORNING,CA,96021,530-824-4685 (TRAVEL CENTER),530-824-1973,120.0,6.0,6.0,12.0,14.0,,6.0,530-824-4685 (IRON SKILLET),,,,,,,,,,,www.ta-petro.com/location/ca/petro-corning,
5,California,PETRO STOPPING CENTER #327,location_details.php?id=2278,http://www.rvandtravelers.com/location_details.php?id=2278,RVer,petro,,,http://https://www.ta-petro.com/location/ca/petro-wheeler-ridge,34.984006,-118.951154,I-5,219-B,5821 DENNIS MCCARTHY DR,WHEELER RIDGE,CA,93243,661-663-4341 (TRAVEL CENTER),661-663-4348,415.0,4.0,4.0,12.0,19.0,,6.0,661-663-4341 (ARBY'S),,,,661-663-4341 (SUBWAY),661-663-4341 (WENDY'S),,661-663-4341 (BASKIN ROBBINS),,,,www.ta-petro.com/location/ca/petro-wheeler-ridge,
5,California,PETRO STOPPING CENTER #346,location_details.php?id=10307,http://www.rvandtravelers.com/location_details.php?id=10307,RVer,petro,,,http://https://www.ta-petro.com/location/ca/petro-santa-nella,37.053781,-121.016315,I-5,403 CA 152 & CA 33,28991 W GONZAGA RD,SANTA NELLA,CA,95322,209-827-8025 (TRAVEL CENTER),209-826-2730,124.0,4.0,4.0,12.0,7.0,,4.0,209-827-8025 (BURGER KING),,,,,,,,,,,www.ta-petro.com/location/ca/petro-santa-nella,
5,California,PILOT TRAVEL CENTER # 343,location_details.php?id=16070,http://www.rvandtravelers.com/location_details.php?id=16070,RVer,pilot,,,http://https://pilotflyingj.com/stores/343,32.569588,-116.953538,I-805,1-B,1497 PIPER RANCH RD,SAN DIEGO,CA,92154,619-661-9558 (TRAVEL CENTER),619-661-9814,105.0,25.0,25.0,7.0,9.0,,0.0,619-661-9597 (WENDY'S),4.359,4.759,4.099,,,,,,,,pilotflyingj.com/stores/343,
5,California,PILOT TRAVEL CENTER #1019,location_details.php?id=44702,http://www.rvandtravelers.com/location_details.php?id=44702,RVer,pilot,,,http://https://pilotflyingj.com/stores/1019,39.749786,-122.207014,I-5,619,4444 COMMERCE LANE,ORLAND,CA,95963,530-865-0108 (TRAVEL CENTER),530-865-0114,73.0,10.0,10.0,7.0,9.0,,0.0,530-865-0108 (WENDY'S),4.199,4.599,4.059,530-865-0108 (CINNABON),530-865-0108 (AUNTIE ANNE'S),4.099,,,,,pilotflyingj.com/stores/1019,
5,California,PILOT TRAVEL CENTER #1132,location_details.php?id=48242,http://www.rvandtravelers.com/location_details.php?id=48242,RVer,pilot,,,http://https://pilotflyingj.com/stores/1132/,32.977405,-115.503617,CA 111,,1850 MAIN ST,BRAWLEY,CA,92227,760-344-3695 (TRAVEL CENTER),760-351-8653,27.0,0.0,0.0,6.0,2.0,,0.0,760-344-3695 (WENDY'S),4.339,4.659,4.059,760-344-3695 (DUNKIN' DONUTS EXPRESS),,,,,,,pilotflyingj.com/stores/1132/,
5,California,PILOT TRAVEL CENTER #137,location_details.php?id=3515,http://www.rvandtravelers.com/location_details.php?id=3515,RVer,pilot,,,http://https://pilotflyingj.com/stores/137,41.398738,-122.376036,I-5,745,395 E VISTA DR,WEED,CA,96094,530-938-9600 (TRAVEL CENTER),530-938-9700,80.0,19.0,19.0,8.0,7.0,,0.0,530-938-9600 (SUBWAY),4.639,4.599,4.059,530-938-9600 (CINNABON),,,,,,,pilotflyingj.com/stores/137,
5,California,PILOT TRAVEL CENTER #154,location_details.php?id=2580,http://www.rvandtravelers.com/location_details.php?id=2580,RVer,pilot,,,http://https://pilotflyingj.com/stores/154,35.615133,-119.657752,I-5,278 (CA 46),14808 WARREN ST,LOST HILLS,CA,93249,661-797-2122 (TRAVEL CENTER),661-797-9772,60.0,10.0,10.0,7.0,7.0,,0.0,661-797-1282 (WENDY'S),4.259,4.699,4.059,,,,,,,,pilotflyingj.com/stores/154,
5,California,PILOT TRAVEL CENTER #168,location_details.php?id=2588,http://www.rvandtravelers.com/location_details.php?id=2588,RVer,pilot,,,http://https://www.pilotflyingj.com/stores/168,38.862612,-121.94971,I-5,554 (CO RD 8),30035 CO RD 8,DUNNIGAN,CA,95937,530-724-3060 (TRAVEL CENTER),530-724-3029,145.0,0.0,0.0,9.0,10.0,,0.0,530-724-3063 (WENDY'S),4.259,4.659,4.059,530-724-3063 (PJ FRESH),,3.799,,,,,www.pilotflyingj.com/stores/168,
5,California,PILOT TRAVEL CENTER #200,location_details.php?id=10331,http://www.rvandtravelers.com/location_details.php?id=10331,RVer,pilot,,,http://https://www.pilotflyingj.com/stores/200,34.992334,-117.543607,US 395,US 58,5725 HWY 58,BORON,CA,93516,760-762-0041 (TRAVEL CENTER),760-762-5231,50.0,10.0,10.0,6.0,7.0,,0.0,760-762-1170 (SUBWAY),4.399,4.599,4.059,760-762-1170 (CINNABON),,,,,,,www.pilotflyingj.com/stores/200,
5,California,PILOT TRAVEL CENTER #237,location_details.php?id=10324,http://www.rvandtravelers.com/location_details.php?id=10324,RVer,pilot,,,http://https://www.pilotflyingj.com/stores/237,36.664858,-121.631226,US 101,326-B,951 WORK ST,SALINAS,CA,93901,831-775-0380 (TRAVEL CENTER),831-775-0360,18.0,18.0,18.0,7.0,7.0,,0.0,831-775-0380 (SUBWAY),4.439,4.799,4.099,831-775-0380 (CINNABON),,,,,,,www.pilotflyingj.com/stores/237,
5,California,PILOT TRAVEL CENTER #282,location_details.php?id=2591,http://www.rvandtravelers.com/location_details.php?id=2591,RVer,pilot,,,http://https://pilotflyingj.com/stores/282,34.855148,-117.087152,I-15,178,2591 COMMERCE PKWY,BARSTOW,CA,92311,760-253-2861 (TRAVEL CENTER),760-253-2863,18.0,4.0,4.0,7.0,7.0,,0.0,760-253-2873 (SUBWAY),4.299,4.699,4.059,,,,,,,,pilotflyingj.com/stores/282,
5,California,PILOT TRAVEL CENTER #307,location_details.php?id=2589,http://www.rvandtravelers.com/location_details.php?id=2589,RVer,pilot,,,http://https://pilotflyingj.com/stores/307,33.9030662,-116.5461743,I-10,120,6605 N INDIAN CANYON DR,NORTH PALM SPRINGS,CA,58123,760-329-5562 (TRAVEL CENTER),760-329-0083,57.0,5.0,5.0,6.0,5.0,,0.0,760-329-7493 (WENDY'S),4.499,4.699,4.059,760-329-7493 (CINNABON),,,,,,,pilotflyingj.com/stores/307,
5,California,PILOT TRAVEL CENTER #365,location_details.php?id=16075,http://www.rvandtravelers.com/location_details.php?id=16075,RVer,pilot,,,http://https://pilotflyingj.com/stores/365,37.019399,-120.134392,I-99,159,22717 AVE 18 1/2,MADERA,CA,93637,559-673-3878 (TRAVEL CENTER),559-673-7679,150.0,15.0,15.0,12.0,11.0,,0.0,559-673-2638 (SUBWAY),4.069,4.699,4.059,,,3.699,,,,,pilotflyingj.com/stores/365,
5,California,PILOT TRAVEL CENTER #372,location_details.php?id=2587,http://www.rvandtravelers.com/location_details.php?id=2587,RVer,pilot,,,http://https://pilotflyingj.com/stores/372,34.494878,-118.620905,I-5,176-B,31642 CASTAIC RD,CASTAIC,CA,91384,661-257-2800 (TRAVEL CENTER),661-257-2109,50.0,0.0,0.0,7.0,8.0,,0.0,661-257-2800 (CINNABON),4.459,4.699,4.059,,,,,,,,pilotflyingj.com/stores/372,
5,California,PILOT TRAVEL CENTER #381,location_details.php?id=2590,http://www.rvandtravelers.com/location_details.php?id=2590,RVer,pilot,,,http://https://www.pilotflyingj.com/stores/381,34.41005,-117.397939,I-15,141 (US 395),8701 HWY 395,HESPERIA,CA,92345,760-956-2844 (TRAVEL CENTER),760-956-1198,300.0,8.0,8.0,8.0,10.0,,0.0,760-956-1087 (WENDY'S),4.299,4.699,4.059,,,,,,,,www.pilotflyingj.com/stores/381,
5,California,POLLARD FLAT FUEL,location_details.php?id=2635,http://www.rvandtravelers.com/location_details.php?id=2635,RVer,ind dealer,,,,40.995042,-122.41898,I-5,712,24235 EAGLES ROOST RD,POLLARD FLAT,CA,96051,530-238-2534 (TRAVEL CENTER),,50.0,0.0,0.0,1.0,0.0,,0.0,530-238-2534 (POLLARD FLAT),,,,,,,,,,,,
5,California,QUIK STOP MARKET,location_details.php?id=44696,http://www.rvandtravelers.com/location_details.php?id=44696,RVer,ind dealer,,,,37.388296,-120.736478,I-99,203,401 JOSEPH GALLO DR,LIVINGSTON,CA,94538,209-394-1633 (TRAVEL CENTER),,0.0,0.0,0.0,2.0,0.0,,0.0,,,,,,,,,,,,,
5,California,RABBIT TRAXX TRUCK STOP MINI-MART,location_details.php?id=54843,http://www.rvandtravelers.com/location_details.php?id=54843,RVer,ind dealer,,,,41.529038,-120.181984,CA 299,,580 PATTERSON ST,CEDARVILLE,CA,96104,530-279-2022 (TRAVEL CENTER),530-279-3354,12.0,0.0,0.0,2.0,0.0,,0.0,,,,,,,,,,,,,
5,California,RAMOS OIL CO (SHELL/CFN),location_details.php?id=2711,http://www.rvandtravelers.com/location_details.php?id=2711,RVer,shell,,,,38.463893,-121.822237,I-80,66/CA 113,1900 N 1ST ST,DIXON,CA,95620,707-678-1670 (TRAVEL CENTER),707-678-0816,0.0,0.0,0.0,4.0,0.0,,0.0,,,,,,,,,,,,,
5,California,RASOR ROAD SERVICE,location_details.php?id=2718,http://www.rvandtravelers.com/location_details.php?id=2718,RVer,shell,,,,35.133122,-116.209016,I-15,233,66150 RASOR RD,BAKER,CA,92309,760-733-4267,,30.0,,,2.0,0.0,,1.0,,,,,,,,,,,,,
5,California,RIALTO TRAVEL CENTER (CHEVRON),location_details.php?id=2745,http://www.rvandtravelers.com/location_details.php?id=2745,RVer,chevron,,,,34.037201,-117.368526,I-10,68 S 3 MILES,3610 S RIVERSIDE AVE,RIALTO,CA,92377,951-683-5387 (TRAVEL CENTER),951-680-9644,29.0,0.0,0.0,5.0,3.0,,0.0,951-683-5387 (SUBWAY),,,,951-683-5387 (CARL'S JR),,,,,,,,
5,California,RJ'S TRAVEL PLAZA,location_details.php?id=2755,http://www.rvandtravelers.com/location_details.php?id=2755,RVer,76,,,,36.447774,-119.485323,I-99,106,36220 6TH ST,TRAVER,CA,93631,559-238-3801 (TRAVEL CENTER),559-238-3850,25.0,0.0,0.0,4.0,4.0,,0.0,,,,,,,,,,,,,
5,California,ROCHE OIL MOBILE MART,location_details.php?id=2789,http://www.rvandtravelers.com/location_details.php?id=2789,RVer,mobil oil type,,,,36.183175,-119.330981,I-99,85,1120 E PAIGE RD,TULARE,CA,93274,559-686-5837 (TRAVEL CENTER),559-686-9021,8.0,0.0,0.0,4.0,0.0,,0.0,,,,,,,,,,,,,
5,California,ROLLING HILLS CHEVRON,location_details.php?id=2800,http://www.rvandtravelers.com/location_details.php?id=2800,RVer,chevron,,,,39.872027,-122.200729,I-5,628,2635 EVERET FREEMAN WAY,CORNING,CA,96021,530-824-4990,530-824-5752,120.0,,,5.0,0.0,,0.0,,,,,,,,,,,,,
5,California,ROTTEN ROBBIE,location_details.php?id=2806,http://www.rvandtravelers.com/location_details.php?id=2806,RVer,ind dealer,,,,37.10233,-121.015661,I-5,407 (CA 33),12860 S CA 33,GUSTINE,CA,95322,209-826-4418 (TRAVEL CENTER),209-826-2032,69.0,0.0,0.0,7.0,0.0,,0.0,209-826-4418 (DENNY'S),,,,,,,,,,,,
5,California,ROTTEN ROBBIE,location_details.php?id=10344,http://www.rvandtravelers.com/location_details.php?id=10344,RVer,ind dealer,,,,39.017965,-122.912522,CA 29,CA 175,2725 S MAIN ST,LAKEPORT,CA,95453,707-263-5790 (TRAVEL CENTER),,0.0,0.0,0.0,2.0,0.0,,0.0,,,,,,,,,,,,,
5,California,ROTTEN ROBBIE,location_details.php?id=16048,http://www.rvandtravelers.com/location_details.php?id=16048,RVer,ind dealer,,,,37.383371,-121.950727,LAFAYETTE ST,ALDO AVENUE,3471 LAFAYETTE ST,SANTA CLARA,CA,95054,408-988-5407 (TRAVEL CENTER),,0.0,0.0,0.0,8.0,0.0,,0.0,,,,,,,,,,,,,
5,California,ROTTEN ROBBIE # 31,location_details.php?id=10317,http://www.rvandtravelers.com/location_details.php?id=10317,RVer,ind dealer,,,,37.020881,-121.569134,US 101,CA 152,390 LEAVESLEY RD,GILROY,CA,95020,408-842-3630 (TRAVEL CENTER),,0.0,0.0,0.0,2.0,0.0,,0.0,,,,,,,,,,,,,
5,California,ROTTEN ROBBIE # 60,location_details.php?id=10327,http://www.rvandtravelers.com/location_details.php?id=10327,RVer,ind dealer,,,,38.387225,-122.715171,US 101,485,55 E TODD RD,SANTA ROSA,CA,95407,707-584-9610 (TRAVEL CENTER),,0.0,0.0,0.0,4.0,0.0,,0.0,,,,,,,,,,,,,
5,California,ROTTEN ROBBIE # 65,location_details.php?id=1244,http://www.rvandtravelers.com/location_details.php?id=1244,RVer,ind dealer,,,,37.9223480224609,-122.336654663086,I-580,10-B,1085 JULIGA WOODS,RICHMOND,CA,94801,510-236-1300,510-236-5643,0.0,0.0,0.0,5.0,0.0,,0.0,,,,,,,,,,,,,
5,California,ROYAL TRUCK STOP,location_details.php?id=314,http://www.rvandtravelers.com/location_details.php?id=314,RVer,ind dealer,,,,34.063049,-117.288894,I-10,73-A,2300 E STEELE RD,COLTON,CA,92324,909-825-5190 (TRAVEL CENTER),909-825-5922,56.0,0.0,56.0,6.0,4.0,,2.0,909-825-5190 (CHESTER'S FRIED CHICKEN),,,,,,,,,,,,
5,California,RVJ'S TRUCK STOP,location_details.php?id=2818,http://www.rvandtravelers.com/location_details.php?id=2818,RVer,chevron,,,,36.677646,-119.745849,I-99,127,4029 S MAPLE AVE,FRESNO,CA,93725,559-485-8220 (TRAVEL CENTER),559-485-0274,0.0,0.0,0.0,7.0,0.0,,0.0,,,,,,,,,,,,,
5,California,SAC VALLEY TRUCK STOP,location_details.php?id=54893,http://www.rvandtravelers.com/location_details.php?id=54893,RVer,valero,,,,38.47152,-121.41673,CA 99,291,7891 STOCKTON BLVD,SACRAMENTO,CA,95823,916-896-5647 (TRAVEL CENTER),916-896-5669,50.0,0.0,0.0,4.0,1.0,,0.0,,,,,,,,,,,,,
5,California,SACRAMENTO 49ER TRAVEL PLAZA,location_details.php?id=2829,http://www.rvandtravelers.com/location_details.php?id=2829,RVer,pilot,,,http://https://www.pilotflyingj.com/stores/879,38.616935,-121.539245,I-80,85,2828 EL CENTRO RD,SACRAMENTO,CA,95833,916-927-4774 (TRAVEL CENTER),916-927-6641,277.0,0.0,277.0,7.0,12.0,,3.0,916-927-4774 (SILVER SKILLET),4.359,4.699,4.059,,,3.99,,,,,www.pilotflyingj.com/stores/879,
5,California,SAN PASO TRUCK STOP,location_details.php?id=10320,http://www.rvandtravelers.com/location_details.php?id=10320,RVer,76,,,http://sanpasotruckstop.com,35.695798,-120.698605,US 101,WELLSONA RD,81 WELLSONA RD,PASO ROBLES,CA,93446,805-467-9999 (TRAVEL CENTER),805-467-3209,150.0,0.0,0.0,5.0,2.0,,0.0,805-467-9999 (JOSE COUNTRY KITCHEN),,,,,,,,,,,,
5,California,SC FUELS,location_details.php?id=747,http://www.rvandtravelers.com/location_details.php?id=747,RVer,ind dealer,,,,33.97935,-118.119678,I-5,126-B,1601 BLUFF RD,MONTEBELLO,CA,90640,323-725-1659 (TRAVEL CENTER),323-721-8267,0.0,0.0,0.0,5.0,0.0,,0.0,,,,,,,,,,,,,
5,California,SF / OAKLAND TRUCK PLAZA,location_details.php?id=2885,http://www.rvandtravelers.com/location_details.php?id=2885,RVer,ind dealer,,,,37.749175,-122.191868,I-880,37,8255 SAN LEANDRO,OAKLAND,CA,94621,510-569-1624,510-569-3673,0.0,0.0,0.0,4.0,2.0,,2.0,,,,,,,,,,,,,
5,California,SHOP N GO,location_details.php?id=2877,http://www.rvandtravelers.com/location_details.php?id=2877,RVer,valero,,,,36.547083,-119.599092,I-99,115,10610 E MOUNTAIN VIEW,SELMA,CA,93662,559-896-7682 (TRAVEL CENTER),,0.0,0.0,0.0,5.0,0.0,,0.0,,,,,,,,,,,,,
5,California,SHOP N GO #611,location_details.php?id=2913,http://www.rvandtravelers.com/location_details.php?id=2913,RVer,valero,,,,36.489315,-119.516144,I-99,109,38440 6TH ST,KINGSBURG,CA,93631,559-897-3015 (TRAVEL CENTER),,5.0,0.0,0.0,3.0,0.0,,0.0,,,,,,,,,,,,,
5,California,SOUTH BROADWAY SHELL,location_details.php?id=10315,http://www.rvandtravelers.com/location_details.php?id=10315,RVer,shell,,,,40.774812,-124.190256,US 101,,3505 BROADWAY ST,EUREKA,CA,95503,707-443-1891 (TRAVEL CENTER),,2.0,0.0,0.0,4.0,0.0,,0.0,,,,,,,,,,,,,
5,California,SOUTHERN CALIFORNIA TRUCK STOP,location_details.php?id=2960,http://www.rvandtravelers.com/location_details.php?id=2960,RVer,ind dealer,,,,32.659687,-117.115336,I-5,10,2250 TIDELANDS AVE,NATIONAL CITY,CA,91950,619-336-6103 (TRAVEL CENTER),619-477-7303,0.0,0.0,0.0,6.0,0.0,,0.0,,,,,,,,,,,,,
5,California,SPEEDWAY,location_details.php?id=941,http://www.rvandtravelers.com/location_details.php?id=941,RVer,speedwaygas,,,,36.706331,-119.774908,CA 99,130,2619 S EAST AVE,FRESNO,CA,93706,559-494-0570 (TRAVEL CENTER),559-233-4768,0.0,0.0,0.0,4.0,0.0,,0.0,,,,,,,,,,,,,
5,California,SPEEDWAY,location_details.php?id=1135,http://www.rvandtravelers.com/location_details.php?id=1135,RVer,speedwaygas,,,,34.818472,-118.883855,I-5,205,161 FRAZIER MOUNTAIN PARK RD,FRAZIER PARK,CA,93243,661-248-6478 (TRAVEL CENTER),661-248-6623,7.0,0.0,0.0,4.0,0.0,,0.0,661-248-6478 (SUBWAY),,,,,,,,,,,,
5,California,SPEEDWAY,location_details.php?id=2736,http://www.rvandtravelers.com/location_details.php?id=2736,RVer,speedwaygas,,,,35.059484,-118.969651,I-99,3 (CA 166 W),2023 METTLER FRONTAGE RD,METTLER,CA,93313,661-858-2703 (TRAVEL CENTER),,15.0,0.0,0.0,8.0,2.0,,0.0,661-858-2703 (SUBWAY),,,,,,,,,,,,
5,California,SPEEDWAY,location_details.php?id=3578,http://www.rvandtravelers.com/location_details.php?id=3578,RVer,speedwaygas,,,,39.740257,-122.203293,I-5,618,1021 SOUTH ST,ORLAND,CA,95963,530-865-2031 (TRAVEL CENTER),,25.0,0.0,0.0,2.0,0.0,,0.0,,,,,,,,,,,,,
5,California,SPEEDWAY,location_details.php?id=10298,http://www.rvandtravelers.com/location_details.php?id=10298,RVer,speedwaygas,,,,35.350819,-118.912231,CA 58,117,8200 KIMBER AVE,BAKERSFIELD,CA,93307,661-366-1860,,20.0,0.0,0.0,7.0,2.0,,0.0,,,,,,,,,,,,,
5,California,SPEEDWAY,location_details.php?id=10329,http://www.rvandtravelers.com/location_details.php?id=10329,RVer,ind dealer,,,,37.651911,-122.402625,US 101,GRAND AVE,176 GATEWAY BLVD,SAN FRANCISCO,CA,94080,650-737-9800 (TRAVEL CENTER),,15.0,0.0,15.0,7.0,0.0,,0.0,650-737-9800 (WENDY'S),,,,,,,,,,,,
5,California,SPEEDY FUEL,location_details.php?id=3004,http://www.rvandtravelers.com/location_details.php?id=3004,RVer,ind dealer,,,,34.01653,-118.208358,I-5,133,1492 S LORENA ST,LOS ANGELES,CA,90023,323-260-4606 (TRAVEL CENTER),323-261-4494,0.0,0.0,0.0,4.0,0.0,,0.0,,,,,,,,,,,,,
5,California,SPEEDY FUEL,location_details.php?id=10349,http://www.rvandtravelers.com/location_details.php?id=10349,RVer,ind dealer,,,,34.009438,-118.190908,I-710,17-C,2432 S INDIANA ST,COMMERCE,CA,90023,323-266-2606 (TRAVEL CENTER),323-266-2831,0.0,0.0,0.0,11.0,0.0,,0.0,,,,,,,,,,,,,
5,California,SPEEDY FUEL TRUCK STOP,location_details.php?id=447,http://www.rvandtravelers.com/location_details.php?id=447,RVer,tesoro,,,,35.402076,-119.396869,I-5,257 (CA 58),27780 LAGOON DR,BUTTONWILLOW,CA,93206,661-764-9460 (TRAVEL CENTER),661-764-9450,10.0,0.0,0.0,7.0,7.0,,0.0,,,,,,,,,,,,,
5,California,STARS AND STRIPES 76,location_details.php?id=289,http://www.rvandtravelers.com/location_details.php?id=289,RVer,76,,,,32.877053,-117.185865,I-805,25-B,5706 MIRAMAR RD,SAN DIEGO,CA,92121,858-450-9776 (TRAVEL CENTER),,0.0,0.0,0.0,5.0,0.0,,0.0,,,,,,,,,,,,,
5,California,SUPER FINE TRUCK STOP,location_details.php?id=3148,http://www.rvandtravelers.com/location_details.php?id=3148,RVer,ind dealer,,,,34.228275,-118.387317,I-5,152,8730 LANKERSHIM BLVD,SUN VALLEY,CA,91352,818-767-2570,818-767-5393,0.0,,,3.0,0.0,,0.0,,,,,,,,,,,,,
5,California,SUPER STOP TRAVEL CENTER,location_details.php?id=3161,http://www.rvandtravelers.com/location_details.php?id=3161,RVer,mobil oil type,,,,32.771306,-115.555437,I-8,115,550 WAKE AVE,EL CENTRO,CA,92243,760-352-0044 (TRAVEL CENTER),760-352-9451,150.0,0.0,150.0,9.0,5.0,,0.0,760-352-0044 (TACO SHOP),,,,,,,,,,,,
5,California,SUPERFINE VALERO,location_details.php?id=3263,http://www.rvandtravelers.com/location_details.php?id=3263,RVer,valero,,,,34.041393,-118.237774,I-10,15-B,500 S ALAMEDA ST,LOS ANGELES,CA,90013,213-626-1259 (TRAVEL CENTER),213-626-3048,0.0,0.0,0.0,2.0,0.0,,1.0,,,,,,,,,,,,,
5,California,THE GARLIC FARM,location_details.php?id=10321,http://www.rvandtravelers.com/location_details.php?id=10321,RVer,shell,,,,36.986253,-121.555927,US 101,MONTEREY RD,5920 TRAVEL PARK CIRCLE,GILROY,CA,95020,408-847-9702 (TRAVEL CENTER),408-847-9904,85.0,0.0,0.0,10.0,4.0,,0.0,,,,,,,,,,,,,
5,California,THREE SISTERS TRUCK STOP,location_details.php?id=3294,http://www.rvandtravelers.com/location_details.php?id=3294,RVer,ind dealer,,,,34.063015,-117.490877,I-10,61,14416 SLOVER AVE,FONTANA,CA,92337,909-822-4415 (TRAVEL CENTER),909-822-8378,150.0,0.0,0.0,5.0,6.0,,4.0,,,,,,,,,,,,,
5,California,TORRES MARTINEZ TRAVEL CENTER,location_details.php?id=10302,http://www.rvandtravelers.com/location_details.php?id=10302,RVer,ind dealer,,,,33.353109,-116.020261,CA 86,,3095 CA 86,SALTON SEA BEACH,CA,92274,760-395-1404 (TRAVEL CENTER),,85.0,0.0,0.0,4.0,4.0,,0.0,,,,,,,,,,,,,
5,California,TRACY TRUCK & AUTO STOP,location_details.php?id=3389,http://www.rvandtravelers.com/location_details.php?id=3389,RVer,ind dealer,,,,37.765834,-121.434893,I-205,8,3940 N TRACY BLVD,TRACY,CA,95304,209-832-5006 (TRAVEL CENTER),209-832-1212,50.0,0.0,50.0,8.0,3.0,,0.0,209-832-5006 (KRISPY KRUNCHY CHICKEN),,,,,,,,,,,,
5,California,TRAVEL CENTERS OF AMERICA #040,location_details.php?id=3183,http://www.rvandtravelers.com/location_details.php?id=3183,RVer,catscale3,,,http://https://www.ta-petro.com/location/ca/ta-corning,39.903861,-122.197604,I-5,630,3524 S HWY 99 W,CORNING,CA,96021,530-824-4646 (TRAVEL CENTER),530-824-0547,254.0,4.0,4.0,14.0,10.0,,4.0,530-824-4646 (ARBY'S),,,,530-824-4646 (SUBWAY),,,,,,,www.ta-petro.com/location/ca/ta-corning,
5,California,TRAVEL CENTERS OF AMERICA #041,location_details.php?id=3187,http://www.rvandtravelers.com/location_details.php?id=3187,RVer,catscale3,,,http://https://www.ta-petro.com/location/ca/ta-coachella,33.713167,-116.175352,I-10,146,46155 DILLION RD,COACHELLO,CA,92236,760-342-6200 (TRAVEL CENTER),760-342-6208,205.0,4.0,4.0,12.0,15.0,,4.0,760-342-6200 (POPEYE'S),,,,760-342-6200 (TACO BELL EXPRESS),,,,,,,www.ta-petro.com/location/ca/ta-coachella,
5,California,TRAVEL CENTERS OF AMERICA #057,location_details.php?id=3184,http://www.rvandtravelers.com/location_details.php?id=3184,RVer,catscale3,,,http://https://www.ta-petro.com/location/ca/ta-redding,40.505396,-122.335564,I-5,673,19483 KNIGHTON RD,REDDING,CA,96002,530-221-4760 (TRAVEL CENTER),530-221-8269,196.0,8.0,8.0,10.0,7.0,,2.0,530-221-4760 (PIZZA HUT),,,,530-221-4760 (POPEYE'S),,,,,,,www.ta-petro.com/location/ca/ta-redding,
5,California,TRAVEL CENTERS OF AMERICA #160,location_details.php?id=3181,http://www.rvandtravelers.com/location_details.php?id=3181,RVer,catscale3,,,http://https://www.ta-petro.com/location/ca/ta-buttonwillow,35.400803,-119.397338,I-5,257 (CA 58),27769 LAGOON DR,BUTTONWILLOW,CA,93206,661-764-5266 (TRAVEL CENTER),661-764-5410,170.0,4.0,4.0,8.0,8.0,,2.0,661-764-5266 (POPEYE'S),,,,661-764-5266 (TACO BELL),,,,,,,www.ta-petro.com/location/ca/ta-buttonwillow,
5,California,TRAVEL CENTERS OF AMERICA #162,location_details.php?id=3185,http://www.rvandtravelers.com/location_details.php?id=3185,RVer,catscale3,,,http://https://www.ta-petro.com/location/ca/ta-ontario,34.064197,-117.559269,I-10,57,4265 E GAUSTI RD,ONTARIO,CA,91761,909-390-2525 (TRAVEL CENTER),909-605-6765,549.0,35.0,35.0,8.0,17.0,,6.0,909-390-2525 (COUNTRY PRIDE RESTAURANT),,,,909-390-2525 (TACO BELL EXPRESS),,,,,,,www.ta-petro.com/location/ca/ta-ontario,
5,California,TRAVEL CENTERS OF AMERICA #163,location_details.php?id=3182,http://www.rvandtravelers.com/location_details.php?id=3182,RVer,catscale3,,,http://https://www.ta-petro.com/location/ca/ta-santa-nella,37.110596,-121.015468,I-5,407 (CA 33),12310 S HWY 33,SANTA NELLA,CA,95322,209-826-0741 (TRAVEL CENTER),209-826-6399,216.0,6.0,6.0,8.0,12.0,,4.0,209-826-0741 (COUNTRY PRIDE),,,,209-826-0741 (POPEYE'S),,,,,,,www.ta-petro.com/location/ca/ta-santa-nella,
5,California,TRAVEL CENTERS OF AMERICA #170,location_details.php?id=3195,http://www.rvandtravelers.com/location_details.php?id=3195,RVer,catscale3,,,http://https://www.ta-petro.com/location/ca/ta-livingston,37.386639,-120.737423,I-99,203,435 WINTON PKWY,LIVINGSTON,CA,95334,209-394-4418 (TRAVEL CENTER),209-394-1419,102.0,20.0,20.0,6.0,7.0,,5.0,209-394-4418 (BURGER KING),,,,209-394-4418 (POPEYE'S),,,,,,,www.ta-petro.com/location/ca/ta-livingston,
5,California,TRAVEL CENTERS OF AMERICA #227,location_details.php?id=3188,http://www.rvandtravelers.com/location_details.php?id=3188,RVer,catscale3,,,http://https://www.ta-petro.com/location/ca/ta-barstow,34.854792,-117.089182,I-15,178,2930 LENWOOD RD,BARSTOW,CA,92311,760-253-2922 (TRAVEL CENTER),,303.0,10.0,10.0,16.0,17.0,,7.0,760-253-2922 (BLACK BEAR DINER),,,,760-253-2922 (SUBWAY),,,,,,,www.ta-petro.com/location/ca/ta-barstow,
5,California,TRAVEL CENTERS OF AMERICA #239,location_details.php?id=3180,http://www.rvandtravelers.com/location_details.php?id=3180,RVer,catscale3,,,http://https://www.ta-petro.com/location/ca/ta-wheeler-ridge,34.992,-118.941287,I-5,219-A 219-B,5552 WHEELER RIDGE RD,WHEELER RIDGE,CA,93203,661-858-2804 (TRAVEL CENTER),661-858-2136,306.0,4.0,4.0,8.0,10.0,,4.0,661-858-2804 (PIZZA HUT),,,,661-858-2804 (POPEYE'S),661-858-2804 (BURGER KING),,661-858-2804 (SUBWAY),,,,www.ta-petro.com/location/ca/ta-wheeler-ridge,
5,California,TRAVEL ZONE CENTER,location_details.php?id=44704,http://www.rvandtravelers.com/location_details.php?id=44704,RVer,arco,,,,33.840672,-117.254544,I-215,22,23261 CAJACO RD,PERRIS,CA,92570,951-940-9200 (TRAVEL CENTER),951-940-9221,40.0,0.0,40.0,9.0,0.0,,0.0,,,,,,,,,,,,,
5,California,TRUCK NET,location_details.php?id=16131,http://www.rvandtravelers.com/location_details.php?id=16131,RVer,ind dealer,,,,32.557164,-116.961177,CA 905,7 S,8490 AVENIDA DE LA FUENTE,SAN DIEGO,CA,92154,619-661-1888 (TRAVEL CENTER),,250.0,0.0,250.0,8.0,7.0,,1.0,619-661-1888 (TRUCK NET TACO SHOP),,,,,,,,,,,,
5,California,ULTRA GAS & MART,location_details.php?id=303,http://www.rvandtravelers.com/location_details.php?id=303,RVer,shell,,,,35.262089,-116.080577,I-15,246,71808 BAKER RD,BAKER,CA,92309,760-733-4542 (TRAVEL CENTER),760-733-4532,30.0,0.0,0.0,2.0,0.0,,0.0,760-733-4542 (JERSEY MIKES),,,,760-733-4542 (DAIRY QUEEN),,,,,BAKER RD,,,
5,California,UNITED OIL,location_details.php?id=16051,http://www.rvandtravelers.com/location_details.php?id=16051,RVer,76,,,,33.741193,-117.19099,I-215,14,1500 PATRICIA RD,PERRIS,CA,92570,951-943-7220 (TRAVEL CENTER),,14.0,0.0,14.0,9.0,0.0,,0.0,,,,,,,,,,,,,
5,California,UNITED PARK TRUCK STOP,location_details.php?id=225,http://www.rvandtravelers.com/location_details.php?id=225,RVer,chevron,,,,37.098133,-120.21819,I-99,167,18208 AVENUE 24,CHOWCHILLA,CA,93610,559-665-4146 (TRAVEL CENTER),559-665-4518,15.0,0.0,0.0,4.0,0.0,,0.0,559-665-4146 (BURGER KING),,,,,,,,,,,,
5,California,US HENDY OIL,location_details.php?id=16045,http://www.rvandtravelers.com/location_details.php?id=16045,RVer,76,,,,35.067084,-118.178263,CA 58,CA 14,16825 CA 14,MOJAVE,CA,93501,661-824-4675 (TRAVEL CENTER),,0.0,0.0,0.0,4.0,0.0,,0.0,,,,,,,,,,,,,
5,California,VACA VALLEY TRAVEL CENTER,location_details.php?id=44712,http://www.rvandtravelers.com/location_details.php?id=44712,RVer,chevron,,,,38.394933,-121.952791,I-505/I-80,57,151 CROKER DR,VACAVILLE,CA,95688,707-451-7533 (TRAVEL CENTER),707-451-7532,5.0,0.0,0.0,5.0,0.0,,0.0,707-451-7533 (BLIMPIE'S),,,,707-451-7533 (BURGER KING),,,,,,,,
5,California,VALLEY COLTON TRUCK STOP,location_details.php?id=3604,http://www.rvandtravelers.com/location_details.php?id=3604,RVer,ind dealer,,,,34.065595,-117.314212,I-10,71,791 E VALLEY BLVD,COLTON,CA,92324,909-824-1296 (TRAVEL CENTER),909-824-8790,20.0,0.0,20.0,9.0,0.0,,0.0,909-824-1296 (ALBERTO'S),,,,,,,,,,,,
5,California,VALLEY FUEL TOWN & COUNTRY,location_details.php?id=10312,http://www.rvandtravelers.com/location_details.php?id=10312,RVer,ind dealer,,,,36.055229,-119.31284,I-99,76 (CA 190),412 S BURNETT RD,TIPTON,CA,93272,559-752-4905 (TRAVEL CENTER),,8.0,0.0,0.0,4.0,0.0,,0.0,,,,,,,,,,,,,
5,California,VALLEY FUEL TRAVEL PLAZA,location_details.php?id=55851,http://www.rvandtravelers.com/location_details.php?id=55851,RVer,chevron,,,,36.350639,-119.43109,US 99,98-B,6603 BETTY DR,VISALIA,CA,93291,559-651-0009 (TRAVEL CENTER),,22.0,0.0,0.0,7.0,6.0,,0.0,559-651-0009 (SUBWAY),,,,559-651-0009 (STARBUCKS),559-651-0009 (CHESTER'S FRIED CHICKEN),,,,,,,
5,California,VALLEY PACIFIC PETROLEUM SERVICE (CHEVRON),location_details.php?id=10326,http://www.rvandtravelers.com/location_details.php?id=10326,RVer,chevron,,,,34.923741,-120.416938,US 101,BETTERAVIA RD,1155 E BETTERAVIA RD,SANTA MARIA,CA,93454,805-925-3664 (TRAVEL CENTER),805-928-1561,100.0,0.0,0.0,6.0,1.0,,0.0,805-925-3664 (HAPPY'S 101),,,,,,,,,,,,
5,California,VALLEY TRUCK STOP,location_details.php?id=10325,http://www.rvandtravelers.com/location_details.php?id=10325,RVer,ind dealer,,,,36.661621,-121.627572,US 101,326-A,721 VERTIN AVE,SALINAS,CA,93901,831-754-1303 (TRAVEL CENTER),831-754-1160,43.0,0.0,43.0,6.0,2.0,,0.0,831-754-1303 (BBQ ROADHOUSE),,,,,,,,,,,,
5,California,VANCO TRUCK PLAZA,location_details.php?id=3611,http://www.rvandtravelers.com/location_details.php?id=3611,RVer,76,,,,37.935774,-121.301873,I-5,471 (CA 4),1033 W CHARTER WAY,STOCKTON,CA,95206,209-466-0833 (TRAVEL CENTER),209-466-2740,45.0,0.0,0.0,8.0,5.0,,2.0,209-466-0833 (CARL'S JR),,,,209-466-0833 (JACK IN THE BOX),209-466-0833 (TACO BELL),,,,,,,
5,California,VERNON TRUCK WASH,location_details.php?id=10346,http://www.rvandtravelers.com/location_details.php?id=10346,RVer,ind dealer,,,,34.008679,-118.208558,BANDINI HIGHWAY,,3308 BANDINI BLVD,VERNON,CA,90058,323-267-0706,,28.0,,,3.0,4.0,,2.0,,,,,,,,,,,,,
5,California,WEBB AUTO/TRUCK SERVICE,location_details.php?id=3629,http://www.rvandtravelers.com/location_details.php?id=3629,RVer,chevron,,,,33.975593,-118.163349,I-710,15,5703 GAGE AVE,BELL GARDENS,CA,90201,323-773-2673 (TRAVEL CENTER),323-773-0406,0.0,0.0,0.0,4.0,0.0,,2.0,,,,,,,,,,,,,
5,California,WESTERN STATES OIL,location_details.php?id=3645,http://www.rvandtravelers.com/location_details.php?id=3645,RVer,ind dealer,,,,37.314158,-121.859679,I-280,1,1790 S 10TH ST,SAN JOSE,CA,95112,408-292-1041 (TRAVEL CENTER),,0.0,0.0,0.0,2.0,0.0,,0.0,,,,,,,,,,,,,
5,California,WESTGATE PETROLEUM,location_details.php?id=10342,http://www.rvandtravelers.com/location_details.php?id=10342,RVer,ind dealer,,,,39.00122,-122.893987,CA 29,CA 412,3740 HIGHLAND SPRINGS RD,LAKEPORT,CA,95453,707-263-6512 (TRAVEL CENTER),707-263-0025,2.0,0.0,0.0,2.0,0.0,,0.0,,,,,,,,,,,,,
5,California,WESTSIDE CHEVRON,location_details.php?id=3652,http://www.rvandtravelers.com/location_details.php?id=3652,RVer,chevron,,,,34.848846,-114.622152,I-40,141,2321 NEEDLES HWY,NEEDLES,CA,92363,760-326-3048 (TRAVEL CENTER),,0.0,0.0,0.0,6.0,0.0,,0.0,,,,,,,,,,,,,
5,California,WILLOWS TRAVEL PLAZA,location_details.php?id=3709,http://www.rvandtravelers.com/location_details.php?id=3709,RVer,chevron,,,,39.494125,-122.193712,I-5,601 (HWY 99W),1481 CO RD 99W,WILLOWS,CA,95988,530-934-9862 (TRAVEL CENTER),530-934-9862,100.0,0.0,0.0,6.0,0.0,,0.0,,,,,,,,,,,,,
5,California,WRAICH TRAVEL PLAZA,location_details.php?id=2129,http://www.rvandtravelers.com/location_details.php?id=2129,RVer,flying j,,,,34.063014,-117.493168,I-10,61,14302 SLOVER AVE,FONTANA,CA,92337,909-350-3310 (TRAVEL CENTER),909-350-3434,52.0,12.0,12.0,10.0,7.0,,3.0,909-350-3310 (WENDY'S),,,,,,,,,,,,
5,California,YERMO SHELL AND TRUCK STOP,location_details.php?id=3737,http://www.rvandtravelers.com/location_details.php?id=3737,RVer,shell,,,,34.90395,-116.886924,I-15,191,35858 GHOST TOWN RD,YERMO,CA,92398,760-254-3348,,50.0,0.0,0.0,3.0,0.0,,0.0,,,,,,,,,,,,,
33,Nevada,ALAMO SINCLAIR,location_details.php?id=11836,http://www.rvandtravelers.com/location_details.php?id=11836,RVer,sinclair oil .svg,,,,37.365133,-115.159914,US 93,,51 BROADWAY ST,ALAMO,NV,89001,775-725-3341 (TRAVEL CENTER),775-725-3386,10.0,0.0,0.0,6.0,0.0,,0.0,775-725-3341 (CHESTER'S FRIED CHICKEN),,,,,,,,,,,,
33,Nevada,AREA 51 TRAVEL CENTER,location_details.php?id=11843,http://www.rvandtravelers.com/location_details.php?id=11843,RVer,ind dealer,,,,36.642991,-116.396374,NE 95,,5388 E HWY 95,AMARGOSA VALLEY,NV,89020,775-372-1500 (TRAVEL CENTER),775-372-1501,20.0,0.0,0.0,4.0,0.0,,0.0,775-372-1500 (AREA 51 DINER),,,,,,,,,,,,
33,Nevada,FLYING J DEALER #1171,location_details.php?id=48342,http://www.rvandtravelers.com/location_details.php?id=48342,RVer,pilot,,,http://https://www.pilotflyingj.com/stores/1171/,36.7841675,-114.1400244,I-15,118,1057 S LOWER FLAT TOP DR UNIT A,MESQUITE,NV,89027,702-849-0400 (TRAVEL CENTER),702-613-5752,69.0,15.0,15.0,8.0,6.0,,1.0,702-849-0400 (WENDY'S),3.799,4.099,3.999,702-849-0400 (CHESTER'S FRIED CHICKEN),702-849-0400 (MR. TACO),,,,,,www.pilotflyingj.com/stores/1171/,
33,Nevada,FLYING J DEALER #513 - WHISKEY PETE'S CASINO TRUCK STOP,location_details.php?id=3657,http://www.rvandtravelers.com/location_details.php?id=3657,RVer,flying j,,,,35.609536,-115.391048,I-15,1,115 W PRIMM BLVD,PRIMM,NV,89019,702-679-6666 (TRAVEL CENTER),702-679-6543,125.0,0.0,0.0,10.0,6.0,,0.0,702-679-6666 (SUBWAY),,4.159,3.999,702-679-6666 (QDOBA),702-679-6666 (STARBUCKS),,702-679-6666 (MCDONALD'S),,,,,
33,Nevada,FLYING J DEALER #966,location_details.php?id=440,http://www.rvandtravelers.com/location_details.php?id=440,RVer,flying j,,,http://https://pilotflyingj.com/stores/966,40.650165,-116.945124,I-80,229/231,650 W FRONT ST,BATTLE MOUNTAIN,NV,89820,775-635-5424 (TRAVEL CENTER),775-635-0371,80.0,0.0,0.0,8.0,5.0,,0.0,,3.589,3.959,,,,,,,,,pilotflyingj.com/stores/966,
33,Nevada,FLYING J TRAVEL CENTER #1005,location_details.php?id=44920,http://www.rvandtravelers.com/location_details.php?id=44920,RVer,flying j,,,http://https://pilotflyingj.com/stores/1005,39.615334,-119.217752,I-80,48,480 TRUCK INN WAY,FERNLEY,NV,89408,775-575-5919 (TRAVEL CENTER),775-835-6281,160.0,0.0,0.0,8.0,7.0,,0.0,775-575-5919 (DENNY'S),3.669,3.959,3.999,775-575-5919 (CINNABON),,3.299,,,,,pilotflyingj.com/stores/1005,
33,Nevada,FLYING J TRAVEL CENTER #692,location_details.php?id=17723,http://www.rvandtravelers.com/location_details.php?id=17723,RVer,flying j,,,http://www.pilotflyingj.com/view-location?id=692,41.098526,-114.958372,I-80,352,156 HWY 93 S,WELLS,NV,89835,775-752-2400 (TRAVEL CENTER),775-752-2406,200.0,5.0,5.0,10.0,9.0,,0.0,,3.189,3.949,3.999,,,3.699,,,,,,
33,Nevada,FLYING J TRAVEL CENTER #770,location_details.php?id=950,http://www.rvandtravelers.com/location_details.php?id=950,RVer,flying j,,,http://www.pilotflyingj.com/view-location?id=770,40.960769,-117.746857,I-80,176,1880 W WINNEMUCCA BLVD,WINNEMUCCA,NV,89445,775-623-0111 (TRAVEL CENTER),775-623-0120,105.0,5.0,5.0,10.0,9.0,,0.0,,3.499,3.959,3.999,,,3.999,,,,,,
33,Nevada,GOLDEN GATE,location_details.php?id=11835,http://www.rvandtravelers.com/location_details.php?id=11835,RVer,ind dealer,,,,39.475093,-118.796068,US 50,,1625 W WILLIAMS AVE,FALLON,NV,89406,775-423-5500 (TRAVEL CENTER),,20.0,0.0,0.0,4.0,0.0,,0.0,775-423-5500 (KRISPY KRUNCHY CHICKEN),,,,,,,,,,,,
33,Nevada,GOLDEN GATE,location_details.php?id=44921,http://www.rvandtravelers.com/location_details.php?id=44921,RVer,76,,,,38.533736,-118.622562,US 95,,705 NV-362,HAWTHORNE,NV,89415,775-316-8737 (TRAVEL CENTER),775-316-8745,100.0,0.0,0.0,3.0,0.0,,0.0,775-316-8737 (PORT OF SUBS),,,,,,,,,,,,
33,Nevada,GOLDEN GATE,location_details.php?id=44922,http://www.rvandtravelers.com/location_details.php?id=44922,RVer,conoco,,,,40.177326,-118.468584,I-80,106,163 MAIN ST,LOVELOCK,NV,89419,775-273-7700 (TRAVEL CENTER),775-273-7900,40.0,0.0,0.0,5.0,2.0,,0.0,775-273-7700 (PORT OF SUBS),,,,,,,,,,,,
33,Nevada,GOLDEN GATE,location_details.php?id=44925,http://www.rvandtravelers.com/location_details.php?id=44925,RVer,ind dealer,,,,39.597847,-119.838663,US 395,73,7770 N VIRGINIA ST,RENO,NV,89506,775-971-3801 (TRAVEL CENTER),775-971-3803,0.0,0.0,0.0,3.0,0.0,,0.0,,,,,,,,,,,,,
33,Nevada,GOLDEN GATE TRAVEL PLAZA,location_details.php?id=1246,http://www.rvandtravelers.com/location_details.php?id=1246,RVer,ind dealer,,,,39.556402,-119.491774,I-80,32 (1.5 MILES S),500 USA PKWY,CLARK,NV,89434,775-473-6800 (TRAVEL CENTER),775-473-6801,50.0,0.0,0.0,5.0,0.0,,0.0,775-473-6800 (PORT OF SUBS),,,,,,,,,,,,
33,Nevada,GOLDEN GATE TRUCK STOP,location_details.php?id=54364,http://www.rvandtravelers.com/location_details.php?id=54364,RVer,sinclair oil .svg,,,,40.828258,-115.771345,I-80,298,3600 W IDAHO ST,ELKO,NV,89801,775-777-0823 (TRAVEL CENTER),775-777-0824,18.0,0.0,0.0,6.0,0.0,,0.0,775-777-0823 (PORT OF SUBS),,,,,,,,,,,,
33,Nevada,HARMON JUNCTION,location_details.php?id=11834,http://www.rvandtravelers.com/location_details.php?id=11834,RVer,ind dealer,,,,39.472964,-118.686275,US 50,HARMON RD,25 S HARMON RD,FALLON,NV,89406,775-423-3888 (TRAVEL CENTER),,40.0,0.0,0.0,2.0,0.0,,0.0,,,,,,,,,,,,,
33,Nevada,HAWTHORNE SHELL,location_details.php?id=11838,http://www.rvandtravelers.com/location_details.php?id=11838,RVer,chevron,,,,38.535353,-118.629207,US 95,,1075 US 95,HAWTHORNE,NV,89415,775-945-4664,775-945-4661,20.0,0.0,0.0,2.0,4.0,,0.0,,,,,,,,,,,,,
33,Nevada,LOVE'S TRAVEL STOP #246,location_details.php?id=15012,http://www.rvandtravelers.com/location_details.php?id=15012,RVer,loves travel stops country stores 416x416,,,http://myloves246.com/,39.618448,-119.267193,I-80,46,825 COMMERCE DR,FERNLEY,NV,89408,775-575-2200 (TRAVEL CENTER),775-575-2215,75.0,0.0,0.0,9.0,7.0,,3.0,775-575-2200 (ARBY'S),3.659,3.949,3.989,775-575-2200 (GODFATHER'S PIZZA),,,,,,,,
33,Nevada,LOVE'S TRAVEL STOP #340,location_details.php?id=15015,http://www.rvandtravelers.com/location_details.php?id=15015,RVer,loves travel stops country stores 416x416,,,http://myloves340.com/,36.380793,-114.897458,I-15,64,12501  APEX GREAT BASIN PKWY,LAS VEGAS,NV,89165,702-643-7398 (TRAVEL CENTER),702-643-8567,80.0,0.0,0.0,8.0,5.0,,1.0,702-643-7398 (SUBWAY),3.659,4.089,3.969,702-643-7398 (GODFATHER'S PIZZA),,3.999,,,,,,
33,Nevada,LOVE'S TRAVEL STOP #365,location_details.php?id=15020,http://www.rvandtravelers.com/location_details.php?id=15020,RVer,loves travel stops country stores 416x416,,,http://myloves365.com/,41.098134,-114.959019,I-80,352,157 HWY 93 S,WELLS,NV,89835,775-752-9915 (TRAVEL CENTER),775-752-9917,70.0,0.0,0.0,7.0,5.0,,2.0,775-752-9915 (MCDONALD'S),3.189,3.939,3.989,,,,,,,,,
33,Nevada,LOVE'S TRAVEL STOP #691,location_details.php?id=48322,http://www.rvandtravelers.com/location_details.php?id=48322,RVer,loves travel stops country stores 416x416,,,HTTP://WWW.LOVES.COM,39.242153,-114.869233,US 93,US 6,1701 GREAT BASIN BLVD,ELY,NV,89301,775-289-3520 (TRAVEL CENTER),775-289-3203,48.0,0.0,0.0,5.0,5.0,,0.0,775-289-3520 (CARL'S JR.),,,,,,,,,,,,
33,Nevada,LOVE'S TRAVEL STOP #797,location_details.php?id=53839,http://www.rvandtravelers.com/location_details.php?id=53839,RVer,loves travel stops country stores 416x416,,,,40.951166,-117.757291,I-80,176,3550 W WINNEMUCCA BLVD,WINNEMUCCA,NV,89445,775-375-3070 (TRAVEL CENTER),775-375-3072,67.0,0.0,0.0,8.0,8.0,,,775-375-3070 (CARL'S JR),,,,,,,,,,,,
33,Nevada,MAVERIK,location_details.php?id=48384,http://www.rvandtravelers.com/location_details.php?id=48384,RVer,ind dealer,,,,39.189458,-119.751224,US 395,,1451 E COLLEGE PKWY,CARSON CITY,NV,89706,775-883-4718,,4.0,0.0,0.0,8.0,0.0,,0.0,,,,,,,,,,,,,
33,Nevada,MAVERIK # 453,location_details.php?id=44919,http://www.rvandtravelers.com/location_details.php?id=44919,RVer,ind dealer,,,,40.638078,-116.941543,I-80,231,775 S BROAD ST,BATTLE MOUNTAIN,NV,89820,775-635-8313 (TRAVEL CENTER),,0.0,0.0,0.0,2.0,0.0,,0.0,,,,,,,,,,,,,
33,Nevada,MOAPA PAIUTE TRAVEL PLAZA,location_details.php?id=2031,http://www.rvandtravelers.com/location_details.php?id=2031,RVer,chevron,,,,36.49908,-114.759968,I-15,75,9010 VALLEY OF FIRE,MOAPA,NV,89025,702-864-2602 (TRAVEL CENTER),702-864-2611,100.0,0.0,0.0,12.0,3.0,,0.0,702-864-2602 (TU KA KHAN),,,,,,,,,,,,
33,Nevada,MORTON'S TRAVEL PLAZA,location_details.php?id=17724,http://www.rvandtravelers.com/location_details.php?id=17724,RVer,valero,,,,36.21785,-115.127536,I-15,46,1000 E CHEYENNE AVE,LAS VEGAS,NV,89030,702-649-2001 (TRAVEL CENTER),702-649-7964,200.0,0.0,0.0,9.0,10.0,,1.0,702-649-2001 (SUBWAY),,,,702-649-2001 (DON TOR TACO),,,,,,,,
33,Nevada,PALM GARDENS CHEVRON,location_details.php?id=44923,http://www.rvandtravelers.com/location_details.php?id=44923,RVer,chevron,,,,35.197684,-114.855435,US 95,NEVADA 193,105 PALM GARDENS DR,PALM GARDENS,NV,89039,702-298-1001 (TRAVEL CENTER),,5.0,0.0,0.0,2.0,0.0,,0.0,,,,,,,,,,,,,
33,Nevada,PETRO STOPPING CENTER #331 - BOB & LINDA CAFFEE,location_details.php?id=2238,http://www.rvandtravelers.com/location_details.php?id=2238,RVer,petro,,,http://www.petrotruckstops.com/location_detail.sstg?id=45,36.277673,-115.025329,I-15,54,6595 N HOLLYWOOD BLVD,LAS VEGAS,NV,89115,702-632-2640 (TRAVEL CENTER),702-632-2645,207.0,15.0,15.0,12.0,16.0,,5.0,702-632-2640 (IRON SKILLET),,,,,,,,,,,,
33,Nevada,PETRO STOPPING CENTER #338,location_details.php?id=2239,http://www.rvandtravelers.com/location_details.php?id=2239,RVer,petro,,,http://www.petrotruckstops.com/location_detail.sstg?id=46,39.52277,-119.707936,I-80,20,1950 E GREG ST,SPARKS,NV,89431,775-355-8888 (TRAVEL CENTER),775-353-8605,400.0,10.0,10.0,10.0,14.0,,5.0,775-355-8888 (IRON SKILLET),,,,,,,,,,,,
33,Nevada,PETRO STOPPING CENTER #392,location_details.php?id=18691,http://www.rvandtravelers.com/location_details.php?id=18691,RVer,petro,,,http://www.petrotruckstops.com/location_detail.sstg?id=105,41.101055,-114.957035,I-80,352,1440 NE 6TH ST,WELLS,NV,89835,775-752-2000 (TRAVEL CENTER),775-752-2022,250.0,4.0,4.0,6.0,5.0,,3.0,775-752-2000 (IRON SKILLET),,,,775-752-2000 (DUNKIN' DONUTS),,,,,,,,
33,Nevada,PILOT TRAVEL CENTER #147,location_details.php?id=17704,http://www.rvandtravelers.com/location_details.php?id=17704,RVer,pilot,,,http://www.pilotflyingj.com/view-location?id=147,40.739353,-114.067174,I-80,410,1200 W WENDOVER BLVD,WEST WENDOVER,NV,89883,775-664-3400 (TRAVEL CENTER),775-664-3347,125.0,0.0,0.0,9.0,11.0,,0.0,775-664-3430 (ARBY'S),3.479,3.949,3.999,,,3.599,,,,,,
33,Nevada,PILOT TRAVEL CENTER #340,location_details.php?id=17707,http://www.rvandtravelers.com/location_details.php?id=17707,RVer,pilot,,,http://www.pilotflyingj.com/view-location?id=340,39.613387,-119.266784,I-80,46,465 PILOT RD,FERNLEY,NV,89408,775-575-5115 (TRAVEL CENTER),775-575-4619,100.0,5.0,5.0,8.0,7.0,,0.0,775-575-6298 (WENDY'S),3.669,3.959,3.999,775-575-6298 (DAIRY QUEEN),,,,,,,,
33,Nevada,PILOT TRAVEL CENTER #341,location_details.php?id=17712,http://www.rvandtravelers.com/location_details.php?id=17712,RVer,pilot,,,http://https://pilotflyingj.com/stores/341,36.241322,-115.097257,I-15,48,3812 E CRAIG RD,NORTH LAS VEGAS,NV,89031,702-644-1600 (TRAVEL CENTER),702-644-8432,80.0,20.0,20.0,7.0,7.0,,0.0,702-644-8495 (TRAVEL CENTER),3.679,4.099,3.999,702-644-8495 (DUNKIN' DONUTS),,,,,,,pilotflyingj.com/stores/341,
33,Nevada,PILOT TRAVEL CENTER #387,location_details.php?id=17717,http://www.rvandtravelers.com/location_details.php?id=17717,RVer,pilot,,,http://https://pilotflyingj.com/stores/387,40.720002,-116.105782,I-80,280,791 10TH ST,CARLIN,NV,89822,775-754-6384 (TRAVEL CENTER),775-754-6025,60.0,0.0,0.0,5.0,3.0,,0.0,775-754-6384 (SUBWAY),3.589,3.949,3.999,,,,,,,,pilotflyingj.com/stores/387,
33,Nevada,PILOT TRAVEL CENTER #485,location_details.php?id=17720,http://www.rvandtravelers.com/location_details.php?id=17720,RVer,pilot,,,http://www.pilotflyingj.com/view-location?id=485,40.931263,-117.803568,I-80,173,5625 W WINNEMUCCA BLVD,WINNEMUCCA,NV,89445,775-625-2800 (TRAVEL CENTER),775-625-2814,85.0,0.0,0.0,7.0,5.0,,0.0,775-625-2811 (SUBWAY),3.479,3.959,3.999,,,,,,,,,
33,Nevada,PRESTON TRUCK CENTER,location_details.php?id=44924,http://www.rvandtravelers.com/location_details.php?id=44924,RVer,ind dealer,,,,38.912002,-115.04295,NV 318,7 MILES S OF US 6,1755 NV 318 N,PRESTON,NV,89317,775-238-5230 (TRAVEL CENTER),775-238-0555,50.0,0.0,0.0,2.0,1.0,,0.0,,,,,,,,,,,,,
33,Nevada,R PLACE,location_details.php?id=11833,http://www.rvandtravelers.com/location_details.php?id=11833,RVer,shell,,,,39.255014,-114.869434,US 93,,909 E AULTMAN ST,ELY,NV,89301,775-289-2601 (TRAVEL CENTER),,0.0,0.0,0.0,3.0,0.0,,0.0,,,,,,,,,,,,,
33,Nevada,RAILROAD PASS TRAVEL CENTER,location_details.php?id=48385,http://www.rvandtravelers.com/location_details.php?id=48385,RVer,chevron,,,,35.970213,-114.910103,US 93,,1500 RAILROAD PASS CASINO RD,HENDERSON,NV,89002,702-294-5000 (TRAVEL CENTER),,200.0,0.0,0.0,7.0,5.0,,0.0,,,,,,,,,,,,,
33,Nevada,REBEL #8,location_details.php?id=54854,http://www.rvandtravelers.com/location_details.php?id=54854,RVer,ind dealer,,,,36.2168,-115.0952,NV 604/574,,3235 LAS VEGAS BLVD N,LAS VEGAS,NV,89115,702-644-1001 (TRAVEL CENTER),,30.0,0.0,30.0,4.0,0.0,,0.0,,,,,,,,,,,,,
33,Nevada,REBEL OIL TRUCK STOP,location_details.php?id=11844,http://www.rvandtravelers.com/location_details.php?id=11844,RVer,arco,,,,36.909257,-116.75794,US 95,,102 E HWY 95,BEATTY,NV,89003,775-553-2378 (TRAVEL CENTER),,5.0,0.0,0.0,3.0,0.0,,0.0,775-553-2378 (HOT STUFF PIZZA),,,,,,,,,,,,
33,Nevada,SANTA ROSA STATION,location_details.php?id=11842,http://www.rvandtravelers.com/location_details.php?id=11842,RVer,chevron,,,,41.285469,-117.690736,US 95,,3335 N NV-290,PARADISE HILL,NV,89445,775-623-5547 (TRAVEL CENTER),,30.0,0.0,0.0,2.0,2.0,,0.0,,,,,,,,,,,,,
33,Nevada,SEARCHLIGHT TRUCK STOP,location_details.php?id=11839,http://www.rvandtravelers.com/location_details.php?id=11839,RVer,chevron,,,,35.460009,-114.918498,US 95,,670 US 95,SEARCHLIGHT,NV,89046,702-297-1080 (TRAVEL CENTER),702-297-1081,50.0,0.0,0.0,3.0,5.0,,0.0,702-297-1080 (MCDONALD'S),,,,,,,,,,,,
33,Nevada,SHOSHONE MARKET,location_details.php?id=44926,http://www.rvandtravelers.com/location_details.php?id=44926,RVer,ind dealer,,,,38.775724,-117.165379,NV 376,6 MILES N OF TOWN,1 WILLOW ST,ROUND MOUNTAIN,NV,89045,775-377-2632 (TRAVEL CENTER),775-377-2846,5.0,0.0,0.0,1.0,0.0,,0.0,,,,,,,,,,,,,
33,Nevada,SILVER SAGE TRAVEL CENTER,location_details.php?id=18690,http://www.rvandtravelers.com/location_details.php?id=18690,RVer,chevron,,,,39.234489,-114.864159,US 6,,193 S PIOCHE HWY,ELY,NV,89301,775-289-6550 (TRAVEL CENTER),775-289-3156,50.0,0.0,0.0,4.0,2.0,,0.0,775-289-6550 (TLS JACKSON'S),,,,,,,,,,,,
33,Nevada,SINCLAIR TRUCK STOP,location_details.php?id=395,http://www.rvandtravelers.com/location_details.php?id=395,RVer,sinclair oil .svg,,,,40.842114,-115.752014,I-80,303,1790 IDAHO ST,ELKO,NV,89801,775-738-7732 (TRAVEL CENTER),775-738-7867,10.0,0.0,0.0,6.0,0.0,,0.0,,,,,,,,,,,,,
33,Nevada,TERRIBLE HERBST TRUCK PLAZA,location_details.php?id=1239,http://www.rvandtravelers.com/location_details.php?id=1239,RVer,shell,,,,35.776727,-115.326129,I-15,12,1 MAIN ST,JEAN,NV,89019,702-874-1515 (TRAVEL CENTER),,100.0,0.0,0.0,6.0,4.0,,0.0,,,,,,,,,,,,,
33,Nevada,TONOPAH SHELL,location_details.php?id=11840,http://www.rvandtravelers.com/location_details.php?id=11840,RVer,shell,,,,38.065039,-117.227065,US 95,,459 ERIE ST,TONOPAH,NV,89049,775-482-3414 (TRAVEL CENTER),,0.0,0.0,0.0,2.0,0.0,,0.0,,,,,,,,,,,,,
33,Nevada,TONOPAH TRUCK/AUTO PLAZA,location_details.php?id=11832,http://www.rvandtravelers.com/location_details.php?id=11832,RVer,texaco,,,,38.053674,-117.215817,US 95,,1500 ERIE ST,TONOPAH,NV,89049,775-482-5780 (TRAVEL CENTER),,30.0,0.0,0.0,2.0,2.0,,0.0,,,,,,,,,,,,,
33,Nevada,TRAVEL CENTERS OF AMERICA #108,location_details.php?id=16317,http://www.rvandtravelers.com/location_details.php?id=16317,RVer,catscale3,,,http://https://www.ta-petro.com/location/nv/ta-las-vegas,36.042052,-115.187409,I-15,33,8050 DEAN MARTIN DR,LAS VEGAS,NV,89139,702-361-1176 (TRAVEL CENTER),702-407-0102,144.0,87.0,87.0,10.0,13.0,,3.0,702-361-1176 (BURGER KING),,,,702-361-1176 (TACO TIME),,,,,,,www.ta-petro.com/location/nv/ta-las-vegas,
33,Nevada,TRAVEL CENTERS OF AMERICA #172,location_details.php?id=3200,http://www.rvandtravelers.com/location_details.php?id=3200,RVer,catscale3,,,http://www.tatravelcenters.com/location-details/ta-sparks,39.535099029541,-119.736099243164,I-80,19,200 N MCCARREN,SPARKS,NV,89431-5419,775-359-0550 (TRAVEL CENTER),775-332-1960,200.0,20.0,20.0,8.0,10.0,,3.0,775-359-0550 (FUDDRUCKERS),,,,,,,,,,,,
33,Nevada,TRAVEL CENTERS OF AMERICA #181,location_details.php?id=16324,http://www.rvandtravelers.com/location_details.php?id=16324,RVer,catscale3,,,http://www.tatravelcenters.com/location-details/ta-mill-city,40.694044,-118.055024,I-80,149 EB / 151 WB,6000 E FRONTAGE RD,MILL CITY,NV,89418,775-538-7311 (TRAVEL CENTER),775-538-7319,152.0,4.0,4.0,10.0,10.0,,3.0,775-538-7311 (TACO BELL),,,,,,,,,,,,
33,Nevada,VIRGIN VALLEY FOOD MART,location_details.php?id=3618,http://www.rvandtravelers.com/location_details.php?id=3618,RVer,76,,,,36.816076,-114.063419,I-15,122,200 MESA BLVD,MESQUITE,NV,89027,702-346-8881,702-346-8882,101.0,0.0,101.0,4.0,0.0,,0.0,,,,,,,,,,,,,
33,Nevada,WA SHE SHU TRAVEL CENTER,location_details.php?id=55242,http://www.rvandtravelers.com/location_details.php?id=55242,RVer,chevron,,,,38.910369,-119.708905,US 395,,1001 US HWY 395 N,GARDNERVILLE,NV,89410,775-265-8690 (TRAVEL CENTER),,40.0,0.0,0.0,3.0,0.0,,0.0,775-265-8690 (WA SHE SHU RESTARUANT),,,,,,,,,,,,
33,Nevada,WILD WILD WEST TRAVEL PLAZA,location_details.php?id=3705,http://www.rvandtravelers.com/location_details.php?id=3705,RVer,ind dealer,,,,36.102099,-115.187597,I-15,37,4830 S PROCYON AVE,LAS VEGAS,NV,89103,702-736-2298 (TRAVEL CENTER),702-739-6099,70.0,0.0,70.0,2.0,0.0,,0.0,,,,,,,,,,,,,
33,Nevada,WINNERS CORNER,location_details.php?id=11845,http://www.rvandtravelers.com/location_details.php?id=11845,RVer,ind dealer,,,,39.670629,-119.999772,US 395,AT STATE LINE,19575 US HWY 395 N,RENO,NV,89508,775-972-1653 (TRAVEL CENTER),,5.0,0.0,0.0,2.0,0.0,,0.0,775-972-1653 (KAFANA),,,,,,,,,,,,
46,Utah,7 ELEVEN,location_details.php?id=19125,http://www.rvandtravelers.com/location_details.php?id=19125,RVer,exxon,,,,38.963738,-109.722681,I-70,187,460 UT-94,THOMPSON SPRINGS,UT,84540,435-285-2230 (TRAVEL CENTER),,20.0,0.0,0.0,3.0,0.0,,0.0,,,,,,,,,,,,,
46,Utah,7 ELEVEN,location_details.php?id=44641,http://www.rvandtravelers.com/location_details.php?id=44641,RVer,exxon,,,,37.611248,-109.478738,US 191,,861 US 191 S,BLANDING,UT,84511,435-678-2991 (TRAVEL CENTER),,1.0,0.0,0.0,4.0,0.0,,0.0,,,,,,,,,,,,,
46,Utah,BEAR RIVER VALLEY CO-OP,location_details.php?id=44643,http://www.rvandtravelers.com/location_details.php?id=44643,RVer,66 gas,,,,41.554963,-112.127437,UT 83,W OF UT 13,2780 N 4800 W,CORINNE,UT,84307,435-744-2211 (TRAVEL CENTER),435-744-1031,20.0,0.0,0.0,3.0,0.0,,1.0,435-744-2211 (BEAR RIVER VALLEY CAFE),,,,,,,,,,,,
46,Utah,BELL'S FUEL STOP,location_details.php?id=44642,http://www.rvandtravelers.com/location_details.php?id=44642,RVer,66 gas,,,,41.487369,-112.028123,I-15/84,362,1096 MEDICAL DR,BRIGHAM CITY,UT,84302,435-723-3924 (TRAVEL CENTER),,0.0,0.0,0.0,3.0,0.0,,0.0,,,,,,,,,,,,,
46,Utah,BELL'S SILVERCREEK JUNCTION,location_details.php?id=319,http://www.rvandtravelers.com/location_details.php?id=319,RVer,sinclair oil .svg,,,,40.734404,-111.498391,I-80,146,7100 SILVER CREEK RD,SILVER CREEK,UT,84098,435-649-9243 (TRAVEL CENTER),435-649-9245,12.0,0.0,12.0,4.0,4.0,,0.0,435-649-9243 (SUBWAY),,,,435-649-9243 (PIZZA HUT),,,,,,,,
46,Utah,BLU #0103,location_details.php?id=53977,http://www.rvandtravelers.com/location_details.php?id=53977,RVer,ind dealer,,,,40.182706,-110.096216,US 191,,8190 S PARIETTE RD,MYTON,UT,84052,801-866-7200 (TRAVEL CENTER),,0.0,0.0,0.0,5.0,0.0,,0.0,,,,,,,,,,,,,
46,Utah,BRYCE CANYON SINCLAIR,location_details.php?id=12454,http://www.rvandtravelers.com/location_details.php?id=12454,RVer,sinclair oil .svg,,,,37.672374,-112.156648,UT 63,HALF MILE S OF UT 12,1000 S STATE HWY 63,BRYCE CANYON CITY,UT,84764,435-834-5232 (TRAVEL CENTER),,10.0,0.0,0.0,2.0,0.0,,3.0,,,,,,,,,,,,,
46,Utah,CANYONLANDS CONOCO,location_details.php?id=44649,http://www.rvandtravelers.com/location_details.php?id=44649,RVer,conoco,,,,37.878969,-109.343091,US 191,,433 N MAIN ST,MONTICELLO,UT,84535,435-587-3489 (TRAVEL CENTER),,3.0,0.0,0.0,4.0,0.0,,0.0,435-587-3489 (SUBWAY),,,,,,,,,,,,
46,Utah,CHEVRON FUEL STOP,location_details.php?id=12439,http://www.rvandtravelers.com/location_details.php?id=12439,RVer,chevron,,,,39.353237,-112.5639,US 6,US 50,76 US-6,DELTA,UT,84624,435-864-4671 (TRAVEL CENTER),,5.0,0.0,0.0,3.0,0.0,,0.0,,,,,,,,,,,,,
46,Utah,CORAL CANYON MARKET,location_details.php?id=44646,http://www.rvandtravelers.com/location_details.php?id=44646,RVer,chevron,,,,37.161604,-113.435256,I-15,16 (1 MILE E ON UT 9),40 N 6300 W,HURRICANE,UT,84737,435-628-4858 (TRAVEL CENTER),,10.0,0.0,0.0,2.0,0.0,,0.0,,,,,,,,,,,,,
46,Utah,COTTONWOOD SINCLAIR,location_details.php?id=12450,http://www.rvandtravelers.com/location_details.php?id=12450,RVer,sinclair oil .svg,,,,37.573881,-113.70454,UT 18,,855 E MAIN ST,ENTERPRISE,UT,84725,435-878-2603 (TRAVEL CENTER),,5.0,0.0,0.0,4.0,0.0,,0.0,,,,,,,,,,,,,
46,Utah,DELLE CITY STATION,location_details.php?id=732,http://www.rvandtravelers.com/location_details.php?id=732,RVer,tesoro,,,,40.761784,-112.78239,I-80,70,1 W MAIN ST,GRANTSVILLE,UT,84029,435-884-0476 (TRAVEL CENTER),,100.0,0.0,0.0,2.0,0.0,,0.0,,,,,,,,,,,,,
46,Utah,DUNN OIL,location_details.php?id=789,http://www.rvandtravelers.com/location_details.php?id=789,RVer,chevron,,,,40.739716,-111.944625,I-215,21,1881 W CALIFORNIA AVE,SALT LAKE CITY,UT,84104,801-975-7188 (TRAVEL CENTER),,0.0,0.0,0.0,4.0,0.0,,0.0,,,,,,,,,,,,,
46,Utah,"ERNIE'S TRUCK PLAZA, INC",location_details.php?id=829,http://www.rvandtravelers.com/location_details.php?id=829,RVer,sinclair oil .svg,,,,38.287564,-112.641624,I-15,112,1035 N MAIN ST,BEAVER,UT,84713,435-438-5846 (TRAVEL CENTER),435-438-5397,40.0,0.0,0.0,6.0,8.0,,0.0,,,,,,,,,,,,,
46,Utah,EXTRA MILE,location_details.php?id=2647,http://www.rvandtravelers.com/location_details.php?id=2647,RVer,chevron,,,,40.725602,-111.898673,I-15/80,305-B,278 WEST 2100,SALT LAKE CITY,UT,84115,801-484-1662 (TRAVEL CENTER),,0.0,0.0,0.0,7.0,0.0,,0.0,,,,,,,,,,,,,
46,Utah,FLYING J DEALER #509 -  EAGLE'S LANDING,location_details.php?id=798,http://www.rvandtravelers.com/location_details.php?id=798,RVer,flying j,,,http://https://pilotflyingj.com/stores/509/,38.29342,-112.653285,I-15,112,653 W 1400 N,BEAVER,UT,84713,435-438-5191 (TRAVEL CENTER),435-438-5043,120.0,10.0,10.0,7.0,6.0,,3.0,435-438-5191 (VALERIES TACO SHOP),3.899,3.999,3.999,,,2.999,,,,,pilotflyingj.com/stores/509/,
46,Utah,FLYING J DEALER #510 - EAGLE'S LANDING,location_details.php?id=18307,http://www.rvandtravelers.com/location_details.php?id=18307,RVer,flying j,,,http://https://pilotflyingj.com/stores/510,39.255273,-112.116601,I-15,188,810 N 800 W,SCIPIO,UT,84656,435-758-2345 (TRAVEL CENTER),435-758-2330,50.0,0.0,0.0,5.0,4.0,,1.0,435-758-2345 (DAIRY QUEEN),3.799,3.999,3.999,,,2.999,,,,,pilotflyingj.com/stores/510,
46,Utah,FLYING J TRAVEL CENTER #742,location_details.php?id=18308,http://www.rvandtravelers.com/location_details.php?id=18308,RVer,flying j,,,http://https://pilotflyingj.com/stores/742,40.685281,-112.266205,I-80,99,1605 E SADDLEBACK BLVD,LAKE POINT,UT,84074,801-508-7400 (TRAVEL CENTER),801-508-7404,150.0,5.0,5.0,7.0,9.0,,0.0,801-508-7400 (DENNY'S),3.259,3.959,3.999,,,3.699,,,,,pilotflyingj.com/stores/742,
46,Utah,FLYING J TRAVEL CENTER #743,location_details.php?id=18313,http://www.rvandtravelers.com/location_details.php?id=18313,RVer,flying j,,,http://https://pilotflyingj.com/stores/743,39.68592,-111.837267,I-15,222,1597 S MAIN ST,NEPHI,UT,84648,435-623-2400 (TRAVEL CENTER),435-623-2421,150.0,5.0,5.0,8.0,9.0,,0.0,435-623-2400 (DENNY'S),3.359,3.999,3.999,,,3.699,,,,,pilotflyingj.com/stores/743,
46,Utah,FLYING J TRAVEL CENTER #744,location_details.php?id=18318,http://www.rvandtravelers.com/location_details.php?id=18318,RVer,flying j,,,http://https://www.pilotflyingj.com/stores/744,41.231372,-112.006655,I-15/84,343,1172 W 21ST ST,OGDEN,UT,84401,801-399-5577 (TRAVEL CENTER),801-399-9353,100.0,25.0,25.0,8.0,9.0,,0.0,801-399-5577 (DENNY'S),3.359,3.959,3.999,,,3.999,,,,,www.pilotflyingj.com/stores/744,
46,Utah,FLYING J TRAVEL CENTER #746,location_details.php?id=18325,http://www.rvandtravelers.com/location_details.php?id=18325,RVer,flying j,,,http://https://pilotflyingj.com/stores/746,40.727237,-111.916594,I-15,305-B,2025 S 900 W,SALT LAKE CITY,UT,84116,801-972-3711 (TRAVEL CENTER),801-972-6174,110.0,36.0,36.0,8.0,9.0,,0.0,801-972-3711 (DENNY'S),3.439,3.959,3.999,,,3.999,,,,,pilotflyingj.com/stores/746,
46,Utah,FLYING J TRAVEL CENTER #746,location_details.php?id=44768,http://www.rvandtravelers.com/location_details.php?id=44768,RVer,flying j,,,http://https://pilotflyingj.com/stores/746,40.727223,-111.916591,I-80,122,2025 S 900 W,SALT LAKE CITY,UT,84116,801-972-3711 (TRAVEL CENTER),801-972-6174,110.0,36.0,36.0,8.0,9.0,,0.0,801-972-3711 (DENNY'S),3.439,3.959,3.999,,,3.999,,,,,pilotflyingj.com/stores/746,
46,Utah,FLYING J TRAVEL CENTER #747,location_details.php?id=18336,http://www.rvandtravelers.com/location_details.php?id=18336,RVer,flying j,,,http://https://pilotflyingj.com/stores/747,40.187301,-111.642421,I-15,261,1460 N 1750 W,SPRINGVILLE,UT,84663,801-489-3622 (TRAVEL CENTER),801-489-3059,80.0,15.0,15.0,8.0,8.0,,0.0,801-489-3622 (DENNY'S),3.279,3.999,3.999,,,3.199,,,,,pilotflyingj.com/stores/747,
46,Utah,FLYING J TRAVEL CENTER #748,location_details.php?id=18337,http://www.rvandtravelers.com/location_details.php?id=18337,RVer,flying j,,,http://https://pilotflyingj.com/stores/748,41.423894,-112.051195,I-15,357,600 W 750 N,WILLARD,UT,84340,435-723-1010 (TRAVEL CENTER),435-723-1044,50.0,10.0,10.0,5.0,4.0,,0.0,435-723-1010 (SUBWAY),3.379,3.959,3.999,,,3.499,,,,,pilotflyingj.com/stores/748,
46,Utah,FLYING J TRAVEL CENTER #772,location_details.php?id=18340,http://www.rvandtravelers.com/location_details.php?id=18340,RVer,flying j,,,http://https://pilotflyingj.com/stores/772,40.836537,-111.933561,I-215,27,885 N POINT CIRCLE,NORTH SALT LAKE CITY,UT,84054,801-936-1408 (TRAVEL CENTER),801-936-1457,50.0,5.0,5.0,5.0,4.0,,0.0,,3.319,3.959,3.999,,,3.999,,,,,pilotflyingj.com/stores/772,
46,Utah,FLYING J TRAVEL CENTER #773,location_details.php?id=952,http://www.rvandtravelers.com/location_details.php?id=952,RVer,flying j,,,http://www.pilotflyingj.com/view-location?id=773,38.78842,-112.081421,I-70,40,35 E FLYING J DR,RICHFIELD,UT,84701,435-896-5050 (TRAVEL CENTER),435-896-4044,50.0,5.0,5.0,5.0,3.0,,0.0,,3.319,3.879,3.999,,,3.999,,,,,,
46,Utah,FLYING J TRAVEL CENTER #774,location_details.php?id=953,http://www.rvandtravelers.com/location_details.php?id=953,RVer,flying j,,,http://https://pilotflyingj.com/stores/774,41.963886,-112.710376,I-84,7,90 S STONE RD,SNOWVILLE,UT,84336,435-872-8181 (TRAVEL CENTER),435-872-8171,34.0,11.0,11.0,3.0,3.0,,0.0,,3.299,3.999,3.999,,,3.999,,,,,pilotflyingj.com/stores/774,
46,Utah,GOLDEN SPIKE TRAVEL PLAZA,location_details.php?id=1250,http://www.rvandtravelers.com/location_details.php?id=1250,RVer,chevron,,,,41.711027,-112.201648,I-84,40,2410 W MAIN ST,TREMONTON,UT,84337,435-257-7249 (TRAVEL CENTER),435-257-2931,20.0,0.0,0.0,2.0,2.0,,0.0,435-257-7249 (LA PASATITA),,,,,,,,,,,,
46,Utah,HOLIDAY HILLS RV PARK,location_details.php?id=1336,http://www.rvandtravelers.com/location_details.php?id=1336,RVer,66 gas,,,,40.911066,-111.403867,I-80,162,118 S 500 W,COALVILLE,UT,84017,435-336-4421 (TRAVEL CENTER),,50.0,0.0,0.0,2.0,2.0,,0.0,,,,,,,,,,,,,
46,Utah,JR'S TRUCK STOP,location_details.php?id=1498,http://www.rvandtravelers.com/location_details.php?id=1498,RVer,shell,,,,37.72462,-113.057197,I-15,62,2635 N MAIN ST,CEDAR CITY,UT,84721,435-586-0498 (TRAVEL CENTER),435-586-3756,50.0,0.0,0.0,11.0,2.0,,0.0,,,,,,,,,,,,,
46,Utah,K&T'S SILVER EAGLE,location_details.php?id=12441,http://www.rvandtravelers.com/location_details.php?id=12441,RVer,ind dealer,,,,40.487707,-111.408197,US 40,HALF MILE S OF US 89,1590 S HWY 40,HEBER CITY,UT,84032,435-654-4642 (TRAVEL CENTER),,5.0,0.0,0.0,8.0,0.0,,0.0,435-654-4642 (SUBWAY),,,,,,,,,,,,
46,Utah,KB EXPRESS,location_details.php?id=12447,http://www.rvandtravelers.com/location_details.php?id=12447,RVer,66 gas,,,,37.825746,-112.436027,US 89,,195 N MAIN ST,PANGUITCH,UT,84759,435-676-8730 (TRAVEL CENTER),,0.0,0.0,0.0,2.0,0.0,,0.0,,,,,,,,,,,,,
46,Utah,LITTLE CREEK STATION,location_details.php?id=12453,http://www.rvandtravelers.com/location_details.php?id=12453,RVer,chevron,,,,37.100046,-113.128039,UT 59,,1354 N STATE ST,APPLE VALLEY,UT,84737,435-877-1101 (TRAVEL CENTER),435-877-1103,12.0,0.0,0.0,2.0,0.0,,0.0,435-877-1101 (LITTLE CREEK FOOD COURT),,,,,,,,,,,,
46,Utah,LOVE'S TRAVEL STOP #335,location_details.php?id=15322,http://www.rvandtravelers.com/location_details.php?id=15322,RVer,loves travel stops country stores 416x416,,,http://https://www.loves.com/locations/335,37.725242,-113.051537,I-15,62,2645 N CANYON RANCH DR,CEDAR CITY,UT,84721,435-867-9888 (TRAVEL CENTER),435-867-9890,72.0,0.0,0.0,8.0,5.0,,2.0,435-867-9888 (CARL'S JR),3.499,3.989,3.989,435-867-9888 (SUBWAY),,3.999,,,,,www.loves.com/locations/335,
46,Utah,LOVE'S TRAVEL STOP #436,location_details.php?id=15319,http://www.rvandtravelers.com/location_details.php?id=15319,RVer,loves travel stops country stores 416x416,,,http://https://www.loves.com/locations/436,40.769505,-111.940144,I-80,118,25 N REDWOOD RD,SALT LAKE CITY,UT,84116,801-239-1100 (TRAVEL CENTER),801-239-1692,75.0,0.0,0.0,9.0,7.0,,0.0,801-239-1100 (ARBY'S),3.479,3.949,3.959,,,,,,,,www.loves.com/locations/436,
46,Utah,LOVE'S TRAVEL STOP #518,location_details.php?id=44764,http://www.rvandtravelers.com/location_details.php?id=44764,RVer,loves travel stops country stores 416x416,,,,40.164048,-111.651142,I-15,260,358 S 2200 W,SPRINGVILLE,UT,84663,801-489-8746 (TRAVEL CENTER),801-489-8755,58.0,0.0,0.0,8.0,7.0,,2.0,801-489-8746 (MCDONALD'S),,,,801-489-8746 (CHESTER'S FRIED CHICKEN),,,,,,,,
46,Utah,LOVE'S TRAVEL STOP #581,location_details.php?id=44763,http://www.rvandtravelers.com/location_details.php?id=44763,RVer,loves travel stops country stores 416x416,,,http://https://www.loves.com/locations/581,38.930779,-111.854373,I-70,56,1915 S STATE ST,SALINA,UT,84654,435-287-0460 (TRAVEL CENTER),435-287-0465,80.0,0.0,0.0,6.0,7.0,,0.0,435-287-0460 (ARBY'S),2.989,3.549,3.949,,,3.999,,,,,www.loves.com/locations/581,
46,Utah,LOVE'S TRAVEL STOP #686,location_details.php?id=44769,http://www.rvandtravelers.com/location_details.php?id=44769,RVer,loves travel stops country stores 416x416,,,,41.507949,-112.053013,I-15,363,20 S 1550 W,BRIGHAM CITY,UT,84302,435-723-1789 (TRAVEL CENTER),435-723-0223,104.0,0.0,0.0,9.0,7.0,,2.0,435-723-1789 (SUBWAY),,,,435-723-1789 (CARL'S JR),,,,,,,,
46,Utah,LOVE'S TRAVEL STOP #792,location_details.php?id=1198,http://www.rvandtravelers.com/location_details.php?id=1198,RVer,loves travel stops country stores 416x416,,,,38.995103,-110.185199,I-70,160,1810 MAIN ST,GREEN RIVER,UT,84525,435-564-8262 (TRAVEL CENTER),435-564-3360,80.0,0.0,0.0,6.0,3.0,,0.0,435-564-8262 (ARBY'S),,,,,,,,,,,,
46,Utah,LW'S TRUCK STOP,location_details.php?id=12452,http://www.rvandtravelers.com/location_details.php?id=12452,RVer,chevron,,,,41.735489,-111.860496,UT 30,UT 252,1000 W 200 N,LOGAN,UT,84321,435-753-7461 (TRAVEL CENTER),435-753-9611,5.0,0.0,0.0,4.0,2.0,,4.0,,,,,,,,,,,,,
46,Utah,MAINSTREET MARKET,location_details.php?id=19127,http://www.rvandtravelers.com/location_details.php?id=19127,RVer,chevron,,,,38.950694,-112.353372,I-15,163,885 S PARK AVE,FILLMORE,UT,84631,435-743-4823 (TRAVEL CENTER),,50.0,0.0,0.0,6.0,2.0,,0.0,,,,,,,,,,,,,
46,Utah,MAVERICK # 444,location_details.php?id=44648,http://www.rvandtravelers.com/location_details.php?id=44648,RVer,ind dealer,,,,37.873251,-109.337817,US 491,,265 E CENTER ST,MONTICELLO,UT,84535,435-587-3238 (TRAVEL CENTER),,3.0,0.0,0.0,3.0,0.0,,0.0,,,,,,,,,,,,,
46,Utah,MAVERIK,location_details.php?id=44647,http://www.rvandtravelers.com/location_details.php?id=44647,RVer,ind dealer,,,,41.736067,-111.860196,UT 30,UT 252,1033 W 200 N,LOGAN,UT,84321,435-753-9543 (TRAVEL CENTER),,5.0,0.0,0.0,3.0,0.0,,0.0,435-753-9543 (BON FIRE GRILL),,,,,,,,,,,,
46,Utah,MAVERIK,location_details.php?id=48410,http://www.rvandtravelers.com/location_details.php?id=48410,RVer,ind dealer,,,,39.975582,-111.76859,I-15,244,725 E MAIN ST,SANTAQUIN,UT,84655,801-754-3076 (TRAVEL CENTER),,0.0,0.0,0.0,5.0,0.0,,0.0,801-754-3076 (BON FIRE GRILL),,,,,,,,,,,,
46,Utah,MAVERIK,location_details.php?id=52904,http://www.rvandtravelers.com/location_details.php?id=52904,RVer,ind dealer,,,http://https://maverik.com,41.485525,-112.057797,I-15,362,1675 W 1100 S,PERRY,UT,84302,435-723-7086 (TRAVEL CENTER),,23.0,0.0,0.0,6.0,0.0,,0.0,435-723-7086 (DAIRY QUEEN),,,,435-723-7086 (BON FIRE GRILL),,,,,,,maverik.com,
46,Utah,MAVERIK,location_details.php?id=52905,http://www.rvandtravelers.com/location_details.php?id=52905,RVer,ind dealer,,,http://https://maverik.com,40.482194,-111.897653,I-15,288,14814 S MINUTEMAN DR,DRAPER,UT,84020,801-572-9210 (TRAVEL CENTER),,10.0,0.0,0.0,4.0,0.0,,0.0,801-572-9210 (BON FIRE GRILL),,,,,,,,,,,maverik.com,
46,Utah,MAVERIK # 533,location_details.php?id=44765,http://www.rvandtravelers.com/location_details.php?id=44765,RVer,ind dealer,,,,41.644383,-111.912492,US 89,UTAH 101,748 E MAIN ST,WELLSVILLE,UT,84339,435-245-3184 (TRAVEL CENTER),,10.0,0.0,0.0,3.0,0.0,,0.0,,,,,,,,,,,,,
46,Utah,MAVERIK # 844,location_details.php?id=44767,http://www.rvandtravelers.com/location_details.php?id=44767,RVer,ind dealer,,,,41.218038,-112.02602,UT 126,,2577 UT-126 S,WEST HAVEN,UT,84401,801-731-8597 (TRAVEL CENTER),,0.0,0.0,0.0,6.0,0.0,,0.0,801-731-8597 (BON FIRE GRILL),,,,,,,,,,,,
46,Utah,MAVERIK #537,location_details.php?id=54681,http://www.rvandtravelers.com/location_details.php?id=54681,RVer,ind dealer,,,,40.741335,-111.947143,I-215,21,1290 S WALLACE RD,SALT LAKE CITY,UT,84101,801-973-1182 (TRAVEL CENTER),,0.0,0.0,0.0,4.0,0.0,,0.0,,,,,,,,,,,,,
46,Utah,MAVERIK ADVENTURE'S FIRST STOP,location_details.php?id=38265,http://www.rvandtravelers.com/location_details.php?id=38265,RVer,ind dealer,,,,40.740151,-111.983215,I-80,115 (1 MILE S),1445 S 3800 W,SALT LAKE CITY,UT,84104,801-975-6527 (TRAVEL CENTER),,15.0,0.0,0.0,5.0,0.0,,0.0,,,,,,,,,,,,,
46,Utah,MEADOW FOOD MART,location_details.php?id=1998,http://www.rvandtravelers.com/location_details.php?id=1998,RVer,conoco,,,,38.892306,-112.410521,I-15,158,375 N MAIN ST,MEADOW,UT,84631,435-842-7132 (TRAVEL CENTER),,20.0,0.0,0.0,2.0,0.0,,0.0,,,,,,,,,,,,,
46,Utah,MILLER CHEVRON,location_details.php?id=2021,http://www.rvandtravelers.com/location_details.php?id=2021,RVer,chevron,,,,38.994392,-112.324989,I-15,167,1155 CEDAR MOUNTAIN RD,FILLMORE,UT,84631,435-743-6508 (TRAVEL CENTER),,30.0,0.0,0.0,8.0,0.0,,2.0,435-743-6508 (SUBWAY),,,,,,,,,,,,
46,Utah,MILLER'S TRAVEL CENTER - WELLINGTON,location_details.php?id=19124,http://www.rvandtravelers.com/location_details.php?id=19124,RVer,chevron,,,,39.543168,-110.68814,US 6/191,,2195 E MAIN ST,WELLINGTON,UT,84542,435-636-0380 (TRAVEL CENTER),,50.0,0.0,0.0,6.0,2.0,,0.0,,,,,,,,,,,,,
46,Utah,MILLERS TRAVEL CENTER - WENDOVER,location_details.php?id=44766,http://www.rvandtravelers.com/location_details.php?id=44766,RVer,shell,,,,40.73545,-114.041717,I-80,1 WB,80 WENDOVER BLVD,WENDOVER,UT,84083,435-665-2635 (TRAVEL CENTER),435-665-5465,50.0,0.0,0.0,8.0,4.0,,0.0,435-665-2635 (SUBWAY),,,,435-665-2635 (KRISPY KRUNCHY CHICKEN),,,,,,,,
46,Utah,MOUNTAINLAND ONE STOP,location_details.php?id=44645,http://www.rvandtravelers.com/location_details.php?id=44645,RVer,sinclair oil .svg,,,,40.492978,-111.412195,US 40,US 189,1175 S MAIN ST,HEBER CITY,UT,84032,435-654-5530 (TRAVEL CENTER),,0.0,0.0,0.0,6.0,0.0,,0.0,435-654-5530 (MOE'S GRILL),,,,,,,,,,,,
46,Utah,OUT WEST FOOD & FUEL,location_details.php?id=12449,http://www.rvandtravelers.com/location_details.php?id=12449,RVer,shell,,,,37.872738,-109.343181,US 191,US 491,17 N MAIN ST,MONTICELLO,UT,84535,435-587-2555 (TRAVEL CENTER),,20.0,,,2.0,0.0,,0.0,,,,,,,,,,,,,
46,Utah,PARK N PUMP CIRCLE C,location_details.php?id=55846,http://www.rvandtravelers.com/location_details.php?id=55846,RVer,ind dealer,,,,39.679473,-111.839001,I-15,222,2025 S MAIN ST,NEPHI,UT,84648,435-623-2088 (TRAVEL CENTER),,60.0,0.0,0.0,6.0,4.0,,0.0,,,,,,,,,,,,,
46,Utah,PARK N PUMP MONA,location_details.php?id=53597,http://www.rvandtravelers.com/location_details.php?id=53597,RVer,shell,,,,39.821434,-111.835641,I-15,233,1063 300 N ST,MONA,UT,84645,435-623-0433 (TRAVEL CENTER),,15.0,0.0,0.0,5.0,0.0,,,435-623-0433 (SUBWAY),,,,,,,,,,,,
46,Utah,PILOT TRAVEL CENTER # 140,location_details.php?id=44762,http://www.rvandtravelers.com/location_details.php?id=44762,RVer,pilot,,,http://https://pilotflyingj.com/stores/140,40.293957,-109.989468,US 191,US 40,380 S 200 E,ROOSEVELT,UT,84066,435-722-4468 (TRAVEL CENTER),435-722-2461,0.0,0.0,0.0,2.0,0.0,,0.0,,,,,,,,,,,,pilotflyingj.com/stores/140,
46,Utah,PILOT TRAVEL CENTER #294,location_details.php?id=14622,http://www.rvandtravelers.com/location_details.php?id=14622,RVer,pilot,,,http://https://www.pilotflyingj.com/stores/294,41.246238,-112.019818,I-15,344,1670 W 12TH ST,OGDEN,UT,84404,801-731-2900 (TRAVEL CENTER),801-731-2380,60.0,9.0,9.0,7.0,5.0,,0.0,801-731-2088 (SUBWAY),3.359,3.759,3.999,801-731-2088 (TACO BELL),,,,,,,www.pilotflyingj.com/stores/294,
46,Utah,PILOT TRAVEL CENTER #775,location_details.php?id=18341,http://www.rvandtravelers.com/location_details.php?id=18341,RVer,pilot,,,http://https://pilotflyingj.com/stores/775,37.060499,-113.582632,I-15,4,2841 S 60 E,ST. GEORGE,UT,84790,435-674-7104 (TRAVEL CENTER),435-652-3627,50.0,10.0,10.0,7.0,3.0,,0.0,435-674-7104 (BURGER KING),3.499,3.999,3.999,,,3.999,,,,,pilotflyingj.com/stores/775,
46,Utah,PILOT TRAVEL CENTER #892,location_details.php?id=3640,http://www.rvandtravelers.com/location_details.php?id=3640,RVer,pilot,,,http://https://pilotflyingj.com/stores/892,38.994976,-110.14841,I-70,160 EB/164 WB,1085 W MAPLE COURT,GREEN RIVER,UT,84525,435-564-3495 (TRAVEL CENTER),435-564-3282,100.0,0.0,0.0,7.0,8.0,,2.0,,3.999,4.059,3.999,,,,,,,,pilotflyingj.com/stores/892,
46,Utah,RAMSAY OIL CO,location_details.php?id=12446,http://www.rvandtravelers.com/location_details.php?id=12446,RVer,shell,,,,37.223862,-112.680738,US 89,UT 9,4490 STATE ST,MOUNT CARMEL,UT,84758,435-648-2326 (TRAVEL CENTER),435-648-2046,5.0,0.0,0.0,4.0,0.0,,0.0,435-648-2326 (SUBWAY),,,,,,,,,,,,
46,Utah,RB'S ONE STOP,location_details.php?id=2724,http://www.rvandtravelers.com/location_details.php?id=2724,RVer,66 gas,,,,40.883317,-111.898937,I-15,316,527 S 700 W,WOODS CROSS,UT,84087,801-295-3241 (TRAVEL CENTER),801-298-0599,12.0,0.0,0.0,4.0,3.0,,0.0,801-295-3241 (DAIRY QUEEN),,,,,,,,,,,,
46,Utah,RJ'S FUEL STOP,location_details.php?id=2754,http://www.rvandtravelers.com/location_details.php?id=2754,RVer,sinclair oil .svg,,,,41.710075,-112.200248,I-84,40,2267 W MAIN ST,TREMONTON,UT,84337,435-257-3530 (TRAVEL CENTER),435-257-0658,100.0,0.0,0.0,7.0,2.0,,0.0,435-257-3530 (BURGER KING),,,,,,,,,,,,
46,Utah,SALINA EXPRESS,location_details.php?id=531,http://www.rvandtravelers.com/location_details.php?id=531,RVer,sinclair oil .svg,,,,38.938935,-111.854294,I-70,56,1325 S STATE ST,SALINA,UT,84654,435-529-3232 (TRAVEL CENTER),,5.0,0.0,0.0,2.0,0.0,,0.0,,,,,,,,,,,,,
46,Utah,SALINA PETROLEUM,location_details.php?id=12444,http://www.rvandtravelers.com/location_details.php?id=12444,RVer,chevron,,,,38.956600189209,-111.871442,US 50,UT 24,715 W MAIN ST,SALINA,UT,84654,435-529-3362 (TRAVEL CENTER),,0.0,0.0,0.0,5.0,0.0,,0.0,,,,,,,,,,,,,
46,Utah,SAPP BROTHERS TRAVEL CENTER,location_details.php?id=2850,http://www.rvandtravelers.com/location_details.php?id=2850,RVer,sinclair oil .svg,,,,40.740292,-111.946992,I-215,21,1953 CALIFORNIA AVE,SALT LAKE CITY,UT,84104,801-977-3900 (TRAVEL CENTER),801-973-9748,125.0,27.0,27.0,12.0,14.0,,4.0,801-977-3900 (APPLE BARREL RESTAURANT),,,,801-977-3900 (BURGER KING),,,,,,,,
46,Utah,SCENIC QUIK STOP,location_details.php?id=2869,http://www.rvandtravelers.com/location_details.php?id=2869,RVer,66 gas,,,,38.935507,-111.853511,I-70,56,1645 S STATE ST,SALINA,UT,84654,435-529-3781 (TRAVEL CENTER),435-529-3783,30.0,0.0,0.0,4.0,2.0,,0.0,435-529-3781 (CARL'S JR),,,,,,,,,,,,
46,Utah,SINCLAIR TRUCK STOP,location_details.php?id=396,http://www.rvandtravelers.com/location_details.php?id=396,RVer,sinclair oil .svg,,,,40.74591,-113.970125,I-80,4,259 BEAR RIVER DR,WENDOVER,UT,82930,435-665-2243 (TRAVEL CENTER),,50.0,0.0,0.0,6.0,4.0,,0.0,,,,,,,,,,,,,
46,Utah,SLIM OLSON'S,location_details.php?id=2938,http://www.rvandtravelers.com/location_details.php?id=2938,RVer,chevron,,,,40.864935,-111.893399,I-15,315,742 WEST 2600,WOODS CROSS,UT,84010,801-295-8437 (TRAVEL CENTER),,5.0,,,3.0,0.0,,0.0,,,,,,,,,,,,,
46,Utah,SPLIT MOUNTAIN TRAVEL PLAZA,location_details.php?id=12456,http://www.rvandtravelers.com/location_details.php?id=12456,RVer,sinclair oil .svg,,,,40.386928,-109.438917,US 40,,4743 S 4625 E,VERNAL,UT,84079,435-781-6500 (TRAVEL CENTER),,10.0,0.0,0.0,6.0,4.0,,0.0,,,,,,,,,,,,,
46,Utah,STEVE'S TIRE & OIL,location_details.php?id=3047,http://www.rvandtravelers.com/location_details.php?id=3047,RVer,sinclair oil .svg,,,,38.982431,-112.323923,I-15,167,615 N MAIN ST,FILLMORE,UT,84631,435-743-6860 (TRAVEL CENTER),,0.0,0.0,0.0,2.0,0.0,,2.0,,,,,,,,,,,,,
46,Utah,SUNMART,location_details.php?id=44651,http://www.rvandtravelers.com/location_details.php?id=44651,RVer,chevron,,,,39.678501,-111.840903,I-15,222,2087 S MAIN ST,NEPHI,UT,64648,435-623-2069,,6.0,0.0,0.0,5.0,0.0,,0.0,,,,,,,,,,,,,
46,Utah,SUNMART # 979,location_details.php?id=3091,http://www.rvandtravelers.com/location_details.php?id=3091,RVer,texaco,,,http://www.petroleumwholesale.com/sunmart.web/store.,41.683207,-112.139825,I-15,386,9600 N 5175 W,ELWOOD,UT,84337,435-257-4710 (TRAVEL CENTER),435-257-1733,20.0,0.0,0.0,4.0,0.0,,0.0,435-257-4710 (ARBY'S),,,,,,,,,,,,
46,Utah,SUPER STOP,location_details.php?id=55143,http://www.rvandtravelers.com/location_details.php?id=55143,RVer,shell,,,,41.22884,-112.01609,I-15,343,1514 W HAVEN 2100 S,OGDEN,UT,84401,801-731-3437 (TRAVEL CENTER),,3.0,0.0,0.0,2.0,0.0,,0.0,801-731-3437 (BLIMPIE),,,,,,,,,,,,
46,Utah,TA EXPRESS,location_details.php?id=16606,http://www.rvandtravelers.com/location_details.php?id=16606,RVer,taexpress,,,http://https://www.ta-petro.com/location/ut/ta-parowan,37.861426,-112.830001,I-15,78,1100 N 130 W,PAROWAN,UT,84761,435-477-3311 (TRAVEL CENTER),435-477-8713,106.0,4.0,4.0,5.0,6.0,,6.0,435-477-3311 (TACO BELL),,,,435-477-3311 (SUBWAY),,,,,,,www.ta-petro.com/location/ut/ta-parowan,
46,Utah,TA EXPRESS,location_details.php?id=52442,http://www.rvandtravelers.com/location_details.php?id=52442,RVer,taexpress,,,http://https://www.ta-petro.com/location/ut/ta-express%20salina,38.929589,-111.854444,I-70,56,2055 S STATE ST,SALINA,UT,84654,435-287-0546 (TRAVEL CENTER),435-287-0549,67.0,0.0,0.0,3.0,2.0,,0.0,435-287-0546 (LITTLE CAESARS),,,,,,,,,,,www.ta-petro.com/location/ut/ta-express%20salina,
46,Utah,TEXACO NEPHI,location_details.php?id=55124,http://www.rvandtravelers.com/location_details.php?id=55124,RVer,texaco,,,,39.678433,-111.840407,I-15,222,2050 S MAIN ST,NEPHI,UT,84648,435-623-2644 (TRAVEL CENTER),,10.0,0.0,0.0,1.0,0.0,,0.0,,,,,,,,,,,,,
46,Utah,THOMAS PETROLEUM,location_details.php?id=19128,http://www.rvandtravelers.com/location_details.php?id=19128,RVer,ind dealer,,,,41.735545,-111.863062,UT 30,UT 252,1070 W 200 N,LOGAN,UT,84321,435-753-4930 (TRAVEL CENTER),,5.0,0.0,0.0,2.0,1.0,,0.0,,,,,,,,,,,,,
46,Utah,TOP STOP,location_details.php?id=12443,http://www.rvandtravelers.com/location_details.php?id=12443,RVer,chevron,,,,40.283481,-110.011147,US 40,,1128 US 40,ROOSEVELT,UT,84066,435-722-9940 (TRAVEL CENTER),,4.0,0.0,0.0,4.0,0.0,,0.0,435-722-9940 (PACOS),,,,,,,,,,,,
46,Utah,TOP STOP # 40,location_details.php?id=12442,http://www.rvandtravelers.com/location_details.php?id=12442,RVer,chevron,,,,40.449119,-109.502159,US 40,,1355 E HWY 40,VERNAL,UT,84078,435-789-8292 (TRAVEL CENTER),435-789-3944,10.0,0.0,0.0,7.0,0.0,,2.0,,,,,,,,,,,,,
46,Utah,TOP STOP # 83,location_details.php?id=3344,http://www.rvandtravelers.com/location_details.php?id=3344,RVer,chevron,,,,38.772134,-112.071302,I-70,40,750 E 300 N,RICHFIELD,UT,84701,435-896-8338 (TRAVEL CENTER),,0.0,0.0,0.0,4.0,0.0,,0.0,,,,,,,,,,,,,
46,Utah,TOP STOP TRUCK PLAZA,location_details.php?id=548,http://www.rvandtravelers.com/location_details.php?id=548,RVer,sinclair oil .svg,,,,39.679463,-111.838968,I-15,222,2025 S MAIN ST,NEPHI,UT,84648,435-623-2085 (TRAVEL CENTER),435-623-2549,50.0,,,6.0,4.0,,4.0,,,,,,,,,,,,,
46,Utah,TRAVEL CENTERS OF AMERICA #060,location_details.php?id=16611,http://www.rvandtravelers.com/location_details.php?id=16611,RVer,catscale3,,,http://https://www.ta-petro.com/location/ut/ta-tooele,40.689663,-112.263838,I-80,99,8836 N HWY 40,TOOELE,UT,84074,801-250-8585 (TRAVEL CENTER),801-252-2224,191.0,4.0,4.0,7.0,11.0,,3.0,801-250-8585 (TACO BELL),,,,801-250-8585 (BURGER KING),,,,,,,www.ta-petro.com/location/ut/ta-tooele,
46,Utah,UNITED FUEL,location_details.php?id=44652,http://www.rvandtravelers.com/location_details.php?id=44652,RVer,ind dealer,,,,41.884902,-112.166854,I-15,392,6030 W 20800 N,PLYMOUTH,UT,84330,435-458-3537 (TRAVEL CENTER),435-458-3538,50.0,0.0,0.0,8.0,4.0,,0.0,435-458-3537 (A & W),,,,,,,,,,,,
46,Utah,UTE PETROLEUM,location_details.php?id=44644,http://www.rvandtravelers.com/location_details.php?id=44644,RVer,sinclair oil .svg,,,,40.301648,-109.857082,US 40/191,,7250 E US 40,FORT DUCHESNE,UT,84026,435-722-3975 (TRAVEL CENTER),,0.0,0.0,0.0,3.0,0.0,,0.0,435-722-3975 (KRISPY KRUNCHY CHICKEN),,,,,,,,,,,,
46,Utah,UTE PETROLEUM,location_details.php?id=44650,http://www.rvandtravelers.com/location_details.php?id=44650,RVer,sinclair oil .svg,,,,40.193887,-110.073223,US 40/191,,565 US 40 W,MYTON,UT,84052,435-646-3519 (TRAVEL CENTER),435-646-3459,10.0,0.0,0.0,8.0,2.0,,0.0,435-646-3519 (PICCADILLY PIZZA),,,,,,,,,,,,
